dataset,variant,order,distinguisher,noise_factor,noise_uA,labels,injected_alpha,attack_traces,guessing_entropy,ge_sem,ge_null_sd,success_rate,success_key_bit_x1,success_key_bit_x2,units_or_draws
U_tvla,U,1,tmpl,0.0,0.0,real,,1,0.0478,0.0073,,0.9522,0.9637,0.9885,80
U_tvla,U,1,tmpl,0.0,0.0,real,,2,0.0035,0.0014,,0.9965,0.9980,0.9985,80
U_tvla,U,1,tmpl,0.0,0.0,real,,3,0.0003,0.0003,,0.9998,0.9998,1.0000,80
U_tvla,U,1,tmpl,0.0,0.0,real,,5,0.0000,0.0000,,1.0000,1.0000,1.0000,80
U_tvla,U,1,tmpl,0.0,0.0,real,,7,0.0000,0.0000,,1.0000,1.0000,1.0000,80
U_tvla,U,1,tmpl,0.0,0.0,real,,10,0.0000,0.0000,,1.0000,1.0000,1.0000,80
U_tvla,U,1,tmpl,0.0,0.0,real,,15,0.0000,0.0000,,1.0000,1.0000,1.0000,80
U_tvla,U,1,tmpl,0.0,0.0,real,,20,0.0000,0.0000,,1.0000,1.0000,1.0000,80
U_tvla,U,1,tmpl,0.0,0.0,real,,27,0.0000,0.0000,,1.0000,1.0000,1.0000,80
U_tvla,U,1,tmpl,0.0,0.0,permuted,,1,1.5080,,0.0356,,,,20
U_tvla,U,1,tmpl,0.0,0.0,permuted,,2,1.5030,,0.0476,,,,20
U_tvla,U,1,tmpl,0.0,0.0,permuted,,3,1.5037,,0.0495,,,,20
U_tvla,U,1,tmpl,0.0,0.0,permuted,,5,1.5020,,0.0564,,,,20
U_tvla,U,1,tmpl,0.0,0.0,permuted,,7,1.5017,,0.0612,,,,20
U_tvla,U,1,tmpl,0.0,0.0,permuted,,10,1.5004,,0.0663,,,,20
U_tvla,U,1,tmpl,0.0,0.0,permuted,,15,1.4988,,0.0720,,,,20
U_tvla,U,1,tmpl,0.0,0.0,permuted,,20,1.4989,,0.0755,,,,20
U_tvla,U,1,tmpl,0.0,0.0,permuted,,27,1.4986,,0.0791,,,,20
U_tvla,U,1,tmpl_bits,0.0,0.0,real,,1,0.1570,0.0241,,0.8552,0.9195,0.9188,80
U_tvla,U,1,tmpl_bits,0.0,0.0,real,,2,0.0365,0.0110,,0.9637,0.9867,0.9755,80
U_tvla,U,1,tmpl_bits,0.0,0.0,real,,3,0.0168,0.0073,,0.9832,0.9963,0.9870,80
U_tvla,U,1,tmpl_bits,0.0,0.0,real,,5,0.0035,0.0035,,0.9965,1.0000,0.9965,80
U_tvla,U,1,tmpl_bits,0.0,0.0,real,,7,0.0010,0.0010,,0.9990,1.0000,0.9990,80
U_tvla,U,1,tmpl_bits,0.0,0.0,real,,10,0.0000,0.0000,,1.0000,1.0000,1.0000,80
U_tvla,U,1,tmpl_bits,0.0,0.0,real,,15,0.0000,0.0000,,1.0000,1.0000,1.0000,80
U_tvla,U,1,tmpl_bits,0.0,0.0,real,,20,0.0000,0.0000,,1.0000,1.0000,1.0000,80
U_tvla,U,1,tmpl_bits,0.0,0.0,real,,27,0.0000,0.0000,,1.0000,1.0000,1.0000,80
U_tvla,U,1,tmpl_bits,0.0,0.0,permuted,,1,1.5023,,0.0353,,,,20
U_tvla,U,1,tmpl_bits,0.0,0.0,permuted,,2,1.4963,,0.0454,,,,20
U_tvla,U,1,tmpl_bits,0.0,0.0,permuted,,3,1.4947,,0.0428,,,,20
U_tvla,U,1,tmpl_bits,0.0,0.0,permuted,,5,1.4990,,0.0520,,,,20
U_tvla,U,1,tmpl_bits,0.0,0.0,permuted,,7,1.4981,,0.0562,,,,20
U_tvla,U,1,tmpl_bits,0.0,0.0,permuted,,10,1.4987,,0.0628,,,,20
U_tvla,U,1,tmpl_bits,0.0,0.0,permuted,,15,1.4947,,0.0716,,,,20
U_tvla,U,1,tmpl_bits,0.0,0.0,permuted,,20,1.4989,,0.0753,,,,20
U_tvla,U,1,tmpl_bits,0.0,0.0,permuted,,27,1.4957,,0.0817,,,,20
U_tvla,U,1,corr,0.0,0.0,real,,1,1.5000,0.0000,,0.2500,0.5000,0.5000,80
U_tvla,U,1,corr,0.0,0.0,real,,2,0.7173,0.0507,,0.5621,0.7223,0.6723,80
U_tvla,U,1,corr,0.0,0.0,real,,3,0.3619,0.0525,,0.7472,0.8410,0.8094,80
U_tvla,U,1,corr,0.0,0.0,real,,5,0.1292,0.0361,,0.8979,0.9428,0.9187,80
U_tvla,U,1,corr,0.0,0.0,real,,7,0.0608,0.0247,,0.9495,0.9745,0.9612,80
U_tvla,U,1,corr,0.0,0.0,real,,10,0.0303,0.0142,,0.9740,0.9873,0.9795,80
U_tvla,U,1,corr,0.0,0.0,real,,15,0.0125,0.0076,,0.9885,0.9945,0.9902,80
U_tvla,U,1,corr,0.0,0.0,real,,20,0.0073,0.0048,,0.9935,0.9970,0.9945,80
U_tvla,U,1,corr,0.0,0.0,real,,27,0.0033,0.0027,,0.9968,0.9995,0.9968,80
U_tvla,U,1,corr,0.0,0.0,permuted,,1,1.5000,,0.0000,,,,20
U_tvla,U,1,corr,0.0,0.0,permuted,,2,1.4988,,0.0321,,,,20
U_tvla,U,1,corr,0.0,0.0,permuted,,3,1.5066,,0.0429,,,,20
U_tvla,U,1,corr,0.0,0.0,permuted,,5,1.5039,,0.0586,,,,20
U_tvla,U,1,corr,0.0,0.0,permuted,,7,1.5037,,0.0667,,,,20
U_tvla,U,1,corr,0.0,0.0,permuted,,10,1.5030,,0.0811,,,,20
U_tvla,U,1,corr,0.0,0.0,permuted,,15,1.5081,,0.0923,,,,20
U_tvla,U,1,corr,0.0,0.0,permuted,,20,1.5119,,0.1021,,,,20
U_tvla,U,1,corr,0.0,0.0,permuted,,27,1.5167,,0.1066,,,,20
U_tvla,U,1,tmpl,0.5,130.446,real,,1,1.0815,0.0378,,0.3923,0.6177,0.5585,80
U_tvla,U,1,tmpl,0.5,130.446,real,,2,0.9245,0.0436,,0.4545,0.6457,0.6132,80
U_tvla,U,1,tmpl,0.5,130.446,real,,3,0.8542,0.0546,,0.4905,0.6670,0.6367,80
U_tvla,U,1,tmpl,0.5,130.446,real,,5,0.7257,0.0638,,0.5448,0.7022,0.6725,80
U_tvla,U,1,tmpl,0.5,130.446,real,,7,0.6115,0.0651,,0.5973,0.7280,0.7125,80
U_tvla,U,1,tmpl,0.5,130.446,real,,10,0.5070,0.0620,,0.6498,0.7572,0.7428,80
U_tvla,U,1,tmpl,0.5,130.446,real,,15,0.3910,0.0558,,0.7077,0.7875,0.7875,80
U_tvla,U,1,tmpl,0.5,130.446,real,,20,0.3125,0.0511,,0.7497,0.8057,0.8160,80
U_tvla,U,1,tmpl,0.5,130.446,real,,27,0.2465,0.0485,,0.7915,0.8268,0.8455,80
U_tvla,U,1,tmpl,0.5,130.446,permuted,,1,1.4998,,0.0108,,,,5
U_tvla,U,1,tmpl,0.5,130.446,permuted,,2,1.4880,,0.0291,,,,5
U_tvla,U,1,tmpl,0.5,130.446,permuted,,3,1.4868,,0.0270,,,,5
U_tvla,U,1,tmpl,0.5,130.446,permuted,,5,1.4836,,0.0419,,,,5
U_tvla,U,1,tmpl,0.5,130.446,permuted,,7,1.4879,,0.0480,,,,5
U_tvla,U,1,tmpl,0.5,130.446,permuted,,10,1.4855,,0.0664,,,,5
U_tvla,U,1,tmpl,0.5,130.446,permuted,,15,1.4853,,0.0655,,,,5
U_tvla,U,1,tmpl,0.5,130.446,permuted,,20,1.4858,,0.0785,,,,5
U_tvla,U,1,tmpl,0.5,130.446,permuted,,27,1.4801,,0.0991,,,,5
U_tvla,U,1,tmpl_bits,0.5,130.446,real,,1,1.0475,0.0336,,0.4165,0.6215,0.5722,80
U_tvla,U,1,tmpl_bits,0.5,130.446,real,,2,0.9360,0.0418,,0.4663,0.6622,0.5960,80
U_tvla,U,1,tmpl_bits,0.5,130.446,real,,3,0.8420,0.0479,,0.5095,0.6910,0.6260,80
U_tvla,U,1,tmpl_bits,0.5,130.446,real,,5,0.6935,0.0546,,0.5725,0.7230,0.6658,80
U_tvla,U,1,tmpl_bits,0.5,130.446,real,,7,0.5865,0.0591,,0.6182,0.7512,0.6977,80
U_tvla,U,1,tmpl_bits,0.5,130.446,real,,10,0.4825,0.0531,,0.6680,0.7750,0.7300,80
U_tvla,U,1,tmpl_bits,0.5,130.446,real,,15,0.3682,0.0545,,0.7343,0.8192,0.7760,80
U_tvla,U,1,tmpl_bits,0.5,130.446,real,,20,0.2965,0.0483,,0.7742,0.8387,0.8130,80
U_tvla,U,1,tmpl_bits,0.5,130.446,real,,27,0.2270,0.0577,,0.8177,0.8560,0.8482,80
U_tvla,U,1,tmpl_bits,0.5,130.446,permuted,,1,1.5061,,0.0346,,,,5
U_tvla,U,1,tmpl_bits,0.5,130.446,permuted,,2,1.4994,,0.0347,,,,5
U_tvla,U,1,tmpl_bits,0.5,130.446,permuted,,3,1.4917,,0.0475,,,,5
U_tvla,U,1,tmpl_bits,0.5,130.446,permuted,,5,1.4985,,0.0548,,,,5
U_tvla,U,1,tmpl_bits,0.5,130.446,permuted,,7,1.4944,,0.0680,,,,5
U_tvla,U,1,tmpl_bits,0.5,130.446,permuted,,10,1.5067,,0.0818,,,,5
U_tvla,U,1,tmpl_bits,0.5,130.446,permuted,,15,1.5104,,0.0773,,,,5
U_tvla,U,1,tmpl_bits,0.5,130.446,permuted,,20,1.5111,,0.0941,,,,5
U_tvla,U,1,tmpl_bits,0.5,130.446,permuted,,27,1.5084,,0.0990,,,,5
U_tvla,U,1,corr,0.5,130.446,real,,1,1.5000,0.0000,,0.2500,0.5000,0.5000,80
U_tvla,U,1,corr,0.5,130.446,real,,2,1.2996,0.0387,,0.3149,0.5651,0.5336,80
U_tvla,U,1,corr,0.5,130.446,real,,3,1.2099,0.0762,,0.3494,0.5994,0.5557,80
U_tvla,U,1,corr,0.5,130.446,real,,5,1.0891,0.1021,,0.3928,0.6410,0.5723,80
U_tvla,U,1,corr,0.5,130.446,real,,7,1.0212,0.1124,,0.4205,0.6707,0.5807,80
U_tvla,U,1,corr,0.5,130.446,real,,10,0.9378,0.1192,,0.4480,0.6970,0.5930,80
U_tvla,U,1,corr,0.5,130.446,real,,15,0.8327,0.1303,,0.4878,0.7362,0.6120,80
U_tvla,U,1,corr,0.5,130.446,real,,20,0.7605,0.1328,,0.5077,0.7555,0.6218,80
U_tvla,U,1,corr,0.5,130.446,real,,27,0.7085,0.1463,,0.5270,0.7727,0.6258,80
U_tvla,U,1,corr,0.5,130.446,permuted,,1,1.5000,,0.0000,,,,5
U_tvla,U,1,corr,0.5,130.446,permuted,,2,1.4846,,0.0226,,,,5
U_tvla,U,1,corr,0.5,130.446,permuted,,3,1.4804,,0.0192,,,,5
U_tvla,U,1,corr,0.5,130.446,permuted,,5,1.4806,,0.0336,,,,5
U_tvla,U,1,corr,0.5,130.446,permuted,,7,1.4648,,0.0306,,,,5
U_tvla,U,1,corr,0.5,130.446,permuted,,10,1.4733,,0.0278,,,,5
U_tvla,U,1,corr,0.5,130.446,permuted,,15,1.4600,,0.0523,,,,5
U_tvla,U,1,corr,0.5,130.446,permuted,,20,1.4561,,0.0491,,,,5
U_tvla,U,1,corr,0.5,130.446,permuted,,27,1.4538,,0.0628,,,,5
U_tvla,U,1,tmpl,1.0,260.891,real,,1,1.3362,0.0353,,0.3087,0.5470,0.5330,80
U_tvla,U,1,tmpl,1.0,260.891,real,,2,1.2687,0.0375,,0.3233,0.5620,0.5320,80
U_tvla,U,1,tmpl,1.0,260.891,real,,3,1.2173,0.0530,,0.3442,0.5735,0.5392,80
U_tvla,U,1,tmpl,1.0,260.891,real,,5,1.1375,0.0605,,0.3740,0.5877,0.5560,80
U_tvla,U,1,tmpl,1.0,260.891,real,,7,1.0640,0.0663,,0.3967,0.6042,0.5740,80
U_tvla,U,1,tmpl,1.0,260.891,real,,10,0.9975,0.0829,,0.4247,0.6182,0.5960,80
U_tvla,U,1,tmpl,1.0,260.891,real,,15,0.9002,0.0942,,0.4757,0.6512,0.6345,80
U_tvla,U,1,tmpl,1.0,260.891,real,,20,0.8542,0.0983,,0.4943,0.6525,0.6548,80
U_tvla,U,1,tmpl,1.0,260.891,real,,27,0.7748,0.1032,,0.5352,0.6770,0.6812,80
U_tvla,U,1,tmpl,1.0,260.891,permuted,,1,1.5121,,0.0224,,,,5
U_tvla,U,1,tmpl,1.0,260.891,permuted,,2,1.5120,,0.0262,,,,5
U_tvla,U,1,tmpl,1.0,260.891,permuted,,3,1.5061,,0.0201,,,,5
U_tvla,U,1,tmpl,1.0,260.891,permuted,,5,1.5129,,0.0220,,,,5
U_tvla,U,1,tmpl,1.0,260.891,permuted,,7,1.5214,,0.0204,,,,5
U_tvla,U,1,tmpl,1.0,260.891,permuted,,10,1.5093,,0.0286,,,,5
U_tvla,U,1,tmpl,1.0,260.891,permuted,,15,1.5156,,0.0269,,,,5
U_tvla,U,1,tmpl,1.0,260.891,permuted,,20,1.5166,,0.0288,,,,5
U_tvla,U,1,tmpl,1.0,260.891,permuted,,27,1.5134,,0.0290,,,,5
U_tvla,U,1,tmpl_bits,1.0,260.891,real,,1,1.3235,0.0284,,0.3075,0.5308,0.5215,80
U_tvla,U,1,tmpl_bits,1.0,260.891,real,,2,1.2565,0.0381,,0.3282,0.5457,0.5320,80
U_tvla,U,1,tmpl_bits,1.0,260.891,real,,3,1.1820,0.0473,,0.3625,0.5725,0.5460,80
U_tvla,U,1,tmpl_bits,1.0,260.891,real,,5,1.1100,0.0608,,0.3912,0.5898,0.5515,80
U_tvla,U,1,tmpl_bits,1.0,260.891,real,,7,1.0345,0.0638,,0.4165,0.6060,0.5642,80
U_tvla,U,1,tmpl_bits,1.0,260.891,real,,10,0.9623,0.0835,,0.4475,0.6265,0.5830,80
U_tvla,U,1,tmpl_bits,1.0,260.891,real,,15,0.8618,0.0908,,0.4875,0.6485,0.6045,80
U_tvla,U,1,tmpl_bits,1.0,260.891,real,,20,0.7808,0.1029,,0.5300,0.6800,0.6255,80
U_tvla,U,1,tmpl_bits,1.0,260.891,real,,27,0.6893,0.1119,,0.5812,0.7105,0.6575,80
U_tvla,U,1,tmpl_bits,1.0,260.891,permuted,,1,1.5096,,0.0274,,,,5
U_tvla,U,1,tmpl_bits,1.0,260.891,permuted,,2,1.4969,,0.0282,,,,5
U_tvla,U,1,tmpl_bits,1.0,260.891,permuted,,3,1.4984,,0.0321,,,,5
U_tvla,U,1,tmpl_bits,1.0,260.891,permuted,,5,1.4973,,0.0356,,,,5
U_tvla,U,1,tmpl_bits,1.0,260.891,permuted,,7,1.5026,,0.0343,,,,5
U_tvla,U,1,tmpl_bits,1.0,260.891,permuted,,10,1.4946,,0.0350,,,,5
U_tvla,U,1,tmpl_bits,1.0,260.891,permuted,,15,1.4983,,0.0373,,,,5
U_tvla,U,1,tmpl_bits,1.0,260.891,permuted,,20,1.4989,,0.0368,,,,5
U_tvla,U,1,tmpl_bits,1.0,260.891,permuted,,27,1.5008,,0.0308,,,,5
U_tvla,U,1,corr,1.0,260.891,real,,1,1.5000,0.0000,,0.2500,0.5000,0.5000,80
U_tvla,U,1,corr,1.0,260.891,real,,2,1.4490,0.0276,,0.2665,0.5132,0.5018,80
U_tvla,U,1,corr,1.0,260.891,real,,3,1.3870,0.0422,,0.2814,0.5124,0.5206,80
U_tvla,U,1,corr,1.0,260.891,real,,5,1.3676,0.0564,,0.2949,0.5291,0.5146,80
U_tvla,U,1,corr,1.0,260.891,real,,7,1.3290,0.0686,,0.3092,0.5393,0.5230,80
U_tvla,U,1,corr,1.0,260.891,real,,10,1.2642,0.0823,,0.3355,0.5530,0.5402,80
U_tvla,U,1,corr,1.0,260.891,real,,15,1.1858,0.1024,,0.3677,0.5808,0.5595,80
U_tvla,U,1,corr,1.0,260.891,real,,20,1.1465,0.1206,,0.3850,0.5925,0.5608,80
U_tvla,U,1,corr,1.0,260.891,real,,27,1.0975,0.1358,,0.4047,0.6093,0.5743,80
U_tvla,U,1,corr,1.0,260.891,permuted,,1,1.5000,,0.0000,,,,5
U_tvla,U,1,corr,1.0,260.891,permuted,,2,1.4955,,0.0200,,,,5
U_tvla,U,1,corr,1.0,260.891,permuted,,3,1.4884,,0.0248,,,,5
U_tvla,U,1,corr,1.0,260.891,permuted,,5,1.4806,,0.0459,,,,5
U_tvla,U,1,corr,1.0,260.891,permuted,,7,1.4729,,0.0560,,,,5
U_tvla,U,1,corr,1.0,260.891,permuted,,10,1.4704,,0.0633,,,,5
U_tvla,U,1,corr,1.0,260.891,permuted,,15,1.4611,,0.0620,,,,5
U_tvla,U,1,corr,1.0,260.891,permuted,,20,1.4622,,0.0786,,,,5
U_tvla,U,1,corr,1.0,260.891,permuted,,27,1.4584,,0.0722,,,,5
N_tvla,N,1,tmpl,0.0,0.0,real,,1,1.4075,0.0264,,0.2700,0.5485,0.4928,80
N_tvla,N,1,tmpl,0.0,0.0,real,,2,1.3348,0.0340,,0.2968,0.5790,0.5128,80
N_tvla,N,1,tmpl,0.0,0.0,real,,3,1.3237,0.0405,,0.2938,0.5853,0.5098,80
N_tvla,N,1,tmpl,0.0,0.0,real,,5,1.2890,0.0453,,0.3005,0.6113,0.5117,80
N_tvla,N,1,tmpl,0.0,0.0,real,,7,1.2508,0.0451,,0.3078,0.6295,0.5082,80
N_tvla,N,1,tmpl,0.0,0.0,real,,10,1.1658,0.0540,,0.3438,0.6657,0.5245,80
N_tvla,N,1,tmpl,0.0,0.0,real,,15,1.1228,0.0580,,0.3463,0.6850,0.5113,80
N_tvla,N,1,tmpl,0.0,0.0,real,,20,1.0790,0.0626,,0.3665,0.7145,0.5193,80
N_tvla,N,1,tmpl,0.0,0.0,real,,30,0.9957,0.0624,,0.3820,0.7523,0.5155,80
N_tvla,N,1,tmpl,0.0,0.0,real,,50,0.8918,0.0679,,0.4053,0.8135,0.5025,80
N_tvla,N,1,tmpl,0.0,0.0,real,,70,0.8252,0.0757,,0.4228,0.8512,0.4990,80
N_tvla,N,1,tmpl,0.0,0.0,real,,100,0.7502,0.0900,,0.4502,0.8923,0.4993,80
N_tvla,N,1,tmpl,0.0,0.0,real,,150,0.6752,0.0993,,0.4677,0.9320,0.4965,80
N_tvla,N,1,tmpl,0.0,0.0,real,,200,0.6485,0.1110,,0.4737,0.9443,0.4890,80
N_tvla,N,1,tmpl,0.0,0.0,real,,231,0.6355,0.1129,,0.4728,0.9578,0.4827,80
N_tvla,N,1,tmpl,0.0,0.0,permuted,,1,1.5040,,0.0176,,,,20
N_tvla,N,1,tmpl,0.0,0.0,permuted,,2,1.5054,,0.0222,,,,20
N_tvla,N,1,tmpl,0.0,0.0,permuted,,3,1.5023,,0.0200,,,,20
N_tvla,N,1,tmpl,0.0,0.0,permuted,,5,1.5017,,0.0193,,,,20
N_tvla,N,1,tmpl,0.0,0.0,permuted,,7,1.5027,,0.0252,,,,20
N_tvla,N,1,tmpl,0.0,0.0,permuted,,10,1.4983,,0.0263,,,,20
N_tvla,N,1,tmpl,0.0,0.0,permuted,,15,1.4991,,0.0290,,,,20
N_tvla,N,1,tmpl,0.0,0.0,permuted,,20,1.4958,,0.0276,,,,20
N_tvla,N,1,tmpl,0.0,0.0,permuted,,30,1.4942,,0.0341,,,,20
N_tvla,N,1,tmpl,0.0,0.0,permuted,,50,1.4926,,0.0451,,,,20
N_tvla,N,1,tmpl,0.0,0.0,permuted,,70,1.4951,,0.0541,,,,20
N_tvla,N,1,tmpl,0.0,0.0,permuted,,100,1.4903,,0.0672,,,,20
N_tvla,N,1,tmpl,0.0,0.0,permuted,,150,1.4851,,0.0742,,,,20
N_tvla,N,1,tmpl,0.0,0.0,permuted,,200,1.4827,,0.0878,,,,20
N_tvla,N,1,tmpl,0.0,0.0,permuted,,231,1.4770,,0.0931,,,,20
N_tvla,N,1,tmpl_bits,0.0,0.0,real,,1,1.3952,0.0653,,0.2833,0.5465,0.5063,80
N_tvla,N,1,tmpl_bits,0.0,0.0,real,,2,1.3445,0.0636,,0.3023,0.5730,0.5200,80
N_tvla,N,1,tmpl_bits,0.0,0.0,real,,3,1.3253,0.0660,,0.2990,0.5797,0.5123,80
N_tvla,N,1,tmpl_bits,0.0,0.0,real,,5,1.2827,0.0616,,0.3145,0.6005,0.5200,80
N_tvla,N,1,tmpl_bits,0.0,0.0,real,,7,1.2475,0.0675,,0.3273,0.6085,0.5247,80
N_tvla,N,1,tmpl_bits,0.0,0.0,real,,10,1.1463,0.0705,,0.3657,0.6455,0.5390,80
N_tvla,N,1,tmpl_bits,0.0,0.0,real,,15,1.0755,0.0790,,0.3953,0.6710,0.5412,80
N_tvla,N,1,tmpl_bits,0.0,0.0,real,,20,1.0197,0.0860,,0.4168,0.6895,0.5475,80
N_tvla,N,1,tmpl_bits,0.0,0.0,real,,30,0.9213,0.0932,,0.4535,0.7300,0.5688,80
N_tvla,N,1,tmpl_bits,0.0,0.0,real,,50,0.7850,0.0999,,0.5160,0.7857,0.5980,80
N_tvla,N,1,tmpl_bits,0.0,0.0,real,,70,0.7160,0.0992,,0.5428,0.8255,0.6035,80
N_tvla,N,1,tmpl_bits,0.0,0.0,real,,100,0.6190,0.1051,,0.5895,0.8568,0.6330,80
N_tvla,N,1,tmpl_bits,0.0,0.0,real,,150,0.5160,0.1055,,0.6370,0.8922,0.6627,80
N_tvla,N,1,tmpl_bits,0.0,0.0,real,,200,0.4583,0.1104,,0.6672,0.9095,0.6792,80
N_tvla,N,1,tmpl_bits,0.0,0.0,real,,231,0.4260,0.1093,,0.6770,0.9145,0.6853,80
N_tvla,N,1,tmpl_bits,0.0,0.0,permuted,,1,1.4996,,0.0156,,,,20
N_tvla,N,1,tmpl_bits,0.0,0.0,permuted,,2,1.5024,,0.0174,,,,20
N_tvla,N,1,tmpl_bits,0.0,0.0,permuted,,3,1.5042,,0.0149,,,,20
N_tvla,N,1,tmpl_bits,0.0,0.0,permuted,,5,1.5046,,0.0161,,,,20
N_tvla,N,1,tmpl_bits,0.0,0.0,permuted,,7,1.5051,,0.0238,,,,20
N_tvla,N,1,tmpl_bits,0.0,0.0,permuted,,10,1.5094,,0.0264,,,,20
N_tvla,N,1,tmpl_bits,0.0,0.0,permuted,,15,1.5073,,0.0270,,,,20
N_tvla,N,1,tmpl_bits,0.0,0.0,permuted,,20,1.5060,,0.0304,,,,20
N_tvla,N,1,tmpl_bits,0.0,0.0,permuted,,30,1.5046,,0.0377,,,,20
N_tvla,N,1,tmpl_bits,0.0,0.0,permuted,,50,1.5026,,0.0495,,,,20
N_tvla,N,1,tmpl_bits,0.0,0.0,permuted,,70,1.5014,,0.0564,,,,20
N_tvla,N,1,tmpl_bits,0.0,0.0,permuted,,100,1.5057,,0.0735,,,,20
N_tvla,N,1,tmpl_bits,0.0,0.0,permuted,,150,1.5050,,0.0870,,,,20
N_tvla,N,1,tmpl_bits,0.0,0.0,permuted,,200,1.5079,,0.1023,,,,20
N_tvla,N,1,tmpl_bits,0.0,0.0,permuted,,231,1.5074,,0.1094,,,,20
N_tvla,N,1,corr,0.0,0.0,real,,1,1.5000,0.0000,,0.2500,0.5000,0.5000,80
N_tvla,N,1,corr,0.0,0.0,real,,2,1.4848,0.0225,,0.2589,0.5040,0.5155,80
N_tvla,N,1,corr,0.0,0.0,real,,3,1.4814,0.0224,,0.2548,0.5074,0.5098,80
N_tvla,N,1,corr,0.0,0.0,real,,5,1.4791,0.0337,,0.2565,0.5068,0.5130,80
N_tvla,N,1,corr,0.0,0.0,real,,7,1.4647,0.0324,,0.2650,0.5130,0.5208,80
N_tvla,N,1,corr,0.0,0.0,real,,10,1.4350,0.0427,,0.2720,0.5055,0.5333,80
N_tvla,N,1,corr,0.0,0.0,real,,15,1.4220,0.0484,,0.2790,0.5195,0.5267,80
N_tvla,N,1,corr,0.0,0.0,real,,20,1.4212,0.0586,,0.2765,0.5262,0.5222,80
N_tvla,N,1,corr,0.0,0.0,real,,30,1.3900,0.0754,,0.2928,0.5420,0.5202,80
N_tvla,N,1,corr,0.0,0.0,real,,50,1.3605,0.0931,,0.2990,0.5458,0.5418,80
N_tvla,N,1,corr,0.0,0.0,real,,70,1.3443,0.1091,,0.2975,0.5473,0.5257,80
N_tvla,N,1,corr,0.0,0.0,real,,100,1.3238,0.1373,,0.3118,0.5545,0.5430,80
N_tvla,N,1,corr,0.0,0.0,real,,150,1.3020,0.1732,,0.3102,0.5613,0.5290,80
N_tvla,N,1,corr,0.0,0.0,real,,200,1.2978,0.1976,,0.3082,0.5630,0.5318,80
N_tvla,N,1,corr,0.0,0.0,real,,231,1.2970,0.2148,,0.3090,0.5473,0.5460,80
N_tvla,N,1,corr,0.0,0.0,permuted,,1,1.5000,,0.0000,,,,20
N_tvla,N,1,corr,0.0,0.0,permuted,,2,1.5037,,0.0145,,,,20
N_tvla,N,1,corr,0.0,0.0,permuted,,3,1.5075,,0.0206,,,,20
N_tvla,N,1,corr,0.0,0.0,permuted,,5,1.5006,,0.0201,,,,20
N_tvla,N,1,corr,0.0,0.0,permuted,,7,1.5001,,0.0240,,,,20
N_tvla,N,1,corr,0.0,0.0,permuted,,10,1.4959,,0.0271,,,,20
N_tvla,N,1,corr,0.0,0.0,permuted,,15,1.4985,,0.0276,,,,20
N_tvla,N,1,corr,0.0,0.0,permuted,,20,1.5002,,0.0331,,,,20
N_tvla,N,1,corr,0.0,0.0,permuted,,30,1.4940,,0.0428,,,,20
N_tvla,N,1,corr,0.0,0.0,permuted,,50,1.4928,,0.0475,,,,20
N_tvla,N,1,corr,0.0,0.0,permuted,,70,1.4885,,0.0588,,,,20
N_tvla,N,1,corr,0.0,0.0,permuted,,100,1.4892,,0.0721,,,,20
N_tvla,N,1,corr,0.0,0.0,permuted,,150,1.4873,,0.0890,,,,20
N_tvla,N,1,corr,0.0,0.0,permuted,,200,1.4856,,0.1032,,,,20
N_tvla,N,1,corr,0.0,0.0,permuted,,231,1.4784,,0.1118,,,,20
N_tvla,N,1,tmpl,0.5,170.661,real,,1,1.4750,0.0265,,0.2605,0.5130,0.5055,80
N_tvla,N,1,tmpl,0.5,170.661,real,,2,1.4950,0.0266,,0.2470,0.5120,0.4800,80
N_tvla,N,1,tmpl,0.5,170.661,real,,3,1.4935,0.0253,,0.2477,0.5130,0.4858,80
N_tvla,N,1,tmpl,0.5,170.661,real,,5,1.4448,0.0266,,0.2663,0.5310,0.4983,80
N_tvla,N,1,tmpl,0.5,170.661,real,,7,1.4335,0.0358,,0.2682,0.5455,0.4908,80
N_tvla,N,1,tmpl,0.5,170.661,real,,10,1.4142,0.0342,,0.2713,0.5495,0.4883,80
N_tvla,N,1,tmpl,0.5,170.661,real,,15,1.4020,0.0453,,0.2790,0.5717,0.4872,80
N_tvla,N,1,tmpl,0.5,170.661,real,,20,1.3515,0.0584,,0.2937,0.5807,0.4905,80
N_tvla,N,1,tmpl,0.5,170.661,real,,30,1.3062,0.0541,,0.3063,0.6008,0.4833,80
N_tvla,N,1,tmpl,0.5,170.661,real,,50,1.2890,0.0756,,0.3165,0.6195,0.4810,80
N_tvla,N,1,tmpl,0.5,170.661,real,,70,1.2558,0.0945,,0.3272,0.6407,0.4822,80
N_tvla,N,1,tmpl,0.5,170.661,real,,100,1.2335,0.1061,,0.3205,0.6465,0.4633,80
N_tvla,N,1,tmpl,0.5,170.661,real,,150,1.2158,0.1158,,0.3235,0.6557,0.4540,80
N_tvla,N,1,tmpl,0.5,170.661,real,,200,1.2142,0.1209,,0.3262,0.6683,0.4542,80
N_tvla,N,1,tmpl,0.5,170.661,real,,231,1.2197,0.1333,,0.3165,0.6710,0.4407,80
N_tvla,N,1,tmpl,0.5,170.661,permuted,,1,1.5050,,0.0222,,,,5
N_tvla,N,1,tmpl,0.5,170.661,permuted,,2,1.4891,,0.0217,,,,5
N_tvla,N,1,tmpl,0.5,170.661,permuted,,3,1.4902,,0.0168,,,,5
N_tvla,N,1,tmpl,0.5,170.661,permuted,,5,1.5005,,0.0155,,,,5
N_tvla,N,1,tmpl,0.5,170.661,permuted,,7,1.4949,,0.0305,,,,5
N_tvla,N,1,tmpl,0.5,170.661,permuted,,10,1.4981,,0.0334,,,,5
N_tvla,N,1,tmpl,0.5,170.661,permuted,,15,1.5051,,0.0404,,,,5
N_tvla,N,1,tmpl,0.5,170.661,permuted,,20,1.5012,,0.0405,,,,5
N_tvla,N,1,tmpl,0.5,170.661,permuted,,30,1.5103,,0.0386,,,,5
N_tvla,N,1,tmpl,0.5,170.661,permuted,,50,1.5194,,0.0515,,,,5
N_tvla,N,1,tmpl,0.5,170.661,permuted,,70,1.5204,,0.0536,,,,5
N_tvla,N,1,tmpl,0.5,170.661,permuted,,100,1.5150,,0.0607,,,,5
N_tvla,N,1,tmpl,0.5,170.661,permuted,,150,1.5015,,0.0515,,,,5
N_tvla,N,1,tmpl,0.5,170.661,permuted,,200,1.4937,,0.0527,,,,5
N_tvla,N,1,tmpl,0.5,170.661,permuted,,231,1.4824,,0.0590,,,,5
N_tvla,N,1,tmpl_bits,0.5,170.661,real,,1,1.4980,0.0124,,0.2443,0.4945,0.4895,80
N_tvla,N,1,tmpl_bits,0.5,170.661,real,,2,1.5037,0.0166,,0.2550,0.5060,0.4930,80
N_tvla,N,1,tmpl_bits,0.5,170.661,real,,3,1.4860,0.0209,,0.2600,0.5108,0.5012,80
N_tvla,N,1,tmpl_bits,0.5,170.661,real,,5,1.4770,0.0173,,0.2548,0.5185,0.4818,80
N_tvla,N,1,tmpl_bits,0.5,170.661,real,,7,1.4748,0.0192,,0.2488,0.5280,0.4787,80
N_tvla,N,1,tmpl_bits,0.5,170.661,real,,10,1.4370,0.0244,,0.2543,0.5323,0.4862,80
N_tvla,N,1,tmpl_bits,0.5,170.661,real,,15,1.4315,0.0291,,0.2555,0.5380,0.4815,80
N_tvla,N,1,tmpl_bits,0.5,170.661,real,,20,1.3988,0.0375,,0.2680,0.5620,0.4690,80
N_tvla,N,1,tmpl_bits,0.5,170.661,real,,30,1.3755,0.0393,,0.2815,0.5650,0.4745,80
N_tvla,N,1,tmpl_bits,0.5,170.661,real,,50,1.3508,0.0550,,0.2853,0.5835,0.4595,80
N_tvla,N,1,tmpl_bits,0.5,170.661,real,,70,1.3402,0.0623,,0.2900,0.6025,0.4530,80
N_tvla,N,1,tmpl_bits,0.5,170.661,real,,100,1.3535,0.0729,,0.2780,0.6075,0.4325,80
N_tvla,N,1,tmpl_bits,0.5,170.661,real,,150,1.3533,0.0940,,0.2665,0.6098,0.4090,80
N_tvla,N,1,tmpl_bits,0.5,170.661,real,,200,1.3550,0.0993,,0.2590,0.6208,0.3832,80
N_tvla,N,1,tmpl_bits,0.5,170.661,real,,231,1.3415,0.1094,,0.2620,0.6315,0.3755,80
N_tvla,N,1,tmpl_bits,0.5,170.661,permuted,,1,1.5056,,0.0278,,,,5
N_tvla,N,1,tmpl_bits,0.5,170.661,permuted,,2,1.5067,,0.0332,,,,5
N_tvla,N,1,tmpl_bits,0.5,170.661,permuted,,3,1.4978,,0.0227,,,,5
N_tvla,N,1,tmpl_bits,0.5,170.661,permuted,,5,1.5048,,0.0220,,,,5
N_tvla,N,1,tmpl_bits,0.5,170.661,permuted,,7,1.5016,,0.0426,,,,5
N_tvla,N,1,tmpl_bits,0.5,170.661,permuted,,10,1.4903,,0.0386,,,,5
N_tvla,N,1,tmpl_bits,0.5,170.661,permuted,,15,1.4930,,0.0420,,,,5
N_tvla,N,1,tmpl_bits,0.5,170.661,permuted,,20,1.4871,,0.0408,,,,5
N_tvla,N,1,tmpl_bits,0.5,170.661,permuted,,30,1.4839,,0.0371,,,,5
N_tvla,N,1,tmpl_bits,0.5,170.661,permuted,,50,1.4966,,0.0491,,,,5
N_tvla,N,1,tmpl_bits,0.5,170.661,permuted,,70,1.4915,,0.0587,,,,5
N_tvla,N,1,tmpl_bits,0.5,170.661,permuted,,100,1.4843,,0.0696,,,,5
N_tvla,N,1,tmpl_bits,0.5,170.661,permuted,,150,1.4686,,0.0750,,,,5
N_tvla,N,1,tmpl_bits,0.5,170.661,permuted,,200,1.4713,,0.0785,,,,5
N_tvla,N,1,tmpl_bits,0.5,170.661,permuted,,231,1.4644,,0.0798,,,,5
N_tvla,N,1,corr,0.5,170.661,real,,1,1.5000,0.0000,,0.2500,0.5000,0.5000,80
N_tvla,N,1,corr,0.5,170.661,real,,2,1.4841,0.0126,,0.2548,0.5124,0.4959,80
N_tvla,N,1,corr,0.5,170.661,real,,3,1.4929,0.0174,,0.2562,0.5018,0.4951,80
N_tvla,N,1,corr,0.5,170.661,real,,5,1.5000,0.0258,,0.2492,0.4940,0.4985,80
N_tvla,N,1,corr,0.5,170.661,real,,7,1.5000,0.0291,,0.2426,0.4912,0.4993,80
N_tvla,N,1,corr,0.5,170.661,real,,10,1.4988,0.0342,,0.2500,0.4978,0.4882,80
N_tvla,N,1,corr,0.5,170.661,real,,15,1.4760,0.0452,,0.2580,0.4980,0.5020,80
N_tvla,N,1,corr,0.5,170.661,real,,20,1.4673,0.0495,,0.2565,0.4943,0.5015,80
N_tvla,N,1,corr,0.5,170.661,real,,30,1.4685,0.0562,,0.2617,0.5015,0.4950,80
N_tvla,N,1,corr,0.5,170.661,real,,50,1.4800,0.0780,,0.2482,0.4995,0.4823,80
N_tvla,N,1,corr,0.5,170.661,real,,70,1.4797,0.0877,,0.2540,0.5018,0.4930,80
N_tvla,N,1,corr,0.5,170.661,real,,100,1.4872,0.1123,,0.2515,0.4888,0.4905,80
N_tvla,N,1,corr,0.5,170.661,real,,150,1.5040,0.1391,,0.2430,0.4808,0.4790,80
N_tvla,N,1,corr,0.5,170.661,real,,200,1.5163,0.1559,,0.2315,0.4718,0.4568,80
N_tvla,N,1,corr,0.5,170.661,real,,231,1.5237,0.1597,,0.2293,0.4863,0.4405,80
N_tvla,N,1,corr,0.5,170.661,permuted,,1,1.5000,,0.0000,,,,5
N_tvla,N,1,corr,0.5,170.661,permuted,,2,1.4993,,0.0169,,,,5
N_tvla,N,1,corr,0.5,170.661,permuted,,3,1.5096,,0.0188,,,,5
N_tvla,N,1,corr,0.5,170.661,permuted,,5,1.5003,,0.0096,,,,5
N_tvla,N,1,corr,0.5,170.661,permuted,,7,1.4848,,0.0192,,,,5
N_tvla,N,1,corr,0.5,170.661,permuted,,10,1.4831,,0.0206,,,,5
N_tvla,N,1,corr,0.5,170.661,permuted,,15,1.4845,,0.0132,,,,5
N_tvla,N,1,corr,0.5,170.661,permuted,,20,1.4747,,0.0159,,,,5
N_tvla,N,1,corr,0.5,170.661,permuted,,30,1.4694,,0.0099,,,,5
N_tvla,N,1,corr,0.5,170.661,permuted,,50,1.4786,,0.0236,,,,5
N_tvla,N,1,corr,0.5,170.661,permuted,,70,1.4738,,0.0314,,,,5
N_tvla,N,1,corr,0.5,170.661,permuted,,100,1.4775,,0.0520,,,,5
N_tvla,N,1,corr,0.5,170.661,permuted,,150,1.4717,,0.0426,,,,5
N_tvla,N,1,corr,0.5,170.661,permuted,,200,1.4600,,0.0568,,,,5
N_tvla,N,1,corr,0.5,170.661,permuted,,231,1.4611,,0.0655,,,,5
N_tvla,N,1,tmpl,1.0,341.323,real,,1,1.5185,0.0259,,0.2477,0.4925,0.5070,80
N_tvla,N,1,tmpl,1.0,341.323,real,,2,1.5245,0.0235,,0.2445,0.5015,0.4973,80
N_tvla,N,1,tmpl,1.0,341.323,real,,3,1.5270,0.0287,,0.2425,0.4975,0.4983,80
N_tvla,N,1,tmpl,1.0,341.323,real,,5,1.5225,0.0236,,0.2420,0.4898,0.5058,80
N_tvla,N,1,tmpl,1.0,341.323,real,,7,1.5228,0.0255,,0.2415,0.5017,0.4985,80
N_tvla,N,1,tmpl,1.0,341.323,real,,10,1.5433,0.0284,,0.2370,0.4970,0.4880,80
N_tvla,N,1,tmpl,1.0,341.323,real,,15,1.5353,0.0334,,0.2423,0.5050,0.4942,80
N_tvla,N,1,tmpl,1.0,341.323,real,,20,1.5243,0.0353,,0.2430,0.5183,0.4892,80
N_tvla,N,1,tmpl,1.0,341.323,real,,30,1.5378,0.0338,,0.2375,0.5085,0.4885,80
N_tvla,N,1,tmpl,1.0,341.323,real,,50,1.5497,0.0421,,0.2280,0.5095,0.4730,80
N_tvla,N,1,tmpl,1.0,341.323,real,,70,1.5578,0.0504,,0.2290,0.5140,0.4768,80
N_tvla,N,1,tmpl,1.0,341.323,real,,100,1.5520,0.0521,,0.2342,0.5195,0.4813,80
N_tvla,N,1,tmpl,1.0,341.323,real,,150,1.5693,0.0563,,0.2380,0.5250,0.4855,80
N_tvla,N,1,tmpl,1.0,341.323,real,,200,1.5882,0.0591,,0.2337,0.5250,0.4825,80
N_tvla,N,1,tmpl,1.0,341.323,real,,231,1.5930,0.0595,,0.2280,0.5180,0.4755,80
N_tvla,N,1,tmpl,1.0,341.323,permuted,,1,1.4934,,0.0122,,,,5
N_tvla,N,1,tmpl,1.0,341.323,permuted,,2,1.4984,,0.0142,,,,5
N_tvla,N,1,tmpl,1.0,341.323,permuted,,3,1.5030,,0.0198,,,,5
N_tvla,N,1,tmpl,1.0,341.323,permuted,,5,1.4901,,0.0208,,,,5
N_tvla,N,1,tmpl,1.0,341.323,permuted,,7,1.4871,,0.0238,,,,5
N_tvla,N,1,tmpl,1.0,341.323,permuted,,10,1.4960,,0.0248,,,,5
N_tvla,N,1,tmpl,1.0,341.323,permuted,,15,1.4990,,0.0238,,,,5
N_tvla,N,1,tmpl,1.0,341.323,permuted,,20,1.5036,,0.0175,,,,5
N_tvla,N,1,tmpl,1.0,341.323,permuted,,30,1.4992,,0.0151,,,,5
N_tvla,N,1,tmpl,1.0,341.323,permuted,,50,1.5072,,0.0135,,,,5
N_tvla,N,1,tmpl,1.0,341.323,permuted,,70,1.5149,,0.0161,,,,5
N_tvla,N,1,tmpl,1.0,341.323,permuted,,100,1.5150,,0.0186,,,,5
N_tvla,N,1,tmpl,1.0,341.323,permuted,,150,1.5133,,0.0074,,,,5
N_tvla,N,1,tmpl,1.0,341.323,permuted,,200,1.5197,,0.0176,,,,5
N_tvla,N,1,tmpl,1.0,341.323,permuted,,231,1.5199,,0.0226,,,,5
N_tvla,N,1,tmpl_bits,1.0,341.323,real,,1,1.4897,0.0194,,0.2588,0.5147,0.5050,80
N_tvla,N,1,tmpl_bits,1.0,341.323,real,,2,1.5065,0.0160,,0.2527,0.5075,0.5110,80
N_tvla,N,1,tmpl_bits,1.0,341.323,real,,3,1.5235,0.0222,,0.2430,0.5010,0.5070,80
N_tvla,N,1,tmpl_bits,1.0,341.323,real,,5,1.5080,0.0306,,0.2490,0.5028,0.4997,80
N_tvla,N,1,tmpl_bits,1.0,341.323,real,,7,1.5097,0.0291,,0.2545,0.5135,0.5045,80
N_tvla,N,1,tmpl_bits,1.0,341.323,real,,10,1.5185,0.0383,,0.2425,0.5038,0.4898,80
N_tvla,N,1,tmpl_bits,1.0,341.323,real,,15,1.5360,0.0489,,0.2455,0.5100,0.4978,80
N_tvla,N,1,tmpl_bits,1.0,341.323,real,,20,1.5158,0.0594,,0.2427,0.5173,0.4990,80
N_tvla,N,1,tmpl_bits,1.0,341.323,real,,30,1.5063,0.0620,,0.2415,0.5107,0.5040,80
N_tvla,N,1,tmpl_bits,1.0,341.323,real,,50,1.5207,0.0702,,0.2345,0.5132,0.4885,80
N_tvla,N,1,tmpl_bits,1.0,341.323,real,,70,1.5060,0.0837,,0.2455,0.5300,0.5045,80
N_tvla,N,1,tmpl_bits,1.0,341.323,real,,100,1.5133,0.0912,,0.2375,0.5320,0.4908,80
N_tvla,N,1,tmpl_bits,1.0,341.323,real,,150,1.5245,0.1053,,0.2360,0.5440,0.4810,80
N_tvla,N,1,tmpl_bits,1.0,341.323,real,,200,1.5345,0.1078,,0.2390,0.5615,0.4878,80
N_tvla,N,1,tmpl_bits,1.0,341.323,real,,231,1.5437,0.1099,,0.2387,0.5710,0.4833,80
N_tvla,N,1,tmpl_bits,1.0,341.323,permuted,,1,1.4972,,0.0126,,,,5
N_tvla,N,1,tmpl_bits,1.0,341.323,permuted,,2,1.4964,,0.0261,,,,5
N_tvla,N,1,tmpl_bits,1.0,341.323,permuted,,3,1.4975,,0.0194,,,,5
N_tvla,N,1,tmpl_bits,1.0,341.323,permuted,,5,1.4934,,0.0231,,,,5
N_tvla,N,1,tmpl_bits,1.0,341.323,permuted,,7,1.4923,,0.0204,,,,5
N_tvla,N,1,tmpl_bits,1.0,341.323,permuted,,10,1.4972,,0.0189,,,,5
N_tvla,N,1,tmpl_bits,1.0,341.323,permuted,,15,1.5009,,0.0052,,,,5
N_tvla,N,1,tmpl_bits,1.0,341.323,permuted,,20,1.5045,,0.0138,,,,5
N_tvla,N,1,tmpl_bits,1.0,341.323,permuted,,30,1.4948,,0.0270,,,,5
N_tvla,N,1,tmpl_bits,1.0,341.323,permuted,,50,1.4974,,0.0383,,,,5
N_tvla,N,1,tmpl_bits,1.0,341.323,permuted,,70,1.4945,,0.0387,,,,5
N_tvla,N,1,tmpl_bits,1.0,341.323,permuted,,100,1.4914,,0.0392,,,,5
N_tvla,N,1,tmpl_bits,1.0,341.323,permuted,,150,1.4913,,0.0585,,,,5
N_tvla,N,1,tmpl_bits,1.0,341.323,permuted,,200,1.4896,,0.0606,,,,5
N_tvla,N,1,tmpl_bits,1.0,341.323,permuted,,231,1.4862,,0.0670,,,,5
N_tvla,N,1,corr,1.0,341.323,real,,1,1.5000,0.0000,,0.2500,0.5000,0.5000,80
N_tvla,N,1,corr,1.0,341.323,real,,2,1.4922,0.0114,,0.2564,0.5082,0.5010,80
N_tvla,N,1,corr,1.0,341.323,real,,3,1.4901,0.0150,,0.2517,0.4959,0.5093,80
N_tvla,N,1,corr,1.0,341.323,real,,5,1.5197,0.0164,,0.2456,0.4938,0.5000,80
N_tvla,N,1,corr,1.0,341.323,real,,7,1.5265,0.0228,,0.2482,0.5006,0.5064,80
N_tvla,N,1,corr,1.0,341.323,real,,10,1.5110,0.0321,,0.2480,0.4905,0.5090,80
N_tvla,N,1,corr,1.0,341.323,real,,15,1.5180,0.0377,,0.2473,0.5020,0.5037,80
N_tvla,N,1,corr,1.0,341.323,real,,20,1.4967,0.0433,,0.2487,0.4925,0.5117,80
N_tvla,N,1,corr,1.0,341.323,real,,30,1.5052,0.0552,,0.2468,0.4845,0.5198,80
N_tvla,N,1,corr,1.0,341.323,real,,50,1.5178,0.0710,,0.2425,0.4875,0.5132,80
N_tvla,N,1,corr,1.0,341.323,real,,70,1.5048,0.0855,,0.2470,0.4808,0.5328,80
N_tvla,N,1,corr,1.0,341.323,real,,100,1.4820,0.1055,,0.2600,0.4957,0.5395,80
N_tvla,N,1,corr,1.0,341.323,real,,150,1.5035,0.1181,,0.2497,0.4940,0.5303,80
N_tvla,N,1,corr,1.0,341.323,real,,200,1.5190,0.1360,,0.2432,0.4813,0.5303,80
N_tvla,N,1,corr,1.0,341.323,real,,231,1.4937,0.1426,,0.2505,0.4988,0.5315,80
N_tvla,N,1,corr,1.0,341.323,permuted,,1,1.5000,,0.0000,,,,5
N_tvla,N,1,corr,1.0,341.323,permuted,,2,1.4907,,0.0177,,,,5
N_tvla,N,1,corr,1.0,341.323,permuted,,3,1.4837,,0.0255,,,,5
N_tvla,N,1,corr,1.0,341.323,permuted,,5,1.4818,,0.0187,,,,5
N_tvla,N,1,corr,1.0,341.323,permuted,,7,1.4866,,0.0230,,,,5
N_tvla,N,1,corr,1.0,341.323,permuted,,10,1.4770,,0.0244,,,,5
N_tvla,N,1,corr,1.0,341.323,permuted,,15,1.4743,,0.0421,,,,5
N_tvla,N,1,corr,1.0,341.323,permuted,,20,1.4698,,0.0417,,,,5
N_tvla,N,1,corr,1.0,341.323,permuted,,30,1.4657,,0.0481,,,,5
N_tvla,N,1,corr,1.0,341.323,permuted,,50,1.4579,,0.0548,,,,5
N_tvla,N,1,corr,1.0,341.323,permuted,,70,1.4522,,0.0618,,,,5
N_tvla,N,1,corr,1.0,341.323,permuted,,100,1.4411,,0.0805,,,,5
N_tvla,N,1,corr,1.0,341.323,permuted,,150,1.4411,,0.0968,,,,5
N_tvla,N,1,corr,1.0,341.323,permuted,,200,1.4383,,0.1007,,,,5
N_tvla,N,1,corr,1.0,341.323,permuted,,231,1.4299,,0.1172,,,,5
N_tvla,N,2,tmpl,0.0,0.0,real,,1,1.4185,0.0865,,0.2755,0.5273,0.4973,80
N_tvla,N,2,tmpl,0.0,0.0,real,,2,1.3805,0.0901,,0.2880,0.5392,0.5097,80
N_tvla,N,2,tmpl,0.0,0.0,real,,3,1.3510,0.0956,,0.3005,0.5563,0.5155,80
N_tvla,N,2,tmpl,0.0,0.0,real,,5,1.2840,0.0956,,0.3190,0.5610,0.5240,80
N_tvla,N,2,tmpl,0.0,0.0,real,,7,1.2380,0.0973,,0.3355,0.5765,0.5215,80
N_tvla,N,2,tmpl,0.0,0.0,real,,10,1.1788,0.0961,,0.3622,0.6017,0.5347,80
N_tvla,N,2,tmpl,0.0,0.0,real,,15,1.1273,0.0973,,0.3873,0.6098,0.5525,80
N_tvla,N,2,tmpl,0.0,0.0,real,,20,1.0610,0.1018,,0.4060,0.6243,0.5600,80
N_tvla,N,2,tmpl,0.0,0.0,real,,30,0.9788,0.1026,,0.4373,0.6492,0.5757,80
N_tvla,N,2,tmpl,0.0,0.0,real,,50,0.8812,0.1131,,0.4785,0.6772,0.6055,80
N_tvla,N,2,tmpl,0.0,0.0,real,,70,0.8068,0.1148,,0.5195,0.7105,0.6307,80
N_tvla,N,2,tmpl,0.0,0.0,real,,100,0.7288,0.1201,,0.5535,0.7332,0.6493,80
N_tvla,N,2,tmpl,0.0,0.0,real,,150,0.6558,0.1163,,0.5880,0.7582,0.6735,80
N_tvla,N,2,tmpl,0.0,0.0,real,,200,0.6260,0.1221,,0.6120,0.7695,0.6858,80
N_tvla,N,2,tmpl,0.0,0.0,real,,231,0.6152,0.1219,,0.6182,0.7730,0.6900,80
N_tvla,N,2,tmpl,0.0,0.0,permuted,,1,1.4985,,0.0137,,,,20
N_tvla,N,2,tmpl,0.0,0.0,permuted,,2,1.4938,,0.0186,,,,20
N_tvla,N,2,tmpl,0.0,0.0,permuted,,3,1.4955,,0.0197,,,,20
N_tvla,N,2,tmpl,0.0,0.0,permuted,,5,1.4907,,0.0278,,,,20
N_tvla,N,2,tmpl,0.0,0.0,permuted,,7,1.4981,,0.0342,,,,20
N_tvla,N,2,tmpl,0.0,0.0,permuted,,10,1.4978,,0.0399,,,,20
N_tvla,N,2,tmpl,0.0,0.0,permuted,,15,1.4944,,0.0402,,,,20
N_tvla,N,2,tmpl,0.0,0.0,permuted,,20,1.4909,,0.0487,,,,20
N_tvla,N,2,tmpl,0.0,0.0,permuted,,30,1.4928,,0.0570,,,,20
N_tvla,N,2,tmpl,0.0,0.0,permuted,,50,1.4915,,0.0641,,,,20
N_tvla,N,2,tmpl,0.0,0.0,permuted,,70,1.4893,,0.0707,,,,20
N_tvla,N,2,tmpl,0.0,0.0,permuted,,100,1.4867,,0.0797,,,,20
N_tvla,N,2,tmpl,0.0,0.0,permuted,,150,1.4806,,0.0920,,,,20
N_tvla,N,2,tmpl,0.0,0.0,permuted,,200,1.4802,,0.0979,,,,20
N_tvla,N,2,tmpl,0.0,0.0,permuted,,231,1.4830,,0.1014,,,,20
N_tvla,N,2,tmpl_bits,0.0,0.0,real,,1,1.4117,0.1219,,0.2782,0.5305,0.4998,80
N_tvla,N,2,tmpl_bits,0.0,0.0,real,,2,1.3502,0.1130,,0.3008,0.5455,0.5177,80
N_tvla,N,2,tmpl_bits,0.0,0.0,real,,3,1.3013,0.1164,,0.3160,0.5483,0.5190,80
N_tvla,N,2,tmpl_bits,0.0,0.0,real,,5,1.2355,0.1178,,0.3350,0.5633,0.5228,80
N_tvla,N,2,tmpl_bits,0.0,0.0,real,,7,1.1770,0.1108,,0.3655,0.5858,0.5348,80
N_tvla,N,2,tmpl_bits,0.0,0.0,real,,10,1.1185,0.1227,,0.3915,0.6075,0.5427,80
N_tvla,N,2,tmpl_bits,0.0,0.0,real,,15,1.0510,0.1236,,0.4190,0.6187,0.5615,80
N_tvla,N,2,tmpl_bits,0.0,0.0,real,,20,0.9658,0.1218,,0.4508,0.6355,0.5775,80
N_tvla,N,2,tmpl_bits,0.0,0.0,real,,30,0.8563,0.1094,,0.4997,0.6707,0.6022,80
N_tvla,N,2,tmpl_bits,0.0,0.0,real,,50,0.7367,0.1190,,0.5515,0.7032,0.6387,80
N_tvla,N,2,tmpl_bits,0.0,0.0,real,,70,0.6577,0.1178,,0.5970,0.7265,0.6715,80
N_tvla,N,2,tmpl_bits,0.0,0.0,real,,100,0.5550,0.1180,,0.6500,0.7595,0.7097,80
N_tvla,N,2,tmpl_bits,0.0,0.0,real,,150,0.4560,0.1115,,0.6972,0.7897,0.7442,80
N_tvla,N,2,tmpl_bits,0.0,0.0,real,,200,0.3970,0.1101,,0.7292,0.8063,0.7720,80
N_tvla,N,2,tmpl_bits,0.0,0.0,real,,231,0.3817,0.1151,,0.7370,0.8107,0.7782,80
N_tvla,N,2,tmpl_bits,0.0,0.0,permuted,,1,1.5005,,0.0159,,,,20
N_tvla,N,2,tmpl_bits,0.0,0.0,permuted,,2,1.4951,,0.0174,,,,20
N_tvla,N,2,tmpl_bits,0.0,0.0,permuted,,3,1.4982,,0.0194,,,,20
N_tvla,N,2,tmpl_bits,0.0,0.0,permuted,,5,1.5013,,0.0208,,,,20
N_tvla,N,2,tmpl_bits,0.0,0.0,permuted,,7,1.5036,,0.0265,,,,20
N_tvla,N,2,tmpl_bits,0.0,0.0,permuted,,10,1.5043,,0.0259,,,,20
N_tvla,N,2,tmpl_bits,0.0,0.0,permuted,,15,1.4989,,0.0308,,,,20
N_tvla,N,2,tmpl_bits,0.0,0.0,permuted,,20,1.4983,,0.0353,,,,20
N_tvla,N,2,tmpl_bits,0.0,0.0,permuted,,30,1.4969,,0.0435,,,,20
N_tvla,N,2,tmpl_bits,0.0,0.0,permuted,,50,1.4997,,0.0416,,,,20
N_tvla,N,2,tmpl_bits,0.0,0.0,permuted,,70,1.5046,,0.0487,,,,20
N_tvla,N,2,tmpl_bits,0.0,0.0,permuted,,100,1.5017,,0.0557,,,,20
N_tvla,N,2,tmpl_bits,0.0,0.0,permuted,,150,1.5065,,0.0617,,,,20
N_tvla,N,2,tmpl_bits,0.0,0.0,permuted,,200,1.5059,,0.0680,,,,20
N_tvla,N,2,tmpl_bits,0.0,0.0,permuted,,231,1.5083,,0.0701,,,,20
N_tvla,N,2,corr,0.0,0.0,real,,1,1.5000,0.0000,,0.2500,0.5000,0.5000,80
N_tvla,N,2,corr,0.0,0.0,real,,2,1.4148,0.0221,,0.2815,0.5240,0.5187,80
N_tvla,N,2,corr,0.0,0.0,real,,3,1.3686,0.0319,,0.2978,0.5312,0.5147,80
N_tvla,N,2,corr,0.0,0.0,real,,5,1.3209,0.0469,,0.3216,0.5520,0.5317,80
N_tvla,N,2,corr,0.0,0.0,real,,7,1.2520,0.0545,,0.3440,0.5687,0.5425,80
N_tvla,N,2,corr,0.0,0.0,real,,10,1.2345,0.0636,,0.3480,0.5742,0.5300,80
N_tvla,N,2,corr,0.0,0.0,real,,15,1.1890,0.0761,,0.3663,0.5863,0.5385,80
N_tvla,N,2,corr,0.0,0.0,real,,20,1.1328,0.0910,,0.3830,0.6010,0.5407,80
N_tvla,N,2,corr,0.0,0.0,real,,30,1.0547,0.0967,,0.4128,0.6283,0.5482,80
N_tvla,N,2,corr,0.0,0.0,real,,50,0.9367,0.1091,,0.4657,0.6695,0.5777,80
N_tvla,N,2,corr,0.0,0.0,real,,70,0.8547,0.1264,,0.4970,0.6908,0.5952,80
N_tvla,N,2,corr,0.0,0.0,real,,100,0.7605,0.1428,,0.5368,0.7280,0.6213,80
N_tvla,N,2,corr,0.0,0.0,real,,150,0.6748,0.1653,,0.5775,0.7462,0.6555,80
N_tvla,N,2,corr,0.0,0.0,real,,200,0.6135,0.1893,,0.6200,0.7680,0.6920,80
N_tvla,N,2,corr,0.0,0.0,real,,231,0.5802,0.1914,,0.6293,0.7755,0.7030,80
N_tvla,N,2,corr,0.0,0.0,permuted,,1,1.5000,,0.0000,,,,20
N_tvla,N,2,corr,0.0,0.0,permuted,,2,1.5033,,0.0155,,,,20
N_tvla,N,2,corr,0.0,0.0,permuted,,3,1.5041,,0.0196,,,,20
N_tvla,N,2,corr,0.0,0.0,permuted,,5,1.5079,,0.0244,,,,20
N_tvla,N,2,corr,0.0,0.0,permuted,,7,1.5080,,0.0255,,,,20
N_tvla,N,2,corr,0.0,0.0,permuted,,10,1.5059,,0.0319,,,,20
N_tvla,N,2,corr,0.0,0.0,permuted,,15,1.5057,,0.0347,,,,20
N_tvla,N,2,corr,0.0,0.0,permuted,,20,1.5086,,0.0358,,,,20
N_tvla,N,2,corr,0.0,0.0,permuted,,30,1.5124,,0.0462,,,,20
N_tvla,N,2,corr,0.0,0.0,permuted,,50,1.5153,,0.0588,,,,20
N_tvla,N,2,corr,0.0,0.0,permuted,,70,1.5160,,0.0696,,,,20
N_tvla,N,2,corr,0.0,0.0,permuted,,100,1.5214,,0.0778,,,,20
N_tvla,N,2,corr,0.0,0.0,permuted,,150,1.5260,,0.0884,,,,20
N_tvla,N,2,corr,0.0,0.0,permuted,,200,1.5368,,0.1033,,,,20
N_tvla,N,2,corr,0.0,0.0,permuted,,231,1.5402,,0.1105,,,,20
N_tvla,N,2,tmpl,0.5,170.661,real,,1,1.4893,0.0601,,0.2510,0.5137,0.4982,80
N_tvla,N,2,tmpl,0.5,170.661,real,,2,1.4900,0.0594,,0.2477,0.5180,0.4983,80
N_tvla,N,2,tmpl,0.5,170.661,real,,3,1.4925,0.0535,,0.2472,0.5210,0.4902,80
N_tvla,N,2,tmpl,0.5,170.661,real,,5,1.4675,0.0513,,0.2558,0.5262,0.4965,80
N_tvla,N,2,tmpl,0.5,170.661,real,,7,1.4642,0.0492,,0.2592,0.5268,0.4990,80
N_tvla,N,2,tmpl,0.5,170.661,real,,10,1.4643,0.0439,,0.2587,0.5345,0.4950,80
N_tvla,N,2,tmpl,0.5,170.661,real,,15,1.4305,0.0490,,0.2685,0.5405,0.4997,80
N_tvla,N,2,tmpl,0.5,170.661,real,,20,1.4032,0.0467,,0.2752,0.5515,0.5067,80
N_tvla,N,2,tmpl,0.5,170.661,real,,30,1.3755,0.0524,,0.2855,0.5680,0.5145,80
N_tvla,N,2,tmpl,0.5,170.661,real,,50,1.3540,0.0632,,0.2935,0.5812,0.5080,80
N_tvla,N,2,tmpl,0.5,170.661,real,,70,1.3395,0.0777,,0.3050,0.6000,0.5232,80
N_tvla,N,2,tmpl,0.5,170.661,real,,100,1.3050,0.0855,,0.3190,0.6178,0.5328,80
N_tvla,N,2,tmpl,0.5,170.661,real,,150,1.2748,0.1017,,0.3195,0.6392,0.5210,80
N_tvla,N,2,tmpl,0.5,170.661,real,,200,1.2465,0.1085,,0.3355,0.6605,0.5330,80
N_tvla,N,2,tmpl,0.5,170.661,real,,231,1.2340,0.1250,,0.3388,0.6740,0.5288,80
N_tvla,N,2,tmpl,0.5,170.661,permuted,,1,1.4977,,0.0207,,,,5
N_tvla,N,2,tmpl,0.5,170.661,permuted,,2,1.4931,,0.0196,,,,5
N_tvla,N,2,tmpl,0.5,170.661,permuted,,3,1.4943,,0.0177,,,,5
N_tvla,N,2,tmpl,0.5,170.661,permuted,,5,1.5026,,0.0211,,,,5
N_tvla,N,2,tmpl,0.5,170.661,permuted,,7,1.4994,,0.0247,,,,5
N_tvla,N,2,tmpl,0.5,170.661,permuted,,10,1.5032,,0.0270,,,,5
N_tvla,N,2,tmpl,0.5,170.661,permuted,,15,1.5051,,0.0353,,,,5
N_tvla,N,2,tmpl,0.5,170.661,permuted,,20,1.5025,,0.0336,,,,5
N_tvla,N,2,tmpl,0.5,170.661,permuted,,30,1.5147,,0.0385,,,,5
N_tvla,N,2,tmpl,0.5,170.661,permuted,,50,1.5258,,0.0378,,,,5
N_tvla,N,2,tmpl,0.5,170.661,permuted,,70,1.5315,,0.0331,,,,5
N_tvla,N,2,tmpl,0.5,170.661,permuted,,100,1.5358,,0.0415,,,,5
N_tvla,N,2,tmpl,0.5,170.661,permuted,,150,1.5356,,0.0424,,,,5
N_tvla,N,2,tmpl,0.5,170.661,permuted,,200,1.5441,,0.0486,,,,5
N_tvla,N,2,tmpl,0.5,170.661,permuted,,231,1.5499,,0.0515,,,,5
N_tvla,N,2,tmpl_bits,0.5,170.661,real,,1,1.4803,0.0407,,0.2593,0.5062,0.5075,80
N_tvla,N,2,tmpl_bits,0.5,170.661,real,,2,1.4692,0.0286,,0.2547,0.5170,0.4975,80
N_tvla,N,2,tmpl_bits,0.5,170.661,real,,3,1.4975,0.0334,,0.2490,0.5067,0.4915,80
N_tvla,N,2,tmpl_bits,0.5,170.661,real,,5,1.5090,0.0302,,0.2480,0.5058,0.4940,80
N_tvla,N,2,tmpl_bits,0.5,170.661,real,,7,1.4845,0.0290,,0.2585,0.5182,0.4925,80
N_tvla,N,2,tmpl_bits,0.5,170.661,real,,10,1.4785,0.0322,,0.2553,0.5170,0.4878,80
N_tvla,N,2,tmpl_bits,0.5,170.661,real,,15,1.4500,0.0309,,0.2642,0.5260,0.4888,80
N_tvla,N,2,tmpl_bits,0.5,170.661,real,,20,1.4452,0.0283,,0.2688,0.5315,0.4888,80
N_tvla,N,2,tmpl_bits,0.5,170.661,real,,30,1.4060,0.0397,,0.2770,0.5442,0.4968,80
N_tvla,N,2,tmpl_bits,0.5,170.661,real,,50,1.3752,0.0494,,0.2933,0.5590,0.5037,80
N_tvla,N,2,tmpl_bits,0.5,170.661,real,,70,1.3245,0.0569,,0.3080,0.5707,0.5160,80
N_tvla,N,2,tmpl_bits,0.5,170.661,real,,100,1.2935,0.0717,,0.3247,0.5897,0.5258,80
N_tvla,N,2,tmpl_bits,0.5,170.661,real,,150,1.2630,0.0856,,0.3298,0.5935,0.5410,80
N_tvla,N,2,tmpl_bits,0.5,170.661,real,,200,1.2150,0.0953,,0.3423,0.5935,0.5570,80
N_tvla,N,2,tmpl_bits,0.5,170.661,real,,231,1.1822,0.1009,,0.3437,0.5972,0.5588,80
N_tvla,N,2,tmpl_bits,0.5,170.661,permuted,,1,1.4960,,0.0208,,,,5
N_tvla,N,2,tmpl_bits,0.5,170.661,permuted,,2,1.4915,,0.0086,,,,5
N_tvla,N,2,tmpl_bits,0.5,170.661,permuted,,3,1.4838,,0.0207,,,,5
N_tvla,N,2,tmpl_bits,0.5,170.661,permuted,,5,1.4936,,0.0206,,,,5
N_tvla,N,2,tmpl_bits,0.5,170.661,permuted,,7,1.4888,,0.0201,,,,5
N_tvla,N,2,tmpl_bits,0.5,170.661,permuted,,10,1.4971,,0.0204,,,,5
N_tvla,N,2,tmpl_bits,0.5,170.661,permuted,,15,1.4967,,0.0354,,,,5
N_tvla,N,2,tmpl_bits,0.5,170.661,permuted,,20,1.4889,,0.0391,,,,5
N_tvla,N,2,tmpl_bits,0.5,170.661,permuted,,30,1.4936,,0.0422,,,,5
N_tvla,N,2,tmpl_bits,0.5,170.661,permuted,,50,1.4933,,0.0509,,,,5
N_tvla,N,2,tmpl_bits,0.5,170.661,permuted,,70,1.4956,,0.0593,,,,5
N_tvla,N,2,tmpl_bits,0.5,170.661,permuted,,100,1.4869,,0.0567,,,,5
N_tvla,N,2,tmpl_bits,0.5,170.661,permuted,,150,1.4932,,0.0686,,,,5
N_tvla,N,2,tmpl_bits,0.5,170.661,permuted,,200,1.4950,,0.0762,,,,5
N_tvla,N,2,tmpl_bits,0.5,170.661,permuted,,231,1.4956,,0.0831,,,,5
N_tvla,N,2,corr,0.5,170.661,real,,1,1.5000,0.0000,,0.2500,0.5000,0.5000,80
N_tvla,N,2,corr,0.5,170.661,real,,2,1.4845,0.0193,,0.2609,0.5208,0.5025,80
N_tvla,N,2,corr,0.5,170.661,real,,3,1.5060,0.0209,,0.2509,0.5134,0.4970,80
N_tvla,N,2,corr,0.5,170.661,real,,5,1.5275,0.0302,,0.2455,0.5056,0.4968,80
N_tvla,N,2,corr,0.5,170.661,real,,7,1.5192,0.0298,,0.2460,0.5125,0.4868,80
N_tvla,N,2,corr,0.5,170.661,real,,10,1.5140,0.0317,,0.2587,0.5268,0.4908,80
N_tvla,N,2,corr,0.5,170.661,real,,15,1.4945,0.0414,,0.2570,0.5240,0.4898,80
N_tvla,N,2,corr,0.5,170.661,real,,20,1.4743,0.0437,,0.2718,0.5373,0.4982,80
N_tvla,N,2,corr,0.5,170.661,real,,30,1.4708,0.0562,,0.2713,0.5353,0.4980,80
N_tvla,N,2,corr,0.5,170.661,real,,50,1.4800,0.0712,,0.2620,0.5308,0.4805,80
N_tvla,N,2,corr,0.5,170.661,real,,70,1.4627,0.0800,,0.2735,0.5415,0.4915,80
N_tvla,N,2,corr,0.5,170.661,real,,100,1.4570,0.1045,,0.2752,0.5510,0.4933,80
N_tvla,N,2,corr,0.5,170.661,real,,150,1.4335,0.1354,,0.2802,0.5622,0.4958,80
N_tvla,N,2,corr,0.5,170.661,real,,200,1.4070,0.1578,,0.3050,0.5883,0.5180,80
N_tvla,N,2,corr,0.5,170.661,real,,231,1.4020,0.1812,,0.3035,0.5975,0.5157,80
N_tvla,N,2,corr,0.5,170.661,permuted,,1,1.5000,,0.0000,,,,5
N_tvla,N,2,corr,0.5,170.661,permuted,,2,1.5012,,0.0077,,,,5
N_tvla,N,2,corr,0.5,170.661,permuted,,3,1.5011,,0.0102,,,,5
N_tvla,N,2,corr,0.5,170.661,permuted,,5,1.5141,,0.0226,,,,5
N_tvla,N,2,corr,0.5,170.661,permuted,,7,1.5043,,0.0260,,,,5
N_tvla,N,2,corr,0.5,170.661,permuted,,10,1.5066,,0.0194,,,,5
N_tvla,N,2,corr,0.5,170.661,permuted,,15,1.5092,,0.0299,,,,5
N_tvla,N,2,corr,0.5,170.661,permuted,,20,1.5127,,0.0225,,,,5
N_tvla,N,2,corr,0.5,170.661,permuted,,30,1.5115,,0.0340,,,,5
N_tvla,N,2,corr,0.5,170.661,permuted,,50,1.5162,,0.0390,,,,5
N_tvla,N,2,corr,0.5,170.661,permuted,,70,1.5156,,0.0486,,,,5
N_tvla,N,2,corr,0.5,170.661,permuted,,100,1.5279,,0.0525,,,,5
N_tvla,N,2,corr,0.5,170.661,permuted,,150,1.5236,,0.0616,,,,5
N_tvla,N,2,corr,0.5,170.661,permuted,,200,1.5186,,0.0632,,,,5
N_tvla,N,2,corr,0.5,170.661,permuted,,231,1.5285,,0.0628,,,,5
N_tvla,N,2,tmpl,1.0,341.323,real,,1,1.4933,0.0312,,0.2395,0.4890,0.4955,80
N_tvla,N,2,tmpl,1.0,341.323,real,,2,1.4767,0.0259,,0.2507,0.4960,0.5062,80
N_tvla,N,2,tmpl,1.0,341.323,real,,3,1.4912,0.0329,,0.2423,0.4837,0.4977,80
N_tvla,N,2,tmpl,1.0,341.323,real,,5,1.5017,0.0307,,0.2440,0.4963,0.4995,80
N_tvla,N,2,tmpl,1.0,341.323,real,,7,1.4958,0.0349,,0.2480,0.4950,0.4940,80
N_tvla,N,2,tmpl,1.0,341.323,real,,10,1.4985,0.0446,,0.2452,0.4950,0.4898,80
N_tvla,N,2,tmpl,1.0,341.323,real,,15,1.5225,0.0509,,0.2465,0.4875,0.4888,80
N_tvla,N,2,tmpl,1.0,341.323,real,,20,1.5072,0.0494,,0.2537,0.4970,0.4968,80
N_tvla,N,2,tmpl,1.0,341.323,real,,30,1.5270,0.0559,,0.2475,0.4945,0.4893,80
N_tvla,N,2,tmpl,1.0,341.323,real,,50,1.5118,0.0610,,0.2582,0.5043,0.4928,80
N_tvla,N,2,tmpl,1.0,341.323,real,,70,1.4973,0.0693,,0.2652,0.5103,0.4945,80
N_tvla,N,2,tmpl,1.0,341.323,real,,100,1.4825,0.0802,,0.2745,0.5117,0.4965,80
N_tvla,N,2,tmpl,1.0,341.323,real,,150,1.4980,0.0882,,0.2705,0.5065,0.4972,80
N_tvla,N,2,tmpl,1.0,341.323,real,,200,1.4850,0.0962,,0.2905,0.5208,0.5098,80
N_tvla,N,2,tmpl,1.0,341.323,real,,231,1.4915,0.0985,,0.2940,0.5245,0.5057,80
N_tvla,N,2,tmpl,1.0,341.323,permuted,,1,1.4987,,0.0124,,,,5
N_tvla,N,2,tmpl,1.0,341.323,permuted,,2,1.4912,,0.0234,,,,5
N_tvla,N,2,tmpl,1.0,341.323,permuted,,3,1.4914,,0.0172,,,,5
N_tvla,N,2,tmpl,1.0,341.323,permuted,,5,1.4902,,0.0229,,,,5
N_tvla,N,2,tmpl,1.0,341.323,permuted,,7,1.4903,,0.0210,,,,5
N_tvla,N,2,tmpl,1.0,341.323,permuted,,10,1.4869,,0.0208,,,,5
N_tvla,N,2,tmpl,1.0,341.323,permuted,,15,1.4886,,0.0258,,,,5
N_tvla,N,2,tmpl,1.0,341.323,permuted,,20,1.4732,,0.0291,,,,5
N_tvla,N,2,tmpl,1.0,341.323,permuted,,30,1.4689,,0.0392,,,,5
N_tvla,N,2,tmpl,1.0,341.323,permuted,,50,1.4714,,0.0392,,,,5
N_tvla,N,2,tmpl,1.0,341.323,permuted,,70,1.4705,,0.0475,,,,5
N_tvla,N,2,tmpl,1.0,341.323,permuted,,100,1.4537,,0.0557,,,,5
N_tvla,N,2,tmpl,1.0,341.323,permuted,,150,1.4426,,0.0738,,,,5
N_tvla,N,2,tmpl,1.0,341.323,permuted,,200,1.4416,,0.0730,,,,5
N_tvla,N,2,tmpl,1.0,341.323,permuted,,231,1.4357,,0.0822,,,,5
N_tvla,N,2,tmpl_bits,1.0,341.323,real,,1,1.4778,0.0327,,0.2455,0.4885,0.4980,80
N_tvla,N,2,tmpl_bits,1.0,341.323,real,,2,1.4760,0.0293,,0.2565,0.4985,0.5080,80
N_tvla,N,2,tmpl_bits,1.0,341.323,real,,3,1.4975,0.0301,,0.2435,0.4880,0.5018,80
N_tvla,N,2,tmpl_bits,1.0,341.323,real,,5,1.4975,0.0391,,0.2505,0.4945,0.5043,80
N_tvla,N,2,tmpl_bits,1.0,341.323,real,,7,1.5000,0.0494,,0.2525,0.4950,0.5070,80
N_tvla,N,2,tmpl_bits,1.0,341.323,real,,10,1.5020,0.0488,,0.2473,0.4950,0.5047,80
N_tvla,N,2,tmpl_bits,1.0,341.323,real,,15,1.5060,0.0612,,0.2538,0.4935,0.5063,80
N_tvla,N,2,tmpl_bits,1.0,341.323,real,,20,1.4873,0.0622,,0.2635,0.5018,0.5117,80
N_tvla,N,2,tmpl_bits,1.0,341.323,real,,30,1.4707,0.0726,,0.2712,0.5105,0.5120,80
N_tvla,N,2,tmpl_bits,1.0,341.323,real,,50,1.4595,0.0850,,0.2695,0.5108,0.5090,80
N_tvla,N,2,tmpl_bits,1.0,341.323,real,,70,1.4327,0.1006,,0.2767,0.5225,0.5060,80
N_tvla,N,2,tmpl_bits,1.0,341.323,real,,100,1.4250,0.1200,,0.2865,0.5235,0.5130,80
N_tvla,N,2,tmpl_bits,1.0,341.323,real,,150,1.4418,0.1311,,0.2812,0.5172,0.5050,80
N_tvla,N,2,tmpl_bits,1.0,341.323,real,,200,1.4515,0.1433,,0.2885,0.5310,0.4985,80
N_tvla,N,2,tmpl_bits,1.0,341.323,real,,231,1.4657,0.1471,,0.2860,0.5290,0.4865,80
N_tvla,N,2,tmpl_bits,1.0,341.323,permuted,,1,1.5089,,0.0120,,,,5
N_tvla,N,2,tmpl_bits,1.0,341.323,permuted,,2,1.5062,,0.0119,,,,5
N_tvla,N,2,tmpl_bits,1.0,341.323,permuted,,3,1.4911,,0.0140,,,,5
N_tvla,N,2,tmpl_bits,1.0,341.323,permuted,,5,1.4857,,0.0096,,,,5
N_tvla,N,2,tmpl_bits,1.0,341.323,permuted,,7,1.4907,,0.0171,,,,5
N_tvla,N,2,tmpl_bits,1.0,341.323,permuted,,10,1.4892,,0.0109,,,,5
N_tvla,N,2,tmpl_bits,1.0,341.323,permuted,,15,1.4905,,0.0072,,,,5
N_tvla,N,2,tmpl_bits,1.0,341.323,permuted,,20,1.4885,,0.0106,,,,5
N_tvla,N,2,tmpl_bits,1.0,341.323,permuted,,30,1.4828,,0.0219,,,,5
N_tvla,N,2,tmpl_bits,1.0,341.323,permuted,,50,1.4687,,0.0099,,,,5
N_tvla,N,2,tmpl_bits,1.0,341.323,permuted,,70,1.4601,,0.0208,,,,5
N_tvla,N,2,tmpl_bits,1.0,341.323,permuted,,100,1.4593,,0.0271,,,,5
N_tvla,N,2,tmpl_bits,1.0,341.323,permuted,,150,1.4442,,0.0474,,,,5
N_tvla,N,2,tmpl_bits,1.0,341.323,permuted,,200,1.4457,,0.0577,,,,5
N_tvla,N,2,tmpl_bits,1.0,341.323,permuted,,231,1.4338,,0.0680,,,,5
N_tvla,N,2,corr,1.0,341.323,real,,1,1.5000,0.0000,,0.2500,0.5000,0.5000,80
N_tvla,N,2,corr,1.0,341.323,real,,2,1.5083,0.0147,,0.2472,0.4972,0.4927,80
N_tvla,N,2,corr,1.0,341.323,real,,3,1.5034,0.0239,,0.2382,0.4944,0.4853,80
N_tvla,N,2,corr,1.0,341.323,real,,5,1.4794,0.0308,,0.2597,0.5120,0.4939,80
N_tvla,N,2,corr,1.0,341.323,real,,7,1.5060,0.0399,,0.2538,0.5092,0.4914,80
N_tvla,N,2,corr,1.0,341.323,real,,10,1.5042,0.0418,,0.2522,0.5148,0.4898,80
N_tvla,N,2,corr,1.0,341.323,real,,15,1.5072,0.0380,,0.2595,0.5148,0.5047,80
N_tvla,N,2,corr,1.0,341.323,real,,20,1.4935,0.0478,,0.2612,0.5143,0.5072,80
N_tvla,N,2,corr,1.0,341.323,real,,30,1.5080,0.0598,,0.2528,0.5047,0.4948,80
N_tvla,N,2,corr,1.0,341.323,real,,50,1.4980,0.0722,,0.2542,0.5030,0.4975,80
N_tvla,N,2,corr,1.0,341.323,real,,70,1.5130,0.0868,,0.2405,0.4985,0.4895,80
N_tvla,N,2,corr,1.0,341.323,real,,100,1.5008,0.1076,,0.2490,0.5023,0.4955,80
N_tvla,N,2,corr,1.0,341.323,real,,150,1.4997,0.1313,,0.2512,0.5085,0.5085,80
N_tvla,N,2,corr,1.0,341.323,real,,200,1.5042,0.1393,,0.2473,0.5015,0.5003,80
N_tvla,N,2,corr,1.0,341.323,real,,231,1.4940,0.1503,,0.2410,0.5040,0.4835,80
N_tvla,N,2,corr,1.0,341.323,permuted,,1,1.5000,,0.0000,,,,5
N_tvla,N,2,corr,1.0,341.323,permuted,,2,1.4904,,0.0236,,,,5
N_tvla,N,2,corr,1.0,341.323,permuted,,3,1.4897,,0.0154,,,,5
N_tvla,N,2,corr,1.0,341.323,permuted,,5,1.4788,,0.0274,,,,5
N_tvla,N,2,corr,1.0,341.323,permuted,,7,1.4832,,0.0256,,,,5
N_tvla,N,2,corr,1.0,341.323,permuted,,10,1.4835,,0.0345,,,,5
N_tvla,N,2,corr,1.0,341.323,permuted,,15,1.4770,,0.0308,,,,5
N_tvla,N,2,corr,1.0,341.323,permuted,,20,1.4713,,0.0269,,,,5
N_tvla,N,2,corr,1.0,341.323,permuted,,30,1.4711,,0.0352,,,,5
N_tvla,N,2,corr,1.0,341.323,permuted,,50,1.4621,,0.0447,,,,5
N_tvla,N,2,corr,1.0,341.323,permuted,,70,1.4442,,0.0603,,,,5
N_tvla,N,2,corr,1.0,341.323,permuted,,100,1.4334,,0.0833,,,,5
N_tvla,N,2,corr,1.0,341.323,permuted,,150,1.4133,,0.1004,,,,5
N_tvla,N,2,corr,1.0,341.323,permuted,,200,1.4094,,0.1121,,,,5
N_tvla,N,2,corr,1.0,341.323,permuted,,231,1.3893,,0.1206,,,,5
N_pooled,N,1,tmpl,0.0,0.0,real,,1,1.4062,0.0302,,0.2833,0.5477,0.5112,80
N_pooled,N,1,tmpl,0.0,0.0,real,,2,1.3487,0.0374,,0.2950,0.5705,0.5210,80
N_pooled,N,1,tmpl,0.0,0.0,real,,3,1.3195,0.0421,,0.2970,0.5778,0.5125,80
N_pooled,N,1,tmpl,0.0,0.0,real,,5,1.2517,0.0351,,0.3212,0.6115,0.5207,80
N_pooled,N,1,tmpl,0.0,0.0,real,,7,1.2225,0.0368,,0.3307,0.6335,0.5170,80
N_pooled,N,1,tmpl,0.0,0.0,real,,10,1.1508,0.0292,,0.3500,0.6700,0.5130,80
N_pooled,N,1,tmpl,0.0,0.0,real,,15,1.1065,0.0391,,0.3545,0.6875,0.5175,80
N_pooled,N,1,tmpl,0.0,0.0,real,,20,1.0493,0.0295,,0.3735,0.7127,0.5238,80
N_pooled,N,1,tmpl,0.0,0.0,real,,30,0.9825,0.0374,,0.3870,0.7480,0.5177,80
N_pooled,N,1,tmpl,0.0,0.0,real,,50,0.8617,0.0447,,0.4253,0.8143,0.5235,80
N_pooled,N,1,tmpl,0.0,0.0,real,,70,0.7800,0.0489,,0.4425,0.8503,0.5225,80
N_pooled,N,1,tmpl,0.0,0.0,real,,100,0.6862,0.0528,,0.4790,0.8882,0.5450,80
N_pooled,N,1,tmpl,0.0,0.0,real,,150,0.5970,0.0550,,0.5115,0.9220,0.5595,80
N_pooled,N,1,tmpl,0.0,0.0,real,,200,0.5585,0.0589,,0.5200,0.9445,0.5622,80
N_pooled,N,1,tmpl,0.0,0.0,real,,300,0.4945,0.0531,,0.5458,0.9685,0.5703,80
N_pooled,N,1,tmpl,0.0,0.0,real,,500,0.4345,0.0666,,0.5815,0.9863,0.5927,80
N_pooled,N,1,tmpl,0.0,0.0,real,,700,0.3957,0.0706,,0.6108,0.9920,0.6163,80
N_pooled,N,1,tmpl,0.0,0.0,real,,765,0.3770,0.0758,,0.6250,0.9980,0.6260,80
N_pooled,N,1,tmpl,0.0,0.0,permuted,,1,1.5034,,0.0181,,,,20
N_pooled,N,1,tmpl,0.0,0.0,permuted,,2,1.4979,,0.0148,,,,20
N_pooled,N,1,tmpl,0.0,0.0,permuted,,3,1.5004,,0.0181,,,,20
N_pooled,N,1,tmpl,0.0,0.0,permuted,,5,1.4956,,0.0201,,,,20
N_pooled,N,1,tmpl,0.0,0.0,permuted,,7,1.4953,,0.0187,,,,20
N_pooled,N,1,tmpl,0.0,0.0,permuted,,10,1.4983,,0.0291,,,,20
N_pooled,N,1,tmpl,0.0,0.0,permuted,,15,1.4945,,0.0311,,,,20
N_pooled,N,1,tmpl,0.0,0.0,permuted,,20,1.4940,,0.0305,,,,20
N_pooled,N,1,tmpl,0.0,0.0,permuted,,30,1.4952,,0.0315,,,,20
N_pooled,N,1,tmpl,0.0,0.0,permuted,,50,1.4924,,0.0349,,,,20
N_pooled,N,1,tmpl,0.0,0.0,permuted,,70,1.4936,,0.0414,,,,20
N_pooled,N,1,tmpl,0.0,0.0,permuted,,100,1.4917,,0.0479,,,,20
N_pooled,N,1,tmpl,0.0,0.0,permuted,,150,1.4905,,0.0509,,,,20
N_pooled,N,1,tmpl,0.0,0.0,permuted,,200,1.4927,,0.0512,,,,20
N_pooled,N,1,tmpl,0.0,0.0,permuted,,300,1.4937,,0.0547,,,,20
N_pooled,N,1,tmpl,0.0,0.0,permuted,,500,1.4967,,0.0649,,,,20
N_pooled,N,1,tmpl,0.0,0.0,permuted,,700,1.4980,,0.0738,,,,20
N_pooled,N,1,tmpl,0.0,0.0,permuted,,765,1.4942,,0.0784,,,,20
N_pooled,N,1,tmpl_bits,0.0,0.0,real,,1,1.3980,0.0911,,0.2780,0.5390,0.5075,80
N_pooled,N,1,tmpl_bits,0.0,0.0,real,,2,1.3208,0.0942,,0.3032,0.5717,0.5168,80
N_pooled,N,1,tmpl_bits,0.0,0.0,real,,3,1.2887,0.0940,,0.3165,0.5830,0.5213,80
N_pooled,N,1,tmpl_bits,0.0,0.0,real,,5,1.2025,0.0897,,0.3455,0.6100,0.5248,80
N_pooled,N,1,tmpl_bits,0.0,0.0,real,,7,1.1522,0.0808,,0.3548,0.6287,0.5177,80
N_pooled,N,1,tmpl_bits,0.0,0.0,real,,10,1.0620,0.0783,,0.3872,0.6613,0.5265,80
N_pooled,N,1,tmpl_bits,0.0,0.0,real,,15,0.9682,0.0797,,0.4253,0.6877,0.5450,80
N_pooled,N,1,tmpl_bits,0.0,0.0,real,,20,0.8848,0.0722,,0.4578,0.7113,0.5615,80
N_pooled,N,1,tmpl_bits,0.0,0.0,real,,30,0.7772,0.0764,,0.5080,0.7500,0.5873,80
N_pooled,N,1,tmpl_bits,0.0,0.0,real,,50,0.6105,0.0776,,0.5883,0.8088,0.6427,80
N_pooled,N,1,tmpl_bits,0.0,0.0,real,,70,0.5025,0.0797,,0.6460,0.8512,0.6815,80
N_pooled,N,1,tmpl_bits,0.0,0.0,real,,100,0.3982,0.0783,,0.7082,0.8865,0.7312,80
N_pooled,N,1,tmpl_bits,0.0,0.0,real,,150,0.2920,0.0682,,0.7713,0.9262,0.7838,80
N_pooled,N,1,tmpl_bits,0.0,0.0,real,,200,0.2310,0.0597,,0.8118,0.9522,0.8220,80
N_pooled,N,1,tmpl_bits,0.0,0.0,real,,300,0.1565,0.0493,,0.8655,0.9770,0.8687,80
N_pooled,N,1,tmpl_bits,0.0,0.0,real,,500,0.0937,0.0351,,0.9100,0.9923,0.9108,80
N_pooled,N,1,tmpl_bits,0.0,0.0,real,,700,0.0682,0.0286,,0.9320,0.9960,0.9320,80
N_pooled,N,1,tmpl_bits,0.0,0.0,real,,765,0.0655,0.0270,,0.9345,0.9980,0.9345,80
N_pooled,N,1,tmpl_bits,0.0,0.0,permuted,,1,1.5039,,0.0121,,,,20
N_pooled,N,1,tmpl_bits,0.0,0.0,permuted,,2,1.5013,,0.0169,,,,20
N_pooled,N,1,tmpl_bits,0.0,0.0,permuted,,3,1.4996,,0.0161,,,,20
N_pooled,N,1,tmpl_bits,0.0,0.0,permuted,,5,1.4987,,0.0182,,,,20
N_pooled,N,1,tmpl_bits,0.0,0.0,permuted,,7,1.4961,,0.0195,,,,20
N_pooled,N,1,tmpl_bits,0.0,0.0,permuted,,10,1.5005,,0.0236,,,,20
N_pooled,N,1,tmpl_bits,0.0,0.0,permuted,,15,1.4969,,0.0238,,,,20
N_pooled,N,1,tmpl_bits,0.0,0.0,permuted,,20,1.4975,,0.0243,,,,20
N_pooled,N,1,tmpl_bits,0.0,0.0,permuted,,30,1.4970,,0.0331,,,,20
N_pooled,N,1,tmpl_bits,0.0,0.0,permuted,,50,1.4978,,0.0404,,,,20
N_pooled,N,1,tmpl_bits,0.0,0.0,permuted,,70,1.4964,,0.0465,,,,20
N_pooled,N,1,tmpl_bits,0.0,0.0,permuted,,100,1.4953,,0.0489,,,,20
N_pooled,N,1,tmpl_bits,0.0,0.0,permuted,,150,1.4957,,0.0565,,,,20
N_pooled,N,1,tmpl_bits,0.0,0.0,permuted,,200,1.4925,,0.0614,,,,20
N_pooled,N,1,tmpl_bits,0.0,0.0,permuted,,300,1.4902,,0.0692,,,,20
N_pooled,N,1,tmpl_bits,0.0,0.0,permuted,,500,1.4833,,0.0751,,,,20
N_pooled,N,1,tmpl_bits,0.0,0.0,permuted,,700,1.4797,,0.0861,,,,20
N_pooled,N,1,tmpl_bits,0.0,0.0,permuted,,765,1.4756,,0.0915,,,,20
N_pooled,N,1,corr,0.0,0.0,real,,1,1.5000,0.0000,,0.2500,0.5000,0.5000,80
N_pooled,N,1,corr,0.0,0.0,real,,2,1.4704,0.0207,,0.2654,0.5079,0.5144,80
N_pooled,N,1,corr,0.0,0.0,real,,3,1.4859,0.0198,,0.2632,0.5054,0.5115,80
N_pooled,N,1,corr,0.0,0.0,real,,5,1.4860,0.0168,,0.2554,0.5058,0.5005,80
N_pooled,N,1,corr,0.0,0.0,real,,7,1.4794,0.0146,,0.2636,0.5101,0.5119,80
N_pooled,N,1,corr,0.0,0.0,real,,10,1.4573,0.0139,,0.2698,0.5088,0.5155,80
N_pooled,N,1,corr,0.0,0.0,real,,15,1.4487,0.0225,,0.2672,0.5125,0.5075,80
N_pooled,N,1,corr,0.0,0.0,real,,20,1.4532,0.0296,,0.2672,0.5198,0.5075,80
N_pooled,N,1,corr,0.0,0.0,real,,30,1.4575,0.0329,,0.2668,0.5155,0.5073,80
N_pooled,N,1,corr,0.0,0.0,real,,50,1.4238,0.0368,,0.2808,0.5327,0.5155,80
N_pooled,N,1,corr,0.0,0.0,real,,70,1.4017,0.0457,,0.2902,0.5340,0.5312,80
N_pooled,N,1,corr,0.0,0.0,real,,100,1.3805,0.0524,,0.2900,0.5360,0.5237,80
N_pooled,N,1,corr,0.0,0.0,real,,150,1.3470,0.0676,,0.3103,0.5487,0.5447,80
N_pooled,N,1,corr,0.0,0.0,real,,200,1.3245,0.0692,,0.3140,0.5590,0.5410,80
N_pooled,N,1,corr,0.0,0.0,real,,300,1.2665,0.0854,,0.3365,0.5885,0.5558,80
N_pooled,N,1,corr,0.0,0.0,real,,500,1.2260,0.1054,,0.3583,0.6132,0.5683,80
N_pooled,N,1,corr,0.0,0.0,real,,700,1.1832,0.1210,,0.3810,0.6415,0.5907,80
N_pooled,N,1,corr,0.0,0.0,real,,765,1.1660,0.1284,,0.3823,0.6485,0.5915,80
N_pooled,N,1,corr,0.0,0.0,permuted,,1,1.5000,,0.0000,,,,20
N_pooled,N,1,corr,0.0,0.0,permuted,,2,1.5024,,0.0167,,,,20
N_pooled,N,1,corr,0.0,0.0,permuted,,3,1.5034,,0.0180,,,,20
N_pooled,N,1,corr,0.0,0.0,permuted,,5,1.4992,,0.0186,,,,20
N_pooled,N,1,corr,0.0,0.0,permuted,,7,1.4982,,0.0170,,,,20
N_pooled,N,1,corr,0.0,0.0,permuted,,10,1.5040,,0.0232,,,,20
N_pooled,N,1,corr,0.0,0.0,permuted,,15,1.4987,,0.0243,,,,20
N_pooled,N,1,corr,0.0,0.0,permuted,,20,1.4995,,0.0226,,,,20
N_pooled,N,1,corr,0.0,0.0,permuted,,30,1.5017,,0.0298,,,,20
N_pooled,N,1,corr,0.0,0.0,permuted,,50,1.5056,,0.0322,,,,20
N_pooled,N,1,corr,0.0,0.0,permuted,,70,1.5071,,0.0375,,,,20
N_pooled,N,1,corr,0.0,0.0,permuted,,100,1.5117,,0.0446,,,,20
N_pooled,N,1,corr,0.0,0.0,permuted,,150,1.5166,,0.0520,,,,20
N_pooled,N,1,corr,0.0,0.0,permuted,,200,1.5123,,0.0581,,,,20
N_pooled,N,1,corr,0.0,0.0,permuted,,300,1.5158,,0.0637,,,,20
N_pooled,N,1,corr,0.0,0.0,permuted,,500,1.5210,,0.0765,,,,20
N_pooled,N,1,corr,0.0,0.0,permuted,,700,1.5233,,0.0888,,,,20
N_pooled,N,1,corr,0.0,0.0,permuted,,765,1.5198,,0.0912,,,,20
N_pooled,N,1,tmpl,0.5,170.661,real,,1,1.4387,0.0213,,0.2783,0.5382,0.5112,80
N_pooled,N,1,tmpl,0.5,170.661,real,,2,1.4435,0.0152,,0.2660,0.5345,0.4970,80
N_pooled,N,1,tmpl,0.5,170.661,real,,3,1.3940,0.0217,,0.2807,0.5490,0.5080,80
N_pooled,N,1,tmpl,0.5,170.661,real,,5,1.3490,0.0259,,0.2918,0.5705,0.5105,80
N_pooled,N,1,tmpl,0.5,170.661,real,,7,1.3310,0.0331,,0.2970,0.5928,0.5030,80
N_pooled,N,1,tmpl,0.5,170.661,real,,10,1.3118,0.0290,,0.3020,0.6042,0.4960,80
N_pooled,N,1,tmpl,0.5,170.661,real,,15,1.2798,0.0295,,0.3030,0.6112,0.4945,80
N_pooled,N,1,tmpl,0.5,170.661,real,,20,1.2702,0.0260,,0.3110,0.6230,0.4970,80
N_pooled,N,1,tmpl,0.5,170.661,real,,30,1.2218,0.0294,,0.3238,0.6440,0.5003,80
N_pooled,N,1,tmpl,0.5,170.661,real,,50,1.1638,0.0373,,0.3408,0.6808,0.4960,80
N_pooled,N,1,tmpl,0.5,170.661,real,,70,1.0970,0.0416,,0.3610,0.7063,0.5092,80
N_pooled,N,1,tmpl,0.5,170.661,real,,100,1.0595,0.0484,,0.3662,0.7338,0.4997,80
N_pooled,N,1,tmpl,0.5,170.661,real,,150,0.9842,0.0501,,0.3848,0.7692,0.4980,80
N_pooled,N,1,tmpl,0.5,170.661,real,,200,0.9375,0.0540,,0.3920,0.7950,0.4905,80
N_pooled,N,1,tmpl,0.5,170.661,real,,300,0.8345,0.0597,,0.4240,0.8405,0.5040,80
N_pooled,N,1,tmpl,0.5,170.661,real,,500,0.7573,0.0652,,0.4355,0.8935,0.4965,80
N_pooled,N,1,tmpl,0.5,170.661,real,,700,0.7105,0.0733,,0.4357,0.9092,0.4967,80
N_pooled,N,1,tmpl,0.5,170.661,real,,765,0.6922,0.0803,,0.4460,0.9130,0.5030,80
N_pooled,N,1,tmpl,0.5,170.661,permuted,,1,1.5182,,0.0148,,,,5
N_pooled,N,1,tmpl,0.5,170.661,permuted,,2,1.5135,,0.0189,,,,5
N_pooled,N,1,tmpl,0.5,170.661,permuted,,3,1.5084,,0.0258,,,,5
N_pooled,N,1,tmpl,0.5,170.661,permuted,,5,1.5099,,0.0321,,,,5
N_pooled,N,1,tmpl,0.5,170.661,permuted,,7,1.5138,,0.0329,,,,5
N_pooled,N,1,tmpl,0.5,170.661,permuted,,10,1.5082,,0.0284,,,,5
N_pooled,N,1,tmpl,0.5,170.661,permuted,,15,1.5137,,0.0304,,,,5
N_pooled,N,1,tmpl,0.5,170.661,permuted,,20,1.5178,,0.0215,,,,5
N_pooled,N,1,tmpl,0.5,170.661,permuted,,30,1.5122,,0.0306,,,,5
N_pooled,N,1,tmpl,0.5,170.661,permuted,,50,1.5089,,0.0413,,,,5
N_pooled,N,1,tmpl,0.5,170.661,permuted,,70,1.5098,,0.0458,,,,5
N_pooled,N,1,tmpl,0.5,170.661,permuted,,100,1.5034,,0.0550,,,,5
N_pooled,N,1,tmpl,0.5,170.661,permuted,,150,1.5150,,0.0663,,,,5
N_pooled,N,1,tmpl,0.5,170.661,permuted,,200,1.5113,,0.0690,,,,5
N_pooled,N,1,tmpl,0.5,170.661,permuted,,300,1.5137,,0.0856,,,,5
N_pooled,N,1,tmpl,0.5,170.661,permuted,,500,1.5166,,0.0955,,,,5
N_pooled,N,1,tmpl,0.5,170.661,permuted,,700,1.5292,,0.1039,,,,5
N_pooled,N,1,tmpl,0.5,170.661,permuted,,765,1.5357,,0.1055,,,,5
N_pooled,N,1,tmpl_bits,0.5,170.661,real,,1,1.4400,0.0157,,0.2707,0.5317,0.4970,80
N_pooled,N,1,tmpl_bits,0.5,170.661,real,,2,1.4447,0.0123,,0.2650,0.5212,0.4950,80
N_pooled,N,1,tmpl_bits,0.5,170.661,real,,3,1.3870,0.0187,,0.2848,0.5415,0.5047,80
N_pooled,N,1,tmpl_bits,0.5,170.661,real,,5,1.3855,0.0299,,0.2880,0.5633,0.5050,80
N_pooled,N,1,tmpl_bits,0.5,170.661,real,,7,1.3597,0.0315,,0.2878,0.5777,0.4975,80
N_pooled,N,1,tmpl_bits,0.5,170.661,real,,10,1.3315,0.0169,,0.3003,0.5853,0.5052,80
N_pooled,N,1,tmpl_bits,0.5,170.661,real,,15,1.3095,0.0309,,0.3055,0.5940,0.5095,80
N_pooled,N,1,tmpl_bits,0.5,170.661,real,,20,1.2983,0.0337,,0.3035,0.6150,0.4955,80
N_pooled,N,1,tmpl_bits,0.5,170.661,real,,30,1.2497,0.0353,,0.3252,0.6365,0.5095,80
N_pooled,N,1,tmpl_bits,0.5,170.661,real,,50,1.1793,0.0403,,0.3448,0.6725,0.5080,80
N_pooled,N,1,tmpl_bits,0.5,170.661,real,,70,1.1395,0.0553,,0.3598,0.6955,0.5110,80
N_pooled,N,1,tmpl_bits,0.5,170.661,real,,100,1.0845,0.0557,,0.3720,0.7202,0.5125,80
N_pooled,N,1,tmpl_bits,0.5,170.661,real,,150,1.0010,0.0567,,0.3958,0.7633,0.5155,80
N_pooled,N,1,tmpl_bits,0.5,170.661,real,,200,0.9475,0.0633,,0.4092,0.7907,0.5110,80
N_pooled,N,1,tmpl_bits,0.5,170.661,real,,300,0.8835,0.0781,,0.4223,0.8302,0.5110,80
N_pooled,N,1,tmpl_bits,0.5,170.661,real,,500,0.8012,0.0792,,0.4525,0.8705,0.5230,80
N_pooled,N,1,tmpl_bits,0.5,170.661,real,,700,0.7540,0.0841,,0.4675,0.9027,0.5312,80
N_pooled,N,1,tmpl_bits,0.5,170.661,real,,765,0.7312,0.0822,,0.4750,0.9135,0.5330,80
N_pooled,N,1,tmpl_bits,0.5,170.661,permuted,,1,1.5203,,0.0154,,,,5
N_pooled,N,1,tmpl_bits,0.5,170.661,permuted,,2,1.5126,,0.0268,,,,5
N_pooled,N,1,tmpl_bits,0.5,170.661,permuted,,3,1.5032,,0.0278,,,,5
N_pooled,N,1,tmpl_bits,0.5,170.661,permuted,,5,1.5067,,0.0244,,,,5
N_pooled,N,1,tmpl_bits,0.5,170.661,permuted,,7,1.5133,,0.0344,,,,5
N_pooled,N,1,tmpl_bits,0.5,170.661,permuted,,10,1.5154,,0.0203,,,,5
N_pooled,N,1,tmpl_bits,0.5,170.661,permuted,,15,1.5139,,0.0281,,,,5
N_pooled,N,1,tmpl_bits,0.5,170.661,permuted,,20,1.5157,,0.0229,,,,5
N_pooled,N,1,tmpl_bits,0.5,170.661,permuted,,30,1.5199,,0.0251,,,,5
N_pooled,N,1,tmpl_bits,0.5,170.661,permuted,,50,1.5239,,0.0304,,,,5
N_pooled,N,1,tmpl_bits,0.5,170.661,permuted,,70,1.5173,,0.0399,,,,5
N_pooled,N,1,tmpl_bits,0.5,170.661,permuted,,100,1.5223,,0.0494,,,,5
N_pooled,N,1,tmpl_bits,0.5,170.661,permuted,,150,1.5394,,0.0515,,,,5
N_pooled,N,1,tmpl_bits,0.5,170.661,permuted,,200,1.5422,,0.0651,,,,5
N_pooled,N,1,tmpl_bits,0.5,170.661,permuted,,300,1.5411,,0.0763,,,,5
N_pooled,N,1,tmpl_bits,0.5,170.661,permuted,,500,1.5557,,0.0920,,,,5
N_pooled,N,1,tmpl_bits,0.5,170.661,permuted,,700,1.5690,,0.1200,,,,5
N_pooled,N,1,tmpl_bits,0.5,170.661,permuted,,765,1.5776,,0.1281,,,,5
N_pooled,N,1,corr,0.5,170.661,real,,1,1.5000,0.0000,,0.2500,0.5000,0.5000,80
N_pooled,N,1,corr,0.5,170.661,real,,2,1.5025,0.0112,,0.2509,0.4995,0.5005,80
N_pooled,N,1,corr,0.5,170.661,real,,3,1.4806,0.0148,,0.2618,0.5082,0.5106,80
N_pooled,N,1,corr,0.5,170.661,real,,5,1.4649,0.0166,,0.2629,0.5120,0.5096,80
N_pooled,N,1,corr,0.5,170.661,real,,7,1.4752,0.0241,,0.2583,0.5130,0.4997,80
N_pooled,N,1,corr,0.5,170.661,real,,10,1.4693,0.0278,,0.2532,0.5083,0.5132,80
N_pooled,N,1,corr,0.5,170.661,real,,15,1.4770,0.0418,,0.2595,0.5095,0.5082,80
N_pooled,N,1,corr,0.5,170.661,real,,20,1.4712,0.0420,,0.2577,0.5068,0.5093,80
N_pooled,N,1,corr,0.5,170.661,real,,30,1.4665,0.0464,,0.2625,0.5115,0.5120,80
N_pooled,N,1,corr,0.5,170.661,real,,50,1.4445,0.0507,,0.2672,0.5182,0.5165,80
N_pooled,N,1,corr,0.5,170.661,real,,70,1.4333,0.0686,,0.2662,0.5178,0.5060,80
N_pooled,N,1,corr,0.5,170.661,real,,100,1.4133,0.0778,,0.2720,0.5180,0.5170,80
N_pooled,N,1,corr,0.5,170.661,real,,150,1.3620,0.0963,,0.2835,0.5215,0.5175,80
N_pooled,N,1,corr,0.5,170.661,real,,200,1.3622,0.1091,,0.2900,0.5308,0.5273,80
N_pooled,N,1,corr,0.5,170.661,real,,300,1.3475,0.1283,,0.2867,0.5350,0.5177,80
N_pooled,N,1,corr,0.5,170.661,real,,500,1.3127,0.1501,,0.2937,0.5307,0.5333,80
N_pooled,N,1,corr,0.5,170.661,real,,700,1.3070,0.1534,,0.2825,0.5337,0.5315,80
N_pooled,N,1,corr,0.5,170.661,real,,765,1.3010,0.1570,,0.2787,0.5292,0.5365,80
N_pooled,N,1,corr,0.5,170.661,permuted,,1,1.5000,,0.0000,,,,5
N_pooled,N,1,corr,0.5,170.661,permuted,,2,1.4957,,0.0066,,,,5
N_pooled,N,1,corr,0.5,170.661,permuted,,3,1.4969,,0.0161,,,,5
N_pooled,N,1,corr,0.5,170.661,permuted,,5,1.4889,,0.0297,,,,5
N_pooled,N,1,corr,0.5,170.661,permuted,,7,1.4969,,0.0376,,,,5
N_pooled,N,1,corr,0.5,170.661,permuted,,10,1.4997,,0.0194,,,,5
N_pooled,N,1,corr,0.5,170.661,permuted,,15,1.5053,,0.0173,,,,5
N_pooled,N,1,corr,0.5,170.661,permuted,,20,1.4978,,0.0261,,,,5
N_pooled,N,1,corr,0.5,170.661,permuted,,30,1.5018,,0.0224,,,,5
N_pooled,N,1,corr,0.5,170.661,permuted,,50,1.5113,,0.0095,,,,5
N_pooled,N,1,corr,0.5,170.661,permuted,,70,1.5096,,0.0214,,,,5
N_pooled,N,1,corr,0.5,170.661,permuted,,100,1.5127,,0.0176,,,,5
N_pooled,N,1,corr,0.5,170.661,permuted,,150,1.5204,,0.0216,,,,5
N_pooled,N,1,corr,0.5,170.661,permuted,,200,1.5269,,0.0174,,,,5
N_pooled,N,1,corr,0.5,170.661,permuted,,300,1.5291,,0.0142,,,,5
N_pooled,N,1,corr,0.5,170.661,permuted,,500,1.5283,,0.0218,,,,5
N_pooled,N,1,corr,0.5,170.661,permuted,,700,1.5458,,0.0236,,,,5
N_pooled,N,1,corr,0.5,170.661,permuted,,765,1.5569,,0.0200,,,,5
N_pooled,N,1,tmpl,1.0,341.323,real,,1,1.4435,0.0174,,0.2663,0.5303,0.5028,80
N_pooled,N,1,tmpl,1.0,341.323,real,,2,1.4560,0.0135,,0.2600,0.5205,0.5095,80
N_pooled,N,1,tmpl,1.0,341.323,real,,3,1.4560,0.0148,,0.2627,0.5195,0.5100,80
N_pooled,N,1,tmpl,1.0,341.323,real,,5,1.4383,0.0175,,0.2715,0.5207,0.5040,80
N_pooled,N,1,tmpl,1.0,341.323,real,,7,1.4082,0.0177,,0.2845,0.5395,0.5163,80
N_pooled,N,1,tmpl,1.0,341.323,real,,10,1.3960,0.0156,,0.2905,0.5390,0.5255,80
N_pooled,N,1,tmpl,1.0,341.323,real,,15,1.3980,0.0162,,0.2850,0.5453,0.5077,80
N_pooled,N,1,tmpl,1.0,341.323,real,,20,1.3850,0.0180,,0.2878,0.5515,0.5190,80
N_pooled,N,1,tmpl,1.0,341.323,real,,30,1.3588,0.0195,,0.2855,0.5640,0.5035,80
N_pooled,N,1,tmpl,1.0,341.323,real,,50,1.2985,0.0268,,0.3132,0.5890,0.5262,80
N_pooled,N,1,tmpl,1.0,341.323,real,,70,1.3118,0.0356,,0.3070,0.5832,0.5170,80
N_pooled,N,1,tmpl,1.0,341.323,real,,100,1.2750,0.0376,,0.3215,0.6025,0.5267,80
N_pooled,N,1,tmpl,1.0,341.323,real,,150,1.2270,0.0468,,0.3293,0.6185,0.5210,80
N_pooled,N,1,tmpl,1.0,341.323,real,,200,1.1805,0.0506,,0.3400,0.6378,0.5227,80
N_pooled,N,1,tmpl,1.0,341.323,real,,300,1.1260,0.0527,,0.3525,0.6600,0.5138,80
N_pooled,N,1,tmpl,1.0,341.323,real,,500,1.0515,0.0625,,0.3775,0.7050,0.5228,80
N_pooled,N,1,tmpl,1.0,341.323,real,,700,0.9952,0.0669,,0.3863,0.7235,0.5158,80
N_pooled,N,1,tmpl,1.0,341.323,real,,765,0.9710,0.0717,,0.4000,0.7300,0.5262,80
N_pooled,N,1,tmpl,1.0,341.323,permuted,,1,1.4960,,0.0095,,,,5
N_pooled,N,1,tmpl,1.0,341.323,permuted,,2,1.5001,,0.0090,,,,5
N_pooled,N,1,tmpl,1.0,341.323,permuted,,3,1.4988,,0.0074,,,,5
N_pooled,N,1,tmpl,1.0,341.323,permuted,,5,1.4970,,0.0237,,,,5
N_pooled,N,1,tmpl,1.0,341.323,permuted,,7,1.4946,,0.0305,,,,5
N_pooled,N,1,tmpl,1.0,341.323,permuted,,10,1.4964,,0.0237,,,,5
N_pooled,N,1,tmpl,1.0,341.323,permuted,,15,1.4942,,0.0303,,,,5
N_pooled,N,1,tmpl,1.0,341.323,permuted,,20,1.4960,,0.0285,,,,5
N_pooled,N,1,tmpl,1.0,341.323,permuted,,30,1.4910,,0.0242,,,,5
N_pooled,N,1,tmpl,1.0,341.323,permuted,,50,1.4844,,0.0272,,,,5
N_pooled,N,1,tmpl,1.0,341.323,permuted,,70,1.4877,,0.0369,,,,5
N_pooled,N,1,tmpl,1.0,341.323,permuted,,100,1.4798,,0.0410,,,,5
N_pooled,N,1,tmpl,1.0,341.323,permuted,,150,1.4782,,0.0363,,,,5
N_pooled,N,1,tmpl,1.0,341.323,permuted,,200,1.4837,,0.0407,,,,5
N_pooled,N,1,tmpl,1.0,341.323,permuted,,300,1.4852,,0.0543,,,,5
N_pooled,N,1,tmpl,1.0,341.323,permuted,,500,1.4870,,0.0647,,,,5
N_pooled,N,1,tmpl,1.0,341.323,permuted,,700,1.4897,,0.0714,,,,5
N_pooled,N,1,tmpl,1.0,341.323,permuted,,765,1.4866,,0.0766,,,,5
N_pooled,N,1,tmpl_bits,1.0,341.323,real,,1,1.4790,0.0212,,0.2545,0.5163,0.4915,80
N_pooled,N,1,tmpl_bits,1.0,341.323,real,,2,1.4795,0.0216,,0.2553,0.5122,0.4975,80
N_pooled,N,1,tmpl_bits,1.0,341.323,real,,3,1.4783,0.0183,,0.2595,0.5168,0.5015,80
N_pooled,N,1,tmpl_bits,1.0,341.323,real,,5,1.4678,0.0319,,0.2600,0.5245,0.4862,80
N_pooled,N,1,tmpl_bits,1.0,341.323,real,,7,1.4472,0.0243,,0.2652,0.5210,0.5012,80
N_pooled,N,1,tmpl_bits,1.0,341.323,real,,10,1.4098,0.0280,,0.2780,0.5367,0.5037,80
N_pooled,N,1,tmpl_bits,1.0,341.323,real,,15,1.3840,0.0304,,0.2918,0.5502,0.5180,80
N_pooled,N,1,tmpl_bits,1.0,341.323,real,,20,1.3738,0.0356,,0.2927,0.5568,0.5140,80
N_pooled,N,1,tmpl_bits,1.0,341.323,real,,30,1.3695,0.0382,,0.2950,0.5622,0.5135,80
N_pooled,N,1,tmpl_bits,1.0,341.323,real,,50,1.3190,0.0522,,0.3065,0.5738,0.5205,80
N_pooled,N,1,tmpl_bits,1.0,341.323,real,,70,1.3070,0.0605,,0.3098,0.5883,0.5193,80
N_pooled,N,1,tmpl_bits,1.0,341.323,real,,100,1.3015,0.0637,,0.3095,0.6010,0.5017,80
N_pooled,N,1,tmpl_bits,1.0,341.323,real,,150,1.2402,0.0707,,0.3315,0.6192,0.5263,80
N_pooled,N,1,tmpl_bits,1.0,341.323,real,,200,1.2065,0.0814,,0.3400,0.6365,0.5272,80
N_pooled,N,1,tmpl_bits,1.0,341.323,real,,300,1.1492,0.0841,,0.3488,0.6548,0.5262,80
N_pooled,N,1,tmpl_bits,1.0,341.323,real,,500,1.0605,0.1007,,0.3857,0.7028,0.5338,80
N_pooled,N,1,tmpl_bits,1.0,341.323,real,,700,0.9968,0.1130,,0.4008,0.7342,0.5275,80
N_pooled,N,1,tmpl_bits,1.0,341.323,real,,765,0.9863,0.1175,,0.4010,0.7437,0.5190,80
N_pooled,N,1,tmpl_bits,1.0,341.323,permuted,,1,1.4976,,0.0162,,,,5
N_pooled,N,1,tmpl_bits,1.0,341.323,permuted,,2,1.4993,,0.0170,,,,5
N_pooled,N,1,tmpl_bits,1.0,341.323,permuted,,3,1.5061,,0.0096,,,,5
N_pooled,N,1,tmpl_bits,1.0,341.323,permuted,,5,1.5111,,0.0075,,,,5
N_pooled,N,1,tmpl_bits,1.0,341.323,permuted,,7,1.5141,,0.0193,,,,5
N_pooled,N,1,tmpl_bits,1.0,341.323,permuted,,10,1.5065,,0.0163,,,,5
N_pooled,N,1,tmpl_bits,1.0,341.323,permuted,,15,1.5089,,0.0223,,,,5
N_pooled,N,1,tmpl_bits,1.0,341.323,permuted,,20,1.5017,,0.0210,,,,5
N_pooled,N,1,tmpl_bits,1.0,341.323,permuted,,30,1.5054,,0.0182,,,,5
N_pooled,N,1,tmpl_bits,1.0,341.323,permuted,,50,1.5112,,0.0258,,,,5
N_pooled,N,1,tmpl_bits,1.0,341.323,permuted,,70,1.4986,,0.0250,,,,5
N_pooled,N,1,tmpl_bits,1.0,341.323,permuted,,100,1.4928,,0.0316,,,,5
N_pooled,N,1,tmpl_bits,1.0,341.323,permuted,,150,1.4874,,0.0336,,,,5
N_pooled,N,1,tmpl_bits,1.0,341.323,permuted,,200,1.4862,,0.0474,,,,5
N_pooled,N,1,tmpl_bits,1.0,341.323,permuted,,300,1.4860,,0.0452,,,,5
N_pooled,N,1,tmpl_bits,1.0,341.323,permuted,,500,1.4912,,0.0579,,,,5
N_pooled,N,1,tmpl_bits,1.0,341.323,permuted,,700,1.4991,,0.0562,,,,5
N_pooled,N,1,tmpl_bits,1.0,341.323,permuted,,765,1.4941,,0.0555,,,,5
N_pooled,N,1,corr,1.0,341.323,real,,1,1.5000,0.0000,,0.2500,0.5000,0.5000,80
N_pooled,N,1,corr,1.0,341.323,real,,2,1.5090,0.0180,,0.2532,0.5053,0.4993,80
N_pooled,N,1,corr,1.0,341.323,real,,3,1.5135,0.0132,,0.2439,0.5000,0.4967,80
N_pooled,N,1,corr,1.0,341.323,real,,5,1.5070,0.0200,,0.2473,0.5002,0.5059,80
N_pooled,N,1,corr,1.0,341.323,real,,7,1.5070,0.0249,,0.2498,0.5010,0.5050,80
N_pooled,N,1,corr,1.0,341.323,real,,10,1.4915,0.0252,,0.2533,0.5058,0.5125,80
N_pooled,N,1,corr,1.0,341.323,real,,15,1.4648,0.0300,,0.2620,0.5047,0.5170,80
N_pooled,N,1,corr,1.0,341.323,real,,20,1.4697,0.0373,,0.2628,0.5098,0.5230,80
N_pooled,N,1,corr,1.0,341.323,real,,30,1.4593,0.0425,,0.2587,0.5065,0.5155,80
N_pooled,N,1,corr,1.0,341.323,real,,50,1.4473,0.0483,,0.2625,0.5035,0.5262,80
N_pooled,N,1,corr,1.0,341.323,real,,70,1.4380,0.0552,,0.2660,0.4985,0.5347,80
N_pooled,N,1,corr,1.0,341.323,real,,100,1.4243,0.0549,,0.2703,0.5062,0.5315,80
N_pooled,N,1,corr,1.0,341.323,real,,150,1.4405,0.0774,,0.2617,0.5013,0.5235,80
N_pooled,N,1,corr,1.0,341.323,real,,200,1.4360,0.0902,,0.2590,0.5010,0.5215,80
N_pooled,N,1,corr,1.0,341.323,real,,300,1.4090,0.1114,,0.2723,0.5243,0.5235,80
N_pooled,N,1,corr,1.0,341.323,real,,500,1.3795,0.1410,,0.2760,0.5222,0.5323,80
N_pooled,N,1,corr,1.0,341.323,real,,700,1.3500,0.1680,,0.2725,0.5215,0.5238,80
N_pooled,N,1,corr,1.0,341.323,real,,765,1.3512,0.1725,,0.2718,0.5197,0.5248,80
N_pooled,N,1,corr,1.0,341.323,permuted,,1,1.5000,,0.0000,,,,5
N_pooled,N,1,corr,1.0,341.323,permuted,,2,1.5096,,0.0199,,,,5
N_pooled,N,1,corr,1.0,341.323,permuted,,3,1.4996,,0.0262,,,,5
N_pooled,N,1,corr,1.0,341.323,permuted,,5,1.4955,,0.0209,,,,5
N_pooled,N,1,corr,1.0,341.323,permuted,,7,1.4978,,0.0268,,,,5
N_pooled,N,1,corr,1.0,341.323,permuted,,10,1.4966,,0.0238,,,,5
N_pooled,N,1,corr,1.0,341.323,permuted,,15,1.5037,,0.0248,,,,5
N_pooled,N,1,corr,1.0,341.323,permuted,,20,1.4976,,0.0315,,,,5
N_pooled,N,1,corr,1.0,341.323,permuted,,30,1.4776,,0.0303,,,,5
N_pooled,N,1,corr,1.0,341.323,permuted,,50,1.4796,,0.0349,,,,5
N_pooled,N,1,corr,1.0,341.323,permuted,,70,1.4762,,0.0368,,,,5
N_pooled,N,1,corr,1.0,341.323,permuted,,100,1.4717,,0.0415,,,,5
N_pooled,N,1,corr,1.0,341.323,permuted,,150,1.4721,,0.0418,,,,5
N_pooled,N,1,corr,1.0,341.323,permuted,,200,1.4623,,0.0536,,,,5
N_pooled,N,1,corr,1.0,341.323,permuted,,300,1.4604,,0.0744,,,,5
N_pooled,N,1,corr,1.0,341.323,permuted,,500,1.4663,,0.0879,,,,5
N_pooled,N,1,corr,1.0,341.323,permuted,,700,1.4571,,0.0925,,,,5
N_pooled,N,1,corr,1.0,341.323,permuted,,765,1.4623,,0.0965,,,,5
N_pooled,N,2,tmpl,0.0,0.0,real,,1,1.4212,0.0752,,0.2720,0.5190,0.5072,80
N_pooled,N,2,tmpl,0.0,0.0,real,,2,1.3367,0.0886,,0.2968,0.5378,0.5277,80
N_pooled,N,2,tmpl,0.0,0.0,real,,3,1.2960,0.0896,,0.3078,0.5490,0.5260,80
N_pooled,N,2,tmpl,0.0,0.0,real,,5,1.2280,0.0825,,0.3353,0.5780,0.5320,80
N_pooled,N,2,tmpl,0.0,0.0,real,,7,1.1540,0.0799,,0.3573,0.5895,0.5478,80
N_pooled,N,2,tmpl,0.0,0.0,real,,10,1.0793,0.0826,,0.3823,0.6235,0.5405,80
N_pooled,N,2,tmpl,0.0,0.0,real,,15,1.0043,0.0822,,0.4140,0.6497,0.5620,80
N_pooled,N,2,tmpl,0.0,0.0,real,,20,0.9347,0.0711,,0.4390,0.6730,0.5693,80
N_pooled,N,2,tmpl,0.0,0.0,real,,30,0.8263,0.0766,,0.4912,0.7060,0.6085,80
N_pooled,N,2,tmpl,0.0,0.0,real,,50,0.6672,0.0696,,0.5632,0.7458,0.6592,80
N_pooled,N,2,tmpl,0.0,0.0,real,,70,0.5567,0.0686,,0.6220,0.7908,0.6983,80
N_pooled,N,2,tmpl,0.0,0.0,real,,100,0.4230,0.0603,,0.6998,0.8435,0.7485,80
N_pooled,N,2,tmpl,0.0,0.0,real,,150,0.3147,0.0535,,0.7615,0.8755,0.7952,80
N_pooled,N,2,tmpl,0.0,0.0,real,,200,0.2260,0.0473,,0.8217,0.9145,0.8410,80
N_pooled,N,2,tmpl,0.0,0.0,real,,300,0.1442,0.0353,,0.8853,0.9475,0.8930,80
N_pooled,N,2,tmpl,0.0,0.0,real,,500,0.0882,0.0260,,0.9293,0.9710,0.9317,80
N_pooled,N,2,tmpl,0.0,0.0,real,,700,0.0517,0.0189,,0.9555,0.9837,0.9555,80
N_pooled,N,2,tmpl,0.0,0.0,real,,765,0.0460,0.0179,,0.9593,0.9850,0.9593,80
N_pooled,N,2,tmpl,0.0,0.0,permuted,,1,1.5006,,0.0201,,,,20
N_pooled,N,2,tmpl,0.0,0.0,permuted,,2,1.5113,,0.0220,,,,20
N_pooled,N,2,tmpl,0.0,0.0,permuted,,3,1.5098,,0.0194,,,,20
N_pooled,N,2,tmpl,0.0,0.0,permuted,,5,1.5064,,0.0241,,,,20
N_pooled,N,2,tmpl,0.0,0.0,permuted,,7,1.5041,,0.0222,,,,20
N_pooled,N,2,tmpl,0.0,0.0,permuted,,10,1.5026,,0.0226,,,,20
N_pooled,N,2,tmpl,0.0,0.0,permuted,,15,1.4979,,0.0242,,,,20
N_pooled,N,2,tmpl,0.0,0.0,permuted,,20,1.5064,,0.0263,,,,20
N_pooled,N,2,tmpl,0.0,0.0,permuted,,30,1.5098,,0.0345,,,,20
N_pooled,N,2,tmpl,0.0,0.0,permuted,,50,1.5102,,0.0414,,,,20
N_pooled,N,2,tmpl,0.0,0.0,permuted,,70,1.5072,,0.0438,,,,20
N_pooled,N,2,tmpl,0.0,0.0,permuted,,100,1.5109,,0.0492,,,,20
N_pooled,N,2,tmpl,0.0,0.0,permuted,,150,1.5157,,0.0659,,,,20
N_pooled,N,2,tmpl,0.0,0.0,permuted,,200,1.5165,,0.0701,,,,20
N_pooled,N,2,tmpl,0.0,0.0,permuted,,300,1.5208,,0.0771,,,,20
N_pooled,N,2,tmpl,0.0,0.0,permuted,,500,1.5241,,0.0848,,,,20
N_pooled,N,2,tmpl,0.0,0.0,permuted,,700,1.5253,,0.0889,,,,20
N_pooled,N,2,tmpl,0.0,0.0,permuted,,765,1.5268,,0.0872,,,,20
N_pooled,N,2,tmpl_bits,0.0,0.0,real,,1,1.4365,0.1044,,0.2705,0.5188,0.5092,80
N_pooled,N,2,tmpl_bits,0.0,0.0,real,,2,1.3517,0.1132,,0.3007,0.5293,0.5350,80
N_pooled,N,2,tmpl_bits,0.0,0.0,real,,3,1.3110,0.1108,,0.3090,0.5428,0.5305,80
N_pooled,N,2,tmpl_bits,0.0,0.0,real,,5,1.2415,0.1119,,0.3345,0.5495,0.5455,80
N_pooled,N,2,tmpl_bits,0.0,0.0,real,,7,1.1752,0.1095,,0.3598,0.5752,0.5613,80
N_pooled,N,2,tmpl_bits,0.0,0.0,real,,10,1.1008,0.1079,,0.3837,0.5960,0.5655,80
N_pooled,N,2,tmpl_bits,0.0,0.0,real,,15,1.0243,0.1109,,0.4220,0.6217,0.5925,80
N_pooled,N,2,tmpl_bits,0.0,0.0,real,,20,0.9860,0.1098,,0.4382,0.6355,0.5925,80
N_pooled,N,2,tmpl_bits,0.0,0.0,real,,30,0.8782,0.1083,,0.4805,0.6607,0.6212,80
N_pooled,N,2,tmpl_bits,0.0,0.0,real,,50,0.7228,0.1094,,0.5520,0.7010,0.6695,80
N_pooled,N,2,tmpl_bits,0.0,0.0,real,,70,0.6095,0.1085,,0.6020,0.7400,0.6935,80
N_pooled,N,2,tmpl_bits,0.0,0.0,real,,100,0.5027,0.0982,,0.6628,0.7775,0.7378,80
N_pooled,N,2,tmpl_bits,0.0,0.0,real,,150,0.3845,0.0854,,0.7230,0.8175,0.7720,80
N_pooled,N,2,tmpl_bits,0.0,0.0,real,,200,0.3060,0.0775,,0.7670,0.8412,0.7955,80
N_pooled,N,2,tmpl_bits,0.0,0.0,real,,300,0.2277,0.0680,,0.8160,0.8657,0.8335,80
N_pooled,N,2,tmpl_bits,0.0,0.0,real,,500,0.1575,0.0536,,0.8633,0.8972,0.8648,80
N_pooled,N,2,tmpl_bits,0.0,0.0,real,,700,0.1170,0.0401,,0.8980,0.9212,0.8982,80
N_pooled,N,2,tmpl_bits,0.0,0.0,real,,765,0.1065,0.0356,,0.9090,0.9280,0.9090,80
N_pooled,N,2,tmpl_bits,0.0,0.0,permuted,,1,1.5044,,0.0145,,,,20
N_pooled,N,2,tmpl_bits,0.0,0.0,permuted,,2,1.5048,,0.0191,,,,20
N_pooled,N,2,tmpl_bits,0.0,0.0,permuted,,3,1.5087,,0.0200,,,,20
N_pooled,N,2,tmpl_bits,0.0,0.0,permuted,,5,1.5066,,0.0209,,,,20
N_pooled,N,2,tmpl_bits,0.0,0.0,permuted,,7,1.5103,,0.0229,,,,20
N_pooled,N,2,tmpl_bits,0.0,0.0,permuted,,10,1.5038,,0.0250,,,,20
N_pooled,N,2,tmpl_bits,0.0,0.0,permuted,,15,1.5041,,0.0266,,,,20
N_pooled,N,2,tmpl_bits,0.0,0.0,permuted,,20,1.5110,,0.0296,,,,20
N_pooled,N,2,tmpl_bits,0.0,0.0,permuted,,30,1.5133,,0.0359,,,,20
N_pooled,N,2,tmpl_bits,0.0,0.0,permuted,,50,1.5126,,0.0407,,,,20
N_pooled,N,2,tmpl_bits,0.0,0.0,permuted,,70,1.5131,,0.0489,,,,20
N_pooled,N,2,tmpl_bits,0.0,0.0,permuted,,100,1.5196,,0.0553,,,,20
N_pooled,N,2,tmpl_bits,0.0,0.0,permuted,,150,1.5191,,0.0719,,,,20
N_pooled,N,2,tmpl_bits,0.0,0.0,permuted,,200,1.5226,,0.0749,,,,20
N_pooled,N,2,tmpl_bits,0.0,0.0,permuted,,300,1.5272,,0.0836,,,,20
N_pooled,N,2,tmpl_bits,0.0,0.0,permuted,,500,1.5277,,0.0954,,,,20
N_pooled,N,2,tmpl_bits,0.0,0.0,permuted,,700,1.5329,,0.1020,,,,20
N_pooled,N,2,tmpl_bits,0.0,0.0,permuted,,765,1.5299,,0.1028,,,,20
N_pooled,N,2,corr,0.0,0.0,real,,1,1.5000,0.0000,,0.2500,0.5000,0.5000,80
N_pooled,N,2,corr,0.0,0.0,real,,2,1.4510,0.0189,,0.2737,0.5262,0.5075,80
N_pooled,N,2,corr,0.0,0.0,real,,3,1.4241,0.0276,,0.2770,0.5370,0.4923,80
N_pooled,N,2,corr,0.0,0.0,real,,5,1.3559,0.0400,,0.2963,0.5435,0.5131,80
N_pooled,N,2,corr,0.0,0.0,real,,7,1.3118,0.0393,,0.3089,0.5573,0.5126,80
N_pooled,N,2,corr,0.0,0.0,real,,10,1.2833,0.0489,,0.3227,0.5725,0.5078,80
N_pooled,N,2,corr,0.0,0.0,real,,15,1.2145,0.0580,,0.3535,0.5865,0.5380,80
N_pooled,N,2,corr,0.0,0.0,real,,20,1.1550,0.0582,,0.3825,0.6112,0.5535,80
N_pooled,N,2,corr,0.0,0.0,real,,30,1.0905,0.0663,,0.3970,0.6305,0.5432,80
N_pooled,N,2,corr,0.0,0.0,real,,50,0.9935,0.0863,,0.4375,0.6485,0.5855,80
N_pooled,N,2,corr,0.0,0.0,real,,70,0.9023,0.0901,,0.4723,0.6797,0.6057,80
N_pooled,N,2,corr,0.0,0.0,real,,100,0.8155,0.0952,,0.5112,0.7095,0.6268,80
N_pooled,N,2,corr,0.0,0.0,real,,150,0.6952,0.0966,,0.5610,0.7528,0.6552,80
N_pooled,N,2,corr,0.0,0.0,real,,200,0.6145,0.0944,,0.5993,0.7868,0.6765,80
N_pooled,N,2,corr,0.0,0.0,real,,300,0.5155,0.0826,,0.6487,0.8230,0.7080,80
N_pooled,N,2,corr,0.0,0.0,real,,500,0.4170,0.0745,,0.7030,0.8652,0.7530,80
N_pooled,N,2,corr,0.0,0.0,real,,700,0.3525,0.0690,,0.7442,0.9008,0.7850,80
N_pooled,N,2,corr,0.0,0.0,real,,765,0.3290,0.0697,,0.7598,0.9120,0.8040,80
N_pooled,N,2,corr,0.0,0.0,permuted,,1,1.5000,,0.0000,,,,20
N_pooled,N,2,corr,0.0,0.0,permuted,,2,1.4997,,0.0150,,,,20
N_pooled,N,2,corr,0.0,0.0,permuted,,3,1.5085,,0.0182,,,,20
N_pooled,N,2,corr,0.0,0.0,permuted,,5,1.5036,,0.0190,,,,20
N_pooled,N,2,corr,0.0,0.0,permuted,,7,1.5075,,0.0137,,,,20
N_pooled,N,2,corr,0.0,0.0,permuted,,10,1.5052,,0.0163,,,,20
N_pooled,N,2,corr,0.0,0.0,permuted,,15,1.5055,,0.0227,,,,20
N_pooled,N,2,corr,0.0,0.0,permuted,,20,1.5043,,0.0192,,,,20
N_pooled,N,2,corr,0.0,0.0,permuted,,30,1.4999,,0.0307,,,,20
N_pooled,N,2,corr,0.0,0.0,permuted,,50,1.5004,,0.0342,,,,20
N_pooled,N,2,corr,0.0,0.0,permuted,,70,1.4996,,0.0356,,,,20
N_pooled,N,2,corr,0.0,0.0,permuted,,100,1.5001,,0.0482,,,,20
N_pooled,N,2,corr,0.0,0.0,permuted,,150,1.4992,,0.0488,,,,20
N_pooled,N,2,corr,0.0,0.0,permuted,,200,1.4992,,0.0571,,,,20
N_pooled,N,2,corr,0.0,0.0,permuted,,300,1.5044,,0.0629,,,,20
N_pooled,N,2,corr,0.0,0.0,permuted,,500,1.5065,,0.0811,,,,20
N_pooled,N,2,corr,0.0,0.0,permuted,,700,1.5109,,0.0944,,,,20
N_pooled,N,2,corr,0.0,0.0,permuted,,765,1.5096,,0.0971,,,,20
N_pooled,N,2,tmpl,0.5,170.661,real,,1,1.5067,0.0213,,0.2495,0.5037,0.4995,80
N_pooled,N,2,tmpl,0.5,170.661,real,,2,1.5030,0.0306,,0.2475,0.5100,0.5060,80
N_pooled,N,2,tmpl,0.5,170.661,real,,3,1.4887,0.0330,,0.2495,0.5120,0.4983,80
N_pooled,N,2,tmpl,0.5,170.661,real,,5,1.4860,0.0339,,0.2567,0.5183,0.4975,80
N_pooled,N,2,tmpl,0.5,170.661,real,,7,1.4757,0.0378,,0.2537,0.5088,0.4915,80
N_pooled,N,2,tmpl,0.5,170.661,real,,10,1.4623,0.0319,,0.2622,0.5172,0.5102,80
N_pooled,N,2,tmpl,0.5,170.661,real,,15,1.4663,0.0271,,0.2595,0.5195,0.5130,80
N_pooled,N,2,tmpl,0.5,170.661,real,,20,1.4715,0.0296,,0.2565,0.5127,0.5070,80
N_pooled,N,2,tmpl,0.5,170.661,real,,30,1.4627,0.0361,,0.2623,0.5168,0.5080,80
N_pooled,N,2,tmpl,0.5,170.661,real,,50,1.4787,0.0442,,0.2615,0.5210,0.5065,80
N_pooled,N,2,tmpl,0.5,170.661,real,,70,1.4692,0.0486,,0.2618,0.5225,0.4980,80
N_pooled,N,2,tmpl,0.5,170.661,real,,100,1.4585,0.0574,,0.2595,0.5210,0.5035,80
N_pooled,N,2,tmpl,0.5,170.661,real,,150,1.4267,0.0710,,0.2763,0.5335,0.5143,80
N_pooled,N,2,tmpl,0.5,170.661,real,,200,1.4283,0.0832,,0.2820,0.5520,0.5085,80
N_pooled,N,2,tmpl,0.5,170.661,real,,300,1.4480,0.0939,,0.2800,0.5532,0.5135,80
N_pooled,N,2,tmpl,0.5,170.661,real,,500,1.4395,0.1138,,0.2862,0.5655,0.5095,80
N_pooled,N,2,tmpl,0.5,170.661,real,,700,1.4320,0.1359,,0.3013,0.5782,0.5178,80
N_pooled,N,2,tmpl,0.5,170.661,real,,765,1.4380,0.1379,,0.3007,0.5752,0.5157,80
N_pooled,N,2,tmpl,0.5,170.661,permuted,,1,1.4941,,0.0215,,,,5
N_pooled,N,2,tmpl,0.5,170.661,permuted,,2,1.5036,,0.0139,,,,5
N_pooled,N,2,tmpl,0.5,170.661,permuted,,3,1.5042,,0.0124,,,,5
N_pooled,N,2,tmpl,0.5,170.661,permuted,,5,1.5138,,0.0064,,,,5
N_pooled,N,2,tmpl,0.5,170.661,permuted,,7,1.5067,,0.0173,,,,5
N_pooled,N,2,tmpl,0.5,170.661,permuted,,10,1.5133,,0.0265,,,,5
N_pooled,N,2,tmpl,0.5,170.661,permuted,,15,1.5067,,0.0282,,,,5
N_pooled,N,2,tmpl,0.5,170.661,permuted,,20,1.5156,,0.0221,,,,5
N_pooled,N,2,tmpl,0.5,170.661,permuted,,30,1.5144,,0.0318,,,,5
N_pooled,N,2,tmpl,0.5,170.661,permuted,,50,1.5084,,0.0406,,,,5
N_pooled,N,2,tmpl,0.5,170.661,permuted,,70,1.5115,,0.0548,,,,5
N_pooled,N,2,tmpl,0.5,170.661,permuted,,100,1.5134,,0.0677,,,,5
N_pooled,N,2,tmpl,0.5,170.661,permuted,,150,1.5093,,0.0836,,,,5
N_pooled,N,2,tmpl,0.5,170.661,permuted,,200,1.5105,,0.0839,,,,5
N_pooled,N,2,tmpl,0.5,170.661,permuted,,300,1.5184,,0.1034,,,,5
N_pooled,N,2,tmpl,0.5,170.661,permuted,,500,1.5167,,0.1125,,,,5
N_pooled,N,2,tmpl,0.5,170.661,permuted,,700,1.5118,,0.1296,,,,5
N_pooled,N,2,tmpl,0.5,170.661,permuted,,765,1.5029,,0.1364,,,,5
N_pooled,N,2,tmpl_bits,0.5,170.661,real,,1,1.5038,0.0240,,0.2485,0.5062,0.5055,80
N_pooled,N,2,tmpl_bits,0.5,170.661,real,,2,1.5090,0.0279,,0.2545,0.5045,0.5155,80
N_pooled,N,2,tmpl_bits,0.5,170.661,real,,3,1.5102,0.0227,,0.2483,0.5060,0.5005,80
N_pooled,N,2,tmpl_bits,0.5,170.661,real,,5,1.4978,0.0253,,0.2530,0.5100,0.4985,80
N_pooled,N,2,tmpl_bits,0.5,170.661,real,,7,1.4800,0.0276,,0.2562,0.5140,0.5037,80
N_pooled,N,2,tmpl_bits,0.5,170.661,real,,10,1.4818,0.0241,,0.2602,0.5272,0.5070,80
N_pooled,N,2,tmpl_bits,0.5,170.661,real,,15,1.4842,0.0257,,0.2568,0.5155,0.5160,80
N_pooled,N,2,tmpl_bits,0.5,170.661,real,,20,1.4798,0.0227,,0.2563,0.5150,0.5123,80
N_pooled,N,2,tmpl_bits,0.5,170.661,real,,30,1.4540,0.0326,,0.2613,0.5240,0.5067,80
N_pooled,N,2,tmpl_bits,0.5,170.661,real,,50,1.4550,0.0387,,0.2695,0.5348,0.5040,80
N_pooled,N,2,tmpl_bits,0.5,170.661,real,,70,1.4558,0.0383,,0.2590,0.5292,0.4968,80
N_pooled,N,2,tmpl_bits,0.5,170.661,real,,100,1.4382,0.0428,,0.2573,0.5347,0.4930,80
N_pooled,N,2,tmpl_bits,0.5,170.661,real,,150,1.4158,0.0566,,0.2700,0.5557,0.4952,80
N_pooled,N,2,tmpl_bits,0.5,170.661,real,,200,1.3995,0.0616,,0.2757,0.5645,0.4928,80
N_pooled,N,2,tmpl_bits,0.5,170.661,real,,300,1.3982,0.0791,,0.2737,0.5750,0.5015,80
N_pooled,N,2,tmpl_bits,0.5,170.661,real,,500,1.3853,0.1018,,0.2730,0.5807,0.5018,80
N_pooled,N,2,tmpl_bits,0.5,170.661,real,,700,1.3678,0.1222,,0.2740,0.5830,0.5110,80
N_pooled,N,2,tmpl_bits,0.5,170.661,real,,765,1.3665,0.1259,,0.2777,0.5828,0.5172,80
N_pooled,N,2,tmpl_bits,0.5,170.661,permuted,,1,1.4975,,0.0116,,,,5
N_pooled,N,2,tmpl_bits,0.5,170.661,permuted,,2,1.4983,,0.0177,,,,5
N_pooled,N,2,tmpl_bits,0.5,170.661,permuted,,3,1.4983,,0.0128,,,,5
N_pooled,N,2,tmpl_bits,0.5,170.661,permuted,,5,1.5086,,0.0049,,,,5
N_pooled,N,2,tmpl_bits,0.5,170.661,permuted,,7,1.5026,,0.0208,,,,5
N_pooled,N,2,tmpl_bits,0.5,170.661,permuted,,10,1.5056,,0.0213,,,,5
N_pooled,N,2,tmpl_bits,0.5,170.661,permuted,,15,1.5002,,0.0232,,,,5
N_pooled,N,2,tmpl_bits,0.5,170.661,permuted,,20,1.5019,,0.0279,,,,5
N_pooled,N,2,tmpl_bits,0.5,170.661,permuted,,30,1.4999,,0.0256,,,,5
N_pooled,N,2,tmpl_bits,0.5,170.661,permuted,,50,1.4990,,0.0453,,,,5
N_pooled,N,2,tmpl_bits,0.5,170.661,permuted,,70,1.4992,,0.0517,,,,5
N_pooled,N,2,tmpl_bits,0.5,170.661,permuted,,100,1.5046,,0.0503,,,,5
N_pooled,N,2,tmpl_bits,0.5,170.661,permuted,,150,1.5120,,0.0524,,,,5
N_pooled,N,2,tmpl_bits,0.5,170.661,permuted,,200,1.5025,,0.0675,,,,5
N_pooled,N,2,tmpl_bits,0.5,170.661,permuted,,300,1.4968,,0.0791,,,,5
N_pooled,N,2,tmpl_bits,0.5,170.661,permuted,,500,1.4957,,0.0909,,,,5
N_pooled,N,2,tmpl_bits,0.5,170.661,permuted,,700,1.5013,,0.1008,,,,5
N_pooled,N,2,tmpl_bits,0.5,170.661,permuted,,765,1.4965,,0.1083,,,,5
N_pooled,N,2,corr,0.5,170.661,real,,1,1.5000,0.0000,,0.2500,0.5000,0.5000,80
N_pooled,N,2,corr,0.5,170.661,real,,2,1.4991,0.0102,,0.2471,0.4974,0.5031,80
N_pooled,N,2,corr,0.5,170.661,real,,3,1.5229,0.0181,,0.2393,0.4927,0.5020,80
N_pooled,N,2,corr,0.5,170.661,real,,5,1.5259,0.0257,,0.2373,0.4914,0.4940,80
N_pooled,N,2,corr,0.5,170.661,real,,7,1.5364,0.0259,,0.2407,0.4953,0.4898,80
N_pooled,N,2,corr,0.5,170.661,real,,10,1.5392,0.0268,,0.2342,0.4893,0.4945,80
N_pooled,N,2,corr,0.5,170.661,real,,15,1.4885,0.0275,,0.2575,0.5192,0.4995,80
N_pooled,N,2,corr,0.5,170.661,real,,20,1.4993,0.0427,,0.2530,0.5177,0.4985,80
N_pooled,N,2,corr,0.5,170.661,real,,30,1.4950,0.0439,,0.2485,0.5222,0.4900,80
N_pooled,N,2,corr,0.5,170.661,real,,50,1.4950,0.0433,,0.2460,0.5050,0.4998,80
N_pooled,N,2,corr,0.5,170.661,real,,70,1.4888,0.0515,,0.2520,0.5192,0.4983,80
N_pooled,N,2,corr,0.5,170.661,real,,100,1.4945,0.0504,,0.2453,0.5018,0.4945,80
N_pooled,N,2,corr,0.5,170.661,real,,150,1.4803,0.0658,,0.2518,0.5125,0.4975,80
N_pooled,N,2,corr,0.5,170.661,real,,200,1.4932,0.0731,,0.2460,0.5200,0.4885,80
N_pooled,N,2,corr,0.5,170.661,real,,300,1.5007,0.0893,,0.2390,0.5195,0.4780,80
N_pooled,N,2,corr,0.5,170.661,real,,500,1.4975,0.1190,,0.2272,0.5295,0.4588,80
N_pooled,N,2,corr,0.5,170.661,real,,700,1.5225,0.1378,,0.2067,0.5192,0.4440,80
N_pooled,N,2,corr,0.5,170.661,real,,765,1.5225,0.1477,,0.1987,0.5092,0.4545,80
N_pooled,N,2,corr,0.5,170.661,permuted,,1,1.5000,,0.0000,,,,5
N_pooled,N,2,corr,0.5,170.661,permuted,,2,1.4973,,0.0118,,,,5
N_pooled,N,2,corr,0.5,170.661,permuted,,3,1.4921,,0.0150,,,,5
N_pooled,N,2,corr,0.5,170.661,permuted,,5,1.5047,,0.0052,,,,5
N_pooled,N,2,corr,0.5,170.661,permuted,,7,1.5002,,0.0132,,,,5
N_pooled,N,2,corr,0.5,170.661,permuted,,10,1.5094,,0.0304,,,,5
N_pooled,N,2,corr,0.5,170.661,permuted,,15,1.5076,,0.0383,,,,5
N_pooled,N,2,corr,0.5,170.661,permuted,,20,1.5017,,0.0422,,,,5
N_pooled,N,2,corr,0.5,170.661,permuted,,30,1.5061,,0.0458,,,,5
N_pooled,N,2,corr,0.5,170.661,permuted,,50,1.5158,,0.0444,,,,5
N_pooled,N,2,corr,0.5,170.661,permuted,,70,1.5265,,0.0408,,,,5
N_pooled,N,2,corr,0.5,170.661,permuted,,100,1.5333,,0.0362,,,,5
N_pooled,N,2,corr,0.5,170.661,permuted,,150,1.5400,,0.0478,,,,5
N_pooled,N,2,corr,0.5,170.661,permuted,,200,1.5441,,0.0514,,,,5
N_pooled,N,2,corr,0.5,170.661,permuted,,300,1.5547,,0.0624,,,,5
N_pooled,N,2,corr,0.5,170.661,permuted,,500,1.5572,,0.0790,,,,5
N_pooled,N,2,corr,0.5,170.661,permuted,,700,1.5587,,0.0970,,,,5
N_pooled,N,2,corr,0.5,170.661,permuted,,765,1.5627,,0.1035,,,,5
N_pooled,N,2,tmpl,1.0,341.323,real,,1,1.5035,0.0210,,0.2505,0.5035,0.5035,80
N_pooled,N,2,tmpl,1.0,341.323,real,,2,1.5255,0.0280,,0.2480,0.4965,0.5015,80
N_pooled,N,2,tmpl,1.0,341.323,real,,3,1.5120,0.0260,,0.2450,0.4867,0.4983,80
N_pooled,N,2,tmpl,1.0,341.323,real,,5,1.5013,0.0174,,0.2533,0.4920,0.5092,80
N_pooled,N,2,tmpl,1.0,341.323,real,,7,1.4983,0.0215,,0.2615,0.5000,0.5147,80
N_pooled,N,2,tmpl,1.0,341.323,real,,10,1.5213,0.0292,,0.2473,0.4923,0.4990,80
N_pooled,N,2,tmpl,1.0,341.323,real,,15,1.5200,0.0271,,0.2443,0.4915,0.4873,80
N_pooled,N,2,tmpl,1.0,341.323,real,,20,1.5057,0.0167,,0.2490,0.5010,0.5003,80
N_pooled,N,2,tmpl,1.0,341.323,real,,30,1.5068,0.0198,,0.2425,0.4930,0.4953,80
N_pooled,N,2,tmpl,1.0,341.323,real,,50,1.5193,0.0274,,0.2417,0.4875,0.5050,80
N_pooled,N,2,tmpl,1.0,341.323,real,,70,1.5365,0.0270,,0.2307,0.4715,0.5058,80
N_pooled,N,2,tmpl,1.0,341.323,real,,100,1.5605,0.0352,,0.2253,0.4637,0.5083,80
N_pooled,N,2,tmpl,1.0,341.323,real,,150,1.5545,0.0385,,0.2322,0.4723,0.5040,80
N_pooled,N,2,tmpl,1.0,341.323,real,,200,1.5450,0.0476,,0.2355,0.4690,0.5123,80
N_pooled,N,2,tmpl,1.0,341.323,real,,300,1.5440,0.0565,,0.2227,0.4448,0.5167,80
N_pooled,N,2,tmpl,1.0,341.323,real,,500,1.5422,0.0649,,0.2190,0.4300,0.5258,80
N_pooled,N,2,tmpl,1.0,341.323,real,,700,1.5247,0.0873,,0.2245,0.4120,0.5397,80
N_pooled,N,2,tmpl,1.0,341.323,real,,765,1.5257,0.0938,,0.2115,0.4012,0.5408,80
N_pooled,N,2,tmpl,1.0,341.323,permuted,,1,1.5013,,0.0331,,,,5
N_pooled,N,2,tmpl,1.0,341.323,permuted,,2,1.4969,,0.0317,,,,5
N_pooled,N,2,tmpl,1.0,341.323,permuted,,3,1.4965,,0.0186,,,,5
N_pooled,N,2,tmpl,1.0,341.323,permuted,,5,1.4981,,0.0185,,,,5
N_pooled,N,2,tmpl,1.0,341.323,permuted,,7,1.4984,,0.0262,,,,5
N_pooled,N,2,tmpl,1.0,341.323,permuted,,10,1.4934,,0.0226,,,,5
N_pooled,N,2,tmpl,1.0,341.323,permuted,,15,1.4810,,0.0236,,,,5
N_pooled,N,2,tmpl,1.0,341.323,permuted,,20,1.4843,,0.0297,,,,5
N_pooled,N,2,tmpl,1.0,341.323,permuted,,30,1.4801,,0.0321,,,,5
N_pooled,N,2,tmpl,1.0,341.323,permuted,,50,1.4778,,0.0470,,,,5
N_pooled,N,2,tmpl,1.0,341.323,permuted,,70,1.4840,,0.0548,,,,5
N_pooled,N,2,tmpl,1.0,341.323,permuted,,100,1.4804,,0.0648,,,,5
N_pooled,N,2,tmpl,1.0,341.323,permuted,,150,1.4748,,0.0669,,,,5
N_pooled,N,2,tmpl,1.0,341.323,permuted,,200,1.4742,,0.0813,,,,5
N_pooled,N,2,tmpl,1.0,341.323,permuted,,300,1.4687,,0.0833,,,,5
N_pooled,N,2,tmpl,1.0,341.323,permuted,,500,1.4587,,0.1116,,,,5
N_pooled,N,2,tmpl,1.0,341.323,permuted,,700,1.4479,,0.0987,,,,5
N_pooled,N,2,tmpl,1.0,341.323,permuted,,765,1.4457,,0.0953,,,,5
N_pooled,N,2,tmpl_bits,1.0,341.323,real,,1,1.5038,0.0203,,0.2510,0.5055,0.4960,80
N_pooled,N,2,tmpl_bits,1.0,341.323,real,,2,1.5250,0.0185,,0.2420,0.4885,0.5005,80
N_pooled,N,2,tmpl_bits,1.0,341.323,real,,3,1.5110,0.0232,,0.2483,0.4933,0.5000,80
N_pooled,N,2,tmpl_bits,1.0,341.323,real,,5,1.5105,0.0193,,0.2450,0.4862,0.4970,80
N_pooled,N,2,tmpl_bits,1.0,341.323,real,,7,1.5015,0.0256,,0.2502,0.4945,0.5040,80
N_pooled,N,2,tmpl_bits,1.0,341.323,real,,10,1.5075,0.0211,,0.2420,0.4863,0.5028,80
N_pooled,N,2,tmpl_bits,1.0,341.323,real,,15,1.5327,0.0251,,0.2320,0.4890,0.4788,80
N_pooled,N,2,tmpl_bits,1.0,341.323,real,,20,1.5148,0.0227,,0.2385,0.4893,0.4860,80
N_pooled,N,2,tmpl_bits,1.0,341.323,real,,30,1.5255,0.0253,,0.2388,0.4867,0.4905,80
N_pooled,N,2,tmpl_bits,1.0,341.323,real,,50,1.5238,0.0356,,0.2397,0.4923,0.4850,80
N_pooled,N,2,tmpl_bits,1.0,341.323,real,,70,1.5453,0.0207,,0.2387,0.4938,0.4850,80
N_pooled,N,2,tmpl_bits,1.0,341.323,real,,100,1.5635,0.0343,,0.2297,0.4902,0.4732,80
N_pooled,N,2,tmpl_bits,1.0,341.323,real,,150,1.5748,0.0386,,0.2205,0.4780,0.4625,80
N_pooled,N,2,tmpl_bits,1.0,341.323,real,,200,1.5653,0.0475,,0.2270,0.4780,0.4640,80
N_pooled,N,2,tmpl_bits,1.0,341.323,real,,300,1.5945,0.0636,,0.2152,0.4733,0.4565,80
N_pooled,N,2,tmpl_bits,1.0,341.323,real,,500,1.6205,0.0753,,0.2045,0.4763,0.4322,80
N_pooled,N,2,tmpl_bits,1.0,341.323,real,,700,1.6328,0.0963,,0.1925,0.4697,0.4260,80
N_pooled,N,2,tmpl_bits,1.0,341.323,real,,765,1.6242,0.1048,,0.2017,0.4822,0.4323,80
N_pooled,N,2,tmpl_bits,1.0,341.323,permuted,,1,1.4984,,0.0228,,,,5
N_pooled,N,2,tmpl_bits,1.0,341.323,permuted,,2,1.4987,,0.0202,,,,5
N_pooled,N,2,tmpl_bits,1.0,341.323,permuted,,3,1.4960,,0.0176,,,,5
N_pooled,N,2,tmpl_bits,1.0,341.323,permuted,,5,1.4989,,0.0300,,,,5
N_pooled,N,2,tmpl_bits,1.0,341.323,permuted,,7,1.4941,,0.0344,,,,5
N_pooled,N,2,tmpl_bits,1.0,341.323,permuted,,10,1.4893,,0.0273,,,,5
N_pooled,N,2,tmpl_bits,1.0,341.323,permuted,,15,1.4875,,0.0194,,,,5
N_pooled,N,2,tmpl_bits,1.0,341.323,permuted,,20,1.4920,,0.0306,,,,5
N_pooled,N,2,tmpl_bits,1.0,341.323,permuted,,30,1.4906,,0.0405,,,,5
N_pooled,N,2,tmpl_bits,1.0,341.323,permuted,,50,1.4970,,0.0458,,,,5
N_pooled,N,2,tmpl_bits,1.0,341.323,permuted,,70,1.4922,,0.0496,,,,5
N_pooled,N,2,tmpl_bits,1.0,341.323,permuted,,100,1.4963,,0.0528,,,,5
N_pooled,N,2,tmpl_bits,1.0,341.323,permuted,,150,1.4965,,0.0589,,,,5
N_pooled,N,2,tmpl_bits,1.0,341.323,permuted,,200,1.4877,,0.0690,,,,5
N_pooled,N,2,tmpl_bits,1.0,341.323,permuted,,300,1.4869,,0.0803,,,,5
N_pooled,N,2,tmpl_bits,1.0,341.323,permuted,,500,1.4907,,0.0903,,,,5
N_pooled,N,2,tmpl_bits,1.0,341.323,permuted,,700,1.4810,,0.0814,,,,5
N_pooled,N,2,tmpl_bits,1.0,341.323,permuted,,765,1.4784,,0.0878,,,,5
N_pooled,N,2,corr,1.0,341.323,real,,1,1.5000,0.0000,,0.2500,0.5000,0.5000,80
N_pooled,N,2,corr,1.0,341.323,real,,2,1.5191,0.0237,,0.2519,0.4991,0.5071,80
N_pooled,N,2,corr,1.0,341.323,real,,3,1.5265,0.0183,,0.2452,0.4984,0.4916,80
N_pooled,N,2,corr,1.0,341.323,real,,5,1.5077,0.0192,,0.2470,0.4953,0.5030,80
N_pooled,N,2,corr,1.0,341.323,real,,7,1.4990,0.0167,,0.2491,0.5014,0.4976,80
N_pooled,N,2,corr,1.0,341.323,real,,10,1.5045,0.0207,,0.2400,0.5022,0.4838,80
N_pooled,N,2,corr,1.0,341.323,real,,15,1.5285,0.0233,,0.2412,0.4955,0.4820,80
N_pooled,N,2,corr,1.0,341.323,real,,20,1.5318,0.0271,,0.2363,0.4973,0.4855,80
N_pooled,N,2,corr,1.0,341.323,real,,30,1.5373,0.0203,,0.2415,0.4828,0.4945,80
N_pooled,N,2,corr,1.0,341.323,real,,50,1.5143,0.0249,,0.2437,0.4920,0.4925,80
N_pooled,N,2,corr,1.0,341.323,real,,70,1.5270,0.0265,,0.2357,0.4818,0.4893,80
N_pooled,N,2,corr,1.0,341.323,real,,100,1.5385,0.0310,,0.2357,0.4770,0.4938,80
N_pooled,N,2,corr,1.0,341.323,real,,150,1.5573,0.0321,,0.2190,0.4592,0.4953,80
N_pooled,N,2,corr,1.0,341.323,real,,200,1.5635,0.0399,,0.2277,0.4585,0.4933,80
N_pooled,N,2,corr,1.0,341.323,real,,300,1.5648,0.0497,,0.2280,0.4545,0.4992,80
N_pooled,N,2,corr,1.0,341.323,real,,500,1.5473,0.0643,,0.2230,0.4457,0.4895,80
N_pooled,N,2,corr,1.0,341.323,real,,700,1.5528,0.0783,,0.2312,0.4530,0.4820,80
N_pooled,N,2,corr,1.0,341.323,real,,765,1.5400,0.0869,,0.2370,0.4595,0.4822,80
N_pooled,N,2,corr,1.0,341.323,permuted,,1,1.5000,,0.0000,,,,5
N_pooled,N,2,corr,1.0,341.323,permuted,,2,1.5003,,0.0126,,,,5
N_pooled,N,2,corr,1.0,341.323,permuted,,3,1.5076,,0.0147,,,,5
N_pooled,N,2,corr,1.0,341.323,permuted,,5,1.4938,,0.0095,,,,5
N_pooled,N,2,corr,1.0,341.323,permuted,,7,1.4850,,0.0127,,,,5
N_pooled,N,2,corr,1.0,341.323,permuted,,10,1.4876,,0.0191,,,,5
N_pooled,N,2,corr,1.0,341.323,permuted,,15,1.4884,,0.0205,,,,5
N_pooled,N,2,corr,1.0,341.323,permuted,,20,1.5024,,0.0246,,,,5
N_pooled,N,2,corr,1.0,341.323,permuted,,30,1.5044,,0.0229,,,,5
N_pooled,N,2,corr,1.0,341.323,permuted,,50,1.5012,,0.0282,,,,5
N_pooled,N,2,corr,1.0,341.323,permuted,,70,1.4985,,0.0355,,,,5
N_pooled,N,2,corr,1.0,341.323,permuted,,100,1.5103,,0.0393,,,,5
N_pooled,N,2,corr,1.0,341.323,permuted,,150,1.5145,,0.0490,,,,5
N_pooled,N,2,corr,1.0,341.323,permuted,,200,1.5128,,0.0498,,,,5
N_pooled,N,2,corr,1.0,341.323,permuted,,300,1.5112,,0.0577,,,,5
N_pooled,N,2,corr,1.0,341.323,permuted,,500,1.5212,,0.0774,,,,5
N_pooled,N,2,corr,1.0,341.323,permuted,,700,1.5240,,0.0959,,,,5
N_pooled,N,2,corr,1.0,341.323,permuted,,765,1.5206,,0.0983,,,,5
D_tvla,D,1,tmpl,0.0,0.0,real,,1,1.5055,0.0198,,0.2522,0.5040,0.5125,80
D_tvla,D,1,tmpl,0.0,0.0,real,,2,1.5143,0.0160,,0.2513,0.4988,0.5020,80
D_tvla,D,1,tmpl,0.0,0.0,real,,3,1.5205,0.0141,,0.2450,0.5055,0.4812,80
D_tvla,D,1,tmpl,0.0,0.0,real,,5,1.5125,0.0144,,0.2473,0.5038,0.4930,80
D_tvla,D,1,tmpl,0.0,0.0,real,,7,1.4800,0.0136,,0.2535,0.5105,0.4978,80
D_tvla,D,1,tmpl,0.0,0.0,real,,10,1.4892,0.0191,,0.2515,0.5060,0.5015,80
D_tvla,D,1,tmpl,0.0,0.0,real,,15,1.4910,0.0206,,0.2500,0.5000,0.4997,80
D_tvla,D,1,tmpl,0.0,0.0,real,,20,1.5060,0.0227,,0.2495,0.5000,0.5075,80
D_tvla,D,1,tmpl,0.0,0.0,real,,30,1.4818,0.0178,,0.2595,0.5182,0.5012,80
D_tvla,D,1,tmpl,0.0,0.0,real,,50,1.4775,0.0203,,0.2595,0.5110,0.5062,80
D_tvla,D,1,tmpl,0.0,0.0,real,,70,1.4527,0.0263,,0.2692,0.5270,0.5127,80
D_tvla,D,1,tmpl,0.0,0.0,real,,100,1.4703,0.0325,,0.2568,0.5140,0.5065,80
D_tvla,D,1,tmpl,0.0,0.0,real,,150,1.4812,0.0412,,0.2533,0.5285,0.4973,80
D_tvla,D,1,tmpl,0.0,0.0,real,,200,1.4622,0.0533,,0.2573,0.5260,0.5027,80
D_tvla,D,1,tmpl,0.0,0.0,real,,300,1.4585,0.0579,,0.2560,0.5430,0.4910,80
D_tvla,D,1,tmpl,0.0,0.0,real,,500,1.4735,0.0637,,0.2477,0.5527,0.4705,80
D_tvla,D,1,tmpl,0.0,0.0,real,,521,1.4750,0.0645,,0.2460,0.5510,0.4715,80
D_tvla,D,1,tmpl,0.0,0.0,permuted,,1,1.4916,,0.0159,,,,20
D_tvla,D,1,tmpl,0.0,0.0,permuted,,2,1.4985,,0.0188,,,,20
D_tvla,D,1,tmpl,0.0,0.0,permuted,,3,1.5057,,0.0194,,,,20
D_tvla,D,1,tmpl,0.0,0.0,permuted,,5,1.5040,,0.0169,,,,20
D_tvla,D,1,tmpl,0.0,0.0,permuted,,7,1.5002,,0.0204,,,,20
D_tvla,D,1,tmpl,0.0,0.0,permuted,,10,1.4995,,0.0198,,,,20
D_tvla,D,1,tmpl,0.0,0.0,permuted,,15,1.5012,,0.0216,,,,20
D_tvla,D,1,tmpl,0.0,0.0,permuted,,20,1.5021,,0.0238,,,,20
D_tvla,D,1,tmpl,0.0,0.0,permuted,,30,1.4988,,0.0243,,,,20
D_tvla,D,1,tmpl,0.0,0.0,permuted,,50,1.4986,,0.0299,,,,20
D_tvla,D,1,tmpl,0.0,0.0,permuted,,70,1.5016,,0.0267,,,,20
D_tvla,D,1,tmpl,0.0,0.0,permuted,,100,1.5046,,0.0338,,,,20
D_tvla,D,1,tmpl,0.0,0.0,permuted,,150,1.5046,,0.0437,,,,20
D_tvla,D,1,tmpl,0.0,0.0,permuted,,200,1.5053,,0.0445,,,,20
D_tvla,D,1,tmpl,0.0,0.0,permuted,,300,1.5085,,0.0544,,,,20
D_tvla,D,1,tmpl,0.0,0.0,permuted,,500,1.5125,,0.0666,,,,20
D_tvla,D,1,tmpl,0.0,0.0,permuted,,521,1.5120,,0.0656,,,,20
D_tvla,D,1,tmpl_bits,0.0,0.0,real,,1,1.4870,0.0227,,0.2595,0.5072,0.5035,80
D_tvla,D,1,tmpl_bits,0.0,0.0,real,,2,1.4965,0.0233,,0.2593,0.5068,0.5057,80
D_tvla,D,1,tmpl_bits,0.0,0.0,real,,3,1.5045,0.0199,,0.2487,0.5072,0.4937,80
D_tvla,D,1,tmpl_bits,0.0,0.0,real,,5,1.5120,0.0133,,0.2515,0.4977,0.5035,80
D_tvla,D,1,tmpl_bits,0.0,0.0,real,,7,1.4977,0.0190,,0.2492,0.4973,0.5057,80
D_tvla,D,1,tmpl_bits,0.0,0.0,real,,10,1.5073,0.0207,,0.2505,0.5023,0.5055,80
D_tvla,D,1,tmpl_bits,0.0,0.0,real,,15,1.5000,0.0202,,0.2503,0.4983,0.5095,80
D_tvla,D,1,tmpl_bits,0.0,0.0,real,,20,1.4915,0.0290,,0.2533,0.4972,0.5102,80
D_tvla,D,1,tmpl_bits,0.0,0.0,real,,30,1.4955,0.0212,,0.2507,0.5030,0.5007,80
D_tvla,D,1,tmpl_bits,0.0,0.0,real,,50,1.4945,0.0194,,0.2435,0.4862,0.5087,80
D_tvla,D,1,tmpl_bits,0.0,0.0,real,,70,1.4887,0.0233,,0.2527,0.5025,0.5075,80
D_tvla,D,1,tmpl_bits,0.0,0.0,real,,100,1.5060,0.0406,,0.2437,0.4878,0.5052,80
D_tvla,D,1,tmpl_bits,0.0,0.0,real,,150,1.5297,0.0366,,0.2305,0.4878,0.4912,80
D_tvla,D,1,tmpl_bits,0.0,0.0,real,,200,1.5215,0.0516,,0.2350,0.4978,0.4910,80
D_tvla,D,1,tmpl_bits,0.0,0.0,real,,300,1.5205,0.0577,,0.2323,0.4905,0.4842,80
D_tvla,D,1,tmpl_bits,0.0,0.0,real,,500,1.5363,0.0682,,0.2208,0.5003,0.4775,80
D_tvla,D,1,tmpl_bits,0.0,0.0,real,,521,1.5215,0.0695,,0.2233,0.4947,0.4803,80
D_tvla,D,1,tmpl_bits,0.0,0.0,permuted,,1,1.4955,,0.0200,,,,20
D_tvla,D,1,tmpl_bits,0.0,0.0,permuted,,2,1.5001,,0.0171,,,,20
D_tvla,D,1,tmpl_bits,0.0,0.0,permuted,,3,1.5018,,0.0194,,,,20
D_tvla,D,1,tmpl_bits,0.0,0.0,permuted,,5,1.5022,,0.0211,,,,20
D_tvla,D,1,tmpl_bits,0.0,0.0,permuted,,7,1.4999,,0.0249,,,,20
D_tvla,D,1,tmpl_bits,0.0,0.0,permuted,,10,1.5013,,0.0266,,,,20
D_tvla,D,1,tmpl_bits,0.0,0.0,permuted,,15,1.4990,,0.0256,,,,20
D_tvla,D,1,tmpl_bits,0.0,0.0,permuted,,20,1.4974,,0.0258,,,,20
D_tvla,D,1,tmpl_bits,0.0,0.0,permuted,,30,1.4977,,0.0246,,,,20
D_tvla,D,1,tmpl_bits,0.0,0.0,permuted,,50,1.5053,,0.0261,,,,20
D_tvla,D,1,tmpl_bits,0.0,0.0,permuted,,70,1.5052,,0.0314,,,,20
D_tvla,D,1,tmpl_bits,0.0,0.0,permuted,,100,1.5090,,0.0347,,,,20
D_tvla,D,1,tmpl_bits,0.0,0.0,permuted,,150,1.5042,,0.0335,,,,20
D_tvla,D,1,tmpl_bits,0.0,0.0,permuted,,200,1.5073,,0.0384,,,,20
D_tvla,D,1,tmpl_bits,0.0,0.0,permuted,,300,1.5064,,0.0536,,,,20
D_tvla,D,1,tmpl_bits,0.0,0.0,permuted,,500,1.5095,,0.0683,,,,20
D_tvla,D,1,tmpl_bits,0.0,0.0,permuted,,521,1.5078,,0.0679,,,,20
D_tvla,D,1,corr,0.0,0.0,real,,1,1.5000,0.0000,,0.2500,0.5000,0.5000,80
D_tvla,D,1,corr,0.0,0.0,real,,2,1.5032,0.0234,,0.2506,0.4972,0.5012,80
D_tvla,D,1,corr,0.0,0.0,real,,3,1.5107,0.0240,,0.2494,0.4901,0.5008,80
D_tvla,D,1,corr,0.0,0.0,real,,5,1.5024,0.0255,,0.2490,0.4923,0.5034,80
D_tvla,D,1,corr,0.0,0.0,real,,7,1.4858,0.0195,,0.2542,0.4891,0.5066,80
D_tvla,D,1,corr,0.0,0.0,real,,10,1.5085,0.0270,,0.2538,0.4947,0.5082,80
D_tvla,D,1,corr,0.0,0.0,real,,15,1.5057,0.0278,,0.2463,0.4790,0.5100,80
D_tvla,D,1,corr,0.0,0.0,real,,20,1.5030,0.0282,,0.2515,0.4853,0.5072,80
D_tvla,D,1,corr,0.0,0.0,real,,30,1.5140,0.0290,,0.2442,0.4930,0.4973,80
D_tvla,D,1,corr,0.0,0.0,real,,50,1.5125,0.0373,,0.2433,0.4777,0.5010,80
D_tvla,D,1,corr,0.0,0.0,real,,70,1.4835,0.0401,,0.2510,0.4840,0.5005,80
D_tvla,D,1,corr,0.0,0.0,real,,100,1.4895,0.0531,,0.2452,0.4775,0.4982,80
D_tvla,D,1,corr,0.0,0.0,real,,150,1.5257,0.0566,,0.2367,0.4735,0.4848,80
D_tvla,D,1,corr,0.0,0.0,real,,200,1.5145,0.0687,,0.2365,0.4588,0.4968,80
D_tvla,D,1,corr,0.0,0.0,real,,300,1.5120,0.0860,,0.2422,0.4645,0.4962,80
D_tvla,D,1,corr,0.0,0.0,real,,500,1.5055,0.1158,,0.2485,0.4333,0.5172,80
D_tvla,D,1,corr,0.0,0.0,real,,521,1.5185,0.1192,,0.2445,0.4260,0.5200,80
D_tvla,D,1,corr,0.0,0.0,permuted,,1,1.5000,,0.0000,,,,20
D_tvla,D,1,corr,0.0,0.0,permuted,,2,1.5026,,0.0148,,,,20
D_tvla,D,1,corr,0.0,0.0,permuted,,3,1.5028,,0.0180,,,,20
D_tvla,D,1,corr,0.0,0.0,permuted,,5,1.5024,,0.0187,,,,20
D_tvla,D,1,corr,0.0,0.0,permuted,,7,1.5042,,0.0174,,,,20
D_tvla,D,1,corr,0.0,0.0,permuted,,10,1.5027,,0.0208,,,,20
D_tvla,D,1,corr,0.0,0.0,permuted,,15,1.5063,,0.0230,,,,20
D_tvla,D,1,corr,0.0,0.0,permuted,,20,1.5063,,0.0194,,,,20
D_tvla,D,1,corr,0.0,0.0,permuted,,30,1.5071,,0.0261,,,,20
D_tvla,D,1,corr,0.0,0.0,permuted,,50,1.5114,,0.0314,,,,20
D_tvla,D,1,corr,0.0,0.0,permuted,,70,1.5199,,0.0331,,,,20
D_tvla,D,1,corr,0.0,0.0,permuted,,100,1.5234,,0.0391,,,,20
D_tvla,D,1,corr,0.0,0.0,permuted,,150,1.5217,,0.0415,,,,20
D_tvla,D,1,corr,0.0,0.0,permuted,,200,1.5228,,0.0451,,,,20
D_tvla,D,1,corr,0.0,0.0,permuted,,300,1.5221,,0.0599,,,,20
D_tvla,D,1,corr,0.0,0.0,permuted,,500,1.5220,,0.0752,,,,20
D_tvla,D,1,corr,0.0,0.0,permuted,,521,1.5213,,0.0753,,,,20
D_tvla,D,1,tmpl,0.5,255.146,real,,1,1.4757,0.0175,,0.2595,0.5097,0.4903,80
D_tvla,D,1,tmpl,0.5,255.146,real,,2,1.4800,0.0102,,0.2585,0.5053,0.5000,80
D_tvla,D,1,tmpl,0.5,255.146,real,,3,1.4690,0.0091,,0.2575,0.5083,0.5015,80
D_tvla,D,1,tmpl,0.5,255.146,real,,5,1.4727,0.0155,,0.2580,0.5043,0.5148,80
D_tvla,D,1,tmpl,0.5,255.146,real,,7,1.4590,0.0192,,0.2673,0.5148,0.5163,80
D_tvla,D,1,tmpl,0.5,255.146,real,,10,1.4863,0.0129,,0.2557,0.5065,0.5025,80
D_tvla,D,1,tmpl,0.5,255.146,real,,15,1.4808,0.0208,,0.2575,0.5058,0.5068,80
D_tvla,D,1,tmpl,0.5,255.146,real,,20,1.4910,0.0337,,0.2485,0.5050,0.4933,80
D_tvla,D,1,tmpl,0.5,255.146,real,,30,1.4997,0.0325,,0.2517,0.4980,0.5022,80
D_tvla,D,1,tmpl,0.5,255.146,real,,50,1.5115,0.0438,,0.2495,0.5050,0.4998,80
D_tvla,D,1,tmpl,0.5,255.146,real,,70,1.5198,0.0528,,0.2405,0.4987,0.4900,80
D_tvla,D,1,tmpl,0.5,255.146,real,,100,1.4973,0.0527,,0.2505,0.4985,0.5053,80
D_tvla,D,1,tmpl,0.5,255.146,real,,150,1.5037,0.0686,,0.2475,0.5008,0.4953,80
D_tvla,D,1,tmpl,0.5,255.146,real,,200,1.4822,0.0707,,0.2437,0.4938,0.4950,80
D_tvla,D,1,tmpl,0.5,255.146,real,,300,1.4983,0.0771,,0.2427,0.4913,0.5003,80
D_tvla,D,1,tmpl,0.5,255.146,real,,500,1.5383,0.0732,,0.2140,0.4598,0.4880,80
D_tvla,D,1,tmpl,0.5,255.146,real,,521,1.5428,0.0762,,0.2105,0.4590,0.4843,80
D_tvla,D,1,tmpl,0.5,255.146,permuted,,1,1.4861,,0.0192,,,,5
D_tvla,D,1,tmpl,0.5,255.146,permuted,,2,1.4958,,0.0320,,,,5
D_tvla,D,1,tmpl,0.5,255.146,permuted,,3,1.4915,,0.0223,,,,5
D_tvla,D,1,tmpl,0.5,255.146,permuted,,5,1.4935,,0.0287,,,,5
D_tvla,D,1,tmpl,0.5,255.146,permuted,,7,1.4961,,0.0256,,,,5
D_tvla,D,1,tmpl,0.5,255.146,permuted,,10,1.4936,,0.0254,,,,5
D_tvla,D,1,tmpl,0.5,255.146,permuted,,15,1.4866,,0.0209,,,,5
D_tvla,D,1,tmpl,0.5,255.146,permuted,,20,1.4865,,0.0267,,,,5
D_tvla,D,1,tmpl,0.5,255.146,permuted,,30,1.4850,,0.0408,,,,5
D_tvla,D,1,tmpl,0.5,255.146,permuted,,50,1.4796,,0.0480,,,,5
D_tvla,D,1,tmpl,0.5,255.146,permuted,,70,1.4826,,0.0484,,,,5
D_tvla,D,1,tmpl,0.5,255.146,permuted,,100,1.4746,,0.0627,,,,5
D_tvla,D,1,tmpl,0.5,255.146,permuted,,150,1.4723,,0.0750,,,,5
D_tvla,D,1,tmpl,0.5,255.146,permuted,,200,1.4612,,0.0865,,,,5
D_tvla,D,1,tmpl,0.5,255.146,permuted,,300,1.4446,,0.1034,,,,5
D_tvla,D,1,tmpl,0.5,255.146,permuted,,500,1.4441,,0.1316,,,,5
D_tvla,D,1,tmpl,0.5,255.146,permuted,,521,1.4434,,0.1338,,,,5
D_tvla,D,1,tmpl_bits,0.5,255.146,real,,1,1.4998,0.0200,,0.2502,0.4985,0.4912,80
D_tvla,D,1,tmpl_bits,0.5,255.146,real,,2,1.4898,0.0189,,0.2537,0.5100,0.4882,80
D_tvla,D,1,tmpl_bits,0.5,255.146,real,,3,1.4880,0.0154,,0.2515,0.5052,0.4965,80
D_tvla,D,1,tmpl_bits,0.5,255.146,real,,5,1.4845,0.0192,,0.2475,0.4990,0.4978,80
D_tvla,D,1,tmpl_bits,0.5,255.146,real,,7,1.4988,0.0125,,0.2503,0.5115,0.4955,80
D_tvla,D,1,tmpl_bits,0.5,255.146,real,,10,1.4990,0.0247,,0.2533,0.5182,0.4945,80
D_tvla,D,1,tmpl_bits,0.5,255.146,real,,15,1.4945,0.0213,,0.2580,0.5107,0.5052,80
D_tvla,D,1,tmpl_bits,0.5,255.146,real,,20,1.4788,0.0282,,0.2607,0.5180,0.5030,80
D_tvla,D,1,tmpl_bits,0.5,255.146,real,,30,1.5027,0.0303,,0.2548,0.5073,0.5033,80
D_tvla,D,1,tmpl_bits,0.5,255.146,real,,50,1.4940,0.0391,,0.2517,0.5077,0.4930,80
D_tvla,D,1,tmpl_bits,0.5,255.146,real,,70,1.4973,0.0467,,0.2500,0.5032,0.4937,80
D_tvla,D,1,tmpl_bits,0.5,255.146,real,,100,1.4855,0.0579,,0.2572,0.5062,0.5060,80
D_tvla,D,1,tmpl_bits,0.5,255.146,real,,150,1.4937,0.0600,,0.2527,0.4982,0.5065,80
D_tvla,D,1,tmpl_bits,0.5,255.146,real,,200,1.4992,0.0645,,0.2455,0.4977,0.4948,80
D_tvla,D,1,tmpl_bits,0.5,255.146,real,,300,1.4952,0.0678,,0.2473,0.5008,0.4825,80
D_tvla,D,1,tmpl_bits,0.5,255.146,real,,500,1.4908,0.0759,,0.2428,0.4920,0.4918,80
D_tvla,D,1,tmpl_bits,0.5,255.146,real,,521,1.4955,0.0712,,0.2382,0.4922,0.4847,80
D_tvla,D,1,tmpl_bits,0.5,255.146,permuted,,1,1.4913,,0.0089,,,,5
D_tvla,D,1,tmpl_bits,0.5,255.146,permuted,,2,1.5066,,0.0111,,,,5
D_tvla,D,1,tmpl_bits,0.5,255.146,permuted,,3,1.5002,,0.0153,,,,5
D_tvla,D,1,tmpl_bits,0.5,255.146,permuted,,5,1.5096,,0.0123,,,,5
D_tvla,D,1,tmpl_bits,0.5,255.146,permuted,,7,1.5168,,0.0134,,,,5
D_tvla,D,1,tmpl_bits,0.5,255.146,permuted,,10,1.5060,,0.0216,,,,5
D_tvla,D,1,tmpl_bits,0.5,255.146,permuted,,15,1.5075,,0.0163,,,,5
D_tvla,D,1,tmpl_bits,0.5,255.146,permuted,,20,1.5023,,0.0171,,,,5
D_tvla,D,1,tmpl_bits,0.5,255.146,permuted,,30,1.4954,,0.0286,,,,5
D_tvla,D,1,tmpl_bits,0.5,255.146,permuted,,50,1.4927,,0.0469,,,,5
D_tvla,D,1,tmpl_bits,0.5,255.146,permuted,,70,1.4934,,0.0519,,,,5
D_tvla,D,1,tmpl_bits,0.5,255.146,permuted,,100,1.4990,,0.0618,,,,5
D_tvla,D,1,tmpl_bits,0.5,255.146,permuted,,150,1.4988,,0.0801,,,,5
D_tvla,D,1,tmpl_bits,0.5,255.146,permuted,,200,1.4950,,0.0836,,,,5
D_tvla,D,1,tmpl_bits,0.5,255.146,permuted,,300,1.4887,,0.0979,,,,5
D_tvla,D,1,tmpl_bits,0.5,255.146,permuted,,500,1.4927,,0.1262,,,,5
D_tvla,D,1,tmpl_bits,0.5,255.146,permuted,,521,1.4943,,0.1324,,,,5
D_tvla,D,1,corr,0.5,255.146,real,,1,1.5000,0.0000,,0.2500,0.5000,0.5000,80
D_tvla,D,1,corr,0.5,255.146,real,,2,1.4849,0.0207,,0.2528,0.4966,0.5091,80
D_tvla,D,1,corr,0.5,255.146,real,,3,1.4649,0.0209,,0.2561,0.5015,0.4980,80
D_tvla,D,1,corr,0.5,255.146,real,,5,1.4731,0.0252,,0.2546,0.5044,0.4986,80
D_tvla,D,1,corr,0.5,255.146,real,,7,1.4680,0.0212,,0.2547,0.5080,0.4998,80
D_tvla,D,1,corr,0.5,255.146,real,,10,1.4828,0.0194,,0.2462,0.4938,0.4982,80
D_tvla,D,1,corr,0.5,255.146,real,,15,1.4832,0.0275,,0.2525,0.5020,0.5003,80
D_tvla,D,1,corr,0.5,255.146,real,,20,1.5000,0.0245,,0.2475,0.5028,0.4900,80
D_tvla,D,1,corr,0.5,255.146,real,,30,1.4980,0.0350,,0.2470,0.4983,0.4855,80
D_tvla,D,1,corr,0.5,255.146,real,,50,1.4772,0.0379,,0.2570,0.5017,0.5078,80
D_tvla,D,1,corr,0.5,255.146,real,,70,1.4630,0.0416,,0.2573,0.5065,0.4953,80
D_tvla,D,1,corr,0.5,255.146,real,,100,1.4275,0.0463,,0.2685,0.5132,0.5063,80
D_tvla,D,1,corr,0.5,255.146,real,,150,1.4067,0.0543,,0.2710,0.5070,0.5108,80
D_tvla,D,1,corr,0.5,255.146,real,,200,1.3945,0.0638,,0.2823,0.5245,0.5182,80
D_tvla,D,1,corr,0.5,255.146,real,,300,1.3785,0.0869,,0.2885,0.5270,0.5152,80
D_tvla,D,1,corr,0.5,255.146,real,,500,1.3298,0.1193,,0.3055,0.5642,0.4967,80
D_tvla,D,1,corr,0.5,255.146,real,,521,1.3330,0.1235,,0.3072,0.5712,0.4937,80
D_tvla,D,1,corr,0.5,255.146,permuted,,1,1.5000,,0.0000,,,,5
D_tvla,D,1,corr,0.5,255.146,permuted,,2,1.5054,,0.0214,,,,5
D_tvla,D,1,corr,0.5,255.146,permuted,,3,1.5065,,0.0192,,,,5
D_tvla,D,1,corr,0.5,255.146,permuted,,5,1.4907,,0.0216,,,,5
D_tvla,D,1,corr,0.5,255.146,permuted,,7,1.4906,,0.0286,,,,5
D_tvla,D,1,corr,0.5,255.146,permuted,,10,1.4938,,0.0258,,,,5
D_tvla,D,1,corr,0.5,255.146,permuted,,15,1.4947,,0.0220,,,,5
D_tvla,D,1,corr,0.5,255.146,permuted,,20,1.4904,,0.0196,,,,5
D_tvla,D,1,corr,0.5,255.146,permuted,,30,1.4835,,0.0257,,,,5
D_tvla,D,1,corr,0.5,255.146,permuted,,50,1.4743,,0.0291,,,,5
D_tvla,D,1,corr,0.5,255.146,permuted,,70,1.4766,,0.0353,,,,5
D_tvla,D,1,corr,0.5,255.146,permuted,,100,1.4701,,0.0412,,,,5
D_tvla,D,1,corr,0.5,255.146,permuted,,150,1.4724,,0.0462,,,,5
D_tvla,D,1,corr,0.5,255.146,permuted,,200,1.4787,,0.0505,,,,5
D_tvla,D,1,corr,0.5,255.146,permuted,,300,1.4658,,0.0667,,,,5
D_tvla,D,1,corr,0.5,255.146,permuted,,500,1.4696,,0.0920,,,,5
D_tvla,D,1,corr,0.5,255.146,permuted,,521,1.4662,,0.0926,,,,5
D_tvla,D,1,tmpl,1.0,510.292,real,,1,1.4717,0.0150,,0.2615,0.5118,0.5040,80
D_tvla,D,1,tmpl,1.0,510.292,real,,2,1.5135,0.0131,,0.2440,0.4960,0.4907,80
D_tvla,D,1,tmpl,1.0,510.292,real,,3,1.4908,0.0218,,0.2520,0.4982,0.5003,80
D_tvla,D,1,tmpl,1.0,510.292,real,,5,1.4840,0.0181,,0.2535,0.5070,0.5060,80
D_tvla,D,1,tmpl,1.0,510.292,real,,7,1.4888,0.0213,,0.2535,0.5040,0.5065,80
D_tvla,D,1,tmpl,1.0,510.292,real,,10,1.4897,0.0175,,0.2515,0.4958,0.5108,80
D_tvla,D,1,tmpl,1.0,510.292,real,,15,1.4627,0.0163,,0.2693,0.5112,0.5183,80
D_tvla,D,1,tmpl,1.0,510.292,real,,20,1.4777,0.0205,,0.2613,0.5140,0.5138,80
D_tvla,D,1,tmpl,1.0,510.292,real,,30,1.4510,0.0225,,0.2703,0.5188,0.5200,80
D_tvla,D,1,tmpl,1.0,510.292,real,,50,1.4708,0.0258,,0.2633,0.5228,0.5145,80
D_tvla,D,1,tmpl,1.0,510.292,real,,70,1.4532,0.0285,,0.2685,0.5172,0.5190,80
D_tvla,D,1,tmpl,1.0,510.292,real,,100,1.4355,0.0352,,0.2742,0.5240,0.5243,80
D_tvla,D,1,tmpl,1.0,510.292,real,,150,1.4387,0.0450,,0.2765,0.5410,0.5053,80
D_tvla,D,1,tmpl,1.0,510.292,real,,200,1.4298,0.0578,,0.2797,0.5467,0.5090,80
D_tvla,D,1,tmpl,1.0,510.292,real,,300,1.4050,0.0657,,0.2780,0.5525,0.5020,80
D_tvla,D,1,tmpl,1.0,510.292,real,,500,1.4085,0.0966,,0.2650,0.5750,0.4760,80
D_tvla,D,1,tmpl,1.0,510.292,real,,521,1.4168,0.1008,,0.2555,0.5658,0.4702,80
D_tvla,D,1,tmpl,1.0,510.292,permuted,,1,1.5117,,0.0228,,,,5
D_tvla,D,1,tmpl,1.0,510.292,permuted,,2,1.4984,,0.0211,,,,5
D_tvla,D,1,tmpl,1.0,510.292,permuted,,3,1.4950,,0.0130,,,,5
D_tvla,D,1,tmpl,1.0,510.292,permuted,,5,1.4838,,0.0175,,,,5
D_tvla,D,1,tmpl,1.0,510.292,permuted,,7,1.4839,,0.0157,,,,5
D_tvla,D,1,tmpl,1.0,510.292,permuted,,10,1.4891,,0.0212,,,,5
D_tvla,D,1,tmpl,1.0,510.292,permuted,,15,1.5028,,0.0222,,,,5
D_tvla,D,1,tmpl,1.0,510.292,permuted,,20,1.4994,,0.0214,,,,5
D_tvla,D,1,tmpl,1.0,510.292,permuted,,30,1.4998,,0.0269,,,,5
D_tvla,D,1,tmpl,1.0,510.292,permuted,,50,1.4845,,0.0381,,,,5
D_tvla,D,1,tmpl,1.0,510.292,permuted,,70,1.4832,,0.0560,,,,5
D_tvla,D,1,tmpl,1.0,510.292,permuted,,100,1.4792,,0.0810,,,,5
D_tvla,D,1,tmpl,1.0,510.292,permuted,,150,1.4810,,0.0667,,,,5
D_tvla,D,1,tmpl,1.0,510.292,permuted,,200,1.4752,,0.0798,,,,5
D_tvla,D,1,tmpl,1.0,510.292,permuted,,300,1.4707,,0.1007,,,,5
D_tvla,D,1,tmpl,1.0,510.292,permuted,,500,1.4698,,0.1184,,,,5
D_tvla,D,1,tmpl,1.0,510.292,permuted,,521,1.4723,,0.1172,,,,5
D_tvla,D,1,tmpl_bits,1.0,510.292,real,,1,1.4860,0.0139,,0.2553,0.4982,0.5140,80
D_tvla,D,1,tmpl_bits,1.0,510.292,real,,2,1.5060,0.0192,,0.2428,0.4900,0.4970,80
D_tvla,D,1,tmpl_bits,1.0,510.292,real,,3,1.4870,0.0193,,0.2488,0.4938,0.5063,80
D_tvla,D,1,tmpl_bits,1.0,510.292,real,,5,1.4980,0.0220,,0.2517,0.4895,0.5200,80
D_tvla,D,1,tmpl_bits,1.0,510.292,real,,7,1.5267,0.0290,,0.2417,0.4793,0.5085,80
D_tvla,D,1,tmpl_bits,1.0,510.292,real,,10,1.5312,0.0273,,0.2425,0.4825,0.5063,80
D_tvla,D,1,tmpl_bits,1.0,510.292,real,,15,1.5075,0.0263,,0.2448,0.4820,0.5148,80
D_tvla,D,1,tmpl_bits,1.0,510.292,real,,20,1.5040,0.0252,,0.2455,0.4873,0.5067,80
D_tvla,D,1,tmpl_bits,1.0,510.292,real,,30,1.5055,0.0328,,0.2497,0.4848,0.5075,80
D_tvla,D,1,tmpl_bits,1.0,510.292,real,,50,1.5075,0.0295,,0.2390,0.4803,0.5087,80
D_tvla,D,1,tmpl_bits,1.0,510.292,real,,70,1.4828,0.0420,,0.2540,0.4775,0.5192,80
D_tvla,D,1,tmpl_bits,1.0,510.292,real,,100,1.4850,0.0538,,0.2477,0.4832,0.5158,80
D_tvla,D,1,tmpl_bits,1.0,510.292,real,,150,1.4785,0.0633,,0.2555,0.4923,0.5132,80
D_tvla,D,1,tmpl_bits,1.0,510.292,real,,200,1.4745,0.0663,,0.2552,0.4938,0.5122,80
D_tvla,D,1,tmpl_bits,1.0,510.292,real,,300,1.4772,0.0758,,0.2517,0.4805,0.5065,80
D_tvla,D,1,tmpl_bits,1.0,510.292,real,,500,1.4717,0.0752,,0.2355,0.4705,0.4852,80
D_tvla,D,1,tmpl_bits,1.0,510.292,real,,521,1.4850,0.0742,,0.2320,0.4665,0.4860,80
D_tvla,D,1,tmpl_bits,1.0,510.292,permuted,,1,1.5056,,0.0226,,,,5
D_tvla,D,1,tmpl_bits,1.0,510.292,permuted,,2,1.5058,,0.0267,,,,5
D_tvla,D,1,tmpl_bits,1.0,510.292,permuted,,3,1.5083,,0.0281,,,,5
D_tvla,D,1,tmpl_bits,1.0,510.292,permuted,,5,1.5028,,0.0218,,,,5
D_tvla,D,1,tmpl_bits,1.0,510.292,permuted,,7,1.5034,,0.0198,,,,5
D_tvla,D,1,tmpl_bits,1.0,510.292,permuted,,10,1.5003,,0.0264,,,,5
D_tvla,D,1,tmpl_bits,1.0,510.292,permuted,,15,1.5014,,0.0268,,,,5
D_tvla,D,1,tmpl_bits,1.0,510.292,permuted,,20,1.5119,,0.0295,,,,5
D_tvla,D,1,tmpl_bits,1.0,510.292,permuted,,30,1.5101,,0.0378,,,,5
D_tvla,D,1,tmpl_bits,1.0,510.292,permuted,,50,1.5005,,0.0566,,,,5
D_tvla,D,1,tmpl_bits,1.0,510.292,permuted,,70,1.4943,,0.0586,,,,5
D_tvla,D,1,tmpl_bits,1.0,510.292,permuted,,100,1.4968,,0.0782,,,,5
D_tvla,D,1,tmpl_bits,1.0,510.292,permuted,,150,1.5049,,0.0851,,,,5
D_tvla,D,1,tmpl_bits,1.0,510.292,permuted,,200,1.4999,,0.1053,,,,5
D_tvla,D,1,tmpl_bits,1.0,510.292,permuted,,300,1.5070,,0.1120,,,,5
D_tvla,D,1,tmpl_bits,1.0,510.292,permuted,,500,1.5107,,0.1496,,,,5
D_tvla,D,1,tmpl_bits,1.0,510.292,permuted,,521,1.5187,,0.1505,,,,5
D_tvla,D,1,corr,1.0,510.292,real,,1,1.5000,0.0000,,0.2500,0.5000,0.5000,80
D_tvla,D,1,corr,1.0,510.292,real,,2,1.4998,0.0123,,0.2538,0.4943,0.5097,80
D_tvla,D,1,corr,1.0,510.292,real,,3,1.4986,0.0145,,0.2543,0.4998,0.5028,80
D_tvla,D,1,corr,1.0,510.292,real,,5,1.5069,0.0236,,0.2577,0.5015,0.5170,80
D_tvla,D,1,corr,1.0,510.292,real,,7,1.5058,0.0255,,0.2473,0.4946,0.5056,80
D_tvla,D,1,corr,1.0,510.292,real,,10,1.4775,0.0251,,0.2610,0.5022,0.5127,80
D_tvla,D,1,corr,1.0,510.292,real,,15,1.4670,0.0280,,0.2623,0.4940,0.5220,80
D_tvla,D,1,corr,1.0,510.292,real,,20,1.4887,0.0293,,0.2538,0.4800,0.5235,80
D_tvla,D,1,corr,1.0,510.292,real,,30,1.4965,0.0231,,0.2570,0.4837,0.5243,80
D_tvla,D,1,corr,1.0,510.292,real,,50,1.5002,0.0424,,0.2530,0.4757,0.5325,80
D_tvla,D,1,corr,1.0,510.292,real,,70,1.4933,0.0421,,0.2558,0.4888,0.5260,80
D_tvla,D,1,corr,1.0,510.292,real,,100,1.5093,0.0547,,0.2540,0.4760,0.5343,80
D_tvla,D,1,corr,1.0,510.292,real,,150,1.5157,0.0703,,0.2440,0.4680,0.5262,80
D_tvla,D,1,corr,1.0,510.292,real,,200,1.5135,0.0861,,0.2458,0.4642,0.5238,80
D_tvla,D,1,corr,1.0,510.292,real,,300,1.5123,0.1091,,0.2415,0.4605,0.5330,80
D_tvla,D,1,corr,1.0,510.292,real,,500,1.5465,0.1381,,0.2292,0.4378,0.5255,80
D_tvla,D,1,corr,1.0,510.292,real,,521,1.5472,0.1352,,0.2275,0.4337,0.5258,80
D_tvla,D,1,corr,1.0,510.292,permuted,,1,1.5000,,0.0000,,,,5
D_tvla,D,1,corr,1.0,510.292,permuted,,2,1.4900,,0.0200,,,,5
D_tvla,D,1,corr,1.0,510.292,permuted,,3,1.4802,,0.0226,,,,5
D_tvla,D,1,corr,1.0,510.292,permuted,,5,1.4872,,0.0157,,,,5
D_tvla,D,1,corr,1.0,510.292,permuted,,7,1.4930,,0.0268,,,,5
D_tvla,D,1,corr,1.0,510.292,permuted,,10,1.4904,,0.0354,,,,5
D_tvla,D,1,corr,1.0,510.292,permuted,,15,1.4939,,0.0289,,,,5
D_tvla,D,1,corr,1.0,510.292,permuted,,20,1.4945,,0.0184,,,,5
D_tvla,D,1,corr,1.0,510.292,permuted,,30,1.5049,,0.0293,,,,5
D_tvla,D,1,corr,1.0,510.292,permuted,,50,1.5042,,0.0442,,,,5
D_tvla,D,1,corr,1.0,510.292,permuted,,70,1.5020,,0.0491,,,,5
D_tvla,D,1,corr,1.0,510.292,permuted,,100,1.4998,,0.0573,,,,5
D_tvla,D,1,corr,1.0,510.292,permuted,,150,1.5099,,0.0793,,,,5
D_tvla,D,1,corr,1.0,510.292,permuted,,200,1.5178,,0.0962,,,,5
D_tvla,D,1,corr,1.0,510.292,permuted,,300,1.5116,,0.1140,,,,5
D_tvla,D,1,corr,1.0,510.292,permuted,,500,1.5381,,0.1477,,,,5
D_tvla,D,1,corr,1.0,510.292,permuted,,521,1.5413,,0.1467,,,,5
D_tvla,D,2,tmpl,0.0,0.0,real,,1,1.4360,0.0526,,0.2683,0.5218,0.5058,80
D_tvla,D,2,tmpl,0.0,0.0,real,,2,1.4125,0.0394,,0.2820,0.5360,0.5093,80
D_tvla,D,2,tmpl,0.0,0.0,real,,3,1.3838,0.0455,,0.2952,0.5375,0.5283,80
D_tvla,D,2,tmpl,0.0,0.0,real,,5,1.3645,0.0446,,0.2998,0.5552,0.5197,80
D_tvla,D,2,tmpl,0.0,0.0,real,,7,1.3550,0.0515,,0.3033,0.5598,0.5227,80
D_tvla,D,2,tmpl,0.0,0.0,real,,10,1.3122,0.0539,,0.3145,0.5735,0.5278,80
D_tvla,D,2,tmpl,0.0,0.0,real,,15,1.2735,0.0541,,0.3248,0.5778,0.5295,80
D_tvla,D,2,tmpl,0.0,0.0,real,,20,1.2287,0.0565,,0.3398,0.6007,0.5323,80
D_tvla,D,2,tmpl,0.0,0.0,real,,30,1.1530,0.0669,,0.3660,0.6230,0.5508,80
D_tvla,D,2,tmpl,0.0,0.0,real,,50,1.0770,0.0773,,0.3995,0.6615,0.5592,80
D_tvla,D,2,tmpl,0.0,0.0,real,,70,1.0027,0.0812,,0.4223,0.6878,0.5725,80
D_tvla,D,2,tmpl,0.0,0.0,real,,100,0.9168,0.0853,,0.4608,0.7090,0.6083,80
D_tvla,D,2,tmpl,0.0,0.0,real,,150,0.8037,0.0864,,0.5027,0.7452,0.6317,80
D_tvla,D,2,tmpl,0.0,0.0,real,,200,0.7643,0.0873,,0.5170,0.7612,0.6313,80
D_tvla,D,2,tmpl,0.0,0.0,real,,300,0.6705,0.0926,,0.5587,0.7937,0.6558,80
D_tvla,D,2,tmpl,0.0,0.0,real,,500,0.5790,0.1030,,0.6080,0.8290,0.6840,80
D_tvla,D,2,tmpl,0.0,0.0,real,,521,0.5683,0.1086,,0.6145,0.8293,0.6892,80
D_tvla,D,2,tmpl,0.0,0.0,permuted,,1,1.4974,,0.0158,,,,20
D_tvla,D,2,tmpl,0.0,0.0,permuted,,2,1.5008,,0.0207,,,,20
D_tvla,D,2,tmpl,0.0,0.0,permuted,,3,1.5010,,0.0190,,,,20
D_tvla,D,2,tmpl,0.0,0.0,permuted,,5,1.5017,,0.0199,,,,20
D_tvla,D,2,tmpl,0.0,0.0,permuted,,7,1.5017,,0.0242,,,,20
D_tvla,D,2,tmpl,0.0,0.0,permuted,,10,1.4955,,0.0176,,,,20
D_tvla,D,2,tmpl,0.0,0.0,permuted,,15,1.4975,,0.0183,,,,20
D_tvla,D,2,tmpl,0.0,0.0,permuted,,20,1.5022,,0.0202,,,,20
D_tvla,D,2,tmpl,0.0,0.0,permuted,,30,1.5012,,0.0241,,,,20
D_tvla,D,2,tmpl,0.0,0.0,permuted,,50,1.5050,,0.0252,,,,20
D_tvla,D,2,tmpl,0.0,0.0,permuted,,70,1.5090,,0.0350,,,,20
D_tvla,D,2,tmpl,0.0,0.0,permuted,,100,1.5093,,0.0447,,,,20
D_tvla,D,2,tmpl,0.0,0.0,permuted,,150,1.5106,,0.0549,,,,20
D_tvla,D,2,tmpl,0.0,0.0,permuted,,200,1.5073,,0.0566,,,,20
D_tvla,D,2,tmpl,0.0,0.0,permuted,,300,1.5061,,0.0620,,,,20
D_tvla,D,2,tmpl,0.0,0.0,permuted,,500,1.5057,,0.0679,,,,20
D_tvla,D,2,tmpl,0.0,0.0,permuted,,521,1.5047,,0.0660,,,,20
D_tvla,D,2,tmpl_bits,0.0,0.0,real,,1,1.4445,0.0486,,0.2638,0.5167,0.4993,80
D_tvla,D,2,tmpl_bits,0.0,0.0,real,,2,1.4042,0.0435,,0.2818,0.5250,0.5060,80
D_tvla,D,2,tmpl_bits,0.0,0.0,real,,3,1.3800,0.0356,,0.2950,0.5373,0.5113,80
D_tvla,D,2,tmpl_bits,0.0,0.0,real,,5,1.3608,0.0405,,0.2933,0.5415,0.5018,80
D_tvla,D,2,tmpl_bits,0.0,0.0,real,,7,1.3460,0.0485,,0.3005,0.5453,0.5105,80
D_tvla,D,2,tmpl_bits,0.0,0.0,real,,10,1.2967,0.0486,,0.3172,0.5587,0.5190,80
D_tvla,D,2,tmpl_bits,0.0,0.0,real,,15,1.2540,0.0541,,0.3295,0.5763,0.5090,80
D_tvla,D,2,tmpl_bits,0.0,0.0,real,,20,1.2175,0.0540,,0.3443,0.5860,0.5227,80
D_tvla,D,2,tmpl_bits,0.0,0.0,real,,30,1.1595,0.0605,,0.3630,0.5963,0.5372,80
D_tvla,D,2,tmpl_bits,0.0,0.0,real,,50,1.0790,0.0654,,0.3980,0.6225,0.5540,80
D_tvla,D,2,tmpl_bits,0.0,0.0,real,,70,0.9953,0.0734,,0.4303,0.6518,0.5722,80
D_tvla,D,2,tmpl_bits,0.0,0.0,real,,100,0.9152,0.0808,,0.4572,0.6655,0.5927,80
D_tvla,D,2,tmpl_bits,0.0,0.0,real,,150,0.8133,0.0788,,0.4963,0.6877,0.6235,80
D_tvla,D,2,tmpl_bits,0.0,0.0,real,,200,0.7600,0.0875,,0.5245,0.7037,0.6418,80
D_tvla,D,2,tmpl_bits,0.0,0.0,real,,300,0.6757,0.0858,,0.5600,0.7265,0.6670,80
D_tvla,D,2,tmpl_bits,0.0,0.0,real,,500,0.5937,0.0888,,0.6042,0.7475,0.7000,80
D_tvla,D,2,tmpl_bits,0.0,0.0,real,,521,0.5805,0.0910,,0.6118,0.7522,0.7063,80
D_tvla,D,2,tmpl_bits,0.0,0.0,permuted,,1,1.4968,,0.0209,,,,20
D_tvla,D,2,tmpl_bits,0.0,0.0,permuted,,2,1.5013,,0.0179,,,,20
D_tvla,D,2,tmpl_bits,0.0,0.0,permuted,,3,1.4988,,0.0165,,,,20
D_tvla,D,2,tmpl_bits,0.0,0.0,permuted,,5,1.4946,,0.0142,,,,20
D_tvla,D,2,tmpl_bits,0.0,0.0,permuted,,7,1.4974,,0.0187,,,,20
D_tvla,D,2,tmpl_bits,0.0,0.0,permuted,,10,1.4909,,0.0152,,,,20
D_tvla,D,2,tmpl_bits,0.0,0.0,permuted,,15,1.4989,,0.0186,,,,20
D_tvla,D,2,tmpl_bits,0.0,0.0,permuted,,20,1.5007,,0.0194,,,,20
D_tvla,D,2,tmpl_bits,0.0,0.0,permuted,,30,1.5029,,0.0234,,,,20
D_tvla,D,2,tmpl_bits,0.0,0.0,permuted,,50,1.5085,,0.0304,,,,20
D_tvla,D,2,tmpl_bits,0.0,0.0,permuted,,70,1.5113,,0.0381,,,,20
D_tvla,D,2,tmpl_bits,0.0,0.0,permuted,,100,1.5082,,0.0455,,,,20
D_tvla,D,2,tmpl_bits,0.0,0.0,permuted,,150,1.5116,,0.0496,,,,20
D_tvla,D,2,tmpl_bits,0.0,0.0,permuted,,200,1.5127,,0.0531,,,,20
D_tvla,D,2,tmpl_bits,0.0,0.0,permuted,,300,1.5143,,0.0647,,,,20
D_tvla,D,2,tmpl_bits,0.0,0.0,permuted,,500,1.5187,,0.0722,,,,20
D_tvla,D,2,tmpl_bits,0.0,0.0,permuted,,521,1.5212,,0.0731,,,,20
D_tvla,D,2,corr,0.0,0.0,real,,1,1.5000,0.0000,,0.2500,0.5000,0.5000,80
D_tvla,D,2,corr,0.0,0.0,real,,2,1.4660,0.0228,,0.2566,0.5033,0.5012,80
D_tvla,D,2,corr,0.0,0.0,real,,3,1.4655,0.0274,,0.2638,0.5058,0.5104,80
D_tvla,D,2,corr,0.0,0.0,real,,5,1.4758,0.0207,,0.2629,0.5045,0.5103,80
D_tvla,D,2,corr,0.0,0.0,real,,7,1.4525,0.0205,,0.2635,0.5048,0.5067,80
D_tvla,D,2,corr,0.0,0.0,real,,10,1.4342,0.0262,,0.2693,0.5000,0.5205,80
D_tvla,D,2,corr,0.0,0.0,real,,15,1.3818,0.0296,,0.2910,0.5187,0.5245,80
D_tvla,D,2,corr,0.0,0.0,real,,20,1.3663,0.0331,,0.2965,0.5142,0.5295,80
D_tvla,D,2,corr,0.0,0.0,real,,30,1.3240,0.0395,,0.3033,0.5040,0.5428,80
D_tvla,D,2,corr,0.0,0.0,real,,50,1.2487,0.0543,,0.3290,0.5135,0.5620,80
D_tvla,D,2,corr,0.0,0.0,real,,70,1.1962,0.0593,,0.3440,0.5178,0.5680,80
D_tvla,D,2,corr,0.0,0.0,real,,100,1.1468,0.0616,,0.3575,0.5180,0.5860,80
D_tvla,D,2,corr,0.0,0.0,real,,150,1.0912,0.0806,,0.3855,0.5220,0.6122,80
D_tvla,D,2,corr,0.0,0.0,real,,200,1.0510,0.0943,,0.3920,0.5148,0.6158,80
D_tvla,D,2,corr,0.0,0.0,real,,300,0.9928,0.1056,,0.4137,0.5190,0.6265,80
D_tvla,D,2,corr,0.0,0.0,real,,500,0.9658,0.1205,,0.4272,0.5107,0.6362,80
D_tvla,D,2,corr,0.0,0.0,real,,521,0.9595,0.1257,,0.4298,0.5095,0.6405,80
D_tvla,D,2,corr,0.0,0.0,permuted,,1,1.5000,,0.0000,,,,20
D_tvla,D,2,corr,0.0,0.0,permuted,,2,1.4991,,0.0140,,,,20
D_tvla,D,2,corr,0.0,0.0,permuted,,3,1.4954,,0.0180,,,,20
D_tvla,D,2,corr,0.0,0.0,permuted,,5,1.4990,,0.0216,,,,20
D_tvla,D,2,corr,0.0,0.0,permuted,,7,1.5037,,0.0271,,,,20
D_tvla,D,2,corr,0.0,0.0,permuted,,10,1.5003,,0.0273,,,,20
D_tvla,D,2,corr,0.0,0.0,permuted,,15,1.5010,,0.0288,,,,20
D_tvla,D,2,corr,0.0,0.0,permuted,,20,1.5013,,0.0270,,,,20
D_tvla,D,2,corr,0.0,0.0,permuted,,30,1.4989,,0.0281,,,,20
D_tvla,D,2,corr,0.0,0.0,permuted,,50,1.4901,,0.0349,,,,20
D_tvla,D,2,corr,0.0,0.0,permuted,,70,1.4969,,0.0430,,,,20
D_tvla,D,2,corr,0.0,0.0,permuted,,100,1.4997,,0.0489,,,,20
D_tvla,D,2,corr,0.0,0.0,permuted,,150,1.4974,,0.0554,,,,20
D_tvla,D,2,corr,0.0,0.0,permuted,,200,1.4963,,0.0572,,,,20
D_tvla,D,2,corr,0.0,0.0,permuted,,300,1.5029,,0.0681,,,,20
D_tvla,D,2,corr,0.0,0.0,permuted,,500,1.5018,,0.0839,,,,20
D_tvla,D,2,corr,0.0,0.0,permuted,,521,1.5028,,0.0867,,,,20
D_tvla,D,2,tmpl,0.5,255.146,real,,1,1.5032,0.0516,,0.2502,0.4938,0.4980,80
D_tvla,D,2,tmpl,0.5,255.146,real,,2,1.5000,0.0555,,0.2485,0.4983,0.4945,80
D_tvla,D,2,tmpl,0.5,255.146,real,,3,1.5055,0.0633,,0.2467,0.5040,0.4915,80
D_tvla,D,2,tmpl,0.5,255.146,real,,5,1.4878,0.0700,,0.2547,0.5083,0.5045,80
D_tvla,D,2,tmpl,0.5,255.146,real,,7,1.4813,0.0736,,0.2528,0.5065,0.5023,80
D_tvla,D,2,tmpl,0.5,255.146,real,,10,1.4722,0.0597,,0.2582,0.5102,0.5120,80
D_tvla,D,2,tmpl,0.5,255.146,real,,15,1.4658,0.0644,,0.2603,0.5023,0.5050,80
D_tvla,D,2,tmpl,0.5,255.146,real,,20,1.4677,0.0732,,0.2608,0.4953,0.5130,80
D_tvla,D,2,tmpl,0.5,255.146,real,,30,1.4605,0.0801,,0.2703,0.5060,0.5242,80
D_tvla,D,2,tmpl,0.5,255.146,real,,50,1.4627,0.0949,,0.2605,0.5072,0.5102,80
D_tvla,D,2,tmpl,0.5,255.146,real,,70,1.4552,0.1102,,0.2548,0.5017,0.5052,80
D_tvla,D,2,tmpl,0.5,255.146,real,,100,1.4455,0.1236,,0.2665,0.5080,0.5138,80
D_tvla,D,2,tmpl,0.5,255.146,real,,150,1.4425,0.1473,,0.2692,0.5052,0.5152,80
D_tvla,D,2,tmpl,0.5,255.146,real,,200,1.4325,0.1719,,0.2740,0.5025,0.5185,80
D_tvla,D,2,tmpl,0.5,255.146,real,,300,1.4257,0.1955,,0.2790,0.4995,0.5242,80
D_tvla,D,2,tmpl,0.5,255.146,real,,500,1.3813,0.2362,,0.3107,0.5010,0.5490,80
D_tvla,D,2,tmpl,0.5,255.146,real,,521,1.3798,0.2397,,0.3105,0.5020,0.5533,80
D_tvla,D,2,tmpl,0.5,255.146,permuted,,1,1.5008,,0.0079,,,,5
D_tvla,D,2,tmpl,0.5,255.146,permuted,,2,1.5001,,0.0089,,,,5
D_tvla,D,2,tmpl,0.5,255.146,permuted,,3,1.4872,,0.0157,,,,5
D_tvla,D,2,tmpl,0.5,255.146,permuted,,5,1.4862,,0.0127,,,,5
D_tvla,D,2,tmpl,0.5,255.146,permuted,,7,1.4864,,0.0135,,,,5
D_tvla,D,2,tmpl,0.5,255.146,permuted,,10,1.4851,,0.0107,,,,5
D_tvla,D,2,tmpl,0.5,255.146,permuted,,15,1.4946,,0.0262,,,,5
D_tvla,D,2,tmpl,0.5,255.146,permuted,,20,1.4889,,0.0406,,,,5
D_tvla,D,2,tmpl,0.5,255.146,permuted,,30,1.4983,,0.0320,,,,5
D_tvla,D,2,tmpl,0.5,255.146,permuted,,50,1.4977,,0.0340,,,,5
D_tvla,D,2,tmpl,0.5,255.146,permuted,,70,1.5044,,0.0404,,,,5
D_tvla,D,2,tmpl,0.5,255.146,permuted,,100,1.5039,,0.0435,,,,5
D_tvla,D,2,tmpl,0.5,255.146,permuted,,150,1.4993,,0.0488,,,,5
D_tvla,D,2,tmpl,0.5,255.146,permuted,,200,1.5006,,0.0594,,,,5
D_tvla,D,2,tmpl,0.5,255.146,permuted,,300,1.4943,,0.0658,,,,5
D_tvla,D,2,tmpl,0.5,255.146,permuted,,500,1.4830,,0.0826,,,,5
D_tvla,D,2,tmpl,0.5,255.146,permuted,,521,1.4829,,0.0818,,,,5
D_tvla,D,2,tmpl_bits,0.5,255.146,real,,1,1.4790,0.0515,,0.2605,0.5115,0.5000,80
D_tvla,D,2,tmpl_bits,0.5,255.146,real,,2,1.4853,0.0382,,0.2487,0.4950,0.4922,80
D_tvla,D,2,tmpl_bits,0.5,255.146,real,,3,1.4955,0.0429,,0.2540,0.5110,0.5045,80
D_tvla,D,2,tmpl_bits,0.5,255.146,real,,5,1.5068,0.0436,,0.2555,0.5163,0.5023,80
D_tvla,D,2,tmpl_bits,0.5,255.146,real,,7,1.4947,0.0466,,0.2585,0.5115,0.5032,80
D_tvla,D,2,tmpl_bits,0.5,255.146,real,,10,1.4907,0.0423,,0.2550,0.5090,0.5083,80
D_tvla,D,2,tmpl_bits,0.5,255.146,real,,15,1.5025,0.0383,,0.2508,0.4918,0.5092,80
D_tvla,D,2,tmpl_bits,0.5,255.146,real,,20,1.5120,0.0405,,0.2510,0.4933,0.5095,80
D_tvla,D,2,tmpl_bits,0.5,255.146,real,,30,1.4982,0.0491,,0.2510,0.4957,0.5065,80
D_tvla,D,2,tmpl_bits,0.5,255.146,real,,50,1.4845,0.0609,,0.2568,0.4898,0.5185,80
D_tvla,D,2,tmpl_bits,0.5,255.146,real,,70,1.4645,0.0605,,0.2642,0.4980,0.5185,80
D_tvla,D,2,tmpl_bits,0.5,255.146,real,,100,1.4443,0.0771,,0.2732,0.5035,0.5207,80
D_tvla,D,2,tmpl_bits,0.5,255.146,real,,150,1.4420,0.0818,,0.2700,0.5012,0.5170,80
D_tvla,D,2,tmpl_bits,0.5,255.146,real,,200,1.4380,0.0956,,0.2770,0.5012,0.5252,80
D_tvla,D,2,tmpl_bits,0.5,255.146,real,,300,1.4305,0.1014,,0.2800,0.5100,0.5230,80
D_tvla,D,2,tmpl_bits,0.5,255.146,real,,500,1.3765,0.1164,,0.2932,0.5040,0.5423,80
D_tvla,D,2,tmpl_bits,0.5,255.146,real,,521,1.3533,0.1164,,0.2935,0.4968,0.5477,80
D_tvla,D,2,tmpl_bits,0.5,255.146,permuted,,1,1.5074,,0.0096,,,,5
D_tvla,D,2,tmpl_bits,0.5,255.146,permuted,,2,1.4957,,0.0150,,,,5
D_tvla,D,2,tmpl_bits,0.5,255.146,permuted,,3,1.4811,,0.0167,,,,5
D_tvla,D,2,tmpl_bits,0.5,255.146,permuted,,5,1.4889,,0.0145,,,,5
D_tvla,D,2,tmpl_bits,0.5,255.146,permuted,,7,1.4810,,0.0278,,,,5
D_tvla,D,2,tmpl_bits,0.5,255.146,permuted,,10,1.4886,,0.0347,,,,5
D_tvla,D,2,tmpl_bits,0.5,255.146,permuted,,15,1.4883,,0.0504,,,,5
D_tvla,D,2,tmpl_bits,0.5,255.146,permuted,,20,1.4853,,0.0508,,,,5
D_tvla,D,2,tmpl_bits,0.5,255.146,permuted,,30,1.5016,,0.0525,,,,5
D_tvla,D,2,tmpl_bits,0.5,255.146,permuted,,50,1.5102,,0.0573,,,,5
D_tvla,D,2,tmpl_bits,0.5,255.146,permuted,,70,1.5019,,0.0564,,,,5
D_tvla,D,2,tmpl_bits,0.5,255.146,permuted,,100,1.5061,,0.0557,,,,5
D_tvla,D,2,tmpl_bits,0.5,255.146,permuted,,150,1.5067,,0.0584,,,,5
D_tvla,D,2,tmpl_bits,0.5,255.146,permuted,,200,1.5063,,0.0620,,,,5
D_tvla,D,2,tmpl_bits,0.5,255.146,permuted,,300,1.5029,,0.0671,,,,5
D_tvla,D,2,tmpl_bits,0.5,255.146,permuted,,500,1.5059,,0.0942,,,,5
D_tvla,D,2,tmpl_bits,0.5,255.146,permuted,,521,1.5055,,0.0957,,,,5
D_tvla,D,2,corr,0.5,255.146,real,,1,1.5000,0.0000,,0.2500,0.5000,0.5000,80
D_tvla,D,2,corr,0.5,255.146,real,,2,1.5029,0.0177,,0.2506,0.5049,0.4934,80
D_tvla,D,2,corr,0.5,255.146,real,,3,1.5122,0.0317,,0.2536,0.5074,0.4974,80
D_tvla,D,2,corr,0.5,255.146,real,,5,1.5131,0.0257,,0.2374,0.5033,0.4838,80
D_tvla,D,2,corr,0.5,255.146,real,,7,1.5072,0.0275,,0.2448,0.5033,0.4888,80
D_tvla,D,2,corr,0.5,255.146,real,,10,1.5190,0.0281,,0.2438,0.5097,0.4813,80
D_tvla,D,2,corr,0.5,255.146,real,,15,1.5130,0.0332,,0.2458,0.5090,0.4838,80
D_tvla,D,2,corr,0.5,255.146,real,,20,1.5168,0.0286,,0.2450,0.5130,0.4885,80
D_tvla,D,2,corr,0.5,255.146,real,,30,1.5178,0.0345,,0.2437,0.5135,0.4900,80
D_tvla,D,2,corr,0.5,255.146,real,,50,1.5053,0.0480,,0.2443,0.5143,0.4898,80
D_tvla,D,2,corr,0.5,255.146,real,,70,1.5085,0.0572,,0.2462,0.5213,0.4912,80
D_tvla,D,2,corr,0.5,255.146,real,,100,1.5063,0.0663,,0.2472,0.5270,0.4887,80
D_tvla,D,2,corr,0.5,255.146,real,,150,1.5105,0.0751,,0.2475,0.5260,0.4872,80
D_tvla,D,2,corr,0.5,255.146,real,,200,1.5160,0.0868,,0.2540,0.5400,0.4865,80
D_tvla,D,2,corr,0.5,255.146,real,,300,1.5385,0.1042,,0.2305,0.5333,0.4680,80
D_tvla,D,2,corr,0.5,255.146,real,,500,1.4933,0.1343,,0.2665,0.5655,0.5025,80
D_tvla,D,2,corr,0.5,255.146,real,,521,1.4958,0.1410,,0.2707,0.5617,0.5128,80
D_tvla,D,2,corr,0.5,255.146,permuted,,1,1.5000,,0.0000,,,,5
D_tvla,D,2,corr,0.5,255.146,permuted,,2,1.4970,,0.0102,,,,5
D_tvla,D,2,corr,0.5,255.146,permuted,,3,1.4960,,0.0170,,,,5
D_tvla,D,2,corr,0.5,255.146,permuted,,5,1.5013,,0.0184,,,,5
D_tvla,D,2,corr,0.5,255.146,permuted,,7,1.4958,,0.0209,,,,5
D_tvla,D,2,corr,0.5,255.146,permuted,,10,1.4945,,0.0111,,,,5
D_tvla,D,2,corr,0.5,255.146,permuted,,15,1.4910,,0.0193,,,,5
D_tvla,D,2,corr,0.5,255.146,permuted,,20,1.4821,,0.0134,,,,5
D_tvla,D,2,corr,0.5,255.146,permuted,,30,1.4818,,0.0105,,,,5
D_tvla,D,2,corr,0.5,255.146,permuted,,50,1.4895,,0.0140,,,,5
D_tvla,D,2,corr,0.5,255.146,permuted,,70,1.4842,,0.0193,,,,5
D_tvla,D,2,corr,0.5,255.146,permuted,,100,1.4865,,0.0241,,,,5
D_tvla,D,2,corr,0.5,255.146,permuted,,150,1.4835,,0.0294,,,,5
D_tvla,D,2,corr,0.5,255.146,permuted,,200,1.4847,,0.0331,,,,5
D_tvla,D,2,corr,0.5,255.146,permuted,,300,1.4796,,0.0380,,,,5
D_tvla,D,2,corr,0.5,255.146,permuted,,500,1.4811,,0.0717,,,,5
D_tvla,D,2,corr,0.5,255.146,permuted,,521,1.4833,,0.0781,,,,5
D_tvla,D,2,tmpl,1.0,510.292,real,,1,1.5020,0.0260,,0.2487,0.5045,0.4983,80
D_tvla,D,2,tmpl,1.0,510.292,real,,2,1.4788,0.0367,,0.2538,0.5025,0.4905,80
D_tvla,D,2,tmpl,1.0,510.292,real,,3,1.4620,0.0377,,0.2627,0.5053,0.5105,80
D_tvla,D,2,tmpl,1.0,510.292,real,,5,1.4485,0.0439,,0.2680,0.5030,0.5177,80
D_tvla,D,2,tmpl,1.0,510.292,real,,7,1.4705,0.0435,,0.2655,0.5028,0.5128,80
D_tvla,D,2,tmpl,1.0,510.292,real,,10,1.4755,0.0355,,0.2568,0.4985,0.5028,80
D_tvla,D,2,tmpl,1.0,510.292,real,,15,1.4552,0.0245,,0.2658,0.4942,0.5165,80
D_tvla,D,2,tmpl,1.0,510.292,real,,20,1.4595,0.0211,,0.2645,0.4918,0.5120,80
D_tvla,D,2,tmpl,1.0,510.292,real,,30,1.4413,0.0227,,0.2670,0.4920,0.5212,80
D_tvla,D,2,tmpl,1.0,510.292,real,,50,1.4450,0.0293,,0.2703,0.4928,0.5208,80
D_tvla,D,2,tmpl,1.0,510.292,real,,70,1.4247,0.0331,,0.2750,0.4988,0.5172,80
D_tvla,D,2,tmpl,1.0,510.292,real,,100,1.4252,0.0339,,0.2735,0.4935,0.5093,80
D_tvla,D,2,tmpl,1.0,510.292,real,,150,1.3770,0.0466,,0.2915,0.4975,0.5237,80
D_tvla,D,2,tmpl,1.0,510.292,real,,200,1.3733,0.0514,,0.2917,0.5048,0.5140,80
D_tvla,D,2,tmpl,1.0,510.292,real,,300,1.3765,0.0637,,0.2883,0.4897,0.5015,80
D_tvla,D,2,tmpl,1.0,510.292,real,,500,1.3698,0.0726,,0.2695,0.4688,0.4798,80
D_tvla,D,2,tmpl,1.0,510.292,real,,521,1.3662,0.0745,,0.2693,0.4670,0.4785,80
D_tvla,D,2,tmpl,1.0,510.292,permuted,,1,1.4937,,0.0265,,,,5
D_tvla,D,2,tmpl,1.0,510.292,permuted,,2,1.5004,,0.0214,,,,5
D_tvla,D,2,tmpl,1.0,510.292,permuted,,3,1.4978,,0.0185,,,,5
D_tvla,D,2,tmpl,1.0,510.292,permuted,,5,1.4938,,0.0252,,,,5
D_tvla,D,2,tmpl,1.0,510.292,permuted,,7,1.4982,,0.0160,,,,5
D_tvla,D,2,tmpl,1.0,510.292,permuted,,10,1.5068,,0.0145,,,,5
D_tvla,D,2,tmpl,1.0,510.292,permuted,,15,1.5085,,0.0194,,,,5
D_tvla,D,2,tmpl,1.0,510.292,permuted,,20,1.5083,,0.0288,,,,5
D_tvla,D,2,tmpl,1.0,510.292,permuted,,30,1.5032,,0.0284,,,,5
D_tvla,D,2,tmpl,1.0,510.292,permuted,,50,1.5001,,0.0263,,,,5
D_tvla,D,2,tmpl,1.0,510.292,permuted,,70,1.5021,,0.0281,,,,5
D_tvla,D,2,tmpl,1.0,510.292,permuted,,100,1.4975,,0.0418,,,,5
D_tvla,D,2,tmpl,1.0,510.292,permuted,,150,1.5071,,0.0386,,,,5
D_tvla,D,2,tmpl,1.0,510.292,permuted,,200,1.5022,,0.0404,,,,5
D_tvla,D,2,tmpl,1.0,510.292,permuted,,300,1.5128,,0.0380,,,,5
D_tvla,D,2,tmpl,1.0,510.292,permuted,,500,1.5182,,0.0638,,,,5
D_tvla,D,2,tmpl,1.0,510.292,permuted,,521,1.5225,,0.0735,,,,5
D_tvla,D,2,tmpl_bits,1.0,510.292,real,,1,1.4880,0.0259,,0.2455,0.4955,0.4882,80
D_tvla,D,2,tmpl_bits,1.0,510.292,real,,2,1.4850,0.0244,,0.2590,0.5072,0.5037,80
D_tvla,D,2,tmpl_bits,1.0,510.292,real,,3,1.4602,0.0338,,0.2633,0.5182,0.5077,80
D_tvla,D,2,tmpl_bits,1.0,510.292,real,,5,1.4278,0.0332,,0.2775,0.5273,0.5125,80
D_tvla,D,2,tmpl_bits,1.0,510.292,real,,7,1.4665,0.0311,,0.2635,0.5080,0.5085,80
D_tvla,D,2,tmpl_bits,1.0,510.292,real,,10,1.4572,0.0266,,0.2560,0.5035,0.4975,80
D_tvla,D,2,tmpl_bits,1.0,510.292,real,,15,1.4617,0.0281,,0.2555,0.4973,0.4963,80
D_tvla,D,2,tmpl_bits,1.0,510.292,real,,20,1.4407,0.0370,,0.2522,0.4927,0.4960,80
D_tvla,D,2,tmpl_bits,1.0,510.292,real,,30,1.4615,0.0380,,0.2557,0.4930,0.5083,80
D_tvla,D,2,tmpl_bits,1.0,510.292,real,,50,1.4753,0.0468,,0.2555,0.4973,0.5090,80
D_tvla,D,2,tmpl_bits,1.0,510.292,real,,70,1.4710,0.0504,,0.2585,0.5040,0.5100,80
D_tvla,D,2,tmpl_bits,1.0,510.292,real,,100,1.4470,0.0548,,0.2600,0.5057,0.4987,80
D_tvla,D,2,tmpl_bits,1.0,510.292,real,,150,1.4263,0.0642,,0.2695,0.5117,0.5062,80
D_tvla,D,2,tmpl_bits,1.0,510.292,real,,200,1.4235,0.0732,,0.2755,0.5077,0.5180,80
D_tvla,D,2,tmpl_bits,1.0,510.292,real,,300,1.4173,0.0765,,0.2737,0.5012,0.5180,80
D_tvla,D,2,tmpl_bits,1.0,510.292,real,,500,1.4255,0.0850,,0.2692,0.4925,0.5083,80
D_tvla,D,2,tmpl_bits,1.0,510.292,real,,521,1.4255,0.0822,,0.2675,0.4935,0.5072,80
D_tvla,D,2,tmpl_bits,1.0,510.292,permuted,,1,1.5038,,0.0212,,,,5
D_tvla,D,2,tmpl_bits,1.0,510.292,permuted,,2,1.5069,,0.0088,,,,5
D_tvla,D,2,tmpl_bits,1.0,510.292,permuted,,3,1.5027,,0.0113,,,,5
D_tvla,D,2,tmpl_bits,1.0,510.292,permuted,,5,1.5016,,0.0117,,,,5
D_tvla,D,2,tmpl_bits,1.0,510.292,permuted,,7,1.4959,,0.0134,,,,5
D_tvla,D,2,tmpl_bits,1.0,510.292,permuted,,10,1.5066,,0.0258,,,,5
D_tvla,D,2,tmpl_bits,1.0,510.292,permuted,,15,1.5151,,0.0215,,,,5
D_tvla,D,2,tmpl_bits,1.0,510.292,permuted,,20,1.5172,,0.0213,,,,5
D_tvla,D,2,tmpl_bits,1.0,510.292,permuted,,30,1.5093,,0.0222,,,,5
D_tvla,D,2,tmpl_bits,1.0,510.292,permuted,,50,1.5126,,0.0327,,,,5
D_tvla,D,2,tmpl_bits,1.0,510.292,permuted,,70,1.5128,,0.0284,,,,5
D_tvla,D,2,tmpl_bits,1.0,510.292,permuted,,100,1.5148,,0.0295,,,,5
D_tvla,D,2,tmpl_bits,1.0,510.292,permuted,,150,1.5246,,0.0299,,,,5
D_tvla,D,2,tmpl_bits,1.0,510.292,permuted,,200,1.5243,,0.0323,,,,5
D_tvla,D,2,tmpl_bits,1.0,510.292,permuted,,300,1.5418,,0.0283,,,,5
D_tvla,D,2,tmpl_bits,1.0,510.292,permuted,,500,1.5525,,0.0281,,,,5
D_tvla,D,2,tmpl_bits,1.0,510.292,permuted,,521,1.5556,,0.0289,,,,5
D_tvla,D,2,corr,1.0,510.292,real,,1,1.5000,0.0000,,0.2500,0.5000,0.5000,80
D_tvla,D,2,corr,1.0,510.292,real,,2,1.4872,0.0138,,0.2569,0.5080,0.4907,80
D_tvla,D,2,corr,1.0,510.292,real,,3,1.4968,0.0230,,0.2493,0.5058,0.4980,80
D_tvla,D,2,corr,1.0,510.292,real,,5,1.4811,0.0178,,0.2506,0.5004,0.5014,80
D_tvla,D,2,corr,1.0,510.292,real,,7,1.5023,0.0077,,0.2552,0.5098,0.4868,80
D_tvla,D,2,corr,1.0,510.292,real,,10,1.4750,0.0167,,0.2585,0.5178,0.4955,80
D_tvla,D,2,corr,1.0,510.292,real,,15,1.4867,0.0208,,0.2562,0.5115,0.4958,80
D_tvla,D,2,corr,1.0,510.292,real,,20,1.5082,0.0244,,0.2528,0.5090,0.4955,80
D_tvla,D,2,corr,1.0,510.292,real,,30,1.5192,0.0183,,0.2450,0.5050,0.4840,80
D_tvla,D,2,corr,1.0,510.292,real,,50,1.4955,0.0279,,0.2445,0.5092,0.4790,80
D_tvla,D,2,corr,1.0,510.292,real,,70,1.5198,0.0282,,0.2440,0.5050,0.4765,80
D_tvla,D,2,corr,1.0,510.292,real,,100,1.4875,0.0316,,0.2590,0.5153,0.4815,80
D_tvla,D,2,corr,1.0,510.292,real,,150,1.4678,0.0363,,0.2627,0.5370,0.4828,80
D_tvla,D,2,corr,1.0,510.292,real,,200,1.4642,0.0429,,0.2642,0.5380,0.4840,80
D_tvla,D,2,corr,1.0,510.292,real,,300,1.4552,0.0582,,0.2720,0.5475,0.4800,80
D_tvla,D,2,corr,1.0,510.292,real,,500,1.4485,0.0773,,0.2712,0.5543,0.4545,80
D_tvla,D,2,corr,1.0,510.292,real,,521,1.4365,0.0751,,0.2710,0.5625,0.4515,80
D_tvla,D,2,corr,1.0,510.292,permuted,,1,1.5000,,0.0000,,,,5
D_tvla,D,2,corr,1.0,510.292,permuted,,2,1.5025,,0.0065,,,,5
D_tvla,D,2,corr,1.0,510.292,permuted,,3,1.5095,,0.0093,,,,5
D_tvla,D,2,corr,1.0,510.292,permuted,,5,1.5115,,0.0272,,,,5
D_tvla,D,2,corr,1.0,510.292,permuted,,7,1.5166,,0.0227,,,,5
D_tvla,D,2,corr,1.0,510.292,permuted,,10,1.5223,,0.0271,,,,5
D_tvla,D,2,corr,1.0,510.292,permuted,,15,1.5205,,0.0330,,,,5
D_tvla,D,2,corr,1.0,510.292,permuted,,20,1.5231,,0.0239,,,,5
D_tvla,D,2,corr,1.0,510.292,permuted,,30,1.5223,,0.0281,,,,5
D_tvla,D,2,corr,1.0,510.292,permuted,,50,1.5178,,0.0520,,,,5
D_tvla,D,2,corr,1.0,510.292,permuted,,70,1.5270,,0.0599,,,,5
D_tvla,D,2,corr,1.0,510.292,permuted,,100,1.5255,,0.0625,,,,5
D_tvla,D,2,corr,1.0,510.292,permuted,,150,1.5330,,0.0724,,,,5
D_tvla,D,2,corr,1.0,510.292,permuted,,200,1.5326,,0.0929,,,,5
D_tvla,D,2,corr,1.0,510.292,permuted,,300,1.5319,,0.1096,,,,5
D_tvla,D,2,corr,1.0,510.292,permuted,,500,1.5399,,0.1438,,,,5
D_tvla,D,2,corr,1.0,510.292,permuted,,521,1.5409,,0.1418,,,,5
D_tvla,D,1,tmpl,0.0,0.0,real,1.0,1,1.3462,0.0583,,0.2915,0.5742,0.5145,80
D_tvla,D,1,tmpl,0.0,0.0,real,1.0,2,1.2965,0.0455,,0.2967,0.5967,0.5050,80
D_tvla,D,1,tmpl,0.0,0.0,real,1.0,3,1.2385,0.0469,,0.3272,0.6212,0.5242,80
D_tvla,D,1,tmpl,0.0,0.0,real,1.0,5,1.1748,0.0332,,0.3445,0.6375,0.5280,80
D_tvla,D,1,tmpl,0.0,0.0,real,1.0,7,1.1492,0.0409,,0.3590,0.6555,0.5363,80
D_tvla,D,1,tmpl,0.0,0.0,real,1.0,10,1.1050,0.0249,,0.3747,0.6675,0.5432,80
D_tvla,D,1,tmpl,0.0,0.0,real,1.0,15,1.0317,0.0289,,0.3985,0.7100,0.5442,80
D_tvla,D,1,tmpl,0.0,0.0,real,1.0,20,0.9870,0.0294,,0.4160,0.7375,0.5493,80
D_tvla,D,1,tmpl,0.0,0.0,real,1.0,30,0.8825,0.0297,,0.4425,0.7750,0.5610,80
D_tvla,D,1,tmpl,0.0,0.0,real,1.0,50,0.7888,0.0382,,0.4802,0.8232,0.5773,80
D_tvla,D,1,tmpl,0.0,0.0,real,1.0,70,0.6817,0.0385,,0.5197,0.8602,0.5982,80
D_tvla,D,1,tmpl,0.0,0.0,real,1.0,100,0.6175,0.0361,,0.5410,0.8915,0.6000,80
D_tvla,D,1,tmpl,0.0,0.0,real,1.0,150,0.5268,0.0377,,0.5870,0.9290,0.6250,80
D_tvla,D,1,tmpl,0.0,0.0,real,1.0,200,0.4735,0.0409,,0.6105,0.9488,0.6365,80
D_tvla,D,1,tmpl,0.0,0.0,real,1.0,300,0.4220,0.0380,,0.6310,0.9725,0.6450,80
D_tvla,D,1,tmpl,0.0,0.0,real,1.0,500,0.3650,0.0372,,0.6645,0.9925,0.6670,80
D_tvla,D,1,tmpl,0.0,0.0,real,1.0,521,0.3550,0.0402,,0.6733,0.9930,0.6750,80
D_tvla,D,1,tmpl_bits,0.0,0.0,real,1.0,1,1.3825,0.0552,,0.2820,0.5512,0.5102,80
D_tvla,D,1,tmpl_bits,0.0,0.0,real,1.0,2,1.3472,0.0540,,0.2925,0.5672,0.5095,80
D_tvla,D,1,tmpl_bits,0.0,0.0,real,1.0,3,1.3020,0.0418,,0.3093,0.5938,0.5100,80
D_tvla,D,1,tmpl_bits,0.0,0.0,real,1.0,5,1.2625,0.0376,,0.3173,0.6025,0.5225,80
D_tvla,D,1,tmpl_bits,0.0,0.0,real,1.0,7,1.2087,0.0417,,0.3335,0.6223,0.5205,80
D_tvla,D,1,tmpl_bits,0.0,0.0,real,1.0,10,1.1655,0.0322,,0.3378,0.6407,0.5160,80
D_tvla,D,1,tmpl_bits,0.0,0.0,real,1.0,15,1.1145,0.0323,,0.3628,0.6695,0.5342,80
D_tvla,D,1,tmpl_bits,0.0,0.0,real,1.0,20,1.0670,0.0332,,0.3805,0.7020,0.5317,80
D_tvla,D,1,tmpl_bits,0.0,0.0,real,1.0,30,0.9875,0.0287,,0.4027,0.7515,0.5310,80
D_tvla,D,1,tmpl_bits,0.0,0.0,real,1.0,50,0.8585,0.0403,,0.4398,0.7962,0.5443,80
D_tvla,D,1,tmpl_bits,0.0,0.0,real,1.0,70,0.7627,0.0379,,0.4773,0.8442,0.5618,80
D_tvla,D,1,tmpl_bits,0.0,0.0,real,1.0,100,0.6772,0.0517,,0.5032,0.8728,0.5762,80
D_tvla,D,1,tmpl_bits,0.0,0.0,real,1.0,150,0.6057,0.0508,,0.5230,0.9168,0.5725,80
D_tvla,D,1,tmpl_bits,0.0,0.0,real,1.0,200,0.5498,0.0450,,0.5455,0.9367,0.5835,80
D_tvla,D,1,tmpl_bits,0.0,0.0,real,1.0,300,0.4747,0.0474,,0.5790,0.9617,0.6042,80
D_tvla,D,1,tmpl_bits,0.0,0.0,real,1.0,500,0.4117,0.0668,,0.6203,0.9860,0.6315,80
D_tvla,D,1,tmpl_bits,0.0,0.0,real,1.0,521,0.4045,0.0682,,0.6255,0.9875,0.6347,80
D_tvla,D,1,corr,0.0,0.0,real,1.0,1,1.5000,0.0000,,0.2500,0.5000,0.5000,80
D_tvla,D,1,corr,0.0,0.0,real,1.0,2,1.4985,0.0202,,0.2459,0.4927,0.4993,80
D_tvla,D,1,corr,0.0,0.0,real,1.0,3,1.5018,0.0251,,0.2515,0.4967,0.5012,80
D_tvla,D,1,corr,0.0,0.0,real,1.0,5,1.4897,0.0309,,0.2547,0.4927,0.5047,80
D_tvla,D,1,corr,0.0,0.0,real,1.0,7,1.4857,0.0265,,0.2527,0.4905,0.5070,80
D_tvla,D,1,corr,0.0,0.0,real,1.0,10,1.5010,0.0337,,0.2588,0.4930,0.5120,80
D_tvla,D,1,corr,0.0,0.0,real,1.0,15,1.5023,0.0312,,0.2480,0.4800,0.5060,80
D_tvla,D,1,corr,0.0,0.0,real,1.0,20,1.4945,0.0339,,0.2560,0.4845,0.5122,80
D_tvla,D,1,corr,0.0,0.0,real,1.0,30,1.5110,0.0325,,0.2435,0.4858,0.5008,80
D_tvla,D,1,corr,0.0,0.0,real,1.0,50,1.5063,0.0454,,0.2448,0.4773,0.5080,80
D_tvla,D,1,corr,0.0,0.0,real,1.0,70,1.4632,0.0518,,0.2595,0.4903,0.5082,80
D_tvla,D,1,corr,0.0,0.0,real,1.0,100,1.4823,0.0654,,0.2527,0.4805,0.5092,80
D_tvla,D,1,corr,0.0,0.0,real,1.0,150,1.5057,0.0757,,0.2460,0.4785,0.4950,80
D_tvla,D,1,corr,0.0,0.0,real,1.0,200,1.4978,0.0905,,0.2477,0.4630,0.5028,80
D_tvla,D,1,corr,0.0,0.0,real,1.0,300,1.5000,0.1092,,0.2512,0.4668,0.5065,80
D_tvla,D,1,corr,0.0,0.0,real,1.0,500,1.4870,0.1429,,0.2620,0.4695,0.5073,80
D_tvla,D,1,corr,0.0,0.0,real,1.0,521,1.4937,0.1425,,0.2590,0.4590,0.5165,80
D_tvla,D,1,tmpl,0.0,0.0,real,0.5,1,1.4365,0.0531,,0.2653,0.5313,0.5108,80
D_tvla,D,1,tmpl,0.0,0.0,real,0.5,2,1.4165,0.0461,,0.2693,0.5455,0.5058,80
D_tvla,D,1,tmpl,0.0,0.0,real,0.5,3,1.3725,0.0447,,0.2875,0.5605,0.5135,80
D_tvla,D,1,tmpl,0.0,0.0,real,0.5,5,1.3658,0.0356,,0.2873,0.5593,0.5142,80
D_tvla,D,1,tmpl,0.0,0.0,real,0.5,7,1.3450,0.0412,,0.2963,0.5610,0.5182,80
D_tvla,D,1,tmpl,0.0,0.0,real,0.5,10,1.3420,0.0291,,0.3050,0.5723,0.5203,80
D_tvla,D,1,tmpl,0.0,0.0,real,0.5,15,1.3155,0.0351,,0.3073,0.5850,0.5185,80
D_tvla,D,1,tmpl,0.0,0.0,real,0.5,20,1.2840,0.0304,,0.3133,0.6012,0.5158,80
D_tvla,D,1,tmpl,0.0,0.0,real,0.5,30,1.2325,0.0400,,0.3285,0.6350,0.5177,80
D_tvla,D,1,tmpl,0.0,0.0,real,0.5,50,1.1790,0.0438,,0.3430,0.6580,0.5290,80
D_tvla,D,1,tmpl,0.0,0.0,real,0.5,70,1.1287,0.0510,,0.3640,0.6880,0.5285,80
D_tvla,D,1,tmpl,0.0,0.0,real,0.5,100,1.0910,0.0597,,0.3735,0.7065,0.5312,80
D_tvla,D,1,tmpl,0.0,0.0,real,0.5,150,1.0192,0.0637,,0.3942,0.7440,0.5272,80
D_tvla,D,1,tmpl,0.0,0.0,real,0.5,200,0.9725,0.0735,,0.4113,0.7752,0.5245,80
D_tvla,D,1,tmpl,0.0,0.0,real,0.5,300,0.9038,0.0850,,0.4325,0.8147,0.5255,80
D_tvla,D,1,tmpl,0.0,0.0,real,0.5,500,0.8388,0.0964,,0.4540,0.8640,0.5290,80
D_tvla,D,1,tmpl,0.0,0.0,real,0.5,521,0.8285,0.0993,,0.4615,0.8707,0.5292,80
D_tvla,D,1,tmpl_bits,0.0,0.0,real,0.5,1,1.4552,0.0429,,0.2583,0.5155,0.5150,80
D_tvla,D,1,tmpl_bits,0.0,0.0,real,0.5,2,1.4518,0.0435,,0.2605,0.5232,0.5050,80
D_tvla,D,1,tmpl_bits,0.0,0.0,real,0.5,3,1.4283,0.0347,,0.2760,0.5407,0.5042,80
D_tvla,D,1,tmpl_bits,0.0,0.0,real,0.5,5,1.4125,0.0381,,0.2770,0.5360,0.5157,80
D_tvla,D,1,tmpl_bits,0.0,0.0,real,0.5,7,1.3985,0.0404,,0.2835,0.5448,0.5108,80
D_tvla,D,1,tmpl_bits,0.0,0.0,real,0.5,10,1.3980,0.0338,,0.2810,0.5507,0.5022,80
D_tvla,D,1,tmpl_bits,0.0,0.0,real,0.5,15,1.3913,0.0291,,0.2838,0.5493,0.5100,80
D_tvla,D,1,tmpl_bits,0.0,0.0,real,0.5,20,1.3747,0.0302,,0.2905,0.5622,0.5058,80
D_tvla,D,1,tmpl_bits,0.0,0.0,real,0.5,30,1.3622,0.0351,,0.2927,0.5962,0.4950,80
D_tvla,D,1,tmpl_bits,0.0,0.0,real,0.5,50,1.2855,0.0529,,0.3132,0.6250,0.4987,80
D_tvla,D,1,tmpl_bits,0.0,0.0,real,0.5,70,1.2332,0.0582,,0.3253,0.6352,0.5007,80
D_tvla,D,1,tmpl_bits,0.0,0.0,real,0.5,100,1.2028,0.0698,,0.3357,0.6670,0.4958,80
D_tvla,D,1,tmpl_bits,0.0,0.0,real,0.5,150,1.1645,0.0769,,0.3392,0.6975,0.4855,80
D_tvla,D,1,tmpl_bits,0.0,0.0,real,0.5,200,1.1375,0.0828,,0.3500,0.7122,0.4935,80
D_tvla,D,1,tmpl_bits,0.0,0.0,real,0.5,300,1.0895,0.0935,,0.3617,0.7462,0.4842,80
D_tvla,D,1,tmpl_bits,0.0,0.0,real,0.5,500,1.0190,0.1197,,0.3727,0.7768,0.4775,80
D_tvla,D,1,tmpl_bits,0.0,0.0,real,0.5,521,1.0260,0.1265,,0.3710,0.7782,0.4703,80
D_tvla,D,1,corr,0.0,0.0,real,0.5,1,1.5000,0.0000,,0.2500,0.5000,0.5000,80
D_tvla,D,1,corr,0.0,0.0,real,0.5,2,1.5018,0.0206,,0.2484,0.4932,0.5043,80
D_tvla,D,1,corr,0.0,0.0,real,0.5,3,1.5039,0.0238,,0.2509,0.4938,0.5025,80
D_tvla,D,1,corr,0.0,0.0,real,0.5,5,1.4931,0.0290,,0.2534,0.4930,0.5039,80
D_tvla,D,1,corr,0.0,0.0,real,0.5,7,1.4934,0.0237,,0.2487,0.4877,0.5062,80
D_tvla,D,1,corr,0.0,0.0,real,0.5,10,1.5105,0.0302,,0.2560,0.4908,0.5075,80
D_tvla,D,1,corr,0.0,0.0,real,0.5,15,1.5080,0.0304,,0.2450,0.4780,0.5065,80
D_tvla,D,1,corr,0.0,0.0,real,0.5,20,1.4995,0.0312,,0.2530,0.4818,0.5105,80
D_tvla,D,1,corr,0.0,0.0,real,0.5,30,1.5152,0.0343,,0.2445,0.4895,0.4973,80
D_tvla,D,1,corr,0.0,0.0,real,0.5,50,1.5230,0.0421,,0.2393,0.4720,0.5018,80
D_tvla,D,1,corr,0.0,0.0,real,0.5,70,1.4793,0.0460,,0.2528,0.4838,0.5025,80
D_tvla,D,1,corr,0.0,0.0,real,0.5,100,1.4962,0.0613,,0.2460,0.4768,0.5018,80
D_tvla,D,1,corr,0.0,0.0,real,0.5,150,1.5282,0.0663,,0.2357,0.4725,0.4890,80
D_tvla,D,1,corr,0.0,0.0,real,0.5,200,1.5238,0.0831,,0.2357,0.4542,0.4965,80
D_tvla,D,1,corr,0.0,0.0,real,0.5,300,1.5282,0.1011,,0.2387,0.4538,0.5002,80
D_tvla,D,1,corr,0.0,0.0,real,0.5,500,1.5265,0.1317,,0.2442,0.4347,0.5105,80
D_tvla,D,1,corr,0.0,0.0,real,0.5,521,1.5330,0.1345,,0.2412,0.4285,0.5165,80
D_tvla,D,1,tmpl,0.0,0.0,real,0.35,1,1.4522,0.0548,,0.2650,0.5243,0.5078,80
D_tvla,D,1,tmpl,0.0,0.0,real,0.35,2,1.4450,0.0482,,0.2685,0.5285,0.5083,80
D_tvla,D,1,tmpl,0.0,0.0,real,0.35,3,1.4240,0.0492,,0.2792,0.5382,0.5130,80
D_tvla,D,1,tmpl,0.0,0.0,real,0.35,5,1.4192,0.0405,,0.2770,0.5393,0.5103,80
D_tvla,D,1,tmpl,0.0,0.0,real,0.35,7,1.3935,0.0405,,0.2795,0.5370,0.5142,80
D_tvla,D,1,tmpl,0.0,0.0,real,0.35,10,1.4127,0.0335,,0.2815,0.5367,0.5130,80
D_tvla,D,1,tmpl,0.0,0.0,real,0.35,15,1.3985,0.0388,,0.2845,0.5385,0.5130,80
D_tvla,D,1,tmpl,0.0,0.0,real,0.35,20,1.3890,0.0327,,0.2802,0.5490,0.5003,80
D_tvla,D,1,tmpl,0.0,0.0,real,0.35,30,1.3535,0.0362,,0.2965,0.5825,0.5025,80
D_tvla,D,1,tmpl,0.0,0.0,real,0.35,50,1.3323,0.0447,,0.2982,0.5840,0.5060,80
D_tvla,D,1,tmpl,0.0,0.0,real,0.35,70,1.2900,0.0472,,0.3132,0.6130,0.5052,80
D_tvla,D,1,tmpl,0.0,0.0,real,0.35,100,1.2685,0.0568,,0.3292,0.6372,0.5108,80
D_tvla,D,1,tmpl,0.0,0.0,real,0.35,150,1.2588,0.0667,,0.3242,0.6465,0.4955,80
D_tvla,D,1,tmpl,0.0,0.0,real,0.35,200,1.2425,0.0734,,0.3260,0.6560,0.4878,80
D_tvla,D,1,tmpl,0.0,0.0,real,0.35,300,1.2205,0.0909,,0.3380,0.6882,0.4862,80
D_tvla,D,1,tmpl,0.0,0.0,real,0.35,500,1.2102,0.1234,,0.3502,0.7393,0.4833,80
D_tvla,D,1,tmpl,0.0,0.0,real,0.35,521,1.2228,0.1272,,0.3470,0.7388,0.4803,80
D_tvla,D,1,tmpl_bits,0.0,0.0,real,0.35,1,1.4788,0.0316,,0.2533,0.5055,0.5105,80
D_tvla,D,1,tmpl_bits,0.0,0.0,real,0.35,2,1.4795,0.0332,,0.2582,0.5080,0.5145,80
D_tvla,D,1,tmpl_bits,0.0,0.0,real,0.35,3,1.4603,0.0228,,0.2665,0.5268,0.5083,80
D_tvla,D,1,tmpl_bits,0.0,0.0,real,0.35,5,1.4518,0.0229,,0.2640,0.5170,0.5142,80
D_tvla,D,1,tmpl_bits,0.0,0.0,real,0.35,7,1.4465,0.0261,,0.2635,0.5202,0.5080,80
D_tvla,D,1,tmpl_bits,0.0,0.0,real,0.35,10,1.4658,0.0271,,0.2620,0.5160,0.5080,80
D_tvla,D,1,tmpl_bits,0.0,0.0,real,0.35,15,1.4580,0.0230,,0.2625,0.5065,0.5125,80
D_tvla,D,1,tmpl_bits,0.0,0.0,real,0.35,20,1.4550,0.0292,,0.2685,0.5190,0.5127,80
D_tvla,D,1,tmpl_bits,0.0,0.0,real,0.35,30,1.4700,0.0220,,0.2592,0.5300,0.5007,80
D_tvla,D,1,tmpl_bits,0.0,0.0,real,0.35,50,1.4308,0.0401,,0.2683,0.5445,0.4968,80
D_tvla,D,1,tmpl_bits,0.0,0.0,real,0.35,70,1.4070,0.0464,,0.2735,0.5525,0.4955,80
D_tvla,D,1,tmpl_bits,0.0,0.0,real,0.35,100,1.3930,0.0558,,0.2813,0.5663,0.4973,80
D_tvla,D,1,tmpl_bits,0.0,0.0,real,0.35,150,1.3962,0.0614,,0.2715,0.5713,0.4815,80
D_tvla,D,1,tmpl_bits,0.0,0.0,real,0.35,200,1.3867,0.0688,,0.2782,0.5803,0.4870,80
D_tvla,D,1,tmpl_bits,0.0,0.0,real,0.35,300,1.3703,0.0792,,0.2735,0.5813,0.4875,80
D_tvla,D,1,tmpl_bits,0.0,0.0,real,0.35,500,1.3553,0.1024,,0.2767,0.5925,0.4962,80
D_tvla,D,1,tmpl_bits,0.0,0.0,real,0.35,521,1.3577,0.1016,,0.2725,0.5887,0.4903,80
D_tvla,D,1,corr,0.0,0.0,real,0.35,1,1.5000,0.0000,,0.2500,0.5000,0.5000,80
D_tvla,D,1,corr,0.0,0.0,real,0.35,2,1.5040,0.0217,,0.2471,0.4935,0.5015,80
D_tvla,D,1,corr,0.0,0.0,real,0.35,3,1.5069,0.0245,,0.2480,0.4927,0.4986,80
D_tvla,D,1,corr,0.0,0.0,real,0.35,5,1.4939,0.0276,,0.2531,0.4945,0.5026,80
D_tvla,D,1,corr,0.0,0.0,real,0.35,7,1.4938,0.0230,,0.2482,0.4875,0.5037,80
D_tvla,D,1,corr,0.0,0.0,real,0.35,10,1.5095,0.0285,,0.2565,0.4920,0.5080,80
D_tvla,D,1,corr,0.0,0.0,real,0.35,15,1.5112,0.0296,,0.2433,0.4758,0.5057,80
D_tvla,D,1,corr,0.0,0.0,real,0.35,20,1.5005,0.0300,,0.2513,0.4803,0.5103,80
D_tvla,D,1,corr,0.0,0.0,real,0.35,30,1.5192,0.0341,,0.2430,0.4880,0.4965,80
D_tvla,D,1,corr,0.0,0.0,real,0.35,50,1.5235,0.0402,,0.2385,0.4723,0.5013,80
D_tvla,D,1,corr,0.0,0.0,real,0.35,70,1.4825,0.0419,,0.2505,0.4808,0.5005,80
D_tvla,D,1,corr,0.0,0.0,real,0.35,100,1.4990,0.0601,,0.2452,0.4768,0.5020,80
D_tvla,D,1,corr,0.0,0.0,real,0.35,150,1.5320,0.0628,,0.2347,0.4710,0.4865,80
D_tvla,D,1,corr,0.0,0.0,real,0.35,200,1.5285,0.0774,,0.2365,0.4535,0.4980,80
D_tvla,D,1,corr,0.0,0.0,real,0.35,300,1.5383,0.0961,,0.2347,0.4500,0.4957,80
D_tvla,D,1,corr,0.0,0.0,real,0.35,500,1.5382,0.1286,,0.2377,0.4237,0.5092,80
D_tvla,D,1,corr,0.0,0.0,real,0.35,521,1.5422,0.1312,,0.2362,0.4215,0.5163,80
D_tvla,D,1,tmpl,0.0,0.0,real,0.25,1,1.4912,0.0294,,0.2575,0.5102,0.5115,80
D_tvla,D,1,tmpl,0.0,0.0,real,0.25,2,1.4865,0.0232,,0.2613,0.5075,0.5095,80
D_tvla,D,1,tmpl,0.0,0.0,real,0.25,3,1.4775,0.0264,,0.2600,0.5150,0.4985,80
D_tvla,D,1,tmpl,0.0,0.0,real,0.25,5,1.4885,0.0197,,0.2558,0.5038,0.5075,80
D_tvla,D,1,tmpl,0.0,0.0,real,0.25,7,1.4678,0.0223,,0.2612,0.5035,0.5185,80
D_tvla,D,1,tmpl,0.0,0.0,real,0.25,10,1.5047,0.0148,,0.2517,0.4990,0.5047,80
D_tvla,D,1,tmpl,0.0,0.0,real,0.25,15,1.4970,0.0135,,0.2522,0.4898,0.5042,80
D_tvla,D,1,tmpl,0.0,0.0,real,0.25,20,1.5010,0.0143,,0.2483,0.4915,0.5030,80
D_tvla,D,1,tmpl,0.0,0.0,real,0.25,30,1.4875,0.0249,,0.2600,0.5230,0.4963,80
D_tvla,D,1,tmpl,0.0,0.0,real,0.25,50,1.4960,0.0282,,0.2515,0.5083,0.4953,80
D_tvla,D,1,tmpl,0.0,0.0,real,0.25,70,1.4812,0.0367,,0.2650,0.5268,0.5035,80
D_tvla,D,1,tmpl,0.0,0.0,real,0.25,100,1.4883,0.0404,,0.2563,0.5208,0.4962,80
D_tvla,D,1,tmpl,0.0,0.0,real,0.25,150,1.5103,0.0450,,0.2478,0.5305,0.4788,80
D_tvla,D,1,tmpl,0.0,0.0,real,0.25,200,1.5085,0.0549,,0.2433,0.5215,0.4822,80
D_tvla,D,1,tmpl,0.0,0.0,real,0.25,300,1.5138,0.0661,,0.2460,0.5375,0.4710,80
D_tvla,D,1,tmpl,0.0,0.0,real,0.25,500,1.5347,0.0973,,0.2515,0.5720,0.4540,80
D_tvla,D,1,tmpl,0.0,0.0,real,0.25,521,1.5512,0.0948,,0.2460,0.5670,0.4520,80
D_tvla,D,1,tmpl_bits,0.0,0.0,real,0.25,1,1.4907,0.0134,,0.2603,0.5082,0.5103,80
D_tvla,D,1,tmpl_bits,0.0,0.0,real,0.25,2,1.4908,0.0205,,0.2590,0.5048,0.5065,80
D_tvla,D,1,tmpl_bits,0.0,0.0,real,0.25,3,1.4912,0.0144,,0.2532,0.5108,0.4980,80
D_tvla,D,1,tmpl_bits,0.0,0.0,real,0.25,5,1.4975,0.0115,,0.2602,0.5068,0.5078,80
D_tvla,D,1,tmpl_bits,0.0,0.0,real,0.25,7,1.4795,0.0190,,0.2577,0.4983,0.5095,80
D_tvla,D,1,tmpl_bits,0.0,0.0,real,0.25,10,1.5083,0.0189,,0.2465,0.4963,0.4973,80
D_tvla,D,1,tmpl_bits,0.0,0.0,real,0.25,15,1.4868,0.0171,,0.2545,0.5010,0.5105,80
D_tvla,D,1,tmpl_bits,0.0,0.0,real,0.25,20,1.4842,0.0212,,0.2568,0.4980,0.5150,80
D_tvla,D,1,tmpl_bits,0.0,0.0,real,0.25,30,1.4875,0.0190,,0.2502,0.5082,0.4995,80
D_tvla,D,1,tmpl_bits,0.0,0.0,real,0.25,50,1.4862,0.0212,,0.2470,0.4937,0.5062,80
D_tvla,D,1,tmpl_bits,0.0,0.0,real,0.25,70,1.4750,0.0288,,0.2625,0.5120,0.5118,80
D_tvla,D,1,tmpl_bits,0.0,0.0,real,0.25,100,1.5008,0.0486,,0.2485,0.4977,0.5035,80
D_tvla,D,1,tmpl_bits,0.0,0.0,real,0.25,150,1.5040,0.0456,,0.2408,0.5038,0.4865,80
D_tvla,D,1,tmpl_bits,0.0,0.0,real,0.25,200,1.5162,0.0593,,0.2375,0.5095,0.4820,80
D_tvla,D,1,tmpl_bits,0.0,0.0,real,0.25,300,1.5168,0.0647,,0.2362,0.5008,0.4785,80
D_tvla,D,1,tmpl_bits,0.0,0.0,real,0.25,500,1.5315,0.0820,,0.2192,0.4975,0.4730,80
D_tvla,D,1,tmpl_bits,0.0,0.0,real,0.25,521,1.5345,0.0820,,0.2162,0.4902,0.4733,80
D_tvla,D,1,corr,0.0,0.0,real,0.25,1,1.5000,0.0000,,0.2500,0.5000,0.5000,80
D_tvla,D,1,corr,0.0,0.0,real,0.25,2,1.5045,0.0216,,0.2469,0.4932,0.5018,80
D_tvla,D,1,corr,0.0,0.0,real,0.25,3,1.5156,0.0215,,0.2465,0.4919,0.4964,80
D_tvla,D,1,corr,0.0,0.0,real,0.25,5,1.4977,0.0269,,0.2526,0.4929,0.5031,80
D_tvla,D,1,corr,0.0,0.0,real,0.25,7,1.4915,0.0226,,0.2497,0.4887,0.5030,80
D_tvla,D,1,corr,0.0,0.0,real,0.25,10,1.5130,0.0276,,0.2530,0.4900,0.5057,80
D_tvla,D,1,corr,0.0,0.0,real,0.25,15,1.5112,0.0299,,0.2425,0.4768,0.5060,80
D_tvla,D,1,corr,0.0,0.0,real,0.25,20,1.5008,0.0279,,0.2520,0.4840,0.5110,80
D_tvla,D,1,corr,0.0,0.0,real,0.25,30,1.5197,0.0302,,0.2422,0.4908,0.4965,80
D_tvla,D,1,corr,0.0,0.0,real,0.25,50,1.5158,0.0374,,0.2397,0.4740,0.5015,80
D_tvla,D,1,corr,0.0,0.0,real,0.25,70,1.4860,0.0404,,0.2507,0.4830,0.5025,80
D_tvla,D,1,corr,0.0,0.0,real,0.25,100,1.5005,0.0574,,0.2430,0.4760,0.4982,80
D_tvla,D,1,corr,0.0,0.0,real,0.25,150,1.5325,0.0604,,0.2335,0.4702,0.4870,80
D_tvla,D,1,corr,0.0,0.0,real,0.25,200,1.5262,0.0737,,0.2320,0.4522,0.4952,80
D_tvla,D,1,corr,0.0,0.0,real,0.25,300,1.5337,0.0919,,0.2345,0.4537,0.4978,80
D_tvla,D,1,corr,0.0,0.0,real,0.25,500,1.5300,0.1258,,0.2398,0.4243,0.5132,80
D_tvla,D,1,corr,0.0,0.0,real,0.25,521,1.5372,0.1276,,0.2375,0.4222,0.5185,80
DA_tvla,DA,1,tmpl,0.0,0.0,real,,1,1.4813,0.0123,,0.2567,0.4983,0.5157,80
DA_tvla,DA,1,tmpl,0.0,0.0,real,,2,1.4995,0.0221,,0.2495,0.5038,0.4980,80
DA_tvla,DA,1,tmpl,0.0,0.0,real,,3,1.4808,0.0240,,0.2558,0.5070,0.5060,80
DA_tvla,DA,1,tmpl,0.0,0.0,real,,5,1.4845,0.0234,,0.2580,0.5082,0.5115,80
DA_tvla,DA,1,tmpl,0.0,0.0,real,,7,1.4988,0.0269,,0.2472,0.5070,0.5002,80
DA_tvla,DA,1,tmpl,0.0,0.0,real,,10,1.4972,0.0250,,0.2525,0.5090,0.5062,80
DA_tvla,DA,1,tmpl,0.0,0.0,real,,15,1.5108,0.0162,,0.2397,0.4925,0.5047,80
DA_tvla,DA,1,tmpl,0.0,0.0,real,,20,1.5223,0.0194,,0.2363,0.4942,0.4953,80
DA_tvla,DA,1,tmpl,0.0,0.0,real,,30,1.5118,0.0236,,0.2377,0.4895,0.4985,80
DA_tvla,DA,1,tmpl,0.0,0.0,real,,50,1.5332,0.0291,,0.2355,0.4795,0.5050,80
DA_tvla,DA,1,tmpl,0.0,0.0,real,,70,1.5430,0.0410,,0.2437,0.4970,0.5050,80
DA_tvla,DA,1,tmpl,0.0,0.0,real,,100,1.5360,0.0551,,0.2380,0.4935,0.4963,80
DA_tvla,DA,1,tmpl,0.0,0.0,real,,150,1.5380,0.0652,,0.2367,0.5040,0.4980,80
DA_tvla,DA,1,tmpl,0.0,0.0,real,,200,1.5575,0.0668,,0.2282,0.4775,0.5067,80
DA_tvla,DA,1,tmpl,0.0,0.0,real,,300,1.5560,0.0834,,0.2308,0.4782,0.5092,80
DA_tvla,DA,1,tmpl,0.0,0.0,real,,500,1.5453,0.1073,,0.2325,0.4727,0.5070,80
DA_tvla,DA,1,tmpl,0.0,0.0,real,,533,1.5370,0.1106,,0.2300,0.4787,0.5012,80
DA_tvla,DA,1,tmpl,0.0,0.0,permuted,,1,1.5008,,0.0142,,,,20
DA_tvla,DA,1,tmpl,0.0,0.0,permuted,,2,1.5046,,0.0147,,,,20
DA_tvla,DA,1,tmpl,0.0,0.0,permuted,,3,1.5037,,0.0142,,,,20
DA_tvla,DA,1,tmpl,0.0,0.0,permuted,,5,1.5043,,0.0174,,,,20
DA_tvla,DA,1,tmpl,0.0,0.0,permuted,,7,1.5091,,0.0188,,,,20
DA_tvla,DA,1,tmpl,0.0,0.0,permuted,,10,1.5070,,0.0153,,,,20
DA_tvla,DA,1,tmpl,0.0,0.0,permuted,,15,1.5061,,0.0192,,,,20
DA_tvla,DA,1,tmpl,0.0,0.0,permuted,,20,1.5026,,0.0182,,,,20
DA_tvla,DA,1,tmpl,0.0,0.0,permuted,,30,1.5010,,0.0214,,,,20
DA_tvla,DA,1,tmpl,0.0,0.0,permuted,,50,1.4987,,0.0329,,,,20
DA_tvla,DA,1,tmpl,0.0,0.0,permuted,,70,1.4991,,0.0336,,,,20
DA_tvla,DA,1,tmpl,0.0,0.0,permuted,,100,1.5039,,0.0419,,,,20
DA_tvla,DA,1,tmpl,0.0,0.0,permuted,,150,1.5005,,0.0501,,,,20
DA_tvla,DA,1,tmpl,0.0,0.0,permuted,,200,1.5029,,0.0590,,,,20
DA_tvla,DA,1,tmpl,0.0,0.0,permuted,,300,1.4976,,0.0649,,,,20
DA_tvla,DA,1,tmpl,0.0,0.0,permuted,,500,1.5027,,0.0816,,,,20
DA_tvla,DA,1,tmpl,0.0,0.0,permuted,,533,1.5047,,0.0850,,,,20
DA_tvla,DA,1,tmpl_bits,0.0,0.0,real,,1,1.5042,0.0252,,0.2445,0.4883,0.5142,80
DA_tvla,DA,1,tmpl_bits,0.0,0.0,real,,2,1.5142,0.0168,,0.2453,0.4998,0.4925,80
DA_tvla,DA,1,tmpl_bits,0.0,0.0,real,,3,1.5165,0.0187,,0.2470,0.5008,0.5015,80
DA_tvla,DA,1,tmpl_bits,0.0,0.0,real,,5,1.5258,0.0202,,0.2462,0.5042,0.4995,80
DA_tvla,DA,1,tmpl_bits,0.0,0.0,real,,7,1.5302,0.0276,,0.2430,0.4978,0.5042,80
DA_tvla,DA,1,tmpl_bits,0.0,0.0,real,,10,1.5187,0.0303,,0.2530,0.5023,0.5185,80
DA_tvla,DA,1,tmpl_bits,0.0,0.0,real,,15,1.5170,0.0250,,0.2487,0.4907,0.5195,80
DA_tvla,DA,1,tmpl_bits,0.0,0.0,real,,20,1.5302,0.0314,,0.2388,0.4830,0.5050,80
DA_tvla,DA,1,tmpl_bits,0.0,0.0,real,,30,1.5400,0.0328,,0.2382,0.4835,0.5165,80
DA_tvla,DA,1,tmpl_bits,0.0,0.0,real,,50,1.5550,0.0425,,0.2303,0.4775,0.5165,80
DA_tvla,DA,1,tmpl_bits,0.0,0.0,real,,70,1.5657,0.0539,,0.2302,0.4728,0.5227,80
DA_tvla,DA,1,tmpl_bits,0.0,0.0,real,,100,1.5720,0.0697,,0.2310,0.4705,0.5300,80
DA_tvla,DA,1,tmpl_bits,0.0,0.0,real,,150,1.5692,0.0895,,0.2267,0.4710,0.5265,80
DA_tvla,DA,1,tmpl_bits,0.0,0.0,real,,200,1.5825,0.0987,,0.2222,0.4553,0.5455,80
DA_tvla,DA,1,tmpl_bits,0.0,0.0,real,,300,1.6050,0.1198,,0.2135,0.4447,0.5375,80
DA_tvla,DA,1,tmpl_bits,0.0,0.0,real,,500,1.6562,0.1525,,0.1903,0.4043,0.5415,80
DA_tvla,DA,1,tmpl_bits,0.0,0.0,real,,533,1.6570,0.1574,,0.1815,0.3920,0.5383,80
DA_tvla,DA,1,tmpl_bits,0.0,0.0,permuted,,1,1.4992,,0.0170,,,,20
DA_tvla,DA,1,tmpl_bits,0.0,0.0,permuted,,2,1.5003,,0.0162,,,,20
DA_tvla,DA,1,tmpl_bits,0.0,0.0,permuted,,3,1.4991,,0.0148,,,,20
DA_tvla,DA,1,tmpl_bits,0.0,0.0,permuted,,5,1.5030,,0.0188,,,,20
DA_tvla,DA,1,tmpl_bits,0.0,0.0,permuted,,7,1.5006,,0.0212,,,,20
DA_tvla,DA,1,tmpl_bits,0.0,0.0,permuted,,10,1.4994,,0.0207,,,,20
DA_tvla,DA,1,tmpl_bits,0.0,0.0,permuted,,15,1.5045,,0.0237,,,,20
DA_tvla,DA,1,tmpl_bits,0.0,0.0,permuted,,20,1.5061,,0.0239,,,,20
DA_tvla,DA,1,tmpl_bits,0.0,0.0,permuted,,30,1.5029,,0.0228,,,,20
DA_tvla,DA,1,tmpl_bits,0.0,0.0,permuted,,50,1.5039,,0.0354,,,,20
DA_tvla,DA,1,tmpl_bits,0.0,0.0,permuted,,70,1.5025,,0.0354,,,,20
DA_tvla,DA,1,tmpl_bits,0.0,0.0,permuted,,100,1.5026,,0.0405,,,,20
DA_tvla,DA,1,tmpl_bits,0.0,0.0,permuted,,150,1.5024,,0.0493,,,,20
DA_tvla,DA,1,tmpl_bits,0.0,0.0,permuted,,200,1.5025,,0.0552,,,,20
DA_tvla,DA,1,tmpl_bits,0.0,0.0,permuted,,300,1.5051,,0.0596,,,,20
DA_tvla,DA,1,tmpl_bits,0.0,0.0,permuted,,500,1.5039,,0.0781,,,,20
DA_tvla,DA,1,tmpl_bits,0.0,0.0,permuted,,533,1.5035,,0.0840,,,,20
DA_tvla,DA,1,corr,0.0,0.0,real,,1,1.5000,0.0000,,0.2500,0.5000,0.5000,80
DA_tvla,DA,1,corr,0.0,0.0,real,,2,1.4824,0.0151,,0.2502,0.4964,0.5114,80
DA_tvla,DA,1,corr,0.0,0.0,real,,3,1.4932,0.0309,,0.2524,0.5065,0.5016,80
DA_tvla,DA,1,corr,0.0,0.0,real,,5,1.5004,0.0263,,0.2542,0.5017,0.5007,80
DA_tvla,DA,1,corr,0.0,0.0,real,,7,1.4993,0.0282,,0.2583,0.4975,0.5162,80
DA_tvla,DA,1,corr,0.0,0.0,real,,10,1.4910,0.0326,,0.2545,0.4975,0.5145,80
DA_tvla,DA,1,corr,0.0,0.0,real,,15,1.5063,0.0359,,0.2542,0.5008,0.5138,80
DA_tvla,DA,1,corr,0.0,0.0,real,,20,1.5320,0.0394,,0.2467,0.5008,0.5057,80
DA_tvla,DA,1,corr,0.0,0.0,real,,30,1.5402,0.0407,,0.2408,0.4993,0.5052,80
DA_tvla,DA,1,corr,0.0,0.0,real,,50,1.5230,0.0605,,0.2445,0.5007,0.5112,80
DA_tvla,DA,1,corr,0.0,0.0,real,,70,1.5187,0.0739,,0.2447,0.5018,0.5162,80
DA_tvla,DA,1,corr,0.0,0.0,real,,100,1.5123,0.0880,,0.2493,0.4988,0.5180,80
DA_tvla,DA,1,corr,0.0,0.0,real,,150,1.5147,0.1030,,0.2495,0.5003,0.5300,80
DA_tvla,DA,1,corr,0.0,0.0,real,,200,1.5178,0.1126,,0.2475,0.5013,0.5292,80
DA_tvla,DA,1,corr,0.0,0.0,real,,300,1.5285,0.1387,,0.2440,0.5025,0.5210,80
DA_tvla,DA,1,corr,0.0,0.0,real,,500,1.5135,0.1875,,0.2557,0.5175,0.5302,80
DA_tvla,DA,1,corr,0.0,0.0,real,,533,1.5245,0.1970,,0.2615,0.5222,0.5340,80
DA_tvla,DA,1,corr,0.0,0.0,permuted,,1,1.5000,,0.0000,,,,20
DA_tvla,DA,1,corr,0.0,0.0,permuted,,2,1.5003,,0.0141,,,,20
DA_tvla,DA,1,corr,0.0,0.0,permuted,,3,1.5025,,0.0186,,,,20
DA_tvla,DA,1,corr,0.0,0.0,permuted,,5,1.5046,,0.0208,,,,20
DA_tvla,DA,1,corr,0.0,0.0,permuted,,7,1.5043,,0.0204,,,,20
DA_tvla,DA,1,corr,0.0,0.0,permuted,,10,1.5043,,0.0214,,,,20
DA_tvla,DA,1,corr,0.0,0.0,permuted,,15,1.5022,,0.0234,,,,20
DA_tvla,DA,1,corr,0.0,0.0,permuted,,20,1.5017,,0.0248,,,,20
DA_tvla,DA,1,corr,0.0,0.0,permuted,,30,1.5053,,0.0273,,,,20
DA_tvla,DA,1,corr,0.0,0.0,permuted,,50,1.5059,,0.0378,,,,20
DA_tvla,DA,1,corr,0.0,0.0,permuted,,70,1.5055,,0.0426,,,,20
DA_tvla,DA,1,corr,0.0,0.0,permuted,,100,1.5110,,0.0539,,,,20
DA_tvla,DA,1,corr,0.0,0.0,permuted,,150,1.5135,,0.0605,,,,20
DA_tvla,DA,1,corr,0.0,0.0,permuted,,200,1.5163,,0.0678,,,,20
DA_tvla,DA,1,corr,0.0,0.0,permuted,,300,1.5222,,0.0861,,,,20
DA_tvla,DA,1,corr,0.0,0.0,permuted,,500,1.5305,,0.1125,,,,20
DA_tvla,DA,1,corr,0.0,0.0,permuted,,533,1.5340,,0.1147,,,,20
DA_tvla,DA,1,tmpl,0.5,253.115,real,,1,1.4868,0.0217,,0.2518,0.5022,0.5062,80
DA_tvla,DA,1,tmpl,0.5,253.115,real,,2,1.4790,0.0259,,0.2557,0.5095,0.5062,80
DA_tvla,DA,1,tmpl,0.5,253.115,real,,3,1.4743,0.0223,,0.2558,0.5010,0.5090,80
DA_tvla,DA,1,tmpl,0.5,253.115,real,,5,1.4755,0.0240,,0.2575,0.5077,0.5100,80
DA_tvla,DA,1,tmpl,0.5,253.115,real,,7,1.4845,0.0313,,0.2485,0.4927,0.5103,80
DA_tvla,DA,1,tmpl,0.5,253.115,real,,10,1.4792,0.0378,,0.2582,0.4982,0.5182,80
DA_tvla,DA,1,tmpl,0.5,253.115,real,,15,1.4930,0.0373,,0.2515,0.4848,0.5190,80
DA_tvla,DA,1,tmpl,0.5,253.115,real,,20,1.4785,0.0493,,0.2585,0.4995,0.5145,80
DA_tvla,DA,1,tmpl,0.5,253.115,real,,30,1.4973,0.0623,,0.2585,0.4992,0.5150,80
DA_tvla,DA,1,tmpl,0.5,253.115,real,,50,1.5157,0.0662,,0.2510,0.4882,0.5127,80
DA_tvla,DA,1,tmpl,0.5,253.115,real,,70,1.4952,0.0762,,0.2617,0.4972,0.5172,80
DA_tvla,DA,1,tmpl,0.5,253.115,real,,100,1.5085,0.0913,,0.2562,0.4962,0.5132,80
DA_tvla,DA,1,tmpl,0.5,253.115,real,,150,1.5275,0.1099,,0.2525,0.4833,0.5208,80
DA_tvla,DA,1,tmpl,0.5,253.115,real,,200,1.5425,0.1209,,0.2547,0.4870,0.5230,80
DA_tvla,DA,1,tmpl,0.5,253.115,real,,300,1.5390,0.1418,,0.2607,0.4858,0.5357,80
DA_tvla,DA,1,tmpl,0.5,253.115,real,,500,1.5628,0.1692,,0.2602,0.4755,0.5557,80
DA_tvla,DA,1,tmpl,0.5,253.115,real,,533,1.5813,0.1677,,0.2530,0.4740,0.5437,80
DA_tvla,DA,1,tmpl,0.5,253.115,permuted,,1,1.4980,,0.0091,,,,5
DA_tvla,DA,1,tmpl,0.5,253.115,permuted,,2,1.4975,,0.0132,,,,5
DA_tvla,DA,1,tmpl,0.5,253.115,permuted,,3,1.5013,,0.0103,,,,5
DA_tvla,DA,1,tmpl,0.5,253.115,permuted,,5,1.5144,,0.0123,,,,5
DA_tvla,DA,1,tmpl,0.5,253.115,permuted,,7,1.5166,,0.0127,,,,5
DA_tvla,DA,1,tmpl,0.5,253.115,permuted,,10,1.5066,,0.0226,,,,5
DA_tvla,DA,1,tmpl,0.5,253.115,permuted,,15,1.5064,,0.0290,,,,5
DA_tvla,DA,1,tmpl,0.5,253.115,permuted,,20,1.5155,,0.0401,,,,5
DA_tvla,DA,1,tmpl,0.5,253.115,permuted,,30,1.5241,,0.0417,,,,5
DA_tvla,DA,1,tmpl,0.5,253.115,permuted,,50,1.5215,,0.0274,,,,5
DA_tvla,DA,1,tmpl,0.5,253.115,permuted,,70,1.5295,,0.0435,,,,5
DA_tvla,DA,1,tmpl,0.5,253.115,permuted,,100,1.5168,,0.0573,,,,5
DA_tvla,DA,1,tmpl,0.5,253.115,permuted,,150,1.5306,,0.0702,,,,5
DA_tvla,DA,1,tmpl,0.5,253.115,permuted,,200,1.5233,,0.0750,,,,5
DA_tvla,DA,1,tmpl,0.5,253.115,permuted,,300,1.5367,,0.0689,,,,5
DA_tvla,DA,1,tmpl,0.5,253.115,permuted,,500,1.5456,,0.0813,,,,5
DA_tvla,DA,1,tmpl,0.5,253.115,permuted,,533,1.5526,,0.0807,,,,5
DA_tvla,DA,1,tmpl_bits,0.5,253.115,real,,1,1.5048,0.0275,,0.2447,0.4918,0.4983,80
DA_tvla,DA,1,tmpl_bits,0.5,253.115,real,,2,1.5145,0.0338,,0.2490,0.4963,0.5100,80
DA_tvla,DA,1,tmpl_bits,0.5,253.115,real,,3,1.5002,0.0284,,0.2460,0.4958,0.4915,80
DA_tvla,DA,1,tmpl_bits,0.5,253.115,real,,5,1.5070,0.0307,,0.2462,0.5042,0.4975,80
DA_tvla,DA,1,tmpl_bits,0.5,253.115,real,,7,1.5037,0.0331,,0.2462,0.5055,0.4925,80
DA_tvla,DA,1,tmpl_bits,0.5,253.115,real,,10,1.4855,0.0397,,0.2572,0.5018,0.5075,80
DA_tvla,DA,1,tmpl_bits,0.5,253.115,real,,15,1.5065,0.0453,,0.2397,0.4888,0.5013,80
DA_tvla,DA,1,tmpl_bits,0.5,253.115,real,,20,1.4708,0.0472,,0.2502,0.4960,0.5117,80
DA_tvla,DA,1,tmpl_bits,0.5,253.115,real,,30,1.5020,0.0591,,0.2490,0.5025,0.5023,80
DA_tvla,DA,1,tmpl_bits,0.5,253.115,real,,50,1.5270,0.0645,,0.2420,0.4907,0.4988,80
DA_tvla,DA,1,tmpl_bits,0.5,253.115,real,,70,1.5290,0.0729,,0.2360,0.4877,0.4908,80
DA_tvla,DA,1,tmpl_bits,0.5,253.115,real,,100,1.5477,0.0841,,0.2335,0.4858,0.4877,80
DA_tvla,DA,1,tmpl_bits,0.5,253.115,real,,150,1.5437,0.1015,,0.2327,0.4910,0.4883,80
DA_tvla,DA,1,tmpl_bits,0.5,253.115,real,,200,1.5722,0.1155,,0.2220,0.4793,0.4730,80
DA_tvla,DA,1,tmpl_bits,0.5,253.115,real,,300,1.5820,0.1360,,0.2105,0.4802,0.4567,80
DA_tvla,DA,1,tmpl_bits,0.5,253.115,real,,500,1.6527,0.1601,,0.1857,0.4888,0.4325,80
DA_tvla,DA,1,tmpl_bits,0.5,253.115,real,,533,1.6513,0.1603,,0.1855,0.4995,0.4203,80
DA_tvla,DA,1,tmpl_bits,0.5,253.115,permuted,,1,1.4910,,0.0210,,,,5
DA_tvla,DA,1,tmpl_bits,0.5,253.115,permuted,,2,1.4977,,0.0257,,,,5
DA_tvla,DA,1,tmpl_bits,0.5,253.115,permuted,,3,1.5006,,0.0267,,,,5
DA_tvla,DA,1,tmpl_bits,0.5,253.115,permuted,,5,1.5075,,0.0322,,,,5
DA_tvla,DA,1,tmpl_bits,0.5,253.115,permuted,,7,1.5071,,0.0253,,,,5
DA_tvla,DA,1,tmpl_bits,0.5,253.115,permuted,,10,1.5138,,0.0182,,,,5
DA_tvla,DA,1,tmpl_bits,0.5,253.115,permuted,,15,1.5114,,0.0181,,,,5
DA_tvla,DA,1,tmpl_bits,0.5,253.115,permuted,,20,1.5207,,0.0251,,,,5
DA_tvla,DA,1,tmpl_bits,0.5,253.115,permuted,,30,1.5185,,0.0150,,,,5
DA_tvla,DA,1,tmpl_bits,0.5,253.115,permuted,,50,1.5166,,0.0194,,,,5
DA_tvla,DA,1,tmpl_bits,0.5,253.115,permuted,,70,1.5370,,0.0260,,,,5
DA_tvla,DA,1,tmpl_bits,0.5,253.115,permuted,,100,1.5251,,0.0239,,,,5
DA_tvla,DA,1,tmpl_bits,0.5,253.115,permuted,,150,1.5234,,0.0386,,,,5
DA_tvla,DA,1,tmpl_bits,0.5,253.115,permuted,,200,1.5208,,0.0398,,,,5
DA_tvla,DA,1,tmpl_bits,0.5,253.115,permuted,,300,1.5265,,0.0492,,,,5
DA_tvla,DA,1,tmpl_bits,0.5,253.115,permuted,,500,1.5391,,0.0777,,,,5
DA_tvla,DA,1,tmpl_bits,0.5,253.115,permuted,,533,1.5398,,0.0751,,,,5
DA_tvla,DA,1,corr,0.5,253.115,real,,1,1.5000,0.0000,,0.2500,0.5000,0.5000,80
DA_tvla,DA,1,corr,0.5,253.115,real,,2,1.4951,0.0187,,0.2491,0.4949,0.5031,80
DA_tvla,DA,1,corr,0.5,253.115,real,,3,1.4882,0.0138,,0.2554,0.5023,0.5015,80
DA_tvla,DA,1,corr,0.5,253.115,real,,5,1.5163,0.0195,,0.2454,0.4945,0.5033,80
DA_tvla,DA,1,corr,0.5,253.115,real,,7,1.5109,0.0178,,0.2519,0.5041,0.5007,80
DA_tvla,DA,1,corr,0.5,253.115,real,,10,1.5185,0.0141,,0.2427,0.4935,0.4990,80
DA_tvla,DA,1,corr,0.5,253.115,real,,15,1.4998,0.0301,,0.2495,0.4922,0.4993,80
DA_tvla,DA,1,corr,0.5,253.115,real,,20,1.5095,0.0352,,0.2375,0.4833,0.4900,80
DA_tvla,DA,1,corr,0.5,253.115,real,,30,1.5120,0.0413,,0.2335,0.4755,0.4987,80
DA_tvla,DA,1,corr,0.5,253.115,real,,50,1.5060,0.0397,,0.2415,0.4810,0.5050,80
DA_tvla,DA,1,corr,0.5,253.115,real,,70,1.5160,0.0480,,0.2488,0.4853,0.5015,80
DA_tvla,DA,1,corr,0.5,253.115,real,,100,1.5095,0.0432,,0.2455,0.4850,0.5048,80
DA_tvla,DA,1,corr,0.5,253.115,real,,150,1.4968,0.0515,,0.2437,0.4693,0.5100,80
DA_tvla,DA,1,corr,0.5,253.115,real,,200,1.4900,0.0602,,0.2370,0.4575,0.5123,80
DA_tvla,DA,1,corr,0.5,253.115,real,,300,1.5125,0.0774,,0.2202,0.4315,0.5142,80
DA_tvla,DA,1,corr,0.5,253.115,real,,500,1.5250,0.0919,,0.1928,0.3962,0.4880,80
DA_tvla,DA,1,corr,0.5,253.115,real,,533,1.5370,0.1032,,0.1798,0.3842,0.4753,80
DA_tvla,DA,1,corr,0.5,253.115,permuted,,1,1.5000,,0.0000,,,,5
DA_tvla,DA,1,corr,0.5,253.115,permuted,,2,1.5051,,0.0167,,,,5
DA_tvla,DA,1,corr,0.5,253.115,permuted,,3,1.5080,,0.0205,,,,5
DA_tvla,DA,1,corr,0.5,253.115,permuted,,5,1.5025,,0.0233,,,,5
DA_tvla,DA,1,corr,0.5,253.115,permuted,,7,1.5070,,0.0139,,,,5
DA_tvla,DA,1,corr,0.5,253.115,permuted,,10,1.5038,,0.0181,,,,5
DA_tvla,DA,1,corr,0.5,253.115,permuted,,15,1.4977,,0.0148,,,,5
DA_tvla,DA,1,corr,0.5,253.115,permuted,,20,1.5047,,0.0122,,,,5
DA_tvla,DA,1,corr,0.5,253.115,permuted,,30,1.5030,,0.0220,,,,5
DA_tvla,DA,1,corr,0.5,253.115,permuted,,50,1.5094,,0.0286,,,,5
DA_tvla,DA,1,corr,0.5,253.115,permuted,,70,1.5130,,0.0413,,,,5
DA_tvla,DA,1,corr,0.5,253.115,permuted,,100,1.5165,,0.0412,,,,5
DA_tvla,DA,1,corr,0.5,253.115,permuted,,150,1.5228,,0.0477,,,,5
DA_tvla,DA,1,corr,0.5,253.115,permuted,,200,1.5394,,0.0656,,,,5
DA_tvla,DA,1,corr,0.5,253.115,permuted,,300,1.5403,,0.0671,,,,5
DA_tvla,DA,1,corr,0.5,253.115,permuted,,500,1.5555,,0.0935,,,,5
DA_tvla,DA,1,corr,0.5,253.115,permuted,,533,1.5557,,0.0941,,,,5
DA_tvla,DA,1,tmpl,1.0,506.23,real,,1,1.4708,0.0203,,0.2670,0.5185,0.4993,80
DA_tvla,DA,1,tmpl,1.0,506.23,real,,2,1.4543,0.0277,,0.2647,0.5238,0.5022,80
DA_tvla,DA,1,tmpl,1.0,506.23,real,,3,1.4725,0.0291,,0.2582,0.5165,0.4998,80
DA_tvla,DA,1,tmpl,1.0,506.23,real,,5,1.4738,0.0375,,0.2582,0.5030,0.5035,80
DA_tvla,DA,1,tmpl,1.0,506.23,real,,7,1.4450,0.0354,,0.2665,0.5170,0.4997,80
DA_tvla,DA,1,tmpl,1.0,506.23,real,,10,1.4405,0.0414,,0.2635,0.5220,0.5025,80
DA_tvla,DA,1,tmpl,1.0,506.23,real,,15,1.4635,0.0509,,0.2680,0.5180,0.5080,80
DA_tvla,DA,1,tmpl,1.0,506.23,real,,20,1.4623,0.0519,,0.2693,0.5237,0.4992,80
DA_tvla,DA,1,tmpl,1.0,506.23,real,,30,1.4552,0.0615,,0.2635,0.5068,0.5015,80
DA_tvla,DA,1,tmpl,1.0,506.23,real,,50,1.4355,0.0736,,0.2625,0.5130,0.4957,80
DA_tvla,DA,1,tmpl,1.0,506.23,real,,70,1.4345,0.0808,,0.2617,0.5065,0.4918,80
DA_tvla,DA,1,tmpl,1.0,506.23,real,,100,1.4205,0.0988,,0.2742,0.5203,0.5020,80
DA_tvla,DA,1,tmpl,1.0,506.23,real,,150,1.4323,0.1154,,0.2802,0.5285,0.5000,80
DA_tvla,DA,1,tmpl,1.0,506.23,real,,200,1.4165,0.1279,,0.2792,0.5310,0.4970,80
DA_tvla,DA,1,tmpl,1.0,506.23,real,,300,1.4235,0.1425,,0.2898,0.5460,0.4975,80
DA_tvla,DA,1,tmpl,1.0,506.23,real,,500,1.3938,0.1655,,0.2877,0.5360,0.5115,80
DA_tvla,DA,1,tmpl,1.0,506.23,real,,533,1.3815,0.1703,,0.2913,0.5302,0.5182,80
DA_tvla,DA,1,tmpl,1.0,506.23,permuted,,1,1.5029,,0.0233,,,,5
DA_tvla,DA,1,tmpl,1.0,506.23,permuted,,2,1.5134,,0.0179,,,,5
DA_tvla,DA,1,tmpl,1.0,506.23,permuted,,3,1.5118,,0.0186,,,,5
DA_tvla,DA,1,tmpl,1.0,506.23,permuted,,5,1.5103,,0.0281,,,,5
DA_tvla,DA,1,tmpl,1.0,506.23,permuted,,7,1.5199,,0.0196,,,,5
DA_tvla,DA,1,tmpl,1.0,506.23,permuted,,10,1.5289,,0.0214,,,,5
DA_tvla,DA,1,tmpl,1.0,506.23,permuted,,15,1.5277,,0.0400,,,,5
DA_tvla,DA,1,tmpl,1.0,506.23,permuted,,20,1.5218,,0.0356,,,,5
DA_tvla,DA,1,tmpl,1.0,506.23,permuted,,30,1.5259,,0.0288,,,,5
DA_tvla,DA,1,tmpl,1.0,506.23,permuted,,50,1.5195,,0.0534,,,,5
DA_tvla,DA,1,tmpl,1.0,506.23,permuted,,70,1.5244,,0.0652,,,,5
DA_tvla,DA,1,tmpl,1.0,506.23,permuted,,100,1.5227,,0.0760,,,,5
DA_tvla,DA,1,tmpl,1.0,506.23,permuted,,150,1.5368,,0.0763,,,,5
DA_tvla,DA,1,tmpl,1.0,506.23,permuted,,200,1.5528,,0.0871,,,,5
DA_tvla,DA,1,tmpl,1.0,506.23,permuted,,300,1.5513,,0.0931,,,,5
DA_tvla,DA,1,tmpl,1.0,506.23,permuted,,500,1.5494,,0.1138,,,,5
DA_tvla,DA,1,tmpl,1.0,506.23,permuted,,533,1.5469,,0.1216,,,,5
DA_tvla,DA,1,tmpl_bits,1.0,506.23,real,,1,1.4600,0.0164,,0.2677,0.5140,0.5015,80
DA_tvla,DA,1,tmpl_bits,1.0,506.23,real,,2,1.4512,0.0179,,0.2720,0.5225,0.5083,80
DA_tvla,DA,1,tmpl_bits,1.0,506.23,real,,3,1.4555,0.0210,,0.2673,0.5188,0.5070,80
DA_tvla,DA,1,tmpl_bits,1.0,506.23,real,,5,1.4782,0.0259,,0.2595,0.5050,0.5005,80
DA_tvla,DA,1,tmpl_bits,1.0,506.23,real,,7,1.4720,0.0203,,0.2537,0.5052,0.4903,80
DA_tvla,DA,1,tmpl_bits,1.0,506.23,real,,10,1.4898,0.0334,,0.2482,0.5065,0.4865,80
DA_tvla,DA,1,tmpl_bits,1.0,506.23,real,,15,1.4835,0.0369,,0.2560,0.5122,0.4848,80
DA_tvla,DA,1,tmpl_bits,1.0,506.23,real,,20,1.4817,0.0362,,0.2505,0.5120,0.4842,80
DA_tvla,DA,1,tmpl_bits,1.0,506.23,real,,30,1.4718,0.0416,,0.2578,0.5042,0.4957,80
DA_tvla,DA,1,tmpl_bits,1.0,506.23,real,,50,1.4738,0.0567,,0.2602,0.5043,0.4912,80
DA_tvla,DA,1,tmpl_bits,1.0,506.23,real,,70,1.4580,0.0610,,0.2668,0.5062,0.4890,80
DA_tvla,DA,1,tmpl_bits,1.0,506.23,real,,100,1.4587,0.0762,,0.2655,0.5048,0.4808,80
DA_tvla,DA,1,tmpl_bits,1.0,506.23,real,,150,1.4622,0.0815,,0.2677,0.5073,0.4867,80
DA_tvla,DA,1,tmpl_bits,1.0,506.23,real,,200,1.4215,0.0858,,0.2672,0.5053,0.4850,80
DA_tvla,DA,1,tmpl_bits,1.0,506.23,real,,300,1.4290,0.1030,,0.2695,0.5075,0.4815,80
DA_tvla,DA,1,tmpl_bits,1.0,506.23,real,,500,1.4243,0.1291,,0.2650,0.4953,0.4877,80
DA_tvla,DA,1,tmpl_bits,1.0,506.23,real,,533,1.4265,0.1336,,0.2645,0.4973,0.4855,80
DA_tvla,DA,1,tmpl_bits,1.0,506.23,permuted,,1,1.4959,,0.0143,,,,5
DA_tvla,DA,1,tmpl_bits,1.0,506.23,permuted,,2,1.5031,,0.0179,,,,5
DA_tvla,DA,1,tmpl_bits,1.0,506.23,permuted,,3,1.4988,,0.0255,,,,5
DA_tvla,DA,1,tmpl_bits,1.0,506.23,permuted,,5,1.5014,,0.0259,,,,5
DA_tvla,DA,1,tmpl_bits,1.0,506.23,permuted,,7,1.5149,,0.0281,,,,5
DA_tvla,DA,1,tmpl_bits,1.0,506.23,permuted,,10,1.5132,,0.0230,,,,5
DA_tvla,DA,1,tmpl_bits,1.0,506.23,permuted,,15,1.5092,,0.0278,,,,5
DA_tvla,DA,1,tmpl_bits,1.0,506.23,permuted,,20,1.5039,,0.0325,,,,5
DA_tvla,DA,1,tmpl_bits,1.0,506.23,permuted,,30,1.5015,,0.0340,,,,5
DA_tvla,DA,1,tmpl_bits,1.0,506.23,permuted,,50,1.5010,,0.0441,,,,5
DA_tvla,DA,1,tmpl_bits,1.0,506.23,permuted,,70,1.4875,,0.0591,,,,5
DA_tvla,DA,1,tmpl_bits,1.0,506.23,permuted,,100,1.4851,,0.0714,,,,5
DA_tvla,DA,1,tmpl_bits,1.0,506.23,permuted,,150,1.4966,,0.0763,,,,5
DA_tvla,DA,1,tmpl_bits,1.0,506.23,permuted,,200,1.4985,,0.0815,,,,5
DA_tvla,DA,1,tmpl_bits,1.0,506.23,permuted,,300,1.4982,,0.0954,,,,5
DA_tvla,DA,1,tmpl_bits,1.0,506.23,permuted,,500,1.4935,,0.1021,,,,5
DA_tvla,DA,1,tmpl_bits,1.0,506.23,permuted,,533,1.4913,,0.1075,,,,5
DA_tvla,DA,1,corr,1.0,506.23,real,,1,1.5000,0.0000,,0.2500,0.5000,0.5000,80
DA_tvla,DA,1,corr,1.0,506.23,real,,2,1.4785,0.0073,,0.2591,0.5060,0.5065,80
DA_tvla,DA,1,corr,1.0,506.23,real,,3,1.5073,0.0143,,0.2519,0.4965,0.5074,80
DA_tvla,DA,1,corr,1.0,506.23,real,,5,1.4846,0.0130,,0.2526,0.4962,0.5112,80
DA_tvla,DA,1,corr,1.0,506.23,real,,7,1.5031,0.0203,,0.2528,0.4898,0.5178,80
DA_tvla,DA,1,corr,1.0,506.23,real,,10,1.5150,0.0113,,0.2512,0.4995,0.5078,80
DA_tvla,DA,1,corr,1.0,506.23,real,,15,1.4915,0.0095,,0.2607,0.5030,0.5100,80
DA_tvla,DA,1,corr,1.0,506.23,real,,20,1.4995,0.0164,,0.2490,0.4912,0.5098,80
DA_tvla,DA,1,corr,1.0,506.23,real,,30,1.5007,0.0152,,0.2493,0.4903,0.5153,80
DA_tvla,DA,1,corr,1.0,506.23,real,,50,1.5083,0.0210,,0.2430,0.4885,0.5065,80
DA_tvla,DA,1,corr,1.0,506.23,real,,70,1.5190,0.0238,,0.2450,0.4965,0.4965,80
DA_tvla,DA,1,corr,1.0,506.23,real,,100,1.5070,0.0195,,0.2417,0.5022,0.5018,80
DA_tvla,DA,1,corr,1.0,506.23,real,,150,1.5190,0.0292,,0.2430,0.4945,0.5140,80
DA_tvla,DA,1,corr,1.0,506.23,real,,200,1.5187,0.0333,,0.2525,0.4947,0.5200,80
DA_tvla,DA,1,corr,1.0,506.23,real,,300,1.5333,0.0462,,0.2455,0.4898,0.5215,80
DA_tvla,DA,1,corr,1.0,506.23,real,,500,1.5657,0.0665,,0.2375,0.4968,0.5192,80
DA_tvla,DA,1,corr,1.0,506.23,real,,533,1.5688,0.0681,,0.2327,0.4905,0.5240,80
DA_tvla,DA,1,corr,1.0,506.23,permuted,,1,1.5000,,0.0000,,,,5
DA_tvla,DA,1,corr,1.0,506.23,permuted,,2,1.4952,,0.0113,,,,5
DA_tvla,DA,1,corr,1.0,506.23,permuted,,3,1.4986,,0.0127,,,,5
DA_tvla,DA,1,corr,1.0,506.23,permuted,,5,1.4968,,0.0171,,,,5
DA_tvla,DA,1,corr,1.0,506.23,permuted,,7,1.4978,,0.0212,,,,5
DA_tvla,DA,1,corr,1.0,506.23,permuted,,10,1.5052,,0.0318,,,,5
DA_tvla,DA,1,corr,1.0,506.23,permuted,,15,1.4979,,0.0265,,,,5
DA_tvla,DA,1,corr,1.0,506.23,permuted,,20,1.4904,,0.0138,,,,5
DA_tvla,DA,1,corr,1.0,506.23,permuted,,30,1.4911,,0.0195,,,,5
DA_tvla,DA,1,corr,1.0,506.23,permuted,,50,1.4916,,0.0254,,,,5
DA_tvla,DA,1,corr,1.0,506.23,permuted,,70,1.4947,,0.0228,,,,5
DA_tvla,DA,1,corr,1.0,506.23,permuted,,100,1.4989,,0.0344,,,,5
DA_tvla,DA,1,corr,1.0,506.23,permuted,,150,1.4882,,0.0641,,,,5
DA_tvla,DA,1,corr,1.0,506.23,permuted,,200,1.4893,,0.0678,,,,5
DA_tvla,DA,1,corr,1.0,506.23,permuted,,300,1.4935,,0.0959,,,,5
DA_tvla,DA,1,corr,1.0,506.23,permuted,,500,1.4999,,0.1206,,,,5
DA_tvla,DA,1,corr,1.0,506.23,permuted,,533,1.5056,,0.1294,,,,5
DA_tvla,DA,2,tmpl,0.0,0.0,real,,1,1.4172,0.0749,,0.2702,0.5142,0.5072,80
DA_tvla,DA,2,tmpl,0.0,0.0,real,,2,1.3698,0.0645,,0.2883,0.5205,0.5193,80
DA_tvla,DA,2,tmpl,0.0,0.0,real,,3,1.3255,0.0587,,0.3007,0.5418,0.5220,80
DA_tvla,DA,2,tmpl,0.0,0.0,real,,5,1.2798,0.0533,,0.3185,0.5480,0.5440,80
DA_tvla,DA,2,tmpl,0.0,0.0,real,,7,1.2250,0.0404,,0.3358,0.5633,0.5448,80
DA_tvla,DA,2,tmpl,0.0,0.0,real,,10,1.1878,0.0377,,0.3488,0.5702,0.5503,80
DA_tvla,DA,2,tmpl,0.0,0.0,real,,15,1.1133,0.0409,,0.3810,0.5875,0.5710,80
DA_tvla,DA,2,tmpl,0.0,0.0,real,,20,1.0615,0.0414,,0.3985,0.5982,0.5767,80
DA_tvla,DA,2,tmpl,0.0,0.0,real,,30,0.9420,0.0442,,0.4490,0.6253,0.6198,80
DA_tvla,DA,2,tmpl,0.0,0.0,real,,50,0.8123,0.0461,,0.4988,0.6610,0.6482,80
DA_tvla,DA,2,tmpl,0.0,0.0,real,,70,0.7110,0.0440,,0.5510,0.6833,0.6890,80
DA_tvla,DA,2,tmpl,0.0,0.0,real,,100,0.5970,0.0442,,0.6043,0.7215,0.7215,80
DA_tvla,DA,2,tmpl,0.0,0.0,real,,150,0.4940,0.0485,,0.6537,0.7450,0.7560,80
DA_tvla,DA,2,tmpl,0.0,0.0,real,,200,0.4335,0.0501,,0.6898,0.7680,0.7822,80
DA_tvla,DA,2,tmpl,0.0,0.0,real,,300,0.3567,0.0533,,0.7300,0.8020,0.8110,80
DA_tvla,DA,2,tmpl,0.0,0.0,real,,500,0.2720,0.0573,,0.7810,0.8287,0.8462,80
DA_tvla,DA,2,tmpl,0.0,0.0,real,,533,0.2662,0.0583,,0.7833,0.8280,0.8523,80
DA_tvla,DA,2,tmpl,0.0,0.0,permuted,,1,1.5012,,0.0143,,,,20
DA_tvla,DA,2,tmpl,0.0,0.0,permuted,,2,1.5044,,0.0195,,,,20
DA_tvla,DA,2,tmpl,0.0,0.0,permuted,,3,1.5028,,0.0182,,,,20
DA_tvla,DA,2,tmpl,0.0,0.0,permuted,,5,1.5025,,0.0198,,,,20
DA_tvla,DA,2,tmpl,0.0,0.0,permuted,,7,1.5017,,0.0232,,,,20
DA_tvla,DA,2,tmpl,0.0,0.0,permuted,,10,1.4975,,0.0277,,,,20
DA_tvla,DA,2,tmpl,0.0,0.0,permuted,,15,1.5003,,0.0265,,,,20
DA_tvla,DA,2,tmpl,0.0,0.0,permuted,,20,1.4962,,0.0266,,,,20
DA_tvla,DA,2,tmpl,0.0,0.0,permuted,,30,1.4977,,0.0340,,,,20
DA_tvla,DA,2,tmpl,0.0,0.0,permuted,,50,1.5000,,0.0427,,,,20
DA_tvla,DA,2,tmpl,0.0,0.0,permuted,,70,1.5003,,0.0458,,,,20
DA_tvla,DA,2,tmpl,0.0,0.0,permuted,,100,1.5010,,0.0576,,,,20
DA_tvla,DA,2,tmpl,0.0,0.0,permuted,,150,1.5014,,0.0588,,,,20
DA_tvla,DA,2,tmpl,0.0,0.0,permuted,,200,1.5030,,0.0644,,,,20
DA_tvla,DA,2,tmpl,0.0,0.0,permuted,,300,1.5074,,0.0763,,,,20
DA_tvla,DA,2,tmpl,0.0,0.0,permuted,,500,1.5189,,0.0927,,,,20
DA_tvla,DA,2,tmpl,0.0,0.0,permuted,,533,1.5192,,0.0985,,,,20
DA_tvla,DA,2,tmpl_bits,0.0,0.0,real,,1,1.4283,0.0997,,0.2585,0.5063,0.5092,80
DA_tvla,DA,2,tmpl_bits,0.0,0.0,real,,2,1.3560,0.0849,,0.2855,0.5182,0.5220,80
DA_tvla,DA,2,tmpl_bits,0.0,0.0,real,,3,1.3148,0.0787,,0.2963,0.5370,0.5242,80
DA_tvla,DA,2,tmpl_bits,0.0,0.0,real,,5,1.2712,0.0738,,0.3195,0.5550,0.5450,80
DA_tvla,DA,2,tmpl_bits,0.0,0.0,real,,7,1.2208,0.0628,,0.3293,0.5593,0.5467,80
DA_tvla,DA,2,tmpl_bits,0.0,0.0,real,,10,1.1888,0.0528,,0.3453,0.5765,0.5443,80
DA_tvla,DA,2,tmpl_bits,0.0,0.0,real,,15,1.1425,0.0506,,0.3695,0.5845,0.5630,80
DA_tvla,DA,2,tmpl_bits,0.0,0.0,real,,20,1.0693,0.0546,,0.3923,0.5965,0.5800,80
DA_tvla,DA,2,tmpl_bits,0.0,0.0,real,,30,0.9708,0.0530,,0.4352,0.6205,0.6092,80
DA_tvla,DA,2,tmpl_bits,0.0,0.0,real,,50,0.8252,0.0660,,0.4905,0.6502,0.6462,80
DA_tvla,DA,2,tmpl_bits,0.0,0.0,real,,70,0.7392,0.0680,,0.5330,0.6800,0.6773,80
DA_tvla,DA,2,tmpl_bits,0.0,0.0,real,,100,0.6495,0.0817,,0.5748,0.7032,0.7077,80
DA_tvla,DA,2,tmpl_bits,0.0,0.0,real,,150,0.5453,0.0935,,0.6208,0.7337,0.7423,80
DA_tvla,DA,2,tmpl_bits,0.0,0.0,real,,200,0.4727,0.0947,,0.6632,0.7630,0.7760,80
DA_tvla,DA,2,tmpl_bits,0.0,0.0,real,,300,0.4082,0.1009,,0.6948,0.7800,0.7987,80
DA_tvla,DA,2,tmpl_bits,0.0,0.0,real,,500,0.3520,0.1086,,0.7280,0.7957,0.8315,80
DA_tvla,DA,2,tmpl_bits,0.0,0.0,real,,533,0.3538,0.1144,,0.7307,0.7982,0.8325,80
DA_tvla,DA,2,tmpl_bits,0.0,0.0,permuted,,1,1.5019,,0.0204,,,,20
DA_tvla,DA,2,tmpl_bits,0.0,0.0,permuted,,2,1.5046,,0.0198,,,,20
DA_tvla,DA,2,tmpl_bits,0.0,0.0,permuted,,3,1.5008,,0.0212,,,,20
DA_tvla,DA,2,tmpl_bits,0.0,0.0,permuted,,5,1.5049,,0.0227,,,,20
DA_tvla,DA,2,tmpl_bits,0.0,0.0,permuted,,7,1.5012,,0.0266,,,,20
DA_tvla,DA,2,tmpl_bits,0.0,0.0,permuted,,10,1.5001,,0.0258,,,,20
DA_tvla,DA,2,tmpl_bits,0.0,0.0,permuted,,15,1.4995,,0.0288,,,,20
DA_tvla,DA,2,tmpl_bits,0.0,0.0,permuted,,20,1.4990,,0.0256,,,,20
DA_tvla,DA,2,tmpl_bits,0.0,0.0,permuted,,30,1.5067,,0.0353,,,,20
DA_tvla,DA,2,tmpl_bits,0.0,0.0,permuted,,50,1.5021,,0.0417,,,,20
DA_tvla,DA,2,tmpl_bits,0.0,0.0,permuted,,70,1.5045,,0.0436,,,,20
DA_tvla,DA,2,tmpl_bits,0.0,0.0,permuted,,100,1.5022,,0.0578,,,,20
DA_tvla,DA,2,tmpl_bits,0.0,0.0,permuted,,150,1.5036,,0.0616,,,,20
DA_tvla,DA,2,tmpl_bits,0.0,0.0,permuted,,200,1.5029,,0.0656,,,,20
DA_tvla,DA,2,tmpl_bits,0.0,0.0,permuted,,300,1.5055,,0.0779,,,,20
DA_tvla,DA,2,tmpl_bits,0.0,0.0,permuted,,500,1.5105,,0.0860,,,,20
DA_tvla,DA,2,tmpl_bits,0.0,0.0,permuted,,533,1.5116,,0.0884,,,,20
DA_tvla,DA,2,corr,0.0,0.0,real,,1,1.5000,0.0000,,0.2500,0.5000,0.5000,80
DA_tvla,DA,2,corr,0.0,0.0,real,,2,1.4916,0.0179,,0.2537,0.5019,0.5074,80
DA_tvla,DA,2,corr,0.0,0.0,real,,3,1.4667,0.0178,,0.2585,0.4999,0.5073,80
DA_tvla,DA,2,corr,0.0,0.0,real,,5,1.4540,0.0254,,0.2592,0.5050,0.5100,80
DA_tvla,DA,2,corr,0.0,0.0,real,,7,1.4345,0.0321,,0.2612,0.5053,0.5118,80
DA_tvla,DA,2,corr,0.0,0.0,real,,10,1.4070,0.0347,,0.2695,0.5100,0.5095,80
DA_tvla,DA,2,corr,0.0,0.0,real,,15,1.3653,0.0476,,0.2880,0.5172,0.5265,80
DA_tvla,DA,2,corr,0.0,0.0,real,,20,1.3372,0.0585,,0.2942,0.5262,0.5278,80
DA_tvla,DA,2,corr,0.0,0.0,real,,30,1.2840,0.0708,,0.3140,0.5313,0.5485,80
DA_tvla,DA,2,corr,0.0,0.0,real,,50,1.2190,0.0846,,0.3418,0.5472,0.5582,80
DA_tvla,DA,2,corr,0.0,0.0,real,,70,1.1717,0.1006,,0.3500,0.5555,0.5585,80
DA_tvla,DA,2,corr,0.0,0.0,real,,100,1.1258,0.1187,,0.3623,0.5635,0.5573,80
DA_tvla,DA,2,corr,0.0,0.0,real,,150,1.0585,0.1303,,0.3818,0.5738,0.5727,80
DA_tvla,DA,2,corr,0.0,0.0,real,,200,1.0302,0.1384,,0.3842,0.5728,0.5680,80
DA_tvla,DA,2,corr,0.0,0.0,real,,300,0.9987,0.1547,,0.3942,0.5762,0.5700,80
DA_tvla,DA,2,corr,0.0,0.0,real,,500,0.9885,0.1860,,0.3905,0.5740,0.5585,80
DA_tvla,DA,2,corr,0.0,0.0,real,,533,0.9857,0.1910,,0.3935,0.5783,0.5605,80
DA_tvla,DA,2,corr,0.0,0.0,permuted,,1,1.5000,,0.0000,,,,20
DA_tvla,DA,2,corr,0.0,0.0,permuted,,2,1.5010,,0.0154,,,,20
DA_tvla,DA,2,corr,0.0,0.0,permuted,,3,1.5035,,0.0224,,,,20
DA_tvla,DA,2,corr,0.0,0.0,permuted,,5,1.5002,,0.0229,,,,20
DA_tvla,DA,2,corr,0.0,0.0,permuted,,7,1.4977,,0.0210,,,,20
DA_tvla,DA,2,corr,0.0,0.0,permuted,,10,1.4895,,0.0241,,,,20
DA_tvla,DA,2,corr,0.0,0.0,permuted,,15,1.4890,,0.0206,,,,20
DA_tvla,DA,2,corr,0.0,0.0,permuted,,20,1.4929,,0.0246,,,,20
DA_tvla,DA,2,corr,0.0,0.0,permuted,,30,1.4897,,0.0310,,,,20
DA_tvla,DA,2,corr,0.0,0.0,permuted,,50,1.4878,,0.0383,,,,20
DA_tvla,DA,2,corr,0.0,0.0,permuted,,70,1.4884,,0.0439,,,,20
DA_tvla,DA,2,corr,0.0,0.0,permuted,,100,1.4856,,0.0478,,,,20
DA_tvla,DA,2,corr,0.0,0.0,permuted,,150,1.4879,,0.0547,,,,20
DA_tvla,DA,2,corr,0.0,0.0,permuted,,200,1.4895,,0.0593,,,,20
DA_tvla,DA,2,corr,0.0,0.0,permuted,,300,1.4892,,0.0712,,,,20
DA_tvla,DA,2,corr,0.0,0.0,permuted,,500,1.4999,,0.0832,,,,20
DA_tvla,DA,2,corr,0.0,0.0,permuted,,533,1.5020,,0.0877,,,,20
DA_tvla,DA,2,tmpl,0.5,253.115,real,,1,1.4963,0.0254,,0.2515,0.5062,0.5027,80
DA_tvla,DA,2,tmpl,0.5,253.115,real,,2,1.4970,0.0412,,0.2552,0.5032,0.5100,80
DA_tvla,DA,2,tmpl,0.5,253.115,real,,3,1.5045,0.0399,,0.2513,0.4863,0.5110,80
DA_tvla,DA,2,tmpl,0.5,253.115,real,,5,1.4835,0.0449,,0.2515,0.4833,0.5100,80
DA_tvla,DA,2,tmpl,0.5,253.115,real,,7,1.4750,0.0393,,0.2620,0.4860,0.5130,80
DA_tvla,DA,2,tmpl,0.5,253.115,real,,10,1.4760,0.0336,,0.2645,0.4865,0.5078,80
DA_tvla,DA,2,tmpl,0.5,253.115,real,,15,1.4560,0.0345,,0.2680,0.4908,0.5163,80
DA_tvla,DA,2,tmpl,0.5,253.115,real,,20,1.4260,0.0313,,0.2785,0.4955,0.5245,80
DA_tvla,DA,2,tmpl,0.5,253.115,real,,30,1.4530,0.0415,,0.2650,0.4780,0.5275,80
DA_tvla,DA,2,tmpl,0.5,253.115,real,,50,1.4415,0.0374,,0.2692,0.4798,0.5230,80
DA_tvla,DA,2,tmpl,0.5,253.115,real,,70,1.4503,0.0462,,0.2645,0.4758,0.5158,80
DA_tvla,DA,2,tmpl,0.5,253.115,real,,100,1.4410,0.0575,,0.2695,0.4733,0.5265,80
DA_tvla,DA,2,tmpl,0.5,253.115,real,,150,1.4345,0.0568,,0.2635,0.4630,0.5212,80
DA_tvla,DA,2,tmpl,0.5,253.115,real,,200,1.4380,0.0656,,0.2635,0.4540,0.5197,80
DA_tvla,DA,2,tmpl,0.5,253.115,real,,300,1.4205,0.0742,,0.2682,0.4612,0.5190,80
DA_tvla,DA,2,tmpl,0.5,253.115,real,,500,1.4360,0.0810,,0.2647,0.4580,0.5063,80
DA_tvla,DA,2,tmpl,0.5,253.115,real,,533,1.4355,0.0798,,0.2667,0.4617,0.5067,80
DA_tvla,DA,2,tmpl,0.5,253.115,permuted,,1,1.5092,,0.0354,,,,5
DA_tvla,DA,2,tmpl,0.5,253.115,permuted,,2,1.5101,,0.0250,,,,5
DA_tvla,DA,2,tmpl,0.5,253.115,permuted,,3,1.5150,,0.0220,,,,5
DA_tvla,DA,2,tmpl,0.5,253.115,permuted,,5,1.5217,,0.0188,,,,5
DA_tvla,DA,2,tmpl,0.5,253.115,permuted,,7,1.5174,,0.0250,,,,5
DA_tvla,DA,2,tmpl,0.5,253.115,permuted,,10,1.5168,,0.0349,,,,5
DA_tvla,DA,2,tmpl,0.5,253.115,permuted,,15,1.5181,,0.0289,,,,5
DA_tvla,DA,2,tmpl,0.5,253.115,permuted,,20,1.5127,,0.0226,,,,5
DA_tvla,DA,2,tmpl,0.5,253.115,permuted,,30,1.5117,,0.0323,,,,5
DA_tvla,DA,2,tmpl,0.5,253.115,permuted,,50,1.5177,,0.0399,,,,5
DA_tvla,DA,2,tmpl,0.5,253.115,permuted,,70,1.5247,,0.0500,,,,5
DA_tvla,DA,2,tmpl,0.5,253.115,permuted,,100,1.5274,,0.0518,,,,5
DA_tvla,DA,2,tmpl,0.5,253.115,permuted,,150,1.5243,,0.0570,,,,5
DA_tvla,DA,2,tmpl,0.5,253.115,permuted,,200,1.5215,,0.0582,,,,5
DA_tvla,DA,2,tmpl,0.5,253.115,permuted,,300,1.5192,,0.0751,,,,5
DA_tvla,DA,2,tmpl,0.5,253.115,permuted,,500,1.5184,,0.0862,,,,5
DA_tvla,DA,2,tmpl,0.5,253.115,permuted,,533,1.5189,,0.0815,,,,5
DA_tvla,DA,2,tmpl_bits,0.5,253.115,real,,1,1.5248,0.0377,,0.2477,0.5077,0.4872,80
DA_tvla,DA,2,tmpl_bits,0.5,253.115,real,,2,1.5005,0.0288,,0.2472,0.4913,0.5038,80
DA_tvla,DA,2,tmpl_bits,0.5,253.115,real,,3,1.4905,0.0390,,0.2567,0.4863,0.5142,80
DA_tvla,DA,2,tmpl_bits,0.5,253.115,real,,5,1.4965,0.0371,,0.2545,0.4827,0.5148,80
DA_tvla,DA,2,tmpl_bits,0.5,253.115,real,,7,1.4792,0.0324,,0.2590,0.4855,0.5073,80
DA_tvla,DA,2,tmpl_bits,0.5,253.115,real,,10,1.4747,0.0359,,0.2588,0.4912,0.5043,80
DA_tvla,DA,2,tmpl_bits,0.5,253.115,real,,15,1.4618,0.0372,,0.2620,0.4920,0.5043,80
DA_tvla,DA,2,tmpl_bits,0.5,253.115,real,,20,1.4677,0.0412,,0.2625,0.4918,0.5140,80
DA_tvla,DA,2,tmpl_bits,0.5,253.115,real,,30,1.4510,0.0440,,0.2675,0.4915,0.5178,80
DA_tvla,DA,2,tmpl_bits,0.5,253.115,real,,50,1.4415,0.0539,,0.2722,0.4950,0.5190,80
DA_tvla,DA,2,tmpl_bits,0.5,253.115,real,,70,1.4400,0.0631,,0.2700,0.4907,0.5100,80
DA_tvla,DA,2,tmpl_bits,0.5,253.115,real,,100,1.4378,0.0716,,0.2727,0.4908,0.5150,80
DA_tvla,DA,2,tmpl_bits,0.5,253.115,real,,150,1.4255,0.0787,,0.2808,0.4875,0.5240,80
DA_tvla,DA,2,tmpl_bits,0.5,253.115,real,,200,1.4280,0.0886,,0.2752,0.4778,0.5173,80
DA_tvla,DA,2,tmpl_bits,0.5,253.115,real,,300,1.3830,0.1085,,0.3082,0.5058,0.5255,80
DA_tvla,DA,2,tmpl_bits,0.5,253.115,real,,500,1.3785,0.1358,,0.3432,0.5465,0.5228,80
DA_tvla,DA,2,tmpl_bits,0.5,253.115,real,,533,1.3733,0.1398,,0.3570,0.5605,0.5328,80
DA_tvla,DA,2,tmpl_bits,0.5,253.115,permuted,,1,1.5049,,0.0230,,,,5
DA_tvla,DA,2,tmpl_bits,0.5,253.115,permuted,,2,1.4988,,0.0231,,,,5
DA_tvla,DA,2,tmpl_bits,0.5,253.115,permuted,,3,1.5112,,0.0293,,,,5
DA_tvla,DA,2,tmpl_bits,0.5,253.115,permuted,,5,1.5107,,0.0181,,,,5
DA_tvla,DA,2,tmpl_bits,0.5,253.115,permuted,,7,1.5123,,0.0354,,,,5
DA_tvla,DA,2,tmpl_bits,0.5,253.115,permuted,,10,1.5155,,0.0334,,,,5
DA_tvla,DA,2,tmpl_bits,0.5,253.115,permuted,,15,1.5147,,0.0309,,,,5
DA_tvla,DA,2,tmpl_bits,0.5,253.115,permuted,,20,1.5128,,0.0285,,,,5
DA_tvla,DA,2,tmpl_bits,0.5,253.115,permuted,,30,1.5183,,0.0326,,,,5
DA_tvla,DA,2,tmpl_bits,0.5,253.115,permuted,,50,1.5087,,0.0399,,,,5
DA_tvla,DA,2,tmpl_bits,0.5,253.115,permuted,,70,1.5131,,0.0452,,,,5
DA_tvla,DA,2,tmpl_bits,0.5,253.115,permuted,,100,1.5095,,0.0507,,,,5
DA_tvla,DA,2,tmpl_bits,0.5,253.115,permuted,,150,1.5186,,0.0510,,,,5
DA_tvla,DA,2,tmpl_bits,0.5,253.115,permuted,,200,1.5095,,0.0628,,,,5
DA_tvla,DA,2,tmpl_bits,0.5,253.115,permuted,,300,1.5153,,0.0742,,,,5
DA_tvla,DA,2,tmpl_bits,0.5,253.115,permuted,,500,1.5107,,0.1029,,,,5
DA_tvla,DA,2,tmpl_bits,0.5,253.115,permuted,,533,1.5070,,0.1065,,,,5
DA_tvla,DA,2,corr,0.5,253.115,real,,1,1.5000,0.0000,,0.2500,0.5000,0.5000,80
DA_tvla,DA,2,corr,0.5,253.115,real,,2,1.4751,0.0201,,0.2547,0.5139,0.4879,80
DA_tvla,DA,2,corr,0.5,253.115,real,,3,1.4872,0.0193,,0.2525,0.5044,0.5023,80
DA_tvla,DA,2,corr,0.5,253.115,real,,5,1.4966,0.0199,,0.2474,0.4928,0.4991,80
DA_tvla,DA,2,corr,0.5,253.115,real,,7,1.5095,0.0234,,0.2575,0.4950,0.5045,80
DA_tvla,DA,2,corr,0.5,253.115,real,,10,1.5128,0.0256,,0.2515,0.4952,0.5028,80
DA_tvla,DA,2,corr,0.5,253.115,real,,15,1.4832,0.0299,,0.2543,0.5045,0.4968,80
DA_tvla,DA,2,corr,0.5,253.115,real,,20,1.4880,0.0266,,0.2492,0.5032,0.4968,80
DA_tvla,DA,2,corr,0.5,253.115,real,,30,1.5025,0.0355,,0.2513,0.4940,0.5070,80
DA_tvla,DA,2,corr,0.5,253.115,real,,50,1.4978,0.0442,,0.2620,0.4995,0.5100,80
DA_tvla,DA,2,corr,0.5,253.115,real,,70,1.4815,0.0490,,0.2605,0.5027,0.5092,80
DA_tvla,DA,2,corr,0.5,253.115,real,,100,1.5025,0.0509,,0.2557,0.5035,0.4987,80
DA_tvla,DA,2,corr,0.5,253.115,real,,150,1.4960,0.0682,,0.2580,0.5083,0.4943,80
DA_tvla,DA,2,corr,0.5,253.115,real,,200,1.5130,0.0793,,0.2540,0.4917,0.4952,80
DA_tvla,DA,2,corr,0.5,253.115,real,,300,1.4925,0.1064,,0.2565,0.5115,0.4768,80
DA_tvla,DA,2,corr,0.5,253.115,real,,500,1.4853,0.1387,,0.2585,0.5135,0.4782,80
DA_tvla,DA,2,corr,0.5,253.115,real,,533,1.4625,0.1424,,0.2615,0.5175,0.4728,80
DA_tvla,DA,2,corr,0.5,253.115,permuted,,1,1.5000,,0.0000,,,,5
DA_tvla,DA,2,corr,0.5,253.115,permuted,,2,1.5089,,0.0115,,,,5
DA_tvla,DA,2,corr,0.5,253.115,permuted,,3,1.5082,,0.0149,,,,5
DA_tvla,DA,2,corr,0.5,253.115,permuted,,5,1.5073,,0.0153,,,,5
DA_tvla,DA,2,corr,0.5,253.115,permuted,,7,1.5197,,0.0204,,,,5
DA_tvla,DA,2,corr,0.5,253.115,permuted,,10,1.5048,,0.0194,,,,5
DA_tvla,DA,2,corr,0.5,253.115,permuted,,15,1.5012,,0.0186,,,,5
DA_tvla,DA,2,corr,0.5,253.115,permuted,,20,1.4962,,0.0212,,,,5
DA_tvla,DA,2,corr,0.5,253.115,permuted,,30,1.5028,,0.0190,,,,5
DA_tvla,DA,2,corr,0.5,253.115,permuted,,50,1.4972,,0.0256,,,,5
DA_tvla,DA,2,corr,0.5,253.115,permuted,,70,1.5001,,0.0298,,,,5
DA_tvla,DA,2,corr,0.5,253.115,permuted,,100,1.5006,,0.0359,,,,5
DA_tvla,DA,2,corr,0.5,253.115,permuted,,150,1.5008,,0.0498,,,,5
DA_tvla,DA,2,corr,0.5,253.115,permuted,,200,1.5041,,0.0623,,,,5
DA_tvla,DA,2,corr,0.5,253.115,permuted,,300,1.5033,,0.0896,,,,5
DA_tvla,DA,2,corr,0.5,253.115,permuted,,500,1.4927,,0.1207,,,,5
DA_tvla,DA,2,corr,0.5,253.115,permuted,,533,1.4943,,0.1271,,,,5
DA_tvla,DA,2,tmpl,1.0,506.23,real,,1,1.5060,0.0418,,0.2485,0.4960,0.5075,80
DA_tvla,DA,2,tmpl,1.0,506.23,real,,2,1.5025,0.0396,,0.2482,0.4950,0.5095,80
DA_tvla,DA,2,tmpl,1.0,506.23,real,,3,1.5023,0.0385,,0.2502,0.4953,0.5030,80
DA_tvla,DA,2,tmpl,1.0,506.23,real,,5,1.4972,0.0470,,0.2498,0.4897,0.5055,80
DA_tvla,DA,2,tmpl,1.0,506.23,real,,7,1.5015,0.0427,,0.2482,0.4920,0.4980,80
DA_tvla,DA,2,tmpl,1.0,506.23,real,,10,1.4945,0.0352,,0.2562,0.5020,0.4960,80
DA_tvla,DA,2,tmpl,1.0,506.23,real,,15,1.4872,0.0288,,0.2540,0.5108,0.4855,80
DA_tvla,DA,2,tmpl,1.0,506.23,real,,20,1.4998,0.0338,,0.2497,0.4923,0.4975,80
DA_tvla,DA,2,tmpl,1.0,506.23,real,,30,1.4893,0.0416,,0.2565,0.5098,0.4873,80
DA_tvla,DA,2,tmpl,1.0,506.23,real,,50,1.4890,0.0595,,0.2502,0.5150,0.4717,80
DA_tvla,DA,2,tmpl,1.0,506.23,real,,70,1.4968,0.0574,,0.2455,0.5153,0.4705,80
DA_tvla,DA,2,tmpl,1.0,506.23,real,,100,1.4980,0.0739,,0.2490,0.5192,0.4803,80
DA_tvla,DA,2,tmpl,1.0,506.23,real,,150,1.5025,0.0892,,0.2420,0.5105,0.4773,80
DA_tvla,DA,2,tmpl,1.0,506.23,real,,200,1.4960,0.0998,,0.2522,0.5260,0.4748,80
DA_tvla,DA,2,tmpl,1.0,506.23,real,,300,1.4742,0.1215,,0.2585,0.5328,0.4798,80
DA_tvla,DA,2,tmpl,1.0,506.23,real,,500,1.4785,0.1335,,0.2542,0.5297,0.4820,80
DA_tvla,DA,2,tmpl,1.0,506.23,real,,533,1.4783,0.1388,,0.2557,0.5263,0.4925,80
DA_tvla,DA,2,tmpl,1.0,506.23,permuted,,1,1.5087,,0.0113,,,,5
DA_tvla,DA,2,tmpl,1.0,506.23,permuted,,2,1.5049,,0.0166,,,,5
DA_tvla,DA,2,tmpl,1.0,506.23,permuted,,3,1.5076,,0.0191,,,,5
DA_tvla,DA,2,tmpl,1.0,506.23,permuted,,5,1.5156,,0.0208,,,,5
DA_tvla,DA,2,tmpl,1.0,506.23,permuted,,7,1.5162,,0.0205,,,,5
DA_tvla,DA,2,tmpl,1.0,506.23,permuted,,10,1.5135,,0.0186,,,,5
DA_tvla,DA,2,tmpl,1.0,506.23,permuted,,15,1.5058,,0.0220,,,,5
DA_tvla,DA,2,tmpl,1.0,506.23,permuted,,20,1.5108,,0.0299,,,,5
DA_tvla,DA,2,tmpl,1.0,506.23,permuted,,30,1.5197,,0.0344,,,,5
DA_tvla,DA,2,tmpl,1.0,506.23,permuted,,50,1.5187,,0.0336,,,,5
DA_tvla,DA,2,tmpl,1.0,506.23,permuted,,70,1.5302,,0.0456,,,,5
DA_tvla,DA,2,tmpl,1.0,506.23,permuted,,100,1.5280,,0.0577,,,,5
DA_tvla,DA,2,tmpl,1.0,506.23,permuted,,150,1.5358,,0.0768,,,,5
DA_tvla,DA,2,tmpl,1.0,506.23,permuted,,200,1.5400,,0.0778,,,,5
DA_tvla,DA,2,tmpl,1.0,506.23,permuted,,300,1.5523,,0.1097,,,,5
DA_tvla,DA,2,tmpl,1.0,506.23,permuted,,500,1.5662,,0.1486,,,,5
DA_tvla,DA,2,tmpl,1.0,506.23,permuted,,533,1.5661,,0.1499,,,,5
DA_tvla,DA,2,tmpl_bits,1.0,506.23,real,,1,1.4880,0.0223,,0.2495,0.4905,0.5072,80
DA_tvla,DA,2,tmpl_bits,1.0,506.23,real,,2,1.4903,0.0202,,0.2500,0.5020,0.4977,80
DA_tvla,DA,2,tmpl_bits,1.0,506.23,real,,3,1.4867,0.0235,,0.2495,0.4978,0.4950,80
DA_tvla,DA,2,tmpl_bits,1.0,506.23,real,,5,1.4662,0.0269,,0.2563,0.5050,0.5005,80
DA_tvla,DA,2,tmpl_bits,1.0,506.23,real,,7,1.4613,0.0217,,0.2635,0.5152,0.5015,80
DA_tvla,DA,2,tmpl_bits,1.0,506.23,real,,10,1.4650,0.0182,,0.2648,0.5145,0.4988,80
DA_tvla,DA,2,tmpl_bits,1.0,506.23,real,,15,1.4695,0.0251,,0.2635,0.5167,0.4980,80
DA_tvla,DA,2,tmpl_bits,1.0,506.23,real,,20,1.4915,0.0301,,0.2468,0.4955,0.4935,80
DA_tvla,DA,2,tmpl_bits,1.0,506.23,real,,30,1.4728,0.0406,,0.2633,0.5220,0.4992,80
DA_tvla,DA,2,tmpl_bits,1.0,506.23,real,,50,1.4808,0.0489,,0.2552,0.5062,0.4883,80
DA_tvla,DA,2,tmpl_bits,1.0,506.23,real,,70,1.4750,0.0665,,0.2555,0.5117,0.4830,80
DA_tvla,DA,2,tmpl_bits,1.0,506.23,real,,100,1.4770,0.0788,,0.2555,0.5175,0.4825,80
DA_tvla,DA,2,tmpl_bits,1.0,506.23,real,,150,1.4730,0.0886,,0.2522,0.5070,0.4833,80
DA_tvla,DA,2,tmpl_bits,1.0,506.23,real,,200,1.4842,0.0988,,0.2440,0.5015,0.4702,80
DA_tvla,DA,2,tmpl_bits,1.0,506.23,real,,300,1.5063,0.1293,,0.2358,0.5032,0.4675,80
DA_tvla,DA,2,tmpl_bits,1.0,506.23,real,,500,1.5025,0.1509,,0.2342,0.5055,0.4690,80
DA_tvla,DA,2,tmpl_bits,1.0,506.23,real,,533,1.5045,0.1564,,0.2297,0.5070,0.4650,80
DA_tvla,DA,2,tmpl_bits,1.0,506.23,permuted,,1,1.5095,,0.0105,,,,5
DA_tvla,DA,2,tmpl_bits,1.0,506.23,permuted,,2,1.5062,,0.0083,,,,5
DA_tvla,DA,2,tmpl_bits,1.0,506.23,permuted,,3,1.5043,,0.0097,,,,5
DA_tvla,DA,2,tmpl_bits,1.0,506.23,permuted,,5,1.5072,,0.0184,,,,5
DA_tvla,DA,2,tmpl_bits,1.0,506.23,permuted,,7,1.5053,,0.0123,,,,5
DA_tvla,DA,2,tmpl_bits,1.0,506.23,permuted,,10,1.5055,,0.0094,,,,5
DA_tvla,DA,2,tmpl_bits,1.0,506.23,permuted,,15,1.5047,,0.0198,,,,5
DA_tvla,DA,2,tmpl_bits,1.0,506.23,permuted,,20,1.5096,,0.0240,,,,5
DA_tvla,DA,2,tmpl_bits,1.0,506.23,permuted,,30,1.5245,,0.0266,,,,5
DA_tvla,DA,2,tmpl_bits,1.0,506.23,permuted,,50,1.5280,,0.0332,,,,5
DA_tvla,DA,2,tmpl_bits,1.0,506.23,permuted,,70,1.5320,,0.0421,,,,5
DA_tvla,DA,2,tmpl_bits,1.0,506.23,permuted,,100,1.5299,,0.0560,,,,5
DA_tvla,DA,2,tmpl_bits,1.0,506.23,permuted,,150,1.5462,,0.0810,,,,5
DA_tvla,DA,2,tmpl_bits,1.0,506.23,permuted,,200,1.5555,,0.0918,,,,5
DA_tvla,DA,2,tmpl_bits,1.0,506.23,permuted,,300,1.5572,,0.0995,,,,5
DA_tvla,DA,2,tmpl_bits,1.0,506.23,permuted,,500,1.5538,,0.1296,,,,5
DA_tvla,DA,2,tmpl_bits,1.0,506.23,permuted,,533,1.5559,,0.1379,,,,5
DA_tvla,DA,2,corr,1.0,506.23,real,,1,1.5000,0.0000,,0.2500,0.5000,0.5000,80
DA_tvla,DA,2,corr,1.0,506.23,real,,2,1.4971,0.0203,,0.2482,0.4999,0.4976,80
DA_tvla,DA,2,corr,1.0,506.23,real,,3,1.4798,0.0169,,0.2544,0.4984,0.4981,80
DA_tvla,DA,2,corr,1.0,506.23,real,,5,1.4670,0.0076,,0.2604,0.5087,0.4995,80
DA_tvla,DA,2,corr,1.0,506.23,real,,7,1.4574,0.0143,,0.2684,0.5150,0.5046,80
DA_tvla,DA,2,corr,1.0,506.23,real,,10,1.4910,0.0186,,0.2605,0.5100,0.4955,80
DA_tvla,DA,2,corr,1.0,506.23,real,,15,1.4945,0.0287,,0.2513,0.5050,0.4908,80
DA_tvla,DA,2,corr,1.0,506.23,real,,20,1.4983,0.0298,,0.2510,0.4945,0.5008,80
DA_tvla,DA,2,corr,1.0,506.23,real,,30,1.4738,0.0284,,0.2668,0.5062,0.5032,80
DA_tvla,DA,2,corr,1.0,506.23,real,,50,1.4602,0.0392,,0.2635,0.5135,0.4855,80
DA_tvla,DA,2,corr,1.0,506.23,real,,70,1.4623,0.0485,,0.2640,0.5033,0.4890,80
DA_tvla,DA,2,corr,1.0,506.23,real,,100,1.4770,0.0473,,0.2585,0.5090,0.4910,80
DA_tvla,DA,2,corr,1.0,506.23,real,,150,1.4400,0.0578,,0.2670,0.5018,0.4960,80
DA_tvla,DA,2,corr,1.0,506.23,real,,200,1.4275,0.0685,,0.2630,0.4997,0.4882,80
DA_tvla,DA,2,corr,1.0,506.23,real,,300,1.4257,0.0840,,0.2615,0.4888,0.4885,80
DA_tvla,DA,2,corr,1.0,506.23,real,,500,1.4290,0.1124,,0.2655,0.4757,0.4625,80
DA_tvla,DA,2,corr,1.0,506.23,real,,533,1.4240,0.1192,,0.2672,0.4698,0.4673,80
DA_tvla,DA,2,corr,1.0,506.23,permuted,,1,1.5000,,0.0000,,,,5
DA_tvla,DA,2,corr,1.0,506.23,permuted,,2,1.5076,,0.0177,,,,5
DA_tvla,DA,2,corr,1.0,506.23,permuted,,3,1.5105,,0.0140,,,,5
DA_tvla,DA,2,corr,1.0,506.23,permuted,,5,1.5139,,0.0249,,,,5
DA_tvla,DA,2,corr,1.0,506.23,permuted,,7,1.5150,,0.0212,,,,5
DA_tvla,DA,2,corr,1.0,506.23,permuted,,10,1.5143,,0.0192,,,,5
DA_tvla,DA,2,corr,1.0,506.23,permuted,,15,1.5124,,0.0183,,,,5
DA_tvla,DA,2,corr,1.0,506.23,permuted,,20,1.5080,,0.0332,,,,5
DA_tvla,DA,2,corr,1.0,506.23,permuted,,30,1.5151,,0.0472,,,,5
DA_tvla,DA,2,corr,1.0,506.23,permuted,,50,1.5083,,0.0538,,,,5
DA_tvla,DA,2,corr,1.0,506.23,permuted,,70,1.5109,,0.0664,,,,5
DA_tvla,DA,2,corr,1.0,506.23,permuted,,100,1.5137,,0.0753,,,,5
DA_tvla,DA,2,corr,1.0,506.23,permuted,,150,1.5226,,0.0907,,,,5
DA_tvla,DA,2,corr,1.0,506.23,permuted,,200,1.5261,,0.1207,,,,5
DA_tvla,DA,2,corr,1.0,506.23,permuted,,300,1.5205,,0.1444,,,,5
DA_tvla,DA,2,corr,1.0,506.23,permuted,,500,1.5309,,0.1822,,,,5
DA_tvla,DA,2,corr,1.0,506.23,permuted,,533,1.5237,,0.1879,,,,5
DA_tvla,DA,1,tmpl,0.0,0.0,real,1.0,1,1.3937,0.0535,,0.2807,0.5462,0.5170,80
DA_tvla,DA,1,tmpl,0.0,0.0,real,1.0,2,1.3445,0.0502,,0.2870,0.5662,0.5178,80
DA_tvla,DA,1,tmpl,0.0,0.0,real,1.0,3,1.3257,0.0466,,0.2998,0.5805,0.5155,80
DA_tvla,DA,1,tmpl,0.0,0.0,real,1.0,5,1.2905,0.0469,,0.3108,0.6070,0.5120,80
DA_tvla,DA,1,tmpl,0.0,0.0,real,1.0,7,1.2355,0.0375,,0.3240,0.6350,0.5075,80
DA_tvla,DA,1,tmpl,0.0,0.0,real,1.0,10,1.1648,0.0350,,0.3448,0.6667,0.5170,80
DA_tvla,DA,1,tmpl,0.0,0.0,real,1.0,15,1.1093,0.0408,,0.3623,0.6905,0.5260,80
DA_tvla,DA,1,tmpl,0.0,0.0,real,1.0,20,1.0645,0.0440,,0.3727,0.7125,0.5258,80
DA_tvla,DA,1,tmpl,0.0,0.0,real,1.0,30,0.9640,0.0398,,0.4140,0.7605,0.5477,80
DA_tvla,DA,1,tmpl,0.0,0.0,real,1.0,50,0.8808,0.0468,,0.4245,0.8093,0.5305,80
DA_tvla,DA,1,tmpl,0.0,0.0,real,1.0,70,0.7975,0.0522,,0.4477,0.8470,0.5390,80
DA_tvla,DA,1,tmpl,0.0,0.0,real,1.0,100,0.7290,0.0534,,0.4705,0.8760,0.5463,80
DA_tvla,DA,1,tmpl,0.0,0.0,real,1.0,150,0.6490,0.0568,,0.4975,0.9110,0.5505,80
DA_tvla,DA,1,tmpl,0.0,0.0,real,1.0,200,0.5957,0.0572,,0.5142,0.9302,0.5560,80
DA_tvla,DA,1,tmpl,0.0,0.0,real,1.0,300,0.5333,0.0617,,0.5420,0.9498,0.5675,80
DA_tvla,DA,1,tmpl,0.0,0.0,real,1.0,500,0.4550,0.0729,,0.5882,0.9680,0.6025,80
DA_tvla,DA,1,tmpl,0.0,0.0,real,1.0,533,0.4470,0.0742,,0.5910,0.9645,0.6082,80
DA_tvla,DA,1,tmpl_bits,0.0,0.0,real,1.0,1,1.3880,0.0460,,0.2770,0.5503,0.5097,80
DA_tvla,DA,1,tmpl_bits,0.0,0.0,real,1.0,2,1.3403,0.0439,,0.2898,0.5772,0.5110,80
DA_tvla,DA,1,tmpl_bits,0.0,0.0,real,1.0,3,1.3227,0.0431,,0.2968,0.5855,0.5118,80
DA_tvla,DA,1,tmpl_bits,0.0,0.0,real,1.0,5,1.2703,0.0372,,0.3060,0.6145,0.5100,80
DA_tvla,DA,1,tmpl_bits,0.0,0.0,real,1.0,7,1.2158,0.0368,,0.3278,0.6437,0.5117,80
DA_tvla,DA,1,tmpl_bits,0.0,0.0,real,1.0,10,1.1615,0.0357,,0.3462,0.6725,0.5160,80
DA_tvla,DA,1,tmpl_bits,0.0,0.0,real,1.0,15,1.0967,0.0429,,0.3675,0.7015,0.5282,80
DA_tvla,DA,1,tmpl_bits,0.0,0.0,real,1.0,20,1.0472,0.0439,,0.3728,0.7248,0.5190,80
DA_tvla,DA,1,tmpl_bits,0.0,0.0,real,1.0,30,0.9690,0.0470,,0.4017,0.7620,0.5270,80
DA_tvla,DA,1,tmpl_bits,0.0,0.0,real,1.0,50,0.8715,0.0511,,0.4210,0.8212,0.5177,80
DA_tvla,DA,1,tmpl_bits,0.0,0.0,real,1.0,70,0.7912,0.0540,,0.4435,0.8585,0.5290,80
DA_tvla,DA,1,tmpl_bits,0.0,0.0,real,1.0,100,0.7075,0.0543,,0.4733,0.8955,0.5413,80
DA_tvla,DA,1,tmpl_bits,0.0,0.0,real,1.0,150,0.6298,0.0583,,0.4933,0.9295,0.5445,80
DA_tvla,DA,1,tmpl_bits,0.0,0.0,real,1.0,200,0.5685,0.0577,,0.5212,0.9480,0.5585,80
DA_tvla,DA,1,tmpl_bits,0.0,0.0,real,1.0,300,0.5145,0.0593,,0.5427,0.9645,0.5660,80
DA_tvla,DA,1,tmpl_bits,0.0,0.0,real,1.0,500,0.4435,0.0690,,0.5842,0.9932,0.5887,80
DA_tvla,DA,1,tmpl_bits,0.0,0.0,real,1.0,533,0.4457,0.0708,,0.5827,0.9977,0.5847,80
DA_tvla,DA,1,corr,0.0,0.0,real,1.0,1,1.5000,0.0000,,0.2500,0.5000,0.5000,80
DA_tvla,DA,1,corr,0.0,0.0,real,1.0,2,1.4751,0.0165,,0.2522,0.4959,0.5109,80
DA_tvla,DA,1,corr,0.0,0.0,real,1.0,3,1.4836,0.0263,,0.2533,0.5116,0.4982,80
DA_tvla,DA,1,corr,0.0,0.0,real,1.0,5,1.4939,0.0274,,0.2578,0.5038,0.5029,80
DA_tvla,DA,1,corr,0.0,0.0,real,1.0,7,1.4963,0.0292,,0.2570,0.5010,0.5150,80
DA_tvla,DA,1,corr,0.0,0.0,real,1.0,10,1.4867,0.0373,,0.2520,0.4943,0.5155,80
DA_tvla,DA,1,corr,0.0,0.0,real,1.0,15,1.4983,0.0400,,0.2538,0.4965,0.5152,80
DA_tvla,DA,1,corr,0.0,0.0,real,1.0,20,1.5205,0.0445,,0.2485,0.5020,0.5015,80
DA_tvla,DA,1,corr,0.0,0.0,real,1.0,30,1.5307,0.0512,,0.2433,0.4990,0.5072,80
DA_tvla,DA,1,corr,0.0,0.0,real,1.0,50,1.5082,0.0714,,0.2485,0.4983,0.5177,80
DA_tvla,DA,1,corr,0.0,0.0,real,1.0,70,1.5080,0.0869,,0.2480,0.5003,0.5202,80
DA_tvla,DA,1,corr,0.0,0.0,real,1.0,100,1.4975,0.1027,,0.2547,0.5045,0.5265,80
DA_tvla,DA,1,corr,0.0,0.0,real,1.0,150,1.4915,0.1224,,0.2572,0.5077,0.5413,80
DA_tvla,DA,1,corr,0.0,0.0,real,1.0,200,1.5057,0.1340,,0.2550,0.5025,0.5400,80
DA_tvla,DA,1,corr,0.0,0.0,real,1.0,300,1.5095,0.1682,,0.2542,0.5045,0.5410,80
DA_tvla,DA,1,corr,0.0,0.0,real,1.0,500,1.4662,0.2100,,0.2935,0.5587,0.5585,80
DA_tvla,DA,1,corr,0.0,0.0,real,1.0,533,1.4710,0.2132,,0.2937,0.5588,0.5582,80
DA_tvla,DA,1,tmpl,0.0,0.0,real,0.5,1,1.4603,0.0444,,0.2623,0.5107,0.5197,80
DA_tvla,DA,1,tmpl,0.0,0.0,real,0.5,2,1.4543,0.0503,,0.2593,0.5287,0.5042,80
DA_tvla,DA,1,tmpl,0.0,0.0,real,0.5,3,1.4460,0.0430,,0.2677,0.5337,0.5102,80
DA_tvla,DA,1,tmpl,0.0,0.0,real,0.5,5,1.4410,0.0464,,0.2687,0.5420,0.5038,80
DA_tvla,DA,1,tmpl,0.0,0.0,real,0.5,7,1.4180,0.0385,,0.2763,0.5538,0.5042,80
DA_tvla,DA,1,tmpl,0.0,0.0,real,0.5,10,1.3965,0.0427,,0.2857,0.5685,0.5060,80
DA_tvla,DA,1,tmpl,0.0,0.0,real,0.5,15,1.3733,0.0451,,0.2887,0.5763,0.5075,80
DA_tvla,DA,1,tmpl,0.0,0.0,real,0.5,20,1.3575,0.0478,,0.2912,0.5845,0.5000,80
DA_tvla,DA,1,tmpl,0.0,0.0,real,0.5,30,1.3275,0.0488,,0.3025,0.5980,0.5107,80
DA_tvla,DA,1,tmpl,0.0,0.0,real,0.5,50,1.3182,0.0610,,0.2967,0.6230,0.5000,80
DA_tvla,DA,1,tmpl,0.0,0.0,real,0.5,70,1.2792,0.0734,,0.3047,0.6300,0.5090,80
DA_tvla,DA,1,tmpl,0.0,0.0,real,0.5,100,1.2597,0.0758,,0.3130,0.6507,0.5082,80
DA_tvla,DA,1,tmpl,0.0,0.0,real,0.5,150,1.1990,0.0894,,0.3292,0.6863,0.5060,80
DA_tvla,DA,1,tmpl,0.0,0.0,real,0.5,200,1.1432,0.0999,,0.3357,0.7088,0.5075,80
DA_tvla,DA,1,tmpl,0.0,0.0,real,0.5,300,1.1158,0.1176,,0.3460,0.7360,0.5028,80
DA_tvla,DA,1,tmpl,0.0,0.0,real,0.5,500,1.0360,0.1274,,0.3645,0.7582,0.5013,80
DA_tvla,DA,1,tmpl,0.0,0.0,real,0.5,533,1.0318,0.1311,,0.3648,0.7560,0.4945,80
DA_tvla,DA,1,tmpl_bits,0.0,0.0,real,0.5,1,1.4765,0.0191,,0.2560,0.5140,0.5115,80
DA_tvla,DA,1,tmpl_bits,0.0,0.0,real,0.5,2,1.4503,0.0246,,0.2620,0.5310,0.5037,80
DA_tvla,DA,1,tmpl_bits,0.0,0.0,real,0.5,3,1.4510,0.0209,,0.2622,0.5295,0.5072,80
DA_tvla,DA,1,tmpl_bits,0.0,0.0,real,0.5,5,1.4487,0.0221,,0.2638,0.5342,0.5090,80
DA_tvla,DA,1,tmpl_bits,0.0,0.0,real,0.5,7,1.4490,0.0255,,0.2620,0.5398,0.5010,80
DA_tvla,DA,1,tmpl_bits,0.0,0.0,real,0.5,10,1.4285,0.0292,,0.2812,0.5558,0.5178,80
DA_tvla,DA,1,tmpl_bits,0.0,0.0,real,0.5,15,1.4120,0.0319,,0.2787,0.5613,0.5155,80
DA_tvla,DA,1,tmpl_bits,0.0,0.0,real,0.5,20,1.4042,0.0374,,0.2758,0.5672,0.5120,80
DA_tvla,DA,1,tmpl_bits,0.0,0.0,real,0.5,30,1.3805,0.0370,,0.2800,0.5790,0.5137,80
DA_tvla,DA,1,tmpl_bits,0.0,0.0,real,0.5,50,1.3825,0.0553,,0.2827,0.6082,0.5100,80
DA_tvla,DA,1,tmpl_bits,0.0,0.0,real,0.5,70,1.3605,0.0646,,0.2815,0.6187,0.4965,80
DA_tvla,DA,1,tmpl_bits,0.0,0.0,real,0.5,100,1.3160,0.0683,,0.3077,0.6415,0.5213,80
DA_tvla,DA,1,tmpl_bits,0.0,0.0,real,0.5,150,1.2682,0.0824,,0.3135,0.6680,0.5140,80
DA_tvla,DA,1,tmpl_bits,0.0,0.0,real,0.5,200,1.2505,0.0899,,0.3125,0.6875,0.5080,80
DA_tvla,DA,1,tmpl_bits,0.0,0.0,real,0.5,300,1.1920,0.1124,,0.3332,0.7157,0.5130,80
DA_tvla,DA,1,tmpl_bits,0.0,0.0,real,0.5,500,1.1230,0.1314,,0.3440,0.7457,0.5175,80
DA_tvla,DA,1,tmpl_bits,0.0,0.0,real,0.5,533,1.0928,0.1340,,0.3580,0.7567,0.5300,80
DA_tvla,DA,1,corr,0.0,0.0,real,0.5,1,1.5000,0.0000,,0.2500,0.5000,0.5000,80
DA_tvla,DA,1,corr,0.0,0.0,real,0.5,2,1.4799,0.0171,,0.2509,0.4961,0.5114,80
DA_tvla,DA,1,corr,0.0,0.0,real,0.5,3,1.4867,0.0238,,0.2541,0.5102,0.5008,80
DA_tvla,DA,1,corr,0.0,0.0,real,0.5,5,1.5021,0.0268,,0.2574,0.5031,0.5028,80
DA_tvla,DA,1,corr,0.0,0.0,real,0.5,7,1.5023,0.0281,,0.2573,0.5008,0.5128,80
DA_tvla,DA,1,corr,0.0,0.0,real,0.5,10,1.4940,0.0336,,0.2512,0.4935,0.5155,80
DA_tvla,DA,1,corr,0.0,0.0,real,0.5,15,1.5078,0.0365,,0.2510,0.4957,0.5145,80
DA_tvla,DA,1,corr,0.0,0.0,real,0.5,20,1.5310,0.0404,,0.2475,0.5003,0.5005,80
DA_tvla,DA,1,corr,0.0,0.0,real,0.5,30,1.5435,0.0445,,0.2370,0.4925,0.5025,80
DA_tvla,DA,1,corr,0.0,0.0,real,0.5,50,1.5237,0.0651,,0.2435,0.4945,0.5115,80
DA_tvla,DA,1,corr,0.0,0.0,real,0.5,70,1.5208,0.0811,,0.2450,0.4965,0.5170,80
DA_tvla,DA,1,corr,0.0,0.0,real,0.5,100,1.5152,0.0980,,0.2470,0.4965,0.5212,80
DA_tvla,DA,1,corr,0.0,0.0,real,0.5,150,1.5140,0.1169,,0.2510,0.5012,0.5312,80
DA_tvla,DA,1,corr,0.0,0.0,real,0.5,200,1.5318,0.1277,,0.2470,0.4950,0.5312,80
DA_tvla,DA,1,corr,0.0,0.0,real,0.5,300,1.5477,0.1558,,0.2390,0.4930,0.5240,80
DA_tvla,DA,1,corr,0.0,0.0,real,0.5,500,1.5163,0.2063,,0.2648,0.5292,0.5388,80
DA_tvla,DA,1,corr,0.0,0.0,real,0.5,533,1.5180,0.2113,,0.2692,0.5365,0.5423,80
DA_tvla,DA,1,tmpl,0.0,0.0,real,0.35,1,1.4780,0.0283,,0.2613,0.5028,0.5145,80
DA_tvla,DA,1,tmpl,0.0,0.0,real,0.35,2,1.4955,0.0363,,0.2475,0.4983,0.5025,80
DA_tvla,DA,1,tmpl,0.0,0.0,real,0.35,3,1.4770,0.0358,,0.2545,0.5115,0.5095,80
DA_tvla,DA,1,tmpl,0.0,0.0,real,0.35,5,1.4940,0.0383,,0.2525,0.5137,0.5022,80
DA_tvla,DA,1,tmpl,0.0,0.0,real,0.35,7,1.4783,0.0358,,0.2590,0.5145,0.5170,80
DA_tvla,DA,1,tmpl,0.0,0.0,real,0.35,10,1.4757,0.0375,,0.2575,0.5202,0.5040,80
DA_tvla,DA,1,tmpl,0.0,0.0,real,0.35,15,1.4817,0.0398,,0.2593,0.5185,0.5037,80
DA_tvla,DA,1,tmpl,0.0,0.0,real,0.35,20,1.4883,0.0412,,0.2560,0.5252,0.4963,80
DA_tvla,DA,1,tmpl,0.0,0.0,real,0.35,30,1.4743,0.0516,,0.2578,0.5208,0.5027,80
DA_tvla,DA,1,tmpl,0.0,0.0,real,0.35,50,1.4925,0.0687,,0.2492,0.5180,0.5005,80
DA_tvla,DA,1,tmpl,0.0,0.0,real,0.35,70,1.4948,0.0818,,0.2540,0.5225,0.5090,80
DA_tvla,DA,1,tmpl,0.0,0.0,real,0.35,100,1.4918,0.0927,,0.2537,0.5305,0.5040,80
DA_tvla,DA,1,tmpl,0.0,0.0,real,0.35,150,1.4817,0.1114,,0.2580,0.5405,0.4970,80
DA_tvla,DA,1,tmpl,0.0,0.0,real,0.35,200,1.4612,0.1243,,0.2582,0.5578,0.4933,80
DA_tvla,DA,1,tmpl,0.0,0.0,real,0.35,300,1.4617,0.1452,,0.2650,0.5518,0.4975,80
DA_tvla,DA,1,tmpl,0.0,0.0,real,0.35,500,1.3905,0.1610,,0.2915,0.5725,0.5202,80
DA_tvla,DA,1,tmpl,0.0,0.0,real,0.35,533,1.3842,0.1607,,0.2930,0.5765,0.5202,80
DA_tvla,DA,1,tmpl_bits,0.0,0.0,real,0.35,1,1.4905,0.0103,,0.2525,0.4975,0.5138,80
DA_tvla,DA,1,tmpl_bits,0.0,0.0,real,0.35,2,1.5110,0.0183,,0.2517,0.5020,0.5055,80
DA_tvla,DA,1,tmpl_bits,0.0,0.0,real,0.35,3,1.5073,0.0115,,0.2465,0.4978,0.5060,80
DA_tvla,DA,1,tmpl_bits,0.0,0.0,real,0.35,5,1.4998,0.0158,,0.2508,0.5025,0.5055,80
DA_tvla,DA,1,tmpl_bits,0.0,0.0,real,0.35,7,1.5200,0.0188,,0.2407,0.5015,0.4997,80
DA_tvla,DA,1,tmpl_bits,0.0,0.0,real,0.35,10,1.4940,0.0229,,0.2640,0.5128,0.5255,80
DA_tvla,DA,1,tmpl_bits,0.0,0.0,real,0.35,15,1.5130,0.0281,,0.2542,0.5080,0.5185,80
DA_tvla,DA,1,tmpl_bits,0.0,0.0,real,0.35,20,1.5247,0.0330,,0.2458,0.5040,0.5135,80
DA_tvla,DA,1,tmpl_bits,0.0,0.0,real,0.35,30,1.5358,0.0309,,0.2340,0.5080,0.5028,80
DA_tvla,DA,1,tmpl_bits,0.0,0.0,real,0.35,50,1.5470,0.0535,,0.2350,0.5113,0.5088,80
DA_tvla,DA,1,tmpl_bits,0.0,0.0,real,0.35,70,1.5685,0.0603,,0.2260,0.5068,0.4973,80
DA_tvla,DA,1,tmpl_bits,0.0,0.0,real,0.35,100,1.5490,0.0675,,0.2437,0.5190,0.5155,80
DA_tvla,DA,1,tmpl_bits,0.0,0.0,real,0.35,150,1.5552,0.0843,,0.2357,0.5202,0.5003,80
DA_tvla,DA,1,tmpl_bits,0.0,0.0,real,0.35,200,1.5673,0.0934,,0.2290,0.5232,0.5060,80
DA_tvla,DA,1,tmpl_bits,0.0,0.0,real,0.35,300,1.5637,0.1116,,0.2375,0.5327,0.4980,80
DA_tvla,DA,1,tmpl_bits,0.0,0.0,real,0.35,500,1.5453,0.1333,,0.2420,0.5403,0.5065,80
DA_tvla,DA,1,tmpl_bits,0.0,0.0,real,0.35,533,1.5385,0.1286,,0.2373,0.5282,0.5140,80
DA_tvla,DA,1,corr,0.0,0.0,real,0.35,1,1.5000,0.0000,,0.2500,0.5000,0.5000,80
DA_tvla,DA,1,corr,0.0,0.0,real,0.35,2,1.4824,0.0169,,0.2499,0.4981,0.5096,80
DA_tvla,DA,1,corr,0.0,0.0,real,0.35,3,1.4941,0.0258,,0.2505,0.5072,0.4985,80
DA_tvla,DA,1,corr,0.0,0.0,real,0.35,5,1.5031,0.0251,,0.2552,0.5039,0.5011,80
DA_tvla,DA,1,corr,0.0,0.0,real,0.35,7,1.5040,0.0293,,0.2582,0.5005,0.5143,80
DA_tvla,DA,1,corr,0.0,0.0,real,0.35,10,1.4930,0.0316,,0.2512,0.4945,0.5142,80
DA_tvla,DA,1,corr,0.0,0.0,real,0.35,15,1.5062,0.0357,,0.2513,0.4965,0.5145,80
DA_tvla,DA,1,corr,0.0,0.0,real,0.35,20,1.5325,0.0391,,0.2448,0.4963,0.5002,80
DA_tvla,DA,1,corr,0.0,0.0,real,0.35,30,1.5470,0.0421,,0.2372,0.4942,0.5028,80
DA_tvla,DA,1,corr,0.0,0.0,real,0.35,50,1.5302,0.0634,,0.2400,0.4935,0.5092,80
DA_tvla,DA,1,corr,0.0,0.0,real,0.35,70,1.5288,0.0771,,0.2427,0.4958,0.5172,80
DA_tvla,DA,1,corr,0.0,0.0,real,0.35,100,1.5247,0.0943,,0.2452,0.4945,0.5187,80
DA_tvla,DA,1,corr,0.0,0.0,real,0.35,150,1.5250,0.1104,,0.2505,0.4988,0.5312,80
DA_tvla,DA,1,corr,0.0,0.0,real,0.35,200,1.5438,0.1212,,0.2415,0.4907,0.5265,80
DA_tvla,DA,1,corr,0.0,0.0,real,0.35,300,1.5597,0.1493,,0.2352,0.4905,0.5198,80
DA_tvla,DA,1,corr,0.0,0.0,real,0.35,500,1.5460,0.1963,,0.2530,0.5185,0.5302,80
DA_tvla,DA,1,corr,0.0,0.0,real,0.35,533,1.5480,0.2009,,0.2557,0.5218,0.5350,80
DA_tvla,DA,1,tmpl,0.0,0.0,real,0.25,1,1.4830,0.0166,,0.2560,0.4955,0.5112,80
DA_tvla,DA,1,tmpl,0.0,0.0,real,0.25,2,1.5010,0.0232,,0.2460,0.4890,0.4995,80
DA_tvla,DA,1,tmpl,0.0,0.0,real,0.25,3,1.4880,0.0260,,0.2502,0.4908,0.5073,80
DA_tvla,DA,1,tmpl,0.0,0.0,real,0.25,5,1.5040,0.0267,,0.2473,0.4945,0.5098,80
DA_tvla,DA,1,tmpl,0.0,0.0,real,0.25,7,1.5063,0.0291,,0.2447,0.4950,0.5087,80
DA_tvla,DA,1,tmpl,0.0,0.0,real,0.25,10,1.4960,0.0252,,0.2500,0.4995,0.5092,80
DA_tvla,DA,1,tmpl,0.0,0.0,real,0.25,15,1.5120,0.0310,,0.2465,0.4958,0.5022,80
DA_tvla,DA,1,tmpl,0.0,0.0,real,0.25,20,1.5275,0.0308,,0.2380,0.4947,0.4963,80
DA_tvla,DA,1,tmpl,0.0,0.0,real,0.25,30,1.5320,0.0321,,0.2403,0.4875,0.5067,80
DA_tvla,DA,1,tmpl,0.0,0.0,real,0.25,50,1.5602,0.0419,,0.2320,0.4768,0.5028,80
DA_tvla,DA,1,tmpl,0.0,0.0,real,0.25,70,1.5740,0.0562,,0.2275,0.4753,0.5093,80
DA_tvla,DA,1,tmpl,0.0,0.0,real,0.25,100,1.5743,0.0648,,0.2255,0.4725,0.5020,80
DA_tvla,DA,1,tmpl,0.0,0.0,real,0.25,150,1.5835,0.0717,,0.2235,0.4803,0.5022,80
DA_tvla,DA,1,tmpl,0.0,0.0,real,0.25,200,1.5920,0.0743,,0.2230,0.4740,0.5087,80
DA_tvla,DA,1,tmpl,0.0,0.0,real,0.25,300,1.5955,0.0912,,0.2255,0.4657,0.5200,80
DA_tvla,DA,1,tmpl,0.0,0.0,real,0.25,500,1.5757,0.1173,,0.2275,0.4495,0.5463,80
DA_tvla,DA,1,tmpl,0.0,0.0,real,0.25,533,1.5808,0.1252,,0.2175,0.4512,0.5415,80
DA_tvla,DA,1,tmpl_bits,0.0,0.0,real,0.25,1,1.5065,0.0208,,0.2468,0.4920,0.5127,80
DA_tvla,DA,1,tmpl_bits,0.0,0.0,real,0.25,2,1.5177,0.0157,,0.2478,0.5018,0.4923,80
DA_tvla,DA,1,tmpl_bits,0.0,0.0,real,0.25,3,1.5250,0.0192,,0.2440,0.4985,0.5018,80
DA_tvla,DA,1,tmpl_bits,0.0,0.0,real,0.25,5,1.5325,0.0175,,0.2488,0.4982,0.5050,80
DA_tvla,DA,1,tmpl_bits,0.0,0.0,real,0.25,7,1.5388,0.0230,,0.2410,0.4953,0.5012,80
DA_tvla,DA,1,tmpl_bits,0.0,0.0,real,0.25,10,1.5297,0.0260,,0.2473,0.5008,0.5130,80
DA_tvla,DA,1,tmpl_bits,0.0,0.0,real,0.25,15,1.5443,0.0257,,0.2405,0.4905,0.5078,80
DA_tvla,DA,1,tmpl_bits,0.0,0.0,real,0.25,20,1.5447,0.0298,,0.2368,0.4857,0.5020,80
DA_tvla,DA,1,tmpl_bits,0.0,0.0,real,0.25,30,1.5627,0.0263,,0.2282,0.4812,0.5083,80
DA_tvla,DA,1,tmpl_bits,0.0,0.0,real,0.25,50,1.5755,0.0419,,0.2250,0.4752,0.5125,80
DA_tvla,DA,1,tmpl_bits,0.0,0.0,real,0.25,70,1.5893,0.0471,,0.2230,0.4743,0.5132,80
DA_tvla,DA,1,tmpl_bits,0.0,0.0,real,0.25,100,1.5943,0.0629,,0.2237,0.4708,0.5202,80
DA_tvla,DA,1,tmpl_bits,0.0,0.0,real,0.25,150,1.6090,0.0772,,0.2147,0.4735,0.5132,80
DA_tvla,DA,1,tmpl_bits,0.0,0.0,real,0.25,200,1.6297,0.0864,,0.2080,0.4530,0.5290,80
DA_tvla,DA,1,tmpl_bits,0.0,0.0,real,0.25,300,1.6498,0.1110,,0.2000,0.4432,0.5230,80
DA_tvla,DA,1,tmpl_bits,0.0,0.0,real,0.25,500,1.6755,0.1416,,0.1697,0.3880,0.5292,80
DA_tvla,DA,1,tmpl_bits,0.0,0.0,real,0.25,533,1.6717,0.1462,,0.1602,0.3745,0.5305,80
DA_tvla,DA,1,corr,0.0,0.0,real,0.25,1,1.5000,0.0000,,0.2500,0.5000,0.5000,80
DA_tvla,DA,1,corr,0.0,0.0,real,0.25,2,1.4824,0.0147,,0.2494,0.4991,0.5079,80
DA_tvla,DA,1,corr,0.0,0.0,real,0.25,3,1.4905,0.0275,,0.2527,0.5087,0.5001,80
DA_tvla,DA,1,corr,0.0,0.0,real,0.25,5,1.5044,0.0233,,0.2536,0.5027,0.5013,80
DA_tvla,DA,1,corr,0.0,0.0,real,0.25,7,1.5035,0.0277,,0.2585,0.4990,0.5145,80
DA_tvla,DA,1,corr,0.0,0.0,real,0.25,10,1.4922,0.0306,,0.2517,0.4963,0.5128,80
DA_tvla,DA,1,corr,0.0,0.0,real,0.25,15,1.5043,0.0352,,0.2543,0.4970,0.5160,80
DA_tvla,DA,1,corr,0.0,0.0,real,0.25,20,1.5363,0.0375,,0.2458,0.4958,0.5010,80
DA_tvla,DA,1,corr,0.0,0.0,real,0.25,30,1.5465,0.0412,,0.2370,0.4970,0.5017,80
DA_tvla,DA,1,corr,0.0,0.0,real,0.25,50,1.5257,0.0605,,0.2427,0.4957,0.5115,80
DA_tvla,DA,1,corr,0.0,0.0,real,0.25,70,1.5220,0.0728,,0.2435,0.4958,0.5182,80
DA_tvla,DA,1,corr,0.0,0.0,real,0.25,100,1.5223,0.0882,,0.2470,0.4958,0.5202,80
DA_tvla,DA,1,corr,0.0,0.0,real,0.25,150,1.5202,0.1049,,0.2495,0.4968,0.5292,80
DA_tvla,DA,1,corr,0.0,0.0,real,0.25,200,1.5355,0.1132,,0.2402,0.4917,0.5242,80
DA_tvla,DA,1,corr,0.0,0.0,real,0.25,300,1.5488,0.1412,,0.2375,0.4930,0.5183,80
DA_tvla,DA,1,corr,0.0,0.0,real,0.25,500,1.5315,0.1871,,0.2530,0.5182,0.5292,80
DA_tvla,DA,1,corr,0.0,0.0,real,0.25,533,1.5400,0.1940,,0.2547,0.5218,0.5330,80
U_cpa,U,1,tmpl,0.0,0.0,real,,1,0.1400,0.0678,,0.8600,0.9100,0.9500,4
U_cpa,U,1,tmpl,0.0,0.0,real,,2,0.0300,0.0191,,0.9700,0.9850,0.9850,4
U_cpa,U,1,tmpl,0.0,0.0,real,,3,0.0200,0.0115,,0.9800,0.9850,0.9950,4
U_cpa,U,1,tmpl,0.0,0.0,real,,5,0.0000,0.0000,,1.0000,1.0000,1.0000,4
U_cpa,U,1,tmpl,0.0,0.0,real,,7,0.0000,0.0000,,1.0000,1.0000,1.0000,4
U_cpa,U,1,tmpl,0.0,0.0,real,,10,0.0000,0.0000,,1.0000,1.0000,1.0000,4
U_cpa,U,1,tmpl,0.0,0.0,real,,15,0.0000,0.0000,,1.0000,1.0000,1.0000,4
U_cpa,U,1,tmpl,0.0,0.0,real,,20,0.0000,0.0000,,1.0000,1.0000,1.0000,4
U_cpa,U,1,tmpl,0.0,0.0,real,,30,0.0000,0.0000,,1.0000,1.0000,1.0000,4
U_cpa,U,1,tmpl,0.0,0.0,real,,50,0.0000,0.0000,,1.0000,1.0000,1.0000,4
U_cpa,U,1,tmpl,0.0,0.0,real,,70,0.0000,0.0000,,1.0000,1.0000,1.0000,4
U_cpa,U,1,tmpl,0.0,0.0,real,,100,0.0000,0.0000,,1.0000,1.0000,1.0000,4
U_cpa,U,1,tmpl,0.0,0.0,real,,150,0.0000,0.0000,,1.0000,1.0000,1.0000,4
U_cpa,U,1,tmpl,0.0,0.0,real,,200,0.0000,0.0000,,1.0000,1.0000,1.0000,4
U_cpa,U,1,tmpl,0.0,0.0,real,,300,0.0000,0.0000,,1.0000,1.0000,1.0000,4
U_cpa,U,1,tmpl,0.0,0.0,real,,500,0.0000,0.0000,,1.0000,1.0000,1.0000,4
U_cpa,U,1,tmpl,0.0,0.0,real,,700,0.0000,0.0000,,1.0000,1.0000,1.0000,4
U_cpa,U,1,tmpl,0.0,0.0,real,,1000,0.0000,0.0000,,1.0000,1.0000,1.0000,4
U_cpa,U,1,tmpl,0.0,0.0,real,,1500,0.0000,0.0000,,1.0000,1.0000,1.0000,4
U_cpa,U,1,tmpl,0.0,0.0,real,,1998,0.0000,0.0000,,1.0000,1.0000,1.0000,4
U_cpa,U,1,tmpl,0.0,0.0,permuted,,1,1.4893,,0.1289,,,,20
U_cpa,U,1,tmpl,0.0,0.0,permuted,,2,1.4732,,0.1191,,,,20
U_cpa,U,1,tmpl,0.0,0.0,permuted,,3,1.4593,,0.1019,,,,20
U_cpa,U,1,tmpl,0.0,0.0,permuted,,5,1.4560,,0.1272,,,,20
U_cpa,U,1,tmpl,0.0,0.0,permuted,,7,1.4882,,0.1023,,,,20
U_cpa,U,1,tmpl,0.0,0.0,permuted,,10,1.4827,,0.1101,,,,20
U_cpa,U,1,tmpl,0.0,0.0,permuted,,15,1.4848,,0.1026,,,,20
U_cpa,U,1,tmpl,0.0,0.0,permuted,,20,1.4838,,0.1151,,,,20
U_cpa,U,1,tmpl,0.0,0.0,permuted,,30,1.5037,,0.1087,,,,20
U_cpa,U,1,tmpl,0.0,0.0,permuted,,50,1.5010,,0.1225,,,,20
U_cpa,U,1,tmpl,0.0,0.0,permuted,,70,1.4945,,0.1175,,,,20
U_cpa,U,1,tmpl,0.0,0.0,permuted,,100,1.4828,,0.1222,,,,20
U_cpa,U,1,tmpl,0.0,0.0,permuted,,150,1.4800,,0.1283,,,,20
U_cpa,U,1,tmpl,0.0,0.0,permuted,,200,1.4810,,0.1416,,,,20
U_cpa,U,1,tmpl,0.0,0.0,permuted,,300,1.4828,,0.1430,,,,20
U_cpa,U,1,tmpl,0.0,0.0,permuted,,500,1.4845,,0.1458,,,,20
U_cpa,U,1,tmpl,0.0,0.0,permuted,,700,1.4855,,0.1534,,,,20
U_cpa,U,1,tmpl,0.0,0.0,permuted,,1000,1.4853,,0.1568,,,,20
U_cpa,U,1,tmpl,0.0,0.0,permuted,,1500,1.4792,,0.1613,,,,20
U_cpa,U,1,tmpl,0.0,0.0,permuted,,1998,1.4625,,0.1677,,,,20
U_cpa,U,1,tmpl_bits,0.0,0.0,real,,1,0.4850,0.1190,,0.6150,0.7950,0.7400,4
U_cpa,U,1,tmpl_bits,0.0,0.0,real,,2,0.2450,0.0754,,0.7700,0.8950,0.8100,4
U_cpa,U,1,tmpl_bits,0.0,0.0,real,,3,0.1250,0.0538,,0.8850,0.9500,0.9100,4
U_cpa,U,1,tmpl_bits,0.0,0.0,real,,5,0.0350,0.0126,,0.9650,0.9850,0.9650,4
U_cpa,U,1,tmpl_bits,0.0,0.0,real,,7,0.0050,0.0050,,0.9950,0.9950,0.9950,4
U_cpa,U,1,tmpl_bits,0.0,0.0,real,,10,0.0000,0.0000,,1.0000,1.0000,1.0000,4
U_cpa,U,1,tmpl_bits,0.0,0.0,real,,15,0.0000,0.0000,,1.0000,1.0000,1.0000,4
U_cpa,U,1,tmpl_bits,0.0,0.0,real,,20,0.0000,0.0000,,1.0000,1.0000,1.0000,4
U_cpa,U,1,tmpl_bits,0.0,0.0,real,,30,0.0000,0.0000,,1.0000,1.0000,1.0000,4
U_cpa,U,1,tmpl_bits,0.0,0.0,real,,50,0.0000,0.0000,,1.0000,1.0000,1.0000,4
U_cpa,U,1,tmpl_bits,0.0,0.0,real,,70,0.0000,0.0000,,1.0000,1.0000,1.0000,4
U_cpa,U,1,tmpl_bits,0.0,0.0,real,,100,0.0000,0.0000,,1.0000,1.0000,1.0000,4
U_cpa,U,1,tmpl_bits,0.0,0.0,real,,150,0.0000,0.0000,,1.0000,1.0000,1.0000,4
U_cpa,U,1,tmpl_bits,0.0,0.0,real,,200,0.0000,0.0000,,1.0000,1.0000,1.0000,4
U_cpa,U,1,tmpl_bits,0.0,0.0,real,,300,0.0000,0.0000,,1.0000,1.0000,1.0000,4
U_cpa,U,1,tmpl_bits,0.0,0.0,real,,500,0.0000,0.0000,,1.0000,1.0000,1.0000,4
U_cpa,U,1,tmpl_bits,0.0,0.0,real,,700,0.0000,0.0000,,1.0000,1.0000,1.0000,4
U_cpa,U,1,tmpl_bits,0.0,0.0,real,,1000,0.0000,0.0000,,1.0000,1.0000,1.0000,4
U_cpa,U,1,tmpl_bits,0.0,0.0,real,,1500,0.0000,0.0000,,1.0000,1.0000,1.0000,4
U_cpa,U,1,tmpl_bits,0.0,0.0,real,,1998,0.0000,0.0000,,1.0000,1.0000,1.0000,4
U_cpa,U,1,tmpl_bits,0.0,0.0,permuted,,1,1.4888,,0.1222,,,,20
U_cpa,U,1,tmpl_bits,0.0,0.0,permuted,,2,1.4643,,0.1122,,,,20
U_cpa,U,1,tmpl_bits,0.0,0.0,permuted,,3,1.4597,,0.1011,,,,20
U_cpa,U,1,tmpl_bits,0.0,0.0,permuted,,5,1.4618,,0.1113,,,,20
U_cpa,U,1,tmpl_bits,0.0,0.0,permuted,,7,1.4613,,0.1425,,,,20
U_cpa,U,1,tmpl_bits,0.0,0.0,permuted,,10,1.4697,,0.1535,,,,20
U_cpa,U,1,tmpl_bits,0.0,0.0,permuted,,15,1.4540,,0.1678,,,,20
U_cpa,U,1,tmpl_bits,0.0,0.0,permuted,,20,1.4632,,0.1800,,,,20
U_cpa,U,1,tmpl_bits,0.0,0.0,permuted,,30,1.4505,,0.1996,,,,20
U_cpa,U,1,tmpl_bits,0.0,0.0,permuted,,50,1.4478,,0.2203,,,,20
U_cpa,U,1,tmpl_bits,0.0,0.0,permuted,,70,1.4402,,0.2265,,,,20
U_cpa,U,1,tmpl_bits,0.0,0.0,permuted,,100,1.4352,,0.2272,,,,20
U_cpa,U,1,tmpl_bits,0.0,0.0,permuted,,150,1.4302,,0.2389,,,,20
U_cpa,U,1,tmpl_bits,0.0,0.0,permuted,,200,1.4340,,0.2401,,,,20
U_cpa,U,1,tmpl_bits,0.0,0.0,permuted,,300,1.4367,,0.2405,,,,20
U_cpa,U,1,tmpl_bits,0.0,0.0,permuted,,500,1.4310,,0.2454,,,,20
U_cpa,U,1,tmpl_bits,0.0,0.0,permuted,,700,1.4293,,0.2461,,,,20
U_cpa,U,1,tmpl_bits,0.0,0.0,permuted,,1000,1.4243,,0.2490,,,,20
U_cpa,U,1,tmpl_bits,0.0,0.0,permuted,,1500,1.4205,,0.2499,,,,20
U_cpa,U,1,tmpl_bits,0.0,0.0,permuted,,1998,1.4125,,0.2600,,,,20
U_cpa,U,1,corr,0.0,0.0,real,,1,1.5000,0.0000,,0.2500,0.5000,0.5000,4
U_cpa,U,1,corr,0.0,0.0,real,,2,0.8900,0.1054,,0.4875,0.6850,0.6250,4
U_cpa,U,1,corr,0.0,0.0,real,,3,0.5625,0.0511,,0.6275,0.7308,0.7708,4
U_cpa,U,1,corr,0.0,0.0,real,,5,0.2200,0.0535,,0.8400,0.8600,0.9300,4
U_cpa,U,1,corr,0.0,0.0,real,,7,0.0800,0.0497,,0.9450,0.9450,0.9950,4
U_cpa,U,1,corr,0.0,0.0,real,,10,0.0350,0.0206,,0.9700,0.9700,1.0000,4
U_cpa,U,1,corr,0.0,0.0,real,,15,0.0100,0.0058,,0.9900,0.9900,1.0000,4
U_cpa,U,1,corr,0.0,0.0,real,,20,0.0000,0.0000,,1.0000,1.0000,1.0000,4
U_cpa,U,1,corr,0.0,0.0,real,,30,0.0000,0.0000,,1.0000,1.0000,1.0000,4
U_cpa,U,1,corr,0.0,0.0,real,,50,0.0000,0.0000,,1.0000,1.0000,1.0000,4
U_cpa,U,1,corr,0.0,0.0,real,,70,0.0000,0.0000,,1.0000,1.0000,1.0000,4
U_cpa,U,1,corr,0.0,0.0,real,,100,0.0000,0.0000,,1.0000,1.0000,1.0000,4
U_cpa,U,1,corr,0.0,0.0,real,,150,0.0000,0.0000,,1.0000,1.0000,1.0000,4
U_cpa,U,1,corr,0.0,0.0,real,,200,0.0000,0.0000,,1.0000,1.0000,1.0000,4
U_cpa,U,1,corr,0.0,0.0,real,,300,0.0000,0.0000,,1.0000,1.0000,1.0000,4
U_cpa,U,1,corr,0.0,0.0,real,,500,0.0000,0.0000,,1.0000,1.0000,1.0000,4
U_cpa,U,1,corr,0.0,0.0,real,,700,0.0000,0.0000,,1.0000,1.0000,1.0000,4
U_cpa,U,1,corr,0.0,0.0,real,,1000,0.0000,0.0000,,1.0000,1.0000,1.0000,4
U_cpa,U,1,corr,0.0,0.0,real,,1500,0.0000,0.0000,,1.0000,1.0000,1.0000,4
U_cpa,U,1,corr,0.0,0.0,real,,1998,0.0000,0.0000,,1.0000,1.0000,1.0000,4
U_cpa,U,1,corr,0.0,0.0,permuted,,1,1.5000,,0.0000,,,,20
U_cpa,U,1,corr,0.0,0.0,permuted,,2,1.5069,,0.0724,,,,20
U_cpa,U,1,corr,0.0,0.0,permuted,,3,1.5196,,0.0911,,,,20
U_cpa,U,1,corr,0.0,0.0,permuted,,5,1.5050,,0.1363,,,,20
U_cpa,U,1,corr,0.0,0.0,permuted,,7,1.5185,,0.1441,,,,20
U_cpa,U,1,corr,0.0,0.0,permuted,,10,1.5190,,0.1729,,,,20
U_cpa,U,1,corr,0.0,0.0,permuted,,15,1.5340,,0.1987,,,,20
U_cpa,U,1,corr,0.0,0.0,permuted,,20,1.5392,,0.2171,,,,20
U_cpa,U,1,corr,0.0,0.0,permuted,,30,1.5405,,0.2420,,,,20
U_cpa,U,1,corr,0.0,0.0,permuted,,50,1.5392,,0.2738,,,,20
U_cpa,U,1,corr,0.0,0.0,permuted,,70,1.5535,,0.2987,,,,20
U_cpa,U,1,corr,0.0,0.0,permuted,,100,1.5468,,0.3186,,,,20
U_cpa,U,1,corr,0.0,0.0,permuted,,150,1.5670,,0.3444,,,,20
U_cpa,U,1,corr,0.0,0.0,permuted,,200,1.5707,,0.3538,,,,20
U_cpa,U,1,corr,0.0,0.0,permuted,,300,1.5625,,0.3607,,,,20
U_cpa,U,1,corr,0.0,0.0,permuted,,500,1.5628,,0.3728,,,,20
U_cpa,U,1,corr,0.0,0.0,permuted,,700,1.5657,,0.3847,,,,20
U_cpa,U,1,corr,0.0,0.0,permuted,,1000,1.5678,,0.4040,,,,20
U_cpa,U,1,corr,0.0,0.0,permuted,,1500,1.5592,,0.4128,,,,20
U_cpa,U,1,corr,0.0,0.0,permuted,,1998,1.5500,,0.4261,,,,20
U_cpa,U,1,tmpl,0.5,130.446,real,,1,1.2550,0.2758,,0.3000,0.5450,0.4950,4
U_cpa,U,1,tmpl,0.5,130.446,real,,2,1.2550,0.3813,,0.3050,0.5350,0.5150,4
U_cpa,U,1,tmpl,0.5,130.446,real,,3,1.2150,0.4334,,0.3100,0.5450,0.5050,4
U_cpa,U,1,tmpl,0.5,130.446,real,,5,1.2800,0.5064,,0.2850,0.5050,0.5350,4
U_cpa,U,1,tmpl,0.5,130.446,real,,7,1.3400,0.5389,,0.2800,0.5200,0.5200,4
U_cpa,U,1,tmpl,0.5,130.446,real,,10,1.3900,0.5694,,0.2700,0.5100,0.5200,4
U_cpa,U,1,tmpl,0.5,130.446,real,,15,1.4000,0.5595,,0.2550,0.5100,0.5000,4
U_cpa,U,1,tmpl,0.5,130.446,real,,20,1.4200,0.5771,,0.2600,0.5100,0.5100,4
U_cpa,U,1,tmpl,0.5,130.446,real,,30,1.4400,0.5799,,0.2500,0.5000,0.5000,4
U_cpa,U,1,tmpl,0.5,130.446,real,,50,1.4300,0.5749,,0.2500,0.5000,0.5000,4
U_cpa,U,1,tmpl,0.5,130.446,real,,70,1.4300,0.5759,,0.2500,0.5000,0.5000,4
U_cpa,U,1,tmpl,0.5,130.446,real,,100,1.3850,0.5502,,0.2500,0.5000,0.5000,4
U_cpa,U,1,tmpl,0.5,130.446,real,,150,1.3350,0.5235,,0.2500,0.5000,0.5000,4
U_cpa,U,1,tmpl,0.5,130.446,real,,200,1.3050,0.5076,,0.2500,0.5000,0.5000,4
U_cpa,U,1,tmpl,0.5,130.446,real,,300,1.3100,0.5103,,0.2500,0.5000,0.5000,4
U_cpa,U,1,tmpl,0.5,130.446,real,,500,1.2750,0.4918,,0.2500,0.5000,0.5000,4
U_cpa,U,1,tmpl,0.5,130.446,real,,700,1.2500,0.4787,,0.2500,0.5000,0.5000,4
U_cpa,U,1,tmpl,0.5,130.446,real,,1000,1.2500,0.4787,,0.2500,0.5000,0.5000,4
U_cpa,U,1,tmpl,0.5,130.446,real,,1500,1.2500,0.4787,,0.2500,0.5000,0.5000,4
U_cpa,U,1,tmpl,0.5,130.446,real,,1998,1.2500,0.4787,,0.2500,0.5000,0.5000,4
U_cpa,U,1,tmpl,0.5,130.446,permuted,,1,1.4410,,0.0624,,,,5
U_cpa,U,1,tmpl,0.5,130.446,permuted,,2,1.5210,,0.0690,,,,5
U_cpa,U,1,tmpl,0.5,130.446,permuted,,3,1.5200,,0.0743,,,,5
U_cpa,U,1,tmpl,0.5,130.446,permuted,,5,1.5160,,0.0937,,,,5
U_cpa,U,1,tmpl,0.5,130.446,permuted,,7,1.5140,,0.0849,,,,5
U_cpa,U,1,tmpl,0.5,130.446,permuted,,10,1.5360,,0.0888,,,,5
U_cpa,U,1,tmpl,0.5,130.446,permuted,,15,1.5160,,0.0988,,,,5
U_cpa,U,1,tmpl,0.5,130.446,permuted,,20,1.5180,,0.0914,,,,5
U_cpa,U,1,tmpl,0.5,130.446,permuted,,30,1.5060,,0.0642,,,,5
U_cpa,U,1,tmpl,0.5,130.446,permuted,,50,1.5070,,0.0633,,,,5
U_cpa,U,1,tmpl,0.5,130.446,permuted,,70,1.5100,,0.0767,,,,5
U_cpa,U,1,tmpl,0.5,130.446,permuted,,100,1.4930,,0.0175,,,,5
U_cpa,U,1,tmpl,0.5,130.446,permuted,,150,1.4890,,0.0315,,,,5
U_cpa,U,1,tmpl,0.5,130.446,permuted,,200,1.4770,,0.0317,,,,5
U_cpa,U,1,tmpl,0.5,130.446,permuted,,300,1.4750,,0.0815,,,,5
U_cpa,U,1,tmpl,0.5,130.446,permuted,,500,1.4630,,0.1097,,,,5
U_cpa,U,1,tmpl,0.5,130.446,permuted,,700,1.4590,,0.1220,,,,5
U_cpa,U,1,tmpl,0.5,130.446,permuted,,1000,1.4460,,0.1361,,,,5
U_cpa,U,1,tmpl,0.5,130.446,permuted,,1500,1.4470,,0.1804,,,,5
U_cpa,U,1,tmpl,0.5,130.446,permuted,,1998,1.4500,,0.1118,,,,5
U_cpa,U,1,tmpl_bits,0.5,130.446,real,,1,1.3350,0.3271,,0.3050,0.5500,0.5300,4
U_cpa,U,1,tmpl_bits,0.5,130.446,real,,2,1.2750,0.4071,,0.2900,0.5300,0.4950,4
U_cpa,U,1,tmpl_bits,0.5,130.446,real,,3,1.2700,0.4597,,0.3050,0.5300,0.5300,4
U_cpa,U,1,tmpl_bits,0.5,130.446,real,,5,1.2900,0.5027,,0.2650,0.4950,0.5100,4
U_cpa,U,1,tmpl_bits,0.5,130.446,real,,7,1.3300,0.5362,,0.2550,0.4900,0.5000,4
U_cpa,U,1,tmpl_bits,0.5,130.446,real,,10,1.3200,0.5477,,0.2600,0.4950,0.5100,4
U_cpa,U,1,tmpl_bits,0.5,130.446,real,,15,1.3300,0.5873,,0.2550,0.5000,0.5050,4
U_cpa,U,1,tmpl_bits,0.5,130.446,real,,20,1.3250,0.6162,,0.2500,0.5000,0.5000,4
U_cpa,U,1,tmpl_bits,0.5,130.446,real,,30,1.3050,0.6226,,0.2500,0.5000,0.5000,4
U_cpa,U,1,tmpl_bits,0.5,130.446,real,,50,1.2700,0.6266,,0.2500,0.5000,0.5000,4
U_cpa,U,1,tmpl_bits,0.5,130.446,real,,70,1.2700,0.6267,,0.2500,0.5000,0.5000,4
U_cpa,U,1,tmpl_bits,0.5,130.446,real,,100,1.2600,0.6279,,0.2500,0.5000,0.5000,4
U_cpa,U,1,tmpl_bits,0.5,130.446,real,,150,1.2500,0.6292,,0.2500,0.5000,0.5000,4
U_cpa,U,1,tmpl_bits,0.5,130.446,real,,200,1.2500,0.6292,,0.2500,0.5000,0.5000,4
U_cpa,U,1,tmpl_bits,0.5,130.446,real,,300,1.2500,0.6292,,0.2500,0.5000,0.5000,4
U_cpa,U,1,tmpl_bits,0.5,130.446,real,,500,1.2500,0.6292,,0.2500,0.5000,0.5000,4
U_cpa,U,1,tmpl_bits,0.5,130.446,real,,700,1.2500,0.6292,,0.2500,0.5000,0.5000,4
U_cpa,U,1,tmpl_bits,0.5,130.446,real,,1000,1.2500,0.6292,,0.2500,0.5000,0.5000,4
U_cpa,U,1,tmpl_bits,0.5,130.446,real,,1500,1.2500,0.6292,,0.2500,0.5000,0.5000,4
U_cpa,U,1,tmpl_bits,0.5,130.446,real,,1998,1.2500,0.6292,,0.2500,0.5000,0.5000,4
U_cpa,U,1,tmpl_bits,0.5,130.446,permuted,,1,1.4700,,0.0965,,,,5
U_cpa,U,1,tmpl_bits,0.5,130.446,permuted,,2,1.5420,,0.0539,,,,5
U_cpa,U,1,tmpl_bits,0.5,130.446,permuted,,3,1.4800,,0.0436,,,,5
U_cpa,U,1,tmpl_bits,0.5,130.446,permuted,,5,1.4800,,0.0579,,,,5
U_cpa,U,1,tmpl_bits,0.5,130.446,permuted,,7,1.4860,,0.0315,,,,5
U_cpa,U,1,tmpl_bits,0.5,130.446,permuted,,10,1.5210,,0.0845,,,,5
U_cpa,U,1,tmpl_bits,0.5,130.446,permuted,,15,1.5090,,0.0861,,,,5
U_cpa,U,1,tmpl_bits,0.5,130.446,permuted,,20,1.4770,,0.0613,,,,5
U_cpa,U,1,tmpl_bits,0.5,130.446,permuted,,30,1.4670,,0.0985,,,,5
U_cpa,U,1,tmpl_bits,0.5,130.446,permuted,,50,1.5110,,0.0746,,,,5
U_cpa,U,1,tmpl_bits,0.5,130.446,permuted,,70,1.5370,,0.0824,,,,5
U_cpa,U,1,tmpl_bits,0.5,130.446,permuted,,100,1.5310,,0.1098,,,,5
U_cpa,U,1,tmpl_bits,0.5,130.446,permuted,,150,1.5050,,0.1246,,,,5
U_cpa,U,1,tmpl_bits,0.5,130.446,permuted,,200,1.5320,,0.0791,,,,5
U_cpa,U,1,tmpl_bits,0.5,130.446,permuted,,300,1.5510,,0.0841,,,,5
U_cpa,U,1,tmpl_bits,0.5,130.446,permuted,,500,1.5710,,0.1128,,,,5
U_cpa,U,1,tmpl_bits,0.5,130.446,permuted,,700,1.5600,,0.1025,,,,5
U_cpa,U,1,tmpl_bits,0.5,130.446,permuted,,1000,1.5690,,0.0943,,,,5
U_cpa,U,1,tmpl_bits,0.5,130.446,permuted,,1500,1.6010,,0.1411,,,,5
U_cpa,U,1,tmpl_bits,0.5,130.446,permuted,,1998,1.6500,,0.1369,,,,5
U_cpa,U,1,corr,0.5,130.446,real,,1,1.5000,0.0000,,0.2500,0.5000,0.5000,4
U_cpa,U,1,corr,0.5,130.446,real,,2,1.3975,0.0598,,0.3013,0.5325,0.5525,4
U_cpa,U,1,corr,0.5,130.446,real,,3,1.4725,0.1143,,0.2592,0.5425,0.5058,4
U_cpa,U,1,corr,0.5,130.446,real,,5,1.3100,0.1382,,0.3317,0.6133,0.5417,4
U_cpa,U,1,corr,0.5,130.446,real,,7,1.2950,0.1124,,0.3250,0.6050,0.5200,4
U_cpa,U,1,corr,0.5,130.446,real,,10,1.1700,0.1156,,0.3750,0.6350,0.5750,4
U_cpa,U,1,corr,0.5,130.446,real,,15,1.2000,0.1941,,0.3400,0.6150,0.5300,4
U_cpa,U,1,corr,0.5,130.446,real,,20,1.0350,0.2481,,0.3700,0.6550,0.5050,4
U_cpa,U,1,corr,0.5,130.446,real,,30,1.0100,0.2705,,0.3900,0.6750,0.5650,4
U_cpa,U,1,corr,0.5,130.446,real,,50,0.9300,0.3519,,0.4600,0.6750,0.6100,4
U_cpa,U,1,corr,0.5,130.446,real,,70,0.8800,0.3921,,0.4900,0.7450,0.6250,4
U_cpa,U,1,corr,0.5,130.446,real,,100,0.8200,0.4057,,0.5000,0.7900,0.6200,4
U_cpa,U,1,corr,0.5,130.446,real,,150,0.7700,0.4698,,0.5550,0.8200,0.6450,4
U_cpa,U,1,corr,0.5,130.446,real,,200,0.7800,0.5001,,0.5650,0.8350,0.6450,4
U_cpa,U,1,corr,0.5,130.446,real,,300,0.7750,0.5542,,0.6050,0.8750,0.6300,4
U_cpa,U,1,corr,0.5,130.446,real,,500,0.7150,0.5446,,0.6350,0.8750,0.6600,4
U_cpa,U,1,corr,0.5,130.446,real,,700,0.6900,0.5364,,0.6400,0.9050,0.6650,4
U_cpa,U,1,corr,0.5,130.446,real,,1000,0.6750,0.5328,,0.6500,0.9150,0.6700,4
U_cpa,U,1,corr,0.5,130.446,real,,1500,0.5650,0.5194,,0.7150,0.9700,0.7150,4
U_cpa,U,1,corr,0.5,130.446,real,,1998,0.5000,0.5000,,0.7500,1.0000,0.7500,4
U_cpa,U,1,corr,0.5,130.446,permuted,,1,1.5000,,0.0000,,,,5
U_cpa,U,1,corr,0.5,130.446,permuted,,2,1.4385,,0.0931,,,,5
U_cpa,U,1,corr,0.5,130.446,permuted,,3,1.4765,,0.0955,,,,5
U_cpa,U,1,corr,0.5,130.446,permuted,,5,1.4560,,0.1049,,,,5
U_cpa,U,1,corr,0.5,130.446,permuted,,7,1.5050,,0.0768,,,,5
U_cpa,U,1,corr,0.5,130.446,permuted,,10,1.4890,,0.0674,,,,5
U_cpa,U,1,corr,0.5,130.446,permuted,,15,1.4920,,0.0875,,,,5
U_cpa,U,1,corr,0.5,130.446,permuted,,20,1.5420,,0.0946,,,,5
U_cpa,U,1,corr,0.5,130.446,permuted,,30,1.5170,,0.0936,,,,5
U_cpa,U,1,corr,0.5,130.446,permuted,,50,1.5350,,0.1712,,,,5
U_cpa,U,1,corr,0.5,130.446,permuted,,70,1.5450,,0.2008,,,,5
U_cpa,U,1,corr,0.5,130.446,permuted,,100,1.5650,,0.2388,,,,5
U_cpa,U,1,corr,0.5,130.446,permuted,,150,1.5580,,0.3112,,,,5
U_cpa,U,1,corr,0.5,130.446,permuted,,200,1.5530,,0.3733,,,,5
U_cpa,U,1,corr,0.5,130.446,permuted,,300,1.5770,,0.4528,,,,5
U_cpa,U,1,corr,0.5,130.446,permuted,,500,1.5350,,0.4933,,,,5
U_cpa,U,1,corr,0.5,130.446,permuted,,700,1.5520,,0.5788,,,,5
U_cpa,U,1,corr,0.5,130.446,permuted,,1000,1.5820,,0.6464,,,,5
U_cpa,U,1,corr,0.5,130.446,permuted,,1500,1.5890,,0.7031,,,,5
U_cpa,U,1,corr,0.5,130.446,permuted,,1998,1.6000,,0.5755,,,,5
U_cpa,U,1,tmpl,1.0,260.891,real,,1,1.4950,0.2849,,0.2400,0.5000,0.4600,4
U_cpa,U,1,tmpl,1.0,260.891,real,,2,1.3650,0.3655,,0.2800,0.5400,0.4750,4
U_cpa,U,1,tmpl,1.0,260.891,real,,3,1.4000,0.4615,,0.2650,0.4950,0.4600,4
U_cpa,U,1,tmpl,1.0,260.891,real,,5,1.3050,0.4955,,0.2850,0.5350,0.4750,4
U_cpa,U,1,tmpl,1.0,260.891,real,,7,1.3450,0.5328,,0.2550,0.5000,0.4700,4
U_cpa,U,1,tmpl,1.0,260.891,real,,10,1.3800,0.5479,,0.2600,0.5400,0.4750,4
U_cpa,U,1,tmpl,1.0,260.891,real,,15,1.3550,0.5839,,0.2850,0.5250,0.5050,4
U_cpa,U,1,tmpl,1.0,260.891,real,,20,1.3350,0.6025,,0.3100,0.5400,0.5400,4
U_cpa,U,1,tmpl,1.0,260.891,real,,30,1.3500,0.6187,,0.2900,0.5400,0.5250,4
U_cpa,U,1,tmpl,1.0,260.891,real,,50,1.3750,0.6264,,0.2650,0.5250,0.5000,4
U_cpa,U,1,tmpl,1.0,260.891,real,,70,1.4050,0.6220,,0.2550,0.5150,0.4900,4
U_cpa,U,1,tmpl,1.0,260.891,real,,100,1.3950,0.6252,,0.2500,0.5050,0.4950,4
U_cpa,U,1,tmpl,1.0,260.891,real,,150,1.3900,0.6262,,0.2500,0.5050,0.4950,4
U_cpa,U,1,tmpl,1.0,260.891,real,,200,1.3950,0.6267,,0.2500,0.5000,0.5000,4
U_cpa,U,1,tmpl,1.0,260.891,real,,300,1.4150,0.6289,,0.2500,0.5000,0.5000,4
U_cpa,U,1,tmpl,1.0,260.891,real,,500,1.4200,0.6296,,0.2500,0.5000,0.5000,4
U_cpa,U,1,tmpl,1.0,260.891,real,,700,1.4250,0.6303,,0.2500,0.5000,0.5000,4
U_cpa,U,1,tmpl,1.0,260.891,real,,1000,1.4450,0.6335,,0.2500,0.5000,0.5000,4
U_cpa,U,1,tmpl,1.0,260.891,real,,1500,1.4700,0.6384,,0.2500,0.5000,0.5000,4
U_cpa,U,1,tmpl,1.0,260.891,real,,1998,1.5000,0.6455,,0.2500,0.5000,0.5000,4
U_cpa,U,1,tmpl,1.0,260.891,permuted,,1,1.4710,,0.0286,,,,5
U_cpa,U,1,tmpl,1.0,260.891,permuted,,2,1.4710,,0.0533,,,,5
U_cpa,U,1,tmpl,1.0,260.891,permuted,,3,1.5180,,0.0668,,,,5
U_cpa,U,1,tmpl,1.0,260.891,permuted,,5,1.5120,,0.0670,,,,5
U_cpa,U,1,tmpl,1.0,260.891,permuted,,7,1.5090,,0.0474,,,,5
U_cpa,U,1,tmpl,1.0,260.891,permuted,,10,1.4730,,0.0547,,,,5
U_cpa,U,1,tmpl,1.0,260.891,permuted,,15,1.5060,,0.0654,,,,5
U_cpa,U,1,tmpl,1.0,260.891,permuted,,20,1.5230,,0.0718,,,,5
U_cpa,U,1,tmpl,1.0,260.891,permuted,,30,1.5250,,0.1045,,,,5
U_cpa,U,1,tmpl,1.0,260.891,permuted,,50,1.5230,,0.1099,,,,5
U_cpa,U,1,tmpl,1.0,260.891,permuted,,70,1.5210,,0.0991,,,,5
U_cpa,U,1,tmpl,1.0,260.891,permuted,,100,1.4950,,0.0865,,,,5
U_cpa,U,1,tmpl,1.0,260.891,permuted,,150,1.4780,,0.0734,,,,5
U_cpa,U,1,tmpl,1.0,260.891,permuted,,200,1.4890,,0.1047,,,,5
U_cpa,U,1,tmpl,1.0,260.891,permuted,,300,1.4630,,0.0864,,,,5
U_cpa,U,1,tmpl,1.0,260.891,permuted,,500,1.4660,,0.0940,,,,5
U_cpa,U,1,tmpl,1.0,260.891,permuted,,700,1.4690,,0.0690,,,,5
U_cpa,U,1,tmpl,1.0,260.891,permuted,,1000,1.4420,,0.1019,,,,5
U_cpa,U,1,tmpl,1.0,260.891,permuted,,1500,1.4220,,0.1763,,,,5
U_cpa,U,1,tmpl,1.0,260.891,permuted,,1998,1.4000,,0.2850,,,,5
U_cpa,U,1,tmpl_bits,1.0,260.891,real,,1,1.4950,0.2607,,0.2500,0.5350,0.4600,4
U_cpa,U,1,tmpl_bits,1.0,260.891,real,,2,1.5250,0.3685,,0.2650,0.5450,0.5000,4
U_cpa,U,1,tmpl_bits,1.0,260.891,real,,3,1.5500,0.3563,,0.2450,0.5250,0.4850,4
U_cpa,U,1,tmpl_bits,1.0,260.891,real,,5,1.4250,0.3959,,0.2700,0.5000,0.5150,4
U_cpa,U,1,tmpl_bits,1.0,260.891,real,,7,1.4550,0.4446,,0.2700,0.4950,0.5350,4
U_cpa,U,1,tmpl_bits,1.0,260.891,real,,10,1.4250,0.4840,,0.2750,0.5050,0.5300,4
U_cpa,U,1,tmpl_bits,1.0,260.891,real,,15,1.4400,0.4965,,0.2750,0.4950,0.5250,4
U_cpa,U,1,tmpl_bits,1.0,260.891,real,,20,1.3750,0.5109,,0.2800,0.5000,0.5300,4
U_cpa,U,1,tmpl_bits,1.0,260.891,real,,30,1.3750,0.5385,,0.2600,0.4900,0.5200,4
U_cpa,U,1,tmpl_bits,1.0,260.891,real,,50,1.3750,0.5939,,0.2550,0.5050,0.5050,4
U_cpa,U,1,tmpl_bits,1.0,260.891,real,,70,1.3950,0.6161,,0.2500,0.5000,0.5000,4
U_cpa,U,1,tmpl_bits,1.0,260.891,real,,100,1.4000,0.6164,,0.2500,0.5000,0.5000,4
U_cpa,U,1,tmpl_bits,1.0,260.891,real,,150,1.4050,0.6206,,0.2500,0.5000,0.5000,4
U_cpa,U,1,tmpl_bits,1.0,260.891,real,,200,1.3750,0.6250,,0.2500,0.5000,0.5000,4
U_cpa,U,1,tmpl_bits,1.0,260.891,real,,300,1.3750,0.6250,,0.2500,0.5000,0.5000,4
U_cpa,U,1,tmpl_bits,1.0,260.891,real,,500,1.3700,0.6247,,0.2500,0.5000,0.5000,4
U_cpa,U,1,tmpl_bits,1.0,260.891,real,,700,1.3850,0.6257,,0.2500,0.5000,0.5000,4
U_cpa,U,1,tmpl_bits,1.0,260.891,real,,1000,1.3750,0.6250,,0.2500,0.5000,0.5000,4
U_cpa,U,1,tmpl_bits,1.0,260.891,real,,1500,1.3450,0.6237,,0.2500,0.5000,0.5000,4
U_cpa,U,1,tmpl_bits,1.0,260.891,real,,1998,1.2500,0.6292,,0.2500,0.5000,0.5000,4
U_cpa,U,1,tmpl_bits,1.0,260.891,permuted,,1,1.4940,,0.0609,,,,5
U_cpa,U,1,tmpl_bits,1.0,260.891,permuted,,2,1.5060,,0.0707,,,,5
U_cpa,U,1,tmpl_bits,1.0,260.891,permuted,,3,1.5520,,0.0670,,,,5
U_cpa,U,1,tmpl_bits,1.0,260.891,permuted,,5,1.5700,,0.0485,,,,5
U_cpa,U,1,tmpl_bits,1.0,260.891,permuted,,7,1.5720,,0.0486,,,,5
U_cpa,U,1,tmpl_bits,1.0,260.891,permuted,,10,1.5250,,0.0477,,,,5
U_cpa,U,1,tmpl_bits,1.0,260.891,permuted,,15,1.5320,,0.0335,,,,5
U_cpa,U,1,tmpl_bits,1.0,260.891,permuted,,20,1.4900,,0.0838,,,,5
U_cpa,U,1,tmpl_bits,1.0,260.891,permuted,,30,1.5090,,0.0785,,,,5
U_cpa,U,1,tmpl_bits,1.0,260.891,permuted,,50,1.4980,,0.0871,,,,5
U_cpa,U,1,tmpl_bits,1.0,260.891,permuted,,70,1.4670,,0.0863,,,,5
U_cpa,U,1,tmpl_bits,1.0,260.891,permuted,,100,1.4480,,0.0975,,,,5
U_cpa,U,1,tmpl_bits,1.0,260.891,permuted,,150,1.4210,,0.1021,,,,5
U_cpa,U,1,tmpl_bits,1.0,260.891,permuted,,200,1.4210,,0.0974,,,,5
U_cpa,U,1,tmpl_bits,1.0,260.891,permuted,,300,1.4320,,0.1090,,,,5
U_cpa,U,1,tmpl_bits,1.0,260.891,permuted,,500,1.4220,,0.1080,,,,5
U_cpa,U,1,tmpl_bits,1.0,260.891,permuted,,700,1.4230,,0.0941,,,,5
U_cpa,U,1,tmpl_bits,1.0,260.891,permuted,,1000,1.3960,,0.1523,,,,5
U_cpa,U,1,tmpl_bits,1.0,260.891,permuted,,1500,1.4190,,0.1896,,,,5
U_cpa,U,1,tmpl_bits,1.0,260.891,permuted,,1998,1.5000,,0.1768,,,,5
U_cpa,U,1,corr,1.0,260.891,real,,1,1.5000,0.0000,,0.2500,0.5000,0.5000,4
U_cpa,U,1,corr,1.0,260.891,real,,2,1.4700,0.0928,,0.2750,0.5500,0.4900,4
U_cpa,U,1,corr,1.0,260.891,real,,3,1.3850,0.0866,,0.2817,0.5433,0.5033,4
U_cpa,U,1,corr,1.0,260.891,real,,5,1.4850,0.0690,,0.2550,0.5050,0.4750,4
U_cpa,U,1,corr,1.0,260.891,real,,7,1.3600,0.0779,,0.3050,0.5300,0.5100,4
U_cpa,U,1,corr,1.0,260.891,real,,10,1.2300,0.0436,,0.3400,0.5750,0.5100,4
U_cpa,U,1,corr,1.0,260.891,real,,15,1.3300,0.0737,,0.3150,0.5500,0.4900,4
U_cpa,U,1,corr,1.0,260.891,real,,20,1.2300,0.0850,,0.3600,0.5700,0.4850,4
U_cpa,U,1,corr,1.0,260.891,real,,30,1.2400,0.0829,,0.3100,0.5700,0.4900,4
U_cpa,U,1,corr,1.0,260.891,real,,50,1.1850,0.0877,,0.3300,0.5500,0.5350,4
U_cpa,U,1,corr,1.0,260.891,real,,70,1.1500,0.0755,,0.3300,0.5550,0.5400,4
U_cpa,U,1,corr,1.0,260.891,real,,100,1.0400,0.0876,,0.3850,0.5950,0.5950,4
U_cpa,U,1,corr,1.0,260.891,real,,150,0.9700,0.1578,,0.4050,0.5900,0.5900,4
U_cpa,U,1,corr,1.0,260.891,real,,200,0.8550,0.1497,,0.4300,0.6100,0.5900,4
U_cpa,U,1,corr,1.0,260.891,real,,300,0.7950,0.1360,,0.4900,0.6350,0.6600,4
U_cpa,U,1,corr,1.0,260.891,real,,500,0.5850,0.1666,,0.6400,0.7200,0.7900,4
U_cpa,U,1,corr,1.0,260.891,real,,700,0.4550,0.1962,,0.7200,0.7650,0.8150,4
U_cpa,U,1,corr,1.0,260.891,real,,1000,0.3350,0.1725,,0.7750,0.8000,0.8450,4
U_cpa,U,1,corr,1.0,260.891,real,,1500,0.1300,0.1300,,0.8950,0.8950,0.9150,4
U_cpa,U,1,corr,1.0,260.891,real,,1998,0.0000,0.0000,,1.0000,1.0000,1.0000,4
U_cpa,U,1,corr,1.0,260.891,permuted,,1,1.5000,,0.0000,,,,5
U_cpa,U,1,corr,1.0,260.891,permuted,,2,1.4950,,0.0872,,,,5
U_cpa,U,1,corr,1.0,260.891,permuted,,3,1.5670,,0.1210,,,,5
U_cpa,U,1,corr,1.0,260.891,permuted,,5,1.5025,,0.1335,,,,5
U_cpa,U,1,corr,1.0,260.891,permuted,,7,1.5180,,0.1168,,,,5
U_cpa,U,1,corr,1.0,260.891,permuted,,10,1.5330,,0.0760,,,,5
U_cpa,U,1,corr,1.0,260.891,permuted,,15,1.5240,,0.1276,,,,5
U_cpa,U,1,corr,1.0,260.891,permuted,,20,1.5570,,0.1230,,,,5
U_cpa,U,1,corr,1.0,260.891,permuted,,30,1.5540,,0.1013,,,,5
U_cpa,U,1,corr,1.0,260.891,permuted,,50,1.5600,,0.1310,,,,5
U_cpa,U,1,corr,1.0,260.891,permuted,,70,1.5890,,0.1784,,,,5
U_cpa,U,1,corr,1.0,260.891,permuted,,100,1.5650,,0.2107,,,,5
U_cpa,U,1,corr,1.0,260.891,permuted,,150,1.5440,,0.2506,,,,5
U_cpa,U,1,corr,1.0,260.891,permuted,,200,1.5530,,0.2966,,,,5
U_cpa,U,1,corr,1.0,260.891,permuted,,300,1.5340,,0.3130,,,,5
U_cpa,U,1,corr,1.0,260.891,permuted,,500,1.6190,,0.3481,,,,5
U_cpa,U,1,corr,1.0,260.891,permuted,,700,1.6200,,0.4038,,,,5
U_cpa,U,1,corr,1.0,260.891,permuted,,1000,1.6440,,0.4997,,,,5
U_cpa,U,1,corr,1.0,260.891,permuted,,1500,1.6420,,0.5772,,,,5
U_cpa,U,1,corr,1.0,260.891,permuted,,1998,1.6000,,0.7826,,,,5
