row,label,x,mask,r,y_registered,charge_fC,-0.195,-0.185,-0.175,-0.165,-0.155,-0.145,-0.135,-0.125,-0.115,-0.105,-0.095,-0.085,-0.075,-0.065,-0.055,-0.045,-0.035,-0.025,-0.015,-0.005,0.005,0.015,0.025,0.035,0.045,0.055,0.065,0.075,0.085,0.095,0.105,0.115,0.125,0.135,0.145,0.155,0.165,0.175,0.185,0.195,0.205,0.215,0.225,0.235,0.245,0.255,0.265,0.275,0.285,0.295,0.305,0.315,0.325,0.335,0.345,0.355,0.365,0.375,0.385,0.395,0.405,0.415,0.425,0.435,0.445,0.455,0.465,0.475,0.485,0.495,0.505,0.515,0.525,0.535,0.545,0.555,0.565,0.575,0.585,0.595,0.605,0.615,0.625,0.635,0.645,0.655,0.665,0.675,0.685,0.695,0.705,0.715,0.725,0.735,0.745,0.755,0.765,0.775,0.785,0.795,0.805,0.815,0.825,0.835,0.845,0.855,0.865,0.875,0.885,0.895,0.905,0.915,0.925,0.935,0.945,0.955,0.965,0.975,0.985,0.995,1.005,1.015,1.025,1.035,1.045,1.055,1.065,1.075,1.085,1.095,1.105,1.115,1.125,1.135,1.145,1.155,1.165,1.175,1.185,1.195,1.205,1.215,1.225,1.235,1.245,1.255,1.265,1.275,1.285,1.295,1.305,1.315,1.325,1.335,1.345,1.355,1.365,1.375,1.385,1.395,1.405,1.415,1.425,1.435,1.445,1.455,1.465,1.475,1.485,1.495,1.505,1.515,1.525,1.535,1.545,1.555,1.565,1.575,1.585,1.595,1.605,1.615,1.625,1.635,1.645,1.655,1.665,1.675,1.685,1.695,1.705,1.715,1.725,1.735,1.745,1.755,1.765,1.775,1.785,1.795,1.805,1.815,1.825,1.835,1.845,1.855,1.865,1.875,1.885,1.895,1.905,1.915,1.925,1.935,1.945,1.955,1.965,1.975,1.985,1.995,2.005,2.015,2.025,2.035,2.045,2.055,2.065,2.075,2.085,2.095,2.105,2.115,2.125,2.135,2.145,2.155,2.165,2.175,2.185,2.195,2.205,2.215,2.225,2.235,2.245,2.255,2.265,2.275,2.285,2.295,2.305,2.315,2.325,2.335,2.345,2.355,2.365,2.375,2.385,2.395,2.405,2.415,2.425,2.435,2.445,2.455,2.465,2.475,2.485,2.495,2.505,2.515,2.525,2.535,2.545,2.555,2.565,2.575,2.585,2.595,2.605,2.615,2.625,2.635,2.645,2.655,2.665,2.675,2.685,2.695,2.705,2.715,2.725,2.735,2.745,2.755,2.765,2.775,2.785,2.795,2.805,2.815,2.825,2.835,2.845,2.855,2.865,2.875,2.885,2.895,2.905,2.915,2.925,2.935,2.945,2.955,2.965,2.975,2.985,2.995,3.005,3.015,3.025,3.035,3.045,3.055,3.065,3.075,3.085,3.095,3.105,3.115,3.125,3.135,3.145,3.155,3.165,3.175,3.185,3.195,3.205,3.215,3.225,3.235,3.245,3.255,3.265,3.275,3.285,3.295,3.305,3.315,3.325,3.335,3.345,3.355,3.365,3.375,3.385,3.395,3.405,3.415,3.425,3.435,3.445,3.455,3.465,3.475,3.485,3.495,3.505,3.515,3.525,3.535,3.545,3.555,3.565,3.575,3.585,3.595,3.605,3.615,3.625,3.635,3.645,3.655,3.665,3.675,3.685,3.695,3.705,3.715,3.725,3.735,3.745,3.755,3.765,3.775,3.785,3.795
0,0,11,0,0,18,932.103579,0.4201,0.4183,0.4163,0.4146,0.4126,0.4109,0.4090,0.4073,0.4055,0.4039,0.4021,0.4005,0.3987,0.3971,0.4095,-340.4005,-385.7021,-394.7507,-362.2238,-217.7961,95.9715,492.7347,854.6930,1316.5608,1873.4352,2202.1804,1705.5232,1329.7649,1089.8146,1002.0141,1036.7062,1079.3762,1014.5689,956.6188,1090.8389,1340.7513,1511.0836,1553.0984,1525.7522,1477.4323,1397.9520,1248.1631,1052.1808,883.0989,785.7381,780.3356,855.4731,952.1620,1047.2738,1174.8113,1329.1974,1413.9235,1356.1469,1236.4386,1169.8046,1171.5369,1208.4321,1239.4457,1252.6680,1278.7654,1348.9377,1437.0895,1445.1620,1342.2712,1206.2994,1089.0210,976.1858,867.9907,795.6298,774.9919,805.4720,859.2424,884.0262,850.8489,784.8549,722.4210,654.8083,575.1151,510.7972,474.7411,463.3477,474.8091,471.7998,433.2872,397.5902,387.0226,377.7876,341.5118,290.4799,256.8123,250.4943,263.5157,278.6078,282.4650,280.8120,283.4063,292.6218,303.0604,300.9052,283.2913,263.2305,248.5478,237.0990,227.3721,220.2028,214.7749,207.8979,190.9170,162.5458,134.6137,108.8580,82.9348,63.8479,52.3829,43.2771,35.2099,28.5982,23.0884,18.6351,15.0368,12.1700,9.8883,8.0830,6.6536,5.5236,4.6276,3.9163,3.3491,2.8955,2.5305,2.2356,1.9957,1.7993,1.6376,1.5034,1.3912,1.2968,1.2167,1.1482,1.0892,1.0380,0.9933,0.9539,0.9190,0.8879,0.8600,0.8347,0.8118,0.7909,0.7717,0.7540,0.7377,0.7224,0.7083,0.6949,0.6825,0.6707,0.6596,0.6490,0.6390,0.6294,0.6204,0.6116,0.6033,0.5953,0.5876,0.5802,0.5731,0.5661,0.5595,0.5531,0.5468,0.5408,0.5349,0.5292,0.5237,0.5182,0.5130,0.5078,0.5029,0.4980,0.4933,0.4886,0.4841,0.4796,0.4753,0.4710,0.4669,0.4628,0.4589,0.4550,0.4512,0.4474,0.4437,0.4401,0.4366,0.4331,0.4297,0.4263,0.4231,0.4198,0.4167,0.4135,0.4105,0.4074,0.4044,0.4015,0.3987,0.3958,0.3931,0.3903,0.3876,0.3850,0.3824,0.3851,203.1451,190.5513,197.6575,231.7946,301.8097,419.3820,576.7519,756.7641,958.1367,1147.4301,1034.9269,1373.7996,1795.0526,2016.4711,1857.1525,1328.7959,729.1271,413.2446,319.6993,280.0189,262.8567,261.7347,280.2325,274.7756,207.9933,125.5914,80.8384,65.3961,55.8714,47.8668,40.7149,34.4302,28.9735,24.2941,20.3175,16.9662,14.1593,11.8166,9.8684,8.2522,6.9159,5.8147,4.9045,4.1544,3.5359,3.0265,2.6063,2.2599,1.9737,1.7369,1.5402,1.3779,1.2452,1.1327,1.0360,0.9573,0.8887,0.8324,0.7873,0.7482,0.7143,0.6848,0.6589,0.6369,0.6170,0.5993,0.5833,0.5696,0.5568,0.5450,0.5340,0.5246,0.5153,0.5066,0.4984,0.4913,0.4841,0.4772,0.4705,0.4647,0.4586,0.4528,0.4472,0.4424,0.4373,0.4322,0.4272,0.4230,0.4184,0.4139,0.4096,0.4058,0.4018,0.3977,0.3937,0.3904,0.3866,0.3830,0.3794,0.3564,0.4167,0.2505,0.4180,3.1097,12.1379,30.3121,51.4088,70.2494,87.6233,102.5225,110.3450,108.6342,104.8592,104.3087,100.0599,90.6865,86.5565,91.1452,101.2878,96.3087,66.6272,38.1442,25.7817,21.5652,18.6513,16.0844,13.7271,11.6381,9.8034,8.2273,6.8816,5.7477,4.7958,4.0032,3.3448,2.8004,2.3512,1.9814,1.6774,1.4279,1.2232,1.0553,0.9178,0.8050,0.7127,0.6368,0.5746,0.5235,0.4815,0.4468,0.4182,0.3945,0.3749,0.3585,0.3449,0.3334,0.3237,0.3155,0.3082,0.3023,0.2980,0.2935,0.2891,0.2854,0.2821,0.2792,0.2766,0.2742,0.2720,0.2698,0.2679,0.2660,0.2643,0.2626,0.2610,0.2594,0.2579,0.2564,0.2550,0.2535,0.2522,0.2508,0.2495,0.2481,0.2469
1,1,24,0,0,16,376.565479,0.2456,0.2444,0.2431,0.2420,0.2407,0.2396,0.2384,0.2373,0.2361,0.2350,0.2339,0.2328,0.2317,0.2307,0.2336,-340.5626,-386.1593,-395.1853,-362.6087,-217.8828,96.7104,495.1104,860.0302,1325.0133,1875.5945,2158.4287,1642.0828,1236.5659,956.0984,819.1642,777.8061,747.7961,658.9336,586.0339,627.1862,689.1630,667.1012,595.8438,517.4341,445.8940,407.5688,394.8830,374.3685,343.5588,309.7473,268.2660,222.3892,181.3832,148.1790,122.9363,104.1438,89.0807,76.4318,66.3661,59.0968,54.6962,53.1095,54.2263,57.7054,62.7130,67.1006,69.3374,69.3762,68.9097,71.1723,72.7946,67.1480,54.3143,39.4125,27.9004,21.0816,17.0131,14.2140,12.0502,10.2786,8.7912,7.5345,6.4686,5.5663,4.8020,4.1556,3.6087,3.1464,2.7553,2.4244,2.1443,1.9069,1.7054,1.5342,1.3884,1.2641,1.1579,1.0668,0.9886,0.9212,0.8629,0.8124,0.7685,0.7301,0.6964,0.6668,0.6406,0.6173,0.5965,0.5779,0.5611,0.5459,0.5321,0.5195,0.5079,0.4973,0.4874,0.4782,0.4696,0.4616,0.4541,0.4469,0.4402,0.4338,0.4277,0.4219,0.4164,0.4111,0.4060,0.4010,0.3963,0.3917,0.3873,0.3831,0.3789,0.3749,0.3710,0.3673,0.3636,0.3600,0.3565,0.3531,0.3498,0.3466,0.3434,0.3403,0.3373,0.3344,0.3315,0.3287,0.3259,0.3232,0.3206,0.3180,0.3155,0.3130,0.3105,0.3081,0.3058,0.3035,0.3012,0.2990,0.2968,0.2947,0.2925,0.2905,0.2884,0.2864,0.2845,0.2825,0.2806,0.2787,0.2769,0.2751,0.2733,0.2715,0.2698,0.2681,0.2664,0.2647,0.2631,0.2615,0.2599,0.2583,0.2568,0.2553,0.2538,0.2523,0.2508,0.2494,0.2480,0.2466,0.2452,0.2438,0.2425,0.2412,0.2398,0.2385,0.2373,0.2360,0.2348,0.2335,0.2323,0.2311,0.2299,0.2287,0.2276,0.2264,0.2253,0.2242,0.2231,0.2220,0.2209,0.2198,0.2188,0.2177,0.2167,0.2157,0.2147,0.2130,204.1937,190.3510,197.4143,231.5208,301.5486,419.1790,576.4498,756.0919,957.1295,1146.4463,1033.8765,1346.1589,1712.0411,1884.0759,1715.6460,1205.7578,627.5050,322.4607,222.2465,162.3207,124.0667,100.6021,89.1488,78.1044,58.2396,37.3103,25.2493,20.0072,16.5890,13.8820,11.6299,9.7424,8.1641,6.8452,5.7438,4.8298,4.0754,3.4485,2.9280,2.4957,2.1385,1.8454,1.6012,1.3995,1.2319,1.0931,0.9776,0.8815,0.8011,0.7335,0.6762,0.6288,0.5908,0.5597,0.5285,0.4994,0.4729,0.4529,0.4391,0.4259,0.4139,0.4031,0.3933,0.3810,0.3714,0.3677,0.3623,0.3570,0.3516,0.3470,0.3421,0.3374,0.3328,0.3290,0.3248,0.3208,0.3168,0.3135,0.3100,0.3065,0.3030,0.3002,0.2971,0.2940,0.2909,0.2885,0.2857,0.2829,0.2801,0.2780,0.2754,0.2729,0.2704,0.2685,0.2662,0.2639,0.2616,0.2599,0.2578,0.2406,-13.2555,-15.3630,-15.3097,-12.3647,-0.0864,26.0507,54.5161,77.0162,95.5548,110.4195,146.0873,149.2599,141.0314,135.4088,118.3955,88.5511,67.8577,59.0535,57.4789,51.7921,35.1252,20.0799,13.4629,11.1795,9.5859,8.2537,7.0314,5.9736,5.0404,4.2476,3.5676,2.9981,2.5182,2.1199,1.7880,1.5141,1.2874,1.1010,0.9472,0.8210,0.7171,0.6318,0.5617,0.5041,0.4566,0.4175,0.3853,0.3586,0.3365,0.3181,0.3028,0.2900,0.2793,0.2702,0.2625,0.2559,0.2503,0.2454,0.2411,0.2373,0.2335,0.2306,0.2294,0.2273,0.2238,0.2215,0.2208,0.2192,0.2163,0.2145,0.2141,0.2128,0.2103,0.2087,0.2085,0.2073,0.2050,0.2036,0.2030,0.2021,0.2012,0.2001,0.1991,0.1980,0.1969
2,0,11,0,0,18,353.529611,0.1959,0.1949,0.1938,0.1928,0.1918,0.1909,0.1899,0.1890,0.1880,0.1871,0.1862,0.1853,0.1844,0.1835,0.1846,-339.3085,-383.6276,-392.2176,-359.6922,-215.9776,94.6295,486.3864,844.5861,1304.1447,1853.2300,2107.7678,1546.7266,1107.7540,793.7641,606.9989,484.2566,394.2950,324.2269,287.8847,311.3862,368.8338,403.0429,390.8867,352.7687,302.6870,246.2240,200.9397,180.3335,181.4471,192.3319,202.9855,213.0918,224.0060,213.2777,184.8392,175.5158,182.5204,187.6084,179.3302,157.6122,139.3618,130.6697,128.0814,128.6198,129.3054,128.7790,124.2917,113.3753,99.8222,88.2842,79.1078,71.9993,67.7336,67.9393,71.1522,70.9632,60.5860,46.3616,37.8201,31.9230,26.1433,21.1987,16.9744,13.4996,10.6768,8.4268,6.6499,5.2605,4.1802,3.3441,2.6989,2.2016,1.8186,1.5232,1.2952,1.1185,0.9813,0.8739,0.7897,0.7229,0.6696,0.6266,0.5916,0.5625,0.5384,0.5178,0.5002,0.4848,0.4712,0.4590,0.4481,0.4380,0.4288,0.4201,0.4121,0.4045,0.3974,0.3905,0.3841,0.3778,0.3720,0.3662,0.3608,0.3555,0.3504,0.3455,0.3408,0.3361,0.3318,0.3274,0.3233,0.3192,0.3154,0.3115,0.3079,0.3043,0.3008,0.2974,0.2942,0.2909,0.2878,0.2848,0.2819,0.2789,0.2762,0.2734,0.2707,0.2681,0.2656,0.2630,0.2607,0.2582,0.2560,0.2536,0.2515,0.2492,0.2472,0.2450,0.2430,0.2410,0.2391,0.2371,0.2353,0.2334,0.2316,0.2298,0.2281,0.2263,0.2247,0.2230,0.2215,0.2198,0.2183,0.2167,0.2153,0.2137,0.2123,0.2108,0.2095,0.2080,0.2067,0.2053,0.2041,0.2027,0.2015,0.2002,0.1990,0.1977,0.1966,0.1953,0.1942,0.1930,0.1919,0.1908,0.1897,0.1886,0.1876,0.1865,0.1855,0.1844,0.1834,0.1824,0.1814,0.1804,0.1795,0.1785,0.1776,0.1767,0.1758,0.1748,0.1740,0.1731,0.1722,0.1713,0.1705,0.1697,0.1689,0.1680,0.1673,0.1691,203.8569,190.2248,197.2922,231.3669,301.3767,419.1266,576.8433,757.3848,959.7845,1150.7745,1041.8145,1352.1602,1710.3126,1875.2059,1703.5082,1201.0784,642.8374,350.9487,250.4341,182.5096,127.0755,82.8611,54.1348,35.7312,24.1686,16.9794,12.2921,9.2144,7.0706,5.5651,4.4508,3.6169,2.9701,2.4695,2.0707,1.7536,1.4962,1.2878,1.1168,0.9769,0.8610,0.7658,0.6860,0.6202,0.5647,0.5187,0.4778,0.4457,0.4206,0.3985,0.3788,0.3618,0.3486,0.3354,0.3212,0.3100,0.3002,0.2920,0.2845,0.2780,0.2720,0.2667,0.2617,0.2572,0.2528,0.2490,0.2452,0.2420,0.2386,0.2356,0.2326,0.2299,0.2271,0.2247,0.2221,0.2200,0.2176,0.2155,0.2133,0.2114,0.2093,0.2075,0.2055,0.2039,0.2020,0.2004,0.1986,0.1972,0.1955,0.1941,0.1924,0.1911,0.1895,0.1883,0.1868,0.1856,0.1812,0.1794,0.1814,0.1590,-7.7357,-10.3104,-10.1579,-6.3953,7.8146,37.3625,70.4064,97.9634,121.9088,141.7559,170.7304,171.7150,163.7207,159.6116,145.4391,119.2933,102.7464,99.9340,105.6285,98.5254,67.6006,38.5637,25.9637,21.6515,18.6445,16.0447,13.6581,11.5612,9.7170,8.1390,6.7898,5.6555,4.7022,3.9095,3.2505,2.7063,2.2568,1.8871,1.5831,1.3337,1.1291,0.9615,0.8241,0.7116,0.6194,0.5438,0.4819,0.4310,0.3893,0.3549,0.3266,0.3032,0.2840,0.2679,0.2546,0.2435,0.2342,0.2263,0.2197,0.2140,0.2087,0.2046,0.2026,0.1997,0.1956,0.1929,0.1920,0.1902,0.1871,0.1851,0.1848,0.1835,0.1809,0.1794,0.1794,0.1783,0.1760,0.1747,0.1744,0.1736,0.1728,0.1719,0.1710,0.1701,0.1692
3,1,28,0,0,22,389.051463,0.1683,0.1674,0.1665,0.1657,0.1648,0.1640,0.1632,0.1624,0.1616,0.1608,0.1601,0.1593,0.1586,0.1578,0.1609,-339.1270,-383.1887,-391.7120,-359.2005,-215.7104,94.0957,484.5031,841.0382,1299.0403,1849.9097,2114.0530,1550.8245,1112.7708,802.8026,620.9760,506.2264,427.9842,369.5081,342.0864,383.2293,487.0300,581.5067,597.4680,561.3957,539.1165,537.3298,530.6371,506.5057,468.3656,422.7734,368.4729,310.6735,260.0307,221.0225,193.9881,178.1635,170.8899,168.9161,169.5057,169.2004,165.0737,157.9049,149.5107,140.0680,134.7892,138.5580,145.2157,147.3672,143.3773,139.3333,146.7052,170.5653,194.4680,197.5423,188.9062,181.8333,152.7569,105.8518,73.1925,52.7310,38.0868,28.1957,21.2500,16.2932,12.6261,9.8801,7.7874,6.1855,4.9503,3.9956,3.2552,2.6792,2.2301,1.8783,1.6022,1.3842,1.2116,1.0738,0.9636,0.8743,0.8021,0.7426,0.6937,0.6527,0.6185,0.5892,0.5643,0.5426,0.5238,0.5070,0.4923,0.4789,0.4670,0.4559,0.4459,0.4365,0.4280,0.4198,0.4123,0.4051,0.3984,0.3919,0.3859,0.3800,0.3745,0.3691,0.3641,0.3590,0.3544,0.3497,0.3453,0.3409,0.3369,0.3327,0.3289,0.3250,0.3214,0.3178,0.3144,0.3109,0.3077,0.3044,0.3013,0.2981,0.2952,0.2922,0.2895,0.2866,0.2840,0.2812,0.2787,0.2761,0.2737,0.2711,0.2688,0.2664,0.2642,0.2619,0.2598,0.2575,0.2555,0.2533,0.2514,0.2493,0.2474,0.2454,0.2436,0.2417,0.2399,0.2381,0.2364,0.2346,0.2329,0.2312,0.2296,0.2279,0.2264,0.2248,0.2233,0.2217,0.2203,0.2188,0.2174,0.2159,0.2145,0.2131,0.2118,0.2104,0.2091,0.2078,0.2066,0.2052,0.2040,0.2027,0.2016,0.2003,0.1992,0.1980,0.1969,0.1957,0.1946,0.1935,0.1925,0.1913,0.1903,0.1892,0.1882,0.1872,0.1862,0.1851,0.1842,0.1832,0.1823,0.1813,0.1804,0.1794,0.1786,0.1776,0.1768,0.1768,204.7423,190.2104,197.2872,231.3596,301.3609,419.1375,577.0129,757.9101,960.8408,1152.4464,1044.2397,1354.3728,1712.5594,1878.3495,1707.2642,1203.9271,644.9799,353.3079,252.6971,184.4296,128.6431,84.0432,55.0654,36.5153,24.8255,17.5355,12.7588,9.6111,7.4101,5.8594,4.7065,3.8406,3.1658,2.6409,2.2207,1.8849,1.6111,1.3886,1.2050,1.0543,0.9290,0.8256,0.7386,0.6666,0.6039,0.5535,0.5131,0.4782,0.4478,0.4218,0.3990,0.3795,0.3641,0.3493,0.3337,0.3212,0.3101,0.3008,0.2923,0.2849,0.2780,0.2719,0.2662,0.2611,0.2561,0.2517,0.2474,0.2437,0.2398,0.2365,0.2330,0.2300,0.2268,0.2241,0.2212,0.2187,0.2160,0.2138,0.2113,0.2092,0.2068,0.2049,0.2026,0.2008,0.1987,0.1970,0.1921,0.1898,0.1911,0.1915,0.1906,0.1899,0.1886,0.1876,0.1861,0.1850,0.1835,0.1824,0.1810,0.1565,-13.1146,-15.4384,-15.3830,-12.4362,-0.1565,25.9817,54.4481,76.9491,95.4884,110.3536,146.0237,149.1954,140.9675,135.3458,118.3331,88.4889,67.7960,58.9923,57.4181,51.7316,35.0654,20.0207,13.4039,11.1208,9.5277,8.1959,6.9740,5.9166,4.9838,4.1914,3.5117,2.9426,2.4631,2.0652,1.7337,1.4601,1.2338,1.0477,0.8943,0.7684,0.6648,0.5799,0.5100,0.4527,0.4056,0.3668,0.3348,0.3085,0.2867,0.2686,0.2536,0.2411,0.2306,0.2218,0.2144,0.2081,0.2027,0.1980,0.1940,0.1905,0.1870,0.1843,0.1834,0.1815,0.1783,0.1762,0.1758,0.1744,0.1717,0.1701,0.1700,0.1689,0.1666,0.1652,0.1652,0.1643,0.1622,0.1610,0.1606,0.1600,0.1592,0.1583,0.1575,0.1566,0.1558
4,1,27,0,0,25,540.360637,0.1549,0.1541,0.1532,0.1524,0.1516,0.1508,0.1501,0.1493,0.1485,0.1478,0.1471,0.1464,0.1456,0.1450,0.1461,-338.7518,-382.6285,-391.0864,-358.6052,-215.3929,93.3828,481.9081,836.2717,1292.5607,1842.2733,2096.8025,1524.3666,1082.5663,768.9316,576.2996,442.2932,348.9040,290.9691,268.9051,300.5155,385.8281,471.4323,491.5667,461.1356,421.1956,368.1342,307.0829,265.7645,252.8361,257.5724,268.0657,280.6429,297.0676,296.4795,274.7286,267.8811,280.4546,293.7289,295.9368,290.3817,297.4552,321.6787,349.5991,371.3435,384.3069,392.9939,405.8249,421.3556,437.0702,460.6968,498.6360,523.4617,514.0304,506.5966,526.4908,561.7095,588.6304,594.2444,586.2453,572.2889,539.9260,479.6288,424.9222,404.0037,408.3615,424.5849,441.0617,447.0682,434.2545,404.0458,375.5208,359.3256,341.7723,312.1775,282.5759,255.4133,220.5984,188.5163,169.7308,159.1493,151.3422,145.5133,140.4095,133.3642,123.8018,115.1326,110.9548,110.5174,110.2090,108.8933,105.9793,103.1654,107.9439,114.6219,109.3564,97.5462,89.4735,84.5571,82.3923,85.1259,86.9381,77.5835,61.2825,49.2783,41.6489,34.7377,28.5096,23.2502,18.8313,15.2173,12.2849,9.9344,8.0593,6.5704,5.3900,4.4547,3.7132,3.1239,2.6548,2.2796,1.9788,1.7361,1.5397,1.3795,1.2485,1.1402,1.0507,0.9756,0.9128,0.8592,0.8139,0.7746,0.7409,0.7112,0.6854,0.6623,0.6420,0.6235,0.6071,0.5919,0.5783,0.5655,0.5540,0.5430,0.5331,0.5234,0.5147,0.5062,0.4984,0.4907,0.4836,0.4766,0.4702,0.4638,0.4579,0.4519,0.4464,0.4409,0.4358,0.4305,0.4258,0.4208,0.4163,0.4117,0.4075,0.4031,0.3990,0.3948,0.3910,0.3870,0.3834,0.3796,0.3761,0.3724,0.3691,0.3656,0.3625,0.3591,0.3561,0.3528,0.3499,0.3468,0.3440,0.3410,0.3383,0.3354,0.3329,0.3301,0.3276,0.3249,0.3225,0.3199,0.3175,0.3150,0.3128,0.3103,0.3082,0.3058,0.3037,0.3137,203.7028,190.3295,197.4202,231.4948,301.4896,419.2679,577.2365,758.3499,961.4150,1152.8560,1045.7549,1374.4919,1766.9462,1961.7980,1794.3169,1287.6233,734.8087,447.2515,350.9654,290.5078,233.6586,185.1725,161.4843,139.9017,101.5106,62.0454,40.2508,31.7736,26.4205,22.2393,18.6713,15.6669,13.1058,10.9571,9.1459,7.6360,6.3745,5.3270,4.4571,3.7427,3.1533,2.6670,2.2644,1.9336,1.6602,1.4353,1.2497,1.0968,0.9703,0.8657,0.7788,0.7071,0.6487,0.6024,0.5592,0.5200,0.4859,0.4599,0.4411,0.4244,0.4095,0.3967,0.3853,0.3720,0.3620,0.3581,0.3525,0.3476,0.3424,0.3379,0.3333,0.3293,0.3251,0.3216,0.3178,0.3146,0.3112,0.3083,0.3051,0.3025,0.2995,0.2970,0.2943,0.2919,0.2893,0.2871,0.2846,0.2826,0.2802,0.2782,0.2760,0.2741,0.2720,0.2702,0.2681,0.2664,0.2644,0.2628,0.2608,0.2384,4.6756,5.3827,5.4731,6.2854,8.2174,11.6320,16.2054,21.2577,26.6616,31.6254,24.9286,22.7335,22.9608,24.4105,27.2060,30.9432,35.1224,41.1337,48.4323,47.0168,32.7914,18.8179,12.7841,10.7337,9.3218,8.0546,6.8907,5.8500,4.9374,4.1505,3.4797,2.9133,2.4385,2.0427,1.7142,1.4424,1.2183,1.0338,0.8822,0.7577,0.6557,0.5722,0.5037,0.4476,0.4017,0.3640,0.3331,0.3077,0.2869,0.2697,0.2556,0.2439,0.2342,0.2261,0.2195,0.2139,0.2092,0.2051,0.2018,0.1988,0.1963,0.1941,0.1922,0.1904,0.1889,0.1875,0.1863,0.1851,0.1840,0.1830,0.1820,0.1811,0.1803,0.1794,0.1786,0.1778,0.1771,0.1763,0.1756,0.1749,0.1742,0.1735,0.1728,0.1722,0.1715
5,0,11,0,0,18,432.140450,0.1708,0.1702,0.1696,0.1690,0.1683,0.1677,0.1671,0.1665,0.1659,0.1653,0.1647,0.1641,0.1635,0.1630,0.1645,-339.3353,-383.9573,-392.6295,-360.1133,-216.3644,94.5003,486.5534,844.6549,1304.1251,1853.7380,2116.0327,1562.2472,1131.0811,826.9221,651.0876,544.4381,466.9978,393.0296,348.1821,374.7361,445.2760,505.0246,522.4467,493.0991,430.0362,343.1830,246.2424,166.2317,114.3351,82.4133,63.1039,51.7792,45.1385,41.1871,38.7602,37.2174,36.2213,35.6327,35.4918,36.0794,37.8791,41.4119,47.0751,54.8960,64.2787,74.1368,83.6268,92.6165,102.0202,113.3586,126.8914,139.0169,146.3510,151.0528,155.2236,163.8896,181.4167,198.9115,209.4154,220.7655,242.7416,270.0966,283.5706,271.5851,249.7780,227.4955,199.3604,184.1842,192.6164,207.0667,218.5496,232.0425,249.9052,260.7971,250.6313,230.1581,222.4737,231.6886,242.9181,240.6201,224.5359,208.4572,206.3598,221.1880,241.1535,243.7796,218.3774,181.9166,153.8492,137.0979,129.4318,130.6010,133.9552,128.9878,116.9184,101.2551,82.1280,65.7649,54.4349,44.6780,36.0241,28.8671,22.9567,18.2103,14.4238,11.4433,9.1077,7.2884,5.8737,4.7750,3.9210,3.2559,2.7367,2.3292,2.0082,1.7532,1.5498,1.3856,1.2525,1.1431,1.0527,0.9769,0.9131,0.8584,0.8115,0.7705,0.7348,0.7030,0.6749,0.6494,0.6267,0.6058,0.5870,0.5695,0.5536,0.5388,0.5252,0.5124,0.5006,0.4894,0.4791,0.4692,0.4600,0.4512,0.4431,0.4352,0.4278,0.4207,0.4140,0.4075,0.4015,0.3955,0.3899,0.3844,0.3793,0.3741,0.3694,0.3646,0.3602,0.3558,0.3516,0.3474,0.3436,0.3396,0.3360,0.3322,0.3288,0.3253,0.3220,0.3186,0.3156,0.3123,0.3094,0.3063,0.3035,0.3006,0.2980,0.2952,0.2926,0.2899,0.2875,0.2849,0.2825,0.2801,0.2778,0.2754,0.2732,0.2709,0.2689,0.2666,0.2646,0.2625,0.2606,0.2585,0.2566,0.2546,0.2528,0.2509,0.2491,0.2539,203.8627,190.3378,197.4182,231.5132,301.5254,419.2117,576.7866,757.0859,958.9905,1149.1412,1039.1060,1363.1837,1748.9912,1936.8510,1766.4275,1253.9027,687.6425,392.5235,296.2746,239.0554,194.5246,161.7939,148.2382,132.4573,97.1796,59.5307,38.9875,31.0379,25.9635,21.9093,18.4308,15.4711,12.9475,10.8203,9.0289,7.5319,6.2798,5.2423,4.3858,3.6754,3.0887,2.6075,2.2083,1.8804,1.6095,1.3867,1.2029,1.0516,0.9264,0.8227,0.7367,0.6656,0.6080,0.5624,0.5199,0.4811,0.4472,0.4215,0.4031,0.3866,0.3719,0.3592,0.3479,0.3347,0.3247,0.3245,0.3204,0.3083,0.3004,0.2984,0.2948,0.2916,0.2879,0.2847,0.2813,0.2784,0.2751,0.2723,0.2693,0.2668,0.2639,0.2615,0.2589,0.2567,0.2542,0.2521,0.2497,0.2477,0.2454,0.2435,0.2414,0.2397,0.2376,0.2359,0.2339,0.2323,0.2304,0.2289,0.2270,0.2073,-4.3210,-5.0217,-4.9494,-3.0707,4.0343,18.8101,35.3301,49.1030,61.0729,70.9912,85.4722,85.9637,81.9643,79.8782,72.7713,59.7197,51.4640,50.0704,52.9417,49.3859,33.9516,19.4515,13.1008,10.9242,9.4235,8.1250,6.9329,5.8841,4.9617,4.1721,3.4969,2.9292,2.4520,2.0551,1.7250,1.4523,1.2270,1.0416,0.8890,0.7638,0.6610,0.5766,0.5074,0.4506,0.4040,0.3657,0.3343,0.3083,0.2870,0.2693,0.2547,0.2425,0.2324,0.2239,0.2168,0.2108,0.2057,0.2013,0.1976,0.1943,0.1912,0.1888,0.1873,0.1855,0.1830,0.1813,0.1804,0.1791,0.1772,0.1758,0.1753,0.1742,0.1726,0.1714,0.1710,0.1701,0.1686,0.1676,0.1671,0.1664,0.1656,0.1648,0.1640,0.1632,0.1624
6,1,26,0,0,1,383.329759,0.1616,0.1609,0.1601,0.1594,0.1586,0.1579,0.1572,0.1565,0.1558,0.1551,0.1544,0.1537,0.1530,0.1524,0.1537,-339.4440,-384.0349,-392.7043,-360.1787,-216.3705,94.6842,487.1302,845.7991,1305.7336,1855.5410,2118.1074,1564.5668,1132.3456,826.7993,651.0703,545.3683,468.9673,396.3329,352.7580,381.0290,449.6804,495.0190,486.0868,440.4998,395.1587,362.8406,327.9556,272.5623,205.4597,150.0353,112.6613,87.5985,70.7437,59.2276,51.4102,46.0826,42.4683,40.0089,38.3695,37.3630,36.9903,37.4893,39.2683,42.7324,48.2200,55.4896,63.4518,70.8024,76.8525,82.2772,88.8347,97.8014,108.8085,118.3329,122.9961,123.3046,119.0408,115.7521,122.4908,134.5572,144.4465,155.9266,172.0740,185.0684,183.2439,166.6999,148.8555,138.4194,133.5389,132.8379,139.4319,148.8116,154.2735,161.2122,172.5213,177.0722,160.1310,125.6503,94.7326,77.3834,68.3909,62.4706,58.2342,55.2543,53.5429,53.3936,55.1155,58.8801,64.3594,70.4421,74.8180,76.2667,75.0994,74.4044,76.6020,75.9289,67.0044,52.4306,37.8637,27.4545,21.3444,17.4905,14.7007,12.4795,10.6420,9.0903,7.7796,6.6658,5.7241,4.9246,4.2491,3.6762,3.1922,2.7816,2.4344,2.1395,1.8897,1.6771,1.4966,1.3425,1.2112,1.0988,1.0027,0.9199,0.8489,0.7874,0.7344,0.6881,0.6480,0.6129,0.5822,0.5550,0.5312,0.5099,0.4911,0.4741,0.4590,0.4453,0.4330,0.4216,0.4114,0.4019,0.3933,0.3852,0.3778,0.3708,0.3643,0.3582,0.3525,0.3470,0.3419,0.3370,0.3324,0.3279,0.3237,0.3196,0.3158,0.3119,0.3084,0.3049,0.3015,0.2982,0.2951,0.2920,0.2891,0.2862,0.2834,0.2806,0.2780,0.2754,0.2729,0.2704,0.2680,0.2656,0.2634,0.2611,0.2589,0.2567,0.2547,0.2526,0.2506,0.2485,0.2467,0.2447,0.2429,0.2410,0.2392,0.2374,0.2357,0.2340,0.2323,0.2306,0.2291,0.2274,0.2259,0.2243,0.2229,0.2213,0.2199,0.2211,204.4607,190.3333,197.4039,231.5043,301.5252,419.1806,576.5913,756.5421,958.0158,1147.8168,1037.6899,1362.3302,1748.3384,1935.3002,1763.4154,1251.1348,686.4213,391.8759,295.5961,238.4470,194.0591,161.4350,147.9836,132.4215,97.4608,59.8197,39.0224,30.9928,25.9283,21.8865,18.4175,15.4639,12.9445,10.8195,9.0292,7.5325,6.2801,5.2420,4.3845,3.6729,3.0850,2.6027,2.2024,1.8735,1.6017,1.3781,1.1934,1.0413,0.9155,0.8112,0.7247,0.6561,0.5986,0.5460,0.5010,0.4647,0.4315,0.4062,0.3882,0.3718,0.3571,0.3444,0.3332,0.3236,0.3150,0.3075,0.3004,0.2943,0.2886,0.2837,0.2789,0.2748,0.2706,0.2634,0.2586,0.2594,0.2578,0.2559,0.2535,0.2518,0.2495,0.2472,0.2447,0.2430,0.2408,0.2386,0.2363,0.2347,0.2327,0.2307,0.2286,0.2272,0.2253,0.2235,0.2216,0.2203,0.2186,0.2169,0.2151,0.1957,-0.6452,0.2139,0.2086,0.2045,0.2014,0.1989,0.1968,0.1949,0.1932,0.1916,0.1997,0.1886,0.1873,0.1860,0.1847,0.1835,0.1823,0.1811,0.1800,0.1789,0.1778,0.1767,0.1757,0.1747,0.1737,0.1727,0.1717,0.1708,0.1698,0.1689,0.1680,0.1671,0.1662,0.1653,0.1644,0.1636,0.1627,0.1619,0.1611,0.1603,0.1595,0.1587,0.1579,0.1572,0.1564,0.1557,0.1549,0.1542,0.1535,0.1528,0.1521,0.1514,0.1507,0.1500,0.1493,0.1486,0.1480,0.1473,0.1467,0.1461,0.1454,0.1448,0.1442,0.1436,0.1430,0.1424,0.1418,0.1412,0.1406,0.1400,0.1395,0.1389,0.1384,0.1378,0.1373,0.1367,0.1362,0.1356,0.1351,0.1346,0.1341,0.1336,0.1331,0.1326,0.1321
7,1,26,0,0,1,289.682048,0.1316,0.1311,0.1306,0.1301,0.1297,0.1292,0.1287,0.1283,0.1278,0.1273,0.1269,0.1264,0.1260,0.1256,0.1252,-339.4037,-384.0961,-392.7574,-360.2249,-216.3850,94.7401,487.3233,846.4078,1306.9543,1854.5530,2101.4944,1540.9056,1099.6752,782.0365,589.9121,457.6021,355.4412,273.6494,224.9181,226.5436,249.9095,262.5461,252.0958,217.0245,170.1984,126.8100,89.9987,59.4703,37.3284,22.6028,13.5784,8.3023,5.2663,3.5067,2.4617,1.8176,1.4034,1.1220,0.9232,0.7786,0.6682,0.5809,0.5121,0.4590,0.4175,0.3804,0.3457,0.3209,0.3038,0.2886,0.2751,0.2635,0.2533,0.2445,0.2369,0.2303,0.2245,0.2192,0.2147,0.2107,0.2069,0.2030,0.1998,0.1977,0.1950,0.1911,0.1884,0.1869,0.1848,0.1815,0.1791,0.1776,0.1762,0.1747,0.1728,0.1704,0.1686,0.1675,0.1662,0.1644,0.1626,0.1610,0.1602,0.1599,0.1585,0.1559,0.1544,0.1538,0.1529,0.1517,0.1506,0.1496,0.1487,0.1479,0.1468,0.1452,0.1441,0.1435,0.1427,0.1414,0.1404,0.1393,0.1386,0.1380,0.1373,0.1367,0.1359,0.1348,0.1340,0.1336,0.1328,0.1316,0.1308,0.1299,0.1292,0.1288,0.1285,0.1280,0.1272,0.1261,0.1257,0.1254,0.1247,0.1236,0.1230,0.1224,0.1218,0.1214,0.1211,0.1208,0.1203,0.1194,0.1188,0.1181,0.1175,0.1173,0.1170,0.1167,0.1163,0.1155,0.1148,0.1141,0.1137,0.1139,0.1137,0.1125,0.1117,0.1114,0.1111,0.1109,0.1106,0.1099,0.1093,0.1086,0.1083,0.1086,0.1084,0.1072,0.1065,0.1064,0.1062,0.1061,0.1058,0.1051,0.1045,0.1039,0.1036,0.1040,0.1038,0.1027,0.1022,0.1024,0.1022,0.1012,0.1006,0.1005,0.1005,0.1003,0.1000,0.0994,0.0991,0.0989,0.0987,0.0981,0.0976,0.0971,0.0970,0.0974,0.0973,0.0962,0.0957,0.0960,0.0959,0.0949,0.0945,0.0948,0.0947,0.0938,0.0933,0.0915,204.1920,190.1907,197.2545,231.3448,301.3650,419.0484,576.5081,756.5239,958.1091,1148.0830,1036.2432,1341.7729,1693.3397,1850.6899,1671.4985,1159.0337,589.6049,293.0097,192.7668,128.5090,86.1604,57.9951,39.6990,27.6526,19.7310,14.3842,10.7346,8.1691,6.3382,4.9936,3.9929,3.2233,2.6285,2.1616,1.7920,1.4962,1.2576,1.0641,0.9062,0.7772,0.6711,0.5842,0.5118,0.4525,0.4029,0.3621,0.3277,0.2993,0.2752,0.2553,0.2381,0.2238,0.2114,0.2011,0.1919,0.1843,0.1773,0.1715,0.1663,0.1617,0.1575,0.1538,0.1504,0.1474,0.1445,0.1421,0.1396,0.1376,0.1354,0.1336,0.1317,0.1302,0.1284,0.1270,0.1254,0.1242,0.1227,0.1216,0.1203,0.1192,0.1180,0.1170,0.1158,0.1150,0.1138,0.1130,0.1119,0.1112,0.1102,0.1095,0.1085,0.1078,0.1069,0.1063,0.1054,0.1048,0.1040,0.1034,0.1026,0.0800,1.2837,-0.0203,0.1520,2.8495,11.8891,30.0791,51.1758,70.0070,87.3810,102.2663,110.0571,108.3671,104.6008,104.0057,99.7194,90.3803,86.2920,90.9117,101.1058,96.1175,66.4995,38.0629,25.5931,21.3350,18.4296,15.8676,13.5153,11.4288,9.5962,8.0218,6.6778,5.5453,4.5950,3.8038,3.1468,2.6039,2.1560,1.7876,1.4850,1.2368,1.0334,0.8669,0.7306,0.6191,0.5280,0.4534,0.3924,0.3425,0.3016,0.2681,0.2407,0.2181,0.1996,0.1843,0.1718,0.1614,0.1528,0.1456,0.1397,0.1347,0.1303,0.1268,0.1246,0.1222,0.1193,0.1173,0.1164,0.1149,0.1130,0.1117,0.1114,0.1104,0.1089,0.1080,0.1077,0.1071,0.1065,0.1059,0.1053,0.1047,0.1042,0.1036,0.1031,0.1026,0.1021
8,1,3,0,0,20,500.174542,0.1016,0.1011,0.1006,0.1002,0.0997,0.0993,0.0988,0.0984,0.0979,0.0976,0.0971,0.0967,0.0963,0.0959,0.0996,-339.6978,-384.2047,-392.8553,-360.3090,-216.4033,94.9317,487.9443,847.6031,1308.5240,1856.3529,2104.3081,1543.7036,1100.9926,781.5130,589.4321,457.8633,356.2738,276.6416,231.5030,245.1879,292.6212,322.8360,326.6412,319.4705,300.4814,270.9402,249.9365,250.8858,267.0362,282.1929,283.6222,275.6270,268.4103,263.3151,265.2429,281.2958,302.6035,316.4259,329.1940,352.8987,387.9955,427.7727,455.0916,453.1759,426.7263,399.3515,385.4459,373.1953,374.4778,419.5400,483.4742,524.9672,534.0709,522.5182,522.3909,554.8275,595.8376,606.5976,591.8228,571.0580,499.4576,389.3543,321.1660,289.2715,257.0241,216.2087,181.6699,165.0741,159.2656,160.1401,164.0733,166.7756,168.8938,174.1960,179.3420,171.9001,157.9595,153.8744,156.4829,155.0579,145.5033,129.7798,114.3043,105.2175,105.6763,113.8938,122.5240,130.9501,142.3988,146.6940,132.1264,111.0105,98.1723,88.5448,75.2464,58.2670,41.9146,30.1616,23.1528,18.7250,15.5623,13.0942,11.0933,9.4338,8.0524,6.8931,5.9227,5.1056,4.4196,3.8407,3.3532,2.9406,2.5921,2.2959,2.0450,1.8306,1.6483,1.4918,1.3580,1.2427,1.1434,1.0575,0.9830,0.9182,0.8616,0.8121,0.7685,0.7300,0.6960,0.6657,0.6387,0.6145,0.5928,0.5731,0.5553,0.5391,0.5243,0.5107,0.4982,0.4867,0.4760,0.4661,0.4568,0.4481,0.4399,0.4322,0.4249,0.4181,0.4115,0.4053,0.3994,0.3938,0.3883,0.3832,0.3782,0.3734,0.3687,0.3643,0.3600,0.3558,0.3517,0.3478,0.3440,0.3404,0.3368,0.3333,0.3299,0.3266,0.3234,0.3202,0.3172,0.3142,0.3112,0.3084,0.3056,0.3029,0.3002,0.2976,0.2950,0.2925,0.2900,0.2876,0.2853,0.2830,0.2807,0.2785,0.2763,0.2741,0.2720,0.2699,0.2679,0.2659,0.2639,0.2620,0.2601,0.2582,0.2563,0.2545,0.2528,0.2463,205.1199,190.3292,197.3870,231.4673,301.4845,419.1948,576.7135,756.8299,958.5970,1148.8041,1040.5798,1363.5737,1742.0212,1922.7563,1753.0190,1254.4991,709.9081,425.5120,327.6466,261.9456,199.3199,144.8587,113.4286,90.4806,63.9390,39.7542,25.9747,20.0300,16.2446,13.4333,11.1342,9.2690,7.7134,6.4359,5.3706,4.4930,3.7636,3.1627,2.6625,2.2529,1.9178,1.6416,1.4122,1.2238,1.0677,0.9393,0.8328,0.7430,0.6702,0.6154,0.5659,0.5216,0.4875,0.4578,0.4300,0.4079,0.3891,0.3736,0.3602,0.3487,0.3387,0.3300,0.3222,0.3154,0.3091,0.3037,0.2986,0.2941,0.2897,0.2859,0.2821,0.2788,0.2753,0.2724,0.2693,0.2667,0.2607,0.2576,0.2583,0.2580,0.2565,0.2552,0.2533,0.2517,0.2496,0.2479,0.2459,0.2443,0.2422,0.2372,0.2344,0.2400,0.2408,0.2333,0.2295,0.2310,0.2305,0.2301,0.2290,0.2076,-4.1586,-5.0182,-4.9458,-3.0669,4.0381,18.8138,35.3337,49.1085,61.0808,71.0003,85.4834,85.9730,81.9723,79.8860,72.7804,59.7284,51.4690,50.0700,52.9231,49.3730,33.9125,19.3941,13.0945,10.9377,9.4338,8.1331,6.9393,5.8902,4.9676,4.1780,3.5028,2.9351,2.4579,2.0610,1.7310,1.4583,1.2330,1.0477,0.8952,0.7700,0.6672,0.5828,0.5137,0.4569,0.4103,0.3721,0.3406,0.3147,0.2934,0.2758,0.2612,0.2490,0.2389,0.2305,0.2234,0.2174,0.2123,0.2080,0.2043,0.2010,0.1979,0.1955,0.1941,0.1922,0.1898,0.1881,0.1872,0.1859,0.1840,0.1827,0.1821,0.1811,0.1794,0.1783,0.1779,0.1771,0.1756,0.1746,0.1741,0.1733,0.1726,0.1718,0.1710,0.1702,0.1694
9,1,18,0,0,7,403.488239,0.1687,0.1679,0.1671,0.1664,0.1657,0.1649,0.1642,0.1635,0.1628,0.1621,0.1614,0.1608,0.1601,0.1594,0.1607,-339.1037,-383.2721,-391.7778,-359.2477,-215.6798,94.3546,485.1617,842.0869,1300.2905,1851.4829,2117.7834,1553.5333,1112.7153,801.2384,620.2047,506.2517,427.5221,366.8542,336.8746,372.2238,466.9615,561.9524,585.7811,545.0065,497.8082,456.3109,400.2376,322.3145,237.6311,170.0549,124.9944,95.2996,75.7210,62.5855,53.7773,47.8124,43.7585,40.9671,39.0510,37.7945,37.1898,37.4888,39.1071,42.4462,47.8543,55.1679,63.3490,71.1630,78.2246,85.1020,92.8255,102.5253,113.4779,121.1688,124.1092,122.4456,116.9258,116.5883,126.4519,138.3020,147.7558,161.1052,177.7401,186.6352,178.7650,159.9578,144.3711,136.2872,132.4451,134.1940,142.9597,151.1907,156.2869,165.3148,176.2867,174.1183,148.5883,112.1730,85.6840,72.2814,64.7283,59.3601,55.3635,52.7123,52.4958,55.9712,63.0330,71.9906,80.2606,85.9302,89.2615,96.4837,103.0530,95.5992,82.8318,76.5823,74.6982,76.9188,81.7003,79.2248,65.1419,50.2398,41.7503,35.0957,28.6010,23.2090,18.6094,14.8749,11.8415,9.4293,7.5145,6.0088,4.8255,3.8988,3.1725,2.6033,2.1562,1.8043,1.5266,1.3065,1.1316,0.9917,0.8795,0.7888,0.7152,0.6549,0.6054,0.5642,0.5299,0.5009,0.4764,0.4553,0.4373,0.4214,0.4076,0.3953,0.3845,0.3747,0.3659,0.3578,0.3505,0.3436,0.3374,0.3315,0.3260,0.3208,0.3160,0.3114,0.3071,0.3029,0.2990,0.2951,0.2915,0.2880,0.2847,0.2814,0.2783,0.2752,0.2724,0.2695,0.2668,0.2640,0.2615,0.2589,0.2565,0.2540,0.2518,0.2494,0.2472,0.2450,0.2429,0.2408,0.2388,0.2368,0.2349,0.2329,0.2311,0.2292,0.2274,0.2256,0.2239,0.2222,0.2206,0.2189,0.2173,0.2157,0.2142,0.2126,0.2112,0.2097,0.2083,0.2068,0.2054,0.2040,0.2027,0.2013,0.2001,0.1987,0.1975,0.1977,204.2316,190.2601,197.3243,231.4010,301.4113,419.1562,576.8625,757.4021,959.8764,1151.0483,1044.2291,1367.0355,1745.8645,1928.1722,1760.5697,1261.4487,713.6563,427.7421,329.8053,263.8866,201.0882,146.6596,115.1559,91.7469,64.7091,40.5092,26.9124,20.9247,17.0279,14.1086,11.7155,9.7679,8.1417,6.8030,5.6856,4.7629,3.9949,3.3609,2.8324,2.3968,2.0411,1.7513,1.5065,1.3004,1.1323,0.9963,0.8819,0.7871,0.7078,0.6439,0.5883,0.5390,0.5004,0.4668,0.4359,0.4110,0.3869,0.3689,0.3566,0.3450,0.3341,0.3245,0.3157,0.3080,0.3008,0.2946,0.2886,0.2834,0.2782,0.2738,0.2693,0.2654,0.2614,0.2580,0.2544,0.2513,0.2480,0.2452,0.2422,0.2364,0.2326,0.2371,0.2370,0.2290,0.2246,0.2254,0.2242,0.2232,0.2215,0.2201,0.2182,0.2167,0.2149,0.2134,0.2115,0.2101,0.2083,0.2068,0.2051,0.1832,10.1173,10.4529,10.6391,12.2670,16.1339,22.9662,32.1154,42.2229,53.0338,62.9633,49.5600,45.1825,45.6392,48.5396,54.1336,61.6106,69.9706,81.9966,96.6008,93.7663,65.3241,37.3854,25.3028,21.1979,18.3769,15.8433,13.5171,11.4372,9.6135,8.0409,6.7006,5.5689,4.6204,3.8301,3.1744,2.6320,2.1848,1.8169,1.5149,1.2670,1.0642,0.8981,0.7622,0.6511,0.5603,0.4860,0.4253,0.3755,0.3349,0.3015,0.2743,0.2519,0.2335,0.2183,0.2060,0.1957,0.1873,0.1802,0.1743,0.1694,0.1653,0.1617,0.1588,0.1562,0.1541,0.1521,0.1505,0.1490,0.1477,0.1465,0.1454,0.1444,0.1435,0.1426,0.1419,0.1411,0.1404,0.1397,0.1391,0.1384,0.1378,0.1372,0.1366,0.1360,0.1355
10,1,0,0,0,4,478.746131,0.1349,0.1344,0.1338,0.1333,0.1327,0.1322,0.1317,0.1312,0.1307,0.1302,0.1297,0.1292,0.1287,0.1282,0.1318,-339.6745,-384.2218,-392.8553,-360.2930,-216.3131,95.2351,488.5718,848.2194,1308.6388,1858.8104,2124.6448,1570.2769,1133.8179,824.8805,649.8369,545.4275,469.3650,397.0869,353.0894,383.2075,465.8801,540.4100,568.6211,549.1908,500.3626,435.8537,370.7149,323.8124,298.7259,284.6577,271.4623,260.6318,256.3476,258.4789,273.8687,311.6771,360.9316,405.0885,449.3853,501.3152,545.4709,559.4788,535.0480,482.6894,421.0868,373.5488,354.6203,352.6249,361.0087,390.5561,441.9706,502.7395,542.8795,533.6647,488.8365,435.1385,376.7926,323.1532,291.1751,284.6993,293.8173,296.6382,279.2874,244.0671,197.5547,148.9622,108.8624,84.3187,73.5525,69.8244,69.6612,74.5591,78.3471,67.0407,45.8724,28.3301,17.1111,10.9890,7.6910,5.5960,4.1226,3.0551,2.2764,1.7095,1.2979,0.9997,0.7836,0.6272,0.5136,0.4312,0.3710,0.3267,0.2941,0.2697,0.2515,0.2375,0.2267,0.2181,0.2113,0.2057,0.2009,0.1969,0.1932,0.1900,0.1870,0.1843,0.1818,0.1794,0.1771,0.1750,0.1729,0.1710,0.1690,0.1672,0.1653,0.1636,0.1618,0.1602,0.1585,0.1570,0.1554,0.1539,0.1524,0.1510,0.1495,0.1481,0.1468,0.1455,0.1442,0.1429,0.1416,0.1405,0.1392,0.1381,0.1369,0.1358,0.1347,0.1336,0.1325,0.1315,0.1304,0.1295,0.1284,0.1275,0.1265,0.1256,0.1246,0.1238,0.1228,0.1220,0.1211,0.1203,0.1194,0.1186,0.1178,0.1170,0.1162,0.1155,0.1147,0.1140,0.1132,0.1125,0.1118,0.1111,0.1104,0.1097,0.1090,0.1084,0.1077,0.1071,0.1064,0.1058,0.1051,0.1046,0.1039,0.1034,0.1027,0.1022,0.1016,0.1010,0.1005,0.0999,0.0994,0.0989,0.0983,0.0978,0.0972,0.0968,0.0962,0.0957,0.0952,0.0948,0.0943,0.0938,0.0933,0.0929,0.0924,0.0920,0.0915,0.0847,203.8041,190.3136,197.3591,231.4879,301.5350,419.0511,575.8754,754.6627,954.6725,1143.1168,1030.4142,1350.7484,1729.9371,1907.2062,1725.8403,1206.4146,634.1312,335.2431,239.3090,185.9539,154.5147,137.7699,134.5440,125.0906,93.4205,57.4932,37.8529,30.3348,25.5126,21.5705,18.1650,15.2369,12.7378,10.6213,8.8368,7.3446,6.1051,5.0736,4.2175,3.5096,2.9242,2.4422,2.0446,1.7180,1.4489,1.2279,1.0458,0.8962,0.7728,0.6713,0.5871,0.5178,0.4623,0.4149,0.3727,0.3386,0.3102,0.2868,0.2670,0.2504,0.2363,0.2243,0.2139,0.2051,0.1972,0.1905,0.1845,0.1794,0.1745,0.1704,0.1664,0.1631,0.1597,0.1569,0.1540,0.1516,0.1490,0.1469,0.1446,0.1427,0.1406,0.1389,0.1370,0.1355,0.1337,0.1322,0.1306,0.1292,0.1277,0.1264,0.1249,0.1238,0.1224,0.1213,0.1200,0.1189,0.1146,0.1129,0.1149,0.0937,-36.4837,-41.3683,-41.4440,-37.1801,-16.4973,28.9314,76.7174,111.6206,137.8842,157.7039,242.4809,253.1741,236.2813,222.2913,182.7571,115.4884,65.6790,36.0196,18.2810,9.7218,4.8825,2.7703,1.4937,0.9870,0.6281,0.5033,0.3898,0.3558,0.3134,0.3012,0.2820,0.2752,0.2644,0.2592,0.2519,0.2472,0.2416,0.2373,0.2326,0.2286,0.2245,0.2208,0.2171,0.2137,0.2103,0.2071,0.2039,0.2010,0.1981,0.1953,0.1926,0.1900,0.1874,0.1850,0.1826,0.1804,0.1781,0.1760,0.1739,0.1718,0.1698,0.1679,0.1660,0.1642,0.1624,0.1607,0.1590,0.1574,0.1558,0.1542,0.1527,0.1512,0.1489,0.1478,0.1487,0.1479,0.1446,0.1430,0.1429,0.1423,0.1414,0.1404,0.1393,0.1382,0.1370
11,1,23,0,0,24,526.193550,0.1359,0.1348,0.1338,0.1327,0.1317,0.1307,0.1297,0.1287,0.1277,0.1268,0.1259,0.1249,0.1240,0.1231,0.1219,-338.9109,-382.7964,-391.2480,-358.7503,-215.4228,93.7823,483.2294,838.6277,1295.4879,1848.3418,2122.2620,1556.3632,1118.1980,811.8641,636.6541,533.0406,468.6375,421.1107,403.2546,448.6168,537.1936,590.9123,545.6119,444.1156,368.2548,349.8689,378.2486,416.5408,442.0905,452.9839,418.3024,350.1858,317.9163,321.9612,309.6822,278.7226,266.9083,271.0213,266.6524,255.0007,243.6848,232.0944,223.1521,216.9160,210.3273,205.8670,211.2472,231.8184,262.6700,290.5202,311.1048,320.4330,310.1903,298.2411,302.4877,310.7979,306.7439,295.1143,294.6322,308.8509,328.2552,348.7413,367.3874,383.3237,393.8444,393.0087,371.9525,335.0002,299.1382,270.4939,257.8737,261.2346,271.2528,284.7375,289.5945,274.6680,248.7011,227.1302,215.0046,210.9565,215.0431,218.5789,208.4698,178.0532,136.8039,106.2713,90.5385,80.4660,71.9396,64.6942,58.6277,53.6112,49.5455,46.5083,44.8821,45.2444,47.9848,53.3842,60.8619,68.3597,74.9537,80.9908,86.7686,94.1803,106.7328,126.2487,145.0053,148.8726,139.1755,130.2197,128.4756,135.3600,147.5978,148.2982,126.3188,98.8689,81.9842,69.8092,57.9962,47.7328,38.9443,31.6527,25.6748,20.8442,16.9629,13.8610,11.3846,9.4080,7.8269,6.5588,5.5374,4.7108,4.0384,3.4886,3.0363,2.6620,2.3505,2.0896,1.8700,1.6840,1.5257,1.3902,1.2739,1.1734,1.0863,1.0104,0.9442,0.8860,0.8349,0.7897,0.7497,0.7142,0.6825,0.6542,0.6288,0.6059,0.5854,0.5667,0.5498,0.5344,0.5203,0.5074,0.4956,0.4847,0.4746,0.4653,0.4566,0.4485,0.4409,0.4337,0.4271,0.4207,0.4147,0.4091,0.4037,0.3985,0.3936,0.3889,0.3844,0.3800,0.3759,0.3718,0.3680,0.3642,0.3606,0.3570,0.3536,0.3503,0.3471,0.3439,0.3408,0.3378,0.3349,0.3321,0.3293,0.3265,0.3239,0.3212,0.3187,0.3144,204.9446,190.3554,197.4316,231.5023,301.5012,419.2739,577.1538,758.0883,961.1449,1153.0011,1047.1117,1369.5430,1748.1045,1931.2565,1764.7332,1265.0049,716.2727,430.1993,331.8073,265.5336,202.5906,147.8594,116.1774,92.9533,66.1835,41.7680,27.7265,21.5496,17.5644,14.5766,12.1242,10.1276,8.4596,7.0860,5.9392,4.9921,4.2037,3.5513,3.0094,2.5662,2.2000,1.8973,1.6451,1.4374,1.2644,1.1211,1.0019,0.9029,0.8201,0.7507,0.6923,0.6463,0.6069,0.5689,0.5355,0.5084,0.4826,0.4629,0.4489,0.4357,0.4236,0.4128,0.4028,0.3940,0.3857,0.3752,0.3672,0.3646,0.3600,0.3557,0.3511,0.3469,0.3424,0.3385,0.3343,0.3306,0.3267,0.3233,0.3197,0.3165,0.3130,0.3101,0.3068,0.3040,0.3009,0.2983,0.2954,0.2929,0.2901,0.2877,0.2851,0.2828,0.2803,0.2781,0.2757,0.2737,0.2714,0.2694,0.2672,0.2444,10.0916,10.5131,10.6993,12.3270,16.1933,23.0247,32.1736,42.2834,53.0977,63.0290,49.6273,45.2472,45.7007,48.6002,54.1949,61.6699,70.0229,82.0359,96.5975,93.7781,65.2757,37.2929,25.3279,21.2675,18.4387,15.9009,13.5708,11.4895,9.6650,8.0919,6.7512,5.6193,4.6706,3.8799,3.2238,2.6812,2.2338,1.8656,1.5633,1.3152,1.1121,0.9457,0.8096,0.6983,0.6073,0.5327,0.4717,0.4217,0.3809,0.3473,0.3198,0.2972,0.2786,0.2631,0.2506,0.2401,0.2315,0.2241,0.2181,0.2129,0.2086,0.2048,0.2017,0.1989,0.1966,0.1944,0.1926,0.1909,0.1895,0.1880,0.1868,0.1856,0.1846,0.1835,0.1825,0.1816,0.1807,0.1798,0.1790,0.1781,0.1774,0.1766,0.1759,0.1751,0.1744
12,1,6,0,0,9,372.036604,0.1736,0.1729,0.1722,0.1715,0.1708,0.1701,0.1694,0.1688,0.1681,0.1675,0.1668,0.1662,0.1655,0.1649,0.1682,-339.5105,-384.0935,-392.7461,-360.2041,-216.3364,94.9021,487.7254,846.8409,1307.0658,1857.2745,2121.9973,1567.8931,1133.2524,825.6992,650.0953,544.6252,467.3319,393.7518,350.0460,383.6667,472.9159,553.9865,588.5751,579.3575,538.7858,472.5353,390.9608,302.8810,218.3875,154.7267,117.2999,97.2743,85.0359,75.6948,67.2442,59.7015,53.3829,48.3538,44.5005,41.6739,39.8115,39.0594,39.7698,42.3637,47.1953,54.1907,62.5365,70.9293,78.5315,85.5564,92.8525,100.5696,107.0195,107.7279,103.8878,101.5042,96.6073,87.1385,80.1788,76.9942,74.6731,72.6094,71.1276,71.0189,73.4124,78.7746,85.3096,90.3616,91.6600,87.3546,81.5311,78.2249,75.5110,75.2616,78.4623,78.3980,69.5221,54.8163,41.2309,32.0578,26.5384,22.8007,19.8854,17.4342,15.3041,13.4366,11.7945,10.3527,9.0881,7.9813,7.0135,6.1686,5.4313,4.7884,4.2281,3.7397,3.3140,2.9430,2.6194,2.3371,2.0907,1.8753,1.6872,1.5225,1.3783,1.2518,1.1409,1.0433,0.9575,0.8818,0.8152,0.7561,0.7040,0.6577,0.6167,0.5801,0.5476,0.5184,0.4925,0.4691,0.4482,0.4292,0.4122,0.3968,0.3829,0.3701,0.3586,0.3480,0.3383,0.3294,0.3213,0.3137,0.3067,0.3002,0.2942,0.2885,0.2833,0.2784,0.2738,0.2694,0.2653,0.2614,0.2577,0.2542,0.2509,0.2477,0.2447,0.2418,0.2390,0.2363,0.2338,0.2312,0.2289,0.2265,0.2244,0.2222,0.2201,0.2180,0.2161,0.2141,0.2123,0.2105,0.2087,0.2070,0.2053,0.2036,0.2021,0.2004,0.1989,0.1974,0.1960,0.1945,0.1931,0.1917,0.1903,0.1890,0.1877,0.1864,0.1851,0.1839,0.1827,0.1815,0.1803,0.1791,0.1780,0.1768,0.1758,0.1746,0.1736,0.1725,0.1715,0.1705,0.1695,0.1685,0.1675,0.1665,0.1656,0.1646,0.1637,0.1640,203.6859,190.2686,197.3310,231.4232,301.4434,419.1243,576.5924,756.6518,958.3768,1148.5972,1038.8544,1356.4564,1728.6807,1904.4879,1732.3658,1225.4214,665.0826,372.2899,273.7752,211.1814,161.1313,122.5432,101.3095,84.1423,60.6617,38.2400,25.6348,20.1237,16.5137,13.7345,11.4386,9.5424,7.9575,6.6433,5.5473,4.6392,3.8844,3.2601,2.7402,2.3115,1.9621,1.6774,1.4372,1.2350,1.0702,0.9372,0.8253,0.7327,0.6554,0.5933,0.5392,0.4912,0.4543,0.4221,0.3922,0.3682,0.3478,0.3309,0.3163,0.3038,0.2928,0.2833,0.2748,0.2674,0.2606,0.2547,0.2491,0.2443,0.2396,0.2355,0.2314,0.2279,0.2243,0.2212,0.2150,0.2115,0.2119,0.2113,0.2096,0.2080,0.2059,0.2010,0.1980,0.2029,0.2032,0.1958,0.1920,0.1932,0.1923,0.1916,0.1903,0.1892,0.1877,0.1865,0.1850,0.1838,0.1823,0.1811,0.1796,0.1596,-13.1920,-15.4399,-15.3854,-12.4404,-0.1668,25.9621,54.4298,76.9355,95.4706,110.3427,146.0356,149.1974,140.9800,135.4509,118.4895,88.5808,67.8493,59.0280,57.4527,51.7542,35.1069,20.0794,13.4096,11.1069,9.5162,8.1867,6.9663,5.9094,4.9766,4.1843,3.5047,2.9356,2.4560,2.0581,1.7265,1.4529,1.2265,1.0404,0.8870,0.7610,0.6575,0.5725,0.5026,0.4453,0.3981,0.3593,0.3273,0.3009,0.2791,0.2610,0.2460,0.2335,0.2230,0.2141,0.2067,0.2004,0.1950,0.1903,0.1863,0.1827,0.1792,0.1765,0.1755,0.1736,0.1704,0.1683,0.1678,0.1664,0.1638,0.1621,0.1620,0.1609,0.1585,0.1571,0.1571,0.1562,0.1541,0.1528,0.1525,0.1518,0.1510,0.1502,0.1493,0.1484,0.1476
13,0,11,0,0,18,534.029798,0.1467,0.1458,0.1450,0.1442,0.1433,0.1426,0.1418,0.1410,0.1402,0.1395,0.1387,0.1380,0.1373,0.1366,0.1377,-339.0853,-383.2011,-391.7230,-359.2164,-215.7383,94.0428,484.4058,840.8305,1298.7424,1849.8759,2115.1042,1550.5845,1111.4524,801.6617,620.8018,506.9210,428.8187,369.2391,341.4096,377.5899,463.4784,536.6687,544.0773,498.5019,433.1177,357.9511,287.1457,237.9772,213.4482,210.4276,222.7824,245.6236,277.2743,308.7251,321.3198,319.0993,324.0604,330.7830,329.9394,325.0335,323.2332,333.5735,351.7035,366.2147,374.5481,388.0436,412.0188,429.2503,421.2354,400.6599,377.8758,349.5707,335.2166,342.9031,363.3112,391.5612,414.1503,415.0158,393.3004,355.7926,314.0865,291.0369,300.5565,333.9575,355.2187,340.4561,319.8424,322.7910,336.3073,333.8871,308.2976,278.1729,254.0152,230.4593,218.2218,221.7769,227.4270,232.0360,238.5881,239.4642,221.3796,192.6548,175.7077,173.7673,175.2924,173.6732,172.6669,180.2066,196.8441,207.8831,200.7316,184.6354,170.0649,156.0099,144.4015,139.5473,134.9082,119.3653,100.6551,91.2409,89.3927,88.0519,79.9015,64.0187,49.3047,40.3343,33.1491,26.5381,21.1311,16.6281,13.0299,10.1632,7.9254,6.1866,4.8505,3.8273,3.0484,2.4565,2.0081,1.6684,1.4111,1.2160,1.0677,0.9546,0.8677,0.8007,0.7484,0.7072,0.6742,0.6474,0.6253,0.6066,0.5906,0.5766,0.5642,0.5528,0.5425,0.5328,0.5239,0.5153,0.5073,0.4995,0.4921,0.4849,0.4780,0.4714,0.4650,0.4587,0.4527,0.4468,0.4412,0.4356,0.4303,0.4251,0.4200,0.4151,0.4103,0.4057,0.4011,0.3967,0.3924,0.3882,0.3841,0.3801,0.3763,0.3725,0.3688,0.3652,0.3616,0.3582,0.3548,0.3515,0.3483,0.3451,0.3420,0.3390,0.3360,0.3331,0.3303,0.3275,0.3248,0.3221,0.3194,0.3169,0.3143,0.3118,0.3094,0.3070,0.3046,0.3023,0.3000,0.2978,0.2956,0.2934,0.2913,0.2892,0.2871,0.2851,0.2831,0.2798,204.1319,190.3637,197.4357,231.5212,301.5314,419.2426,576.8798,757.3132,959.5626,1150.3407,1043.1304,1372.9104,1765.2704,1958.2611,1790.2377,1285.9229,734.9713,447.9417,352.0972,291.5780,234.4225,185.8031,161.9553,140.2001,101.6821,62.1559,40.3417,31.8391,26.4749,22.2852,18.7126,15.7043,13.1410,10.9902,9.1776,7.6663,6.4036,5.3566,4.4849,3.7653,3.1749,2.6898,2.2867,1.9554,1.6813,1.4557,1.2691,1.1154,0.9881,0.8826,0.7949,0.7220,0.6627,0.6161,0.5726,0.5327,0.4979,0.4712,0.4518,0.4344,0.4190,0.4056,0.3936,0.3799,0.3695,0.3652,0.3591,0.3534,0.3477,0.3431,0.3381,0.3334,0.3288,0.3252,0.3212,0.3174,0.3136,0.3106,0.3073,0.3040,0.3008,0.2983,0.2953,0.2925,0.2896,0.2874,0.2848,0.2823,0.2796,0.2777,0.2754,0.2731,0.2707,0.2690,0.2668,0.2647,0.2625,0.2610,0.2590,0.2363,10.0212,10.5053,10.6915,12.3193,16.1857,23.0173,32.1666,42.2767,53.0908,63.0221,49.6198,45.2397,45.6933,48.5919,54.1868,61.6634,70.0173,82.0306,96.5924,93.7736,65.2709,37.2869,25.3211,21.2612,18.4328,15.8953,13.5653,11.4842,9.6598,8.0868,6.7462,5.6143,4.6657,3.8751,3.2190,2.6764,2.2291,1.8610,1.5588,1.3108,1.1077,0.9414,0.8053,0.6940,0.6031,0.5286,0.4677,0.4177,0.3769,0.3434,0.3160,0.2934,0.2749,0.2594,0.2469,0.2366,0.2279,0.2206,0.2146,0.2095,0.2052,0.2015,0.1984,0.1957,0.1934,0.1913,0.1895,0.1878,0.1864,0.1850,0.1838,0.1827,0.1816,0.1806,0.1797,0.1787,0.1779,0.1771,0.1763,0.1754,0.1747,0.1740,0.1733,0.1725,0.1718
14,1,2,0,0,31,575.195510,0.1711,0.1704,0.1697,0.1691,0.1684,0.1678,0.1671,0.1665,0.1658,0.1652,0.1645,0.1639,0.1633,0.1627,0.1661,-339.7945,-384.6071,-393.3267,-360.7626,-216.6533,95.4780,489.8479,850.5999,1312.0380,1863.0828,2136.3381,1590.7943,1161.2023,859.3334,695.0115,608.9004,547.7568,474.2722,424.9087,460.9531,549.0183,616.0888,625.5734,586.9490,539.2693,501.5466,462.5148,415.4021,368.5705,330.0586,299.8993,280.5732,273.2867,273.1871,282.5724,307.6187,341.4029,372.3258,404.1197,444.6735,484.5391,507.1157,508.6409,490.0776,457.4062,437.4711,446.8904,462.9650,484.8516,540.4136,619.5088,691.3336,729.2601,717.0765,674.7136,634.1040,599.0125,571.0145,568.4567,581.3542,561.0035,509.1149,460.6624,415.8537,374.2696,327.7482,277.9979,244.3823,223.0587,205.8442,193.4565,185.4535,182.5049,187.6424,195.7672,191.2993,177.1918,168.9669,165.8614,165.8703,168.8102,161.6567,146.2130,138.7500,140.3217,147.2110,158.0487,164.0106,155.3484,143.1302,142.3196,136.5415,117.1775,101.5224,93.4912,89.3661,90.8464,91.5920,80.4729,62.7198,50.1452,42.0173,34.6401,28.1303,22.6845,18.1688,14.5127,11.5768,9.2459,7.4035,5.9547,4.8168,3.9242,3.2239,2.6736,2.2393,1.8959,1.6233,1.4063,1.2326,1.0929,0.9798,0.8878,0.8122,0.7499,0.6980,0.6544,0.6176,0.5862,0.5592,0.5358,0.5152,0.4972,0.4811,0.4668,0.4538,0.4420,0.4312,0.4214,0.4122,0.4037,0.3957,0.3883,0.3813,0.3747,0.3685,0.3626,0.3569,0.3515,0.3463,0.3413,0.3365,0.3320,0.3275,0.3233,0.3192,0.3152,0.3114,0.3076,0.3040,0.3005,0.2971,0.2938,0.2905,0.2874,0.2843,0.2813,0.2784,0.2756,0.2728,0.2701,0.2674,0.2648,0.2623,0.2598,0.2574,0.2550,0.2527,0.2504,0.2482,0.2460,0.2438,0.2418,0.2397,0.2377,0.2357,0.2338,0.2318,0.2300,0.2281,0.2263,0.2245,0.2228,0.2210,0.2194,0.2177,0.2161,0.2144,0.2129,0.2088,204.3151,190.2088,197.2697,231.3183,301.3178,419.1677,577.1874,758.2802,961.4908,1153.4167,1048.5020,1369.0282,1740.7330,1920.8457,1764.8015,1282.5601,747.6313,466.8494,366.2438,290.7101,208.5728,131.7867,81.9819,50.8077,31.9651,21.1486,14.4655,10.4594,7.7813,6.0412,4.7783,3.8848,3.1942,2.6777,2.2638,1.9411,1.6767,1.4647,1.2864,1.1414,1.0249,0.9301,0.8473,0.7788,0.7196,0.6696,0.6265,0.5899,0.5580,0.5301,0.5055,0.4842,0.4642,0.4506,0.4363,0.4202,0.4075,0.3965,0.3862,0.3772,0.3685,0.3605,0.3530,0.3461,0.3396,0.3303,0.3233,0.3216,0.3179,0.3143,0.3101,0.3064,0.3022,0.2986,0.2946,0.2910,0.2872,0.2839,0.2804,0.2772,0.2736,0.2707,0.2675,0.2647,0.2617,0.2590,0.2559,0.2534,0.2507,0.2483,0.2457,0.2435,0.2408,0.2387,0.2363,0.2343,0.2320,0.2301,0.2277,0.2052,-27.6288,-30.8901,-30.9501,-27.7550,-12.2456,21.8232,57.6612,83.8376,103.5347,118.3997,181.9844,189.9993,177.3267,166.8224,137.1667,86.7219,49.3668,27.1237,13.8213,7.4014,3.7716,2.1867,1.2286,0.8477,0.5778,0.4835,0.3976,0.3714,0.3389,0.3290,0.3139,0.3081,0.2993,0.2947,0.2885,0.2844,0.2795,0.2756,0.2715,0.2679,0.2642,0.2608,0.2574,0.2542,0.2511,0.2481,0.2452,0.2424,0.2397,0.2370,0.2345,0.2320,0.2296,0.2272,0.2249,0.2227,0.2205,0.2184,0.2163,0.2143,0.2124,0.2105,0.2086,0.2068,0.2049,0.2032,0.2015,0.1998,0.1982,0.1966,0.1944,0.1930,0.1933,0.1923,0.1893,0.1876,0.1871,0.1862,0.1851,0.1839,0.1827,0.1814,0.1802,0.1790,0.1777
15,1,30,0,0,15,470.639389,0.1765,0.1753,0.1742,0.1730,0.1719,0.1708,0.1697,0.1686,0.1676,0.1665,0.1655,0.1645,0.1635,0.1625,0.1613,-337.7874,-380.8337,-389.0151,-356.5829,-214.1098,91.8822,475.7002,824.5259,1275.6790,1830.0004,2105.1753,1517.7885,1071.9791,763.3109,576.2186,450.8317,379.1378,354.5535,362.8796,421.3969,568.0755,741.8254,787.3182,708.6772,626.3030,572.5069,532.2878,496.7633,456.3711,420.2390,363.8455,272.6715,209.1130,194.4257,196.9296,204.8713,216.4584,228.1674,229.1820,217.1324,210.3387,217.4678,228.0794,234.6323,237.8502,241.1390,248.7963,261.0796,273.9573,280.9149,284.4785,286.4246,275.5163,261.9418,260.9566,261.7408,248.9185,220.8096,197.8334,194.1815,201.3016,212.8794,230.7325,249.9787,252.8565,230.6068,198.9899,176.2849,169.1668,176.4601,188.1533,192.6426,190.3137,189.6625,185.3441,168.4361,151.8833,150.3049,154.2626,149.9717,142.4452,141.1363,145.1486,151.9821,160.6499,160.9636,145.5703,126.8800,114.8597,106.3862,101.7527,99.6224,92.8480,78.3735,60.5229,45.7205,35.9773,29.6745,25.1064,21.4891,18.4837,15.9381,13.7649,11.9080,10.3140,8.9467,7.7724,6.7668,5.9015,5.1549,4.5137,3.9624,3.4879,3.0793,2.7270,2.4231,2.1607,1.9340,1.7378,1.5679,1.4206,1.2927,1.1816,1.0848,1.0005,0.9268,0.8624,0.8060,0.7564,0.7129,0.6744,0.6405,0.6103,0.5836,0.5597,0.5384,0.5193,0.5022,0.4867,0.4727,0.4600,0.4484,0.4380,0.4283,0.4192,0.4108,0.4031,0.3959,0.3892,0.3829,0.3770,0.3714,0.3662,0.3612,0.3565,0.3520,0.3477,0.3436,0.3396,0.3358,0.3322,0.3286,0.3252,0.3220,0.3188,0.3156,0.3126,0.3097,0.3069,0.3041,0.3014,0.2988,0.2962,0.2937,0.2912,0.2888,0.2865,0.2842,0.2819,0.2797,0.2775,0.2754,0.2733,0.2712,0.2692,0.2673,0.2653,0.2634,0.2615,0.2597,0.2579,0.2561,0.2544,0.2526,0.2509,0.2492,0.2476,0.2460,0.2444,0.2420,203.9011,190.2821,197.3857,231.4703,301.4590,419.2252,577.2863,758.7039,962.3823,1154.7819,1046.2743,1358.3177,1723.9965,1894.8223,1716.2677,1194.0754,616.3149,317.5469,219.2866,159.9609,123.1540,100.6836,89.8755,79.2086,59.5171,38.5836,26.4623,21.1110,17.5647,14.7268,12.3495,10.3454,8.6615,7.2498,6.0672,5.0825,4.2672,3.5887,3.0249,2.5575,2.1696,1.8490,1.5831,1.3637,1.1816,1.0309,0.9058,0.8003,0.7140,0.6471,0.5878,0.5354,0.4940,0.4581,0.4253,0.3987,0.3761,0.3573,0.3410,0.3270,0.3148,0.3043,0.2949,0.2867,0.2792,0.2728,0.2667,0.2614,0.2563,0.2519,0.2476,0.2438,0.2400,0.2368,0.2306,0.2271,0.2272,0.2263,0.2245,0.2228,0.2206,0.2187,0.2164,0.2116,0.2087,0.2134,0.2135,0.2064,0.2027,0.2039,0.2031,0.2024,0.2011,0.2001,0.1986,0.1974,0.1959,0.1948,0.1933,0.1731,10.1895,10.4413,10.6278,12.2561,16.1233,22.9559,32.1054,42.2132,53.0245,62.9543,49.5504,45.1738,45.6304,48.5310,54.1250,61.6019,69.9618,81.9869,96.5877,93.7549,65.3077,37.3652,25.2928,21.1917,18.3702,15.8365,13.5102,11.4303,9.6067,8.0341,6.6939,5.5623,4.6139,3.8237,3.1681,2.6258,2.1788,1.8110,1.5090,1.2613,1.0584,0.8924,0.7566,0.6456,0.5549,0.4807,0.4200,0.3704,0.3298,0.2965,0.2694,0.2470,0.2287,0.2136,0.2013,0.1911,0.1827,0.1757,0.1699,0.1650,0.1610,0.1575,0.1546,0.1521,0.1500,0.1481,0.1465,0.1451,0.1439,0.1427,0.1417,0.1407,0.1399,0.1391,0.1383,0.1376,0.1370,0.1363,0.1357,0.1351,0.1345,0.1339,0.1334,0.1328,0.1323
16,1,24,0,0,16,511.319296,0.1318,0.1313,0.1308,0.1303,0.1298,0.1293,0.1288,0.1284,0.1278,0.1274,0.1269,0.1265,0.1260,0.1256,0.1292,-339.8548,-384.8043,-393.6111,-361.0772,-217.0034,95.0686,489.0662,849.3766,1310.8992,1856.8322,2100.5793,1549.2689,1116.8362,806.4047,619.8760,494.7769,394.1812,301.6699,241.8682,247.9602,275.5885,274.7634,266.6704,265.5364,253.7114,229.5398,210.3317,210.4044,224.9064,236.4628,233.1820,221.8596,214.4801,214.2885,227.5302,260.4249,299.1659,327.4099,353.3059,390.9298,434.8739,466.4650,470.3412,449.8614,417.2013,390.9186,389.1485,401.7249,423.4770,469.3217,529.6962,576.7211,588.0143,552.1944,482.1975,419.5446,388.2160,370.2032,355.8132,349.4618,330.0795,290.6196,260.0306,243.6784,226.9837,208.2418,196.2894,193.2242,194.5799,200.5806,210.9583,224.1330,235.3270,241.9427,240.6168,226.6312,217.3599,221.5475,214.3089,185.3672,152.3202,126.5473,108.0428,95.4075,87.3476,82.8747,80.8248,80.3362,80.0898,77.2103,70.0286,60.3135,50.9143,43.1201,36.8722,31.7432,27.3968,23.6428,20.3777,17.5392,15.0790,12.9561,11.1308,9.5676,8.2319,7.0939,6.1252,5.3021,4.6027,4.0091,3.5048,3.0766,2.7123,2.4028,2.1386,1.9139,1.7214,1.5571,1.4159,1.2949,1.1903,1.1004,1.0222,0.9546,0.8955,0.8441,0.7987,0.7591,0.7238,0.6929,0.6650,0.6404,0.6180,0.5982,0.5799,0.5636,0.5485,0.5348,0.5220,0.5105,0.4995,0.4895,0.4800,0.4713,0.4629,0.4552,0.4477,0.4408,0.4340,0.4278,0.4216,0.4159,0.4102,0.4049,0.3997,0.3948,0.3899,0.3854,0.3808,0.3766,0.3723,0.3683,0.3642,0.3605,0.3566,0.3531,0.3494,0.3460,0.3425,0.3393,0.3360,0.3329,0.3297,0.3268,0.3238,0.3210,0.3180,0.3154,0.3125,0.3100,0.3073,0.3048,0.3022,0.2998,0.2973,0.2950,0.2926,0.2904,0.2880,0.2859,0.2837,0.2816,0.2794,0.2774,0.2753,0.2734,0.2714,0.2695,0.2675,0.2528,204.2491,190.4397,197.5137,231.6434,301.6754,419.2186,576.2661,755.5129,955.7610,1143.7256,1030.9834,1369.8673,1783.5537,1991.5945,1817.4034,1294.3231,724.3583,428.1364,336.4225,290.5766,257.8991,237.2130,239.3828,227.7426,170.4199,102.1819,64.8458,51.8627,43.9722,37.4887,31.7470,26.7460,22.4166,18.7231,15.5904,12.9576,10.7515,8.9162,7.3989,6.1456,5.1079,4.2538,3.5503,2.9733,2.4990,2.1101,1.7907,1.5290,1.3141,1.1376,0.9923,0.8729,0.7764,0.6957,0.6264,0.5715,0.5231,0.4851,0.4565,0.4318,0.4109,0.3935,0.3780,0.3651,0.3537,0.3441,0.3354,0.3282,0.3214,0.3158,0.3104,0.3058,0.3014,0.2976,0.2938,0.2906,0.2872,0.2845,0.2816,0.2791,0.2763,0.2741,0.2716,0.2695,0.2672,0.2653,0.2631,0.2613,0.2592,0.2575,0.2555,0.2539,0.2520,0.2505,0.2486,0.2471,0.2454,0.2439,0.2422,0.2221,-17.1485,-20.6249,-20.4933,-15.6655,3.7172,44.6264,89.6160,125.8979,156.4069,181.1942,231.3541,235.0181,222.7985,215.1539,191.0690,148.1317,119.1596,108.9536,110.2575,101.0069,68.9283,39.4010,26.3818,21.9037,18.8134,16.1865,13.7749,11.6701,9.8157,8.2347,6.8807,5.7446,4.7885,3.9944,3.3335,2.7880,2.3370,1.9662,1.6609,1.4104,1.2047,1.0360,0.8976,0.7841,0.6910,0.6145,0.5517,0.5000,0.4574,0.4222,0.3931,0.3690,0.3490,0.3322,0.3182,0.3064,0.2964,0.2879,0.2807,0.2744,0.2682,0.2636,0.2616,0.2583,0.2532,0.2498,0.2490,0.2467,0.2426,0.2400,0.2398,0.2381,0.2345,0.2324,0.2324,0.2310,0.2278,0.2260,0.2255,0.2245,0.2234,0.2221,0.2208,0.2195,0.2183
17,1,7,0,0,2,488.579130,0.2170,0.2157,0.2145,0.2133,0.2121,0.2109,0.2097,0.2086,0.2075,0.2064,0.2053,0.2042,0.2032,0.2021,0.2049,-339.8415,-384.5447,-393.2815,-360.7400,-216.6819,95.4117,489.7633,850.1398,1310.9644,1866.9540,2172.1606,1640.5256,1227.6173,948.7819,817.9404,787.3736,780.1704,725.6638,686.1879,761.6926,893.0591,958.6908,919.1132,813.3141,691.3535,586.1678,515.9133,480.0236,464.2849,449.5049,423.1864,396.7189,383.4536,356.6781,319.4015,317.1518,340.8586,356.7143,354.9776,342.3622,334.0794,332.2400,330.5674,326.6369,319.8387,311.7794,288.4596,248.3718,219.0832,205.5857,195.6642,181.8102,164.2216,154.2530,155.7355,157.5506,149.4398,136.2098,126.8162,119.5872,112.2359,105.6888,100.6076,97.7005,97.7977,101.7606,109.1964,118.2991,125.2617,125.6069,117.6583,105.7233,98.0120,100.2265,109.3150,118.4552,127.9127,139.9927,143.7931,124.8315,89.1095,56.2055,34.9507,22.7525,16.1686,12.1600,9.3539,7.2738,5.7053,4.5187,3.6208,2.9409,2.4254,2.0331,1.7336,1.5036,1.3260,1.1875,1.0789,0.9927,0.9236,0.8674,0.8213,0.7829,0.7505,0.7228,0.6988,0.6778,0.6592,0.6425,0.6273,0.6135,0.6007,0.5890,0.5779,0.5676,0.5579,0.5487,0.5399,0.5316,0.5237,0.5161,0.5088,0.5017,0.4950,0.4885,0.4822,0.4761,0.4702,0.4645,0.4590,0.4536,0.4484,0.4433,0.4384,0.4336,0.4289,0.4243,0.4199,0.4155,0.4113,0.4071,0.4031,0.3991,0.3953,0.3915,0.3878,0.3842,0.3806,0.3771,0.3737,0.3704,0.3671,0.3639,0.3608,0.3577,0.3547,0.3517,0.3488,0.3459,0.3431,0.3403,0.3376,0.3349,0.3323,0.3297,0.3272,0.3247,0.3222,0.3198,0.3174,0.3151,0.3128,0.3105,0.3083,0.3061,0.3039,0.3018,0.2997,0.2976,0.2955,0.2935,0.2916,0.2896,0.2877,0.2858,0.2839,0.2821,0.2802,0.2784,0.2767,0.2749,0.2732,0.2715,0.2698,0.2682,0.2665,0.2649,0.2633,0.2602,204.3722,190.3714,197.4366,231.5268,301.5433,419.2322,576.7523,756.9514,959.0355,1149.9489,1041.6487,1358.9708,1731.0499,1909.3868,1745.0770,1242.2520,677.4541,381.0821,281.5564,217.6785,166.2539,126.6633,104.7022,87.0371,63.1856,40.3672,27.4082,21.6330,17.8129,14.8599,12.4202,10.4052,8.7215,7.3240,6.1581,5.1908,4.3833,3.7147,3.1650,2.7110,2.3312,2.0168,1.7551,1.5387,1.3581,1.2081,1.0826,0.9780,0.8901,0.8159,0.7530,0.6999,0.6564,0.6219,0.5878,0.5551,0.5256,0.4990,0.4809,0.4690,0.4563,0.4446,0.4335,0.4234,0.4138,0.4052,0.3968,0.3893,0.3820,0.3754,0.3689,0.3630,0.3571,0.3518,0.3464,0.3417,0.3369,0.3324,0.3278,0.3237,0.3195,0.3157,0.3118,0.3083,0.3046,0.3013,0.2977,0.2946,0.2914,0.2884,0.2853,0.2825,0.2796,0.2769,0.2741,0.2716,0.2689,0.2665,0.2639,0.2441,1.0026,0.1382,0.3056,2.9996,12.0390,30.2311,51.3251,70.1555,87.5345,102.4154,110.1945,108.5063,104.7316,104.0930,99.7840,90.4700,86.3893,90.9980,101.1305,96.1689,66.4559,37.9470,25.6663,21.4801,18.5622,15.9927,13.6337,11.5445,9.7102,8.1344,6.7893,5.6559,4.7046,3.9126,3.2547,2.7109,2.2622,1.8929,1.5895,1.3404,1.1363,0.9689,0.8319,0.7196,0.6277,0.5524,0.4907,0.4400,0.3984,0.3642,0.3361,0.3128,0.2936,0.2777,0.2645,0.2534,0.2442,0.2364,0.2299,0.2242,0.2192,0.2151,0.2124,0.2093,0.2059,0.2033,0.2018,0.1998,0.1973,0.1955,0.1946,0.1932,0.1913,0.1898,0.1885,0.1872,0.1860,0.1848,0.1838,0.1827,0.1816,0.1806,0.1796,0.1786,0.1777
18,1,12,0,0,29,564.461027,0.1767,0.1758,0.1748,0.1740,0.1731,0.1722,0.1713,0.1705,0.1696,0.1688,0.1680,0.1672,0.1664,0.1656,0.1688,-339.6025,-384.1515,-392.8006,-360.2498,-216.3314,95.0772,488.2760,847.9478,1308.6196,1859.0391,2124.2322,1570.3684,1134.5787,825.3550,649.7658,545.8998,471.1778,400.7071,358.6774,390.9195,472.3849,534.5753,539.4172,507.3325,480.0481,466.8438,450.6977,424.7315,397.0613,372.3042,350.7216,336.9067,332.1095,332.0166,334.3515,341.3691,356.3481,374.5863,389.3480,393.6588,383.7228,368.2885,362.4706,369.4188,379.5806,397.9463,438.7185,491.6230,527.8654,541.4059,543.6071,534.3886,513.7263,494.4707,477.6863,452.7013,435.1766,429.5407,425.2473,428.0633,426.2025,419.0706,427.8151,437.3466,419.9923,394.2041,383.4517,374.4654,372.3526,381.1057,378.1165,363.6488,340.5993,314.7764,294.6521,265.6490,221.5180,177.4294,149.4302,138.6521,134.2319,134.0165,143.1914,152.2559,144.6100,126.0613,109.1143,98.7802,101.2876,106.2718,99.4464,88.2322,81.3703,77.3713,76.4650,80.1001,81.6491,71.3528,55.3466,44.7796,37.8226,31.2531,25.4875,20.5945,16.5275,13.2117,10.5426,8.4154,6.7317,5.4048,4.3624,3.5435,2.9012,2.3959,1.9985,1.6844,1.4360,1.2381,1.0805,0.9538,0.8519,0.7689,0.7015,0.6458,0.6000,0.5617,0.5297,0.5024,0.4793,0.4593,0.4421,0.4269,0.4137,0.4018,0.3913,0.3817,0.3731,0.3651,0.3579,0.3511,0.3449,0.3389,0.3336,0.3282,0.3235,0.3186,0.3143,0.3099,0.3060,0.3020,0.2983,0.2946,0.2912,0.2877,0.2845,0.2812,0.2782,0.2751,0.2723,0.2693,0.2667,0.2639,0.2613,0.2587,0.2563,0.2537,0.2514,0.2490,0.2468,0.2444,0.2423,0.2401,0.2381,0.2359,0.2340,0.2319,0.2300,0.2280,0.2263,0.2243,0.2226,0.2207,0.2191,0.2173,0.2157,0.2139,0.2124,0.2107,0.2092,0.2076,0.2062,0.2046,0.2032,0.2017,0.2003,0.1988,0.1975,0.1961,0.1948,0.2054,203.5732,190.1929,197.2554,231.3045,301.3034,419.1486,577.1600,758.2490,961.4481,1153.3295,1049.9574,1382.2677,1774.0710,1970.9124,1817.2520,1338.0365,815.5036,541.4467,443.1978,369.8819,280.7656,194.0617,141.7117,105.8120,71.7210,43.9847,28.4389,21.5920,17.2237,14.1233,11.6292,9.6645,8.0326,6.7122,5.6102,4.7092,3.9586,3.3426,2.8284,2.4062,2.0610,1.7783,1.5412,1.3464,1.1839,1.0496,0.9376,0.8448,0.7670,0.7019,0.6470,0.6009,0.5634,0.5340,0.5045,0.4726,0.4456,0.4301,0.4186,0.4073,0.3962,0.3866,0.3773,0.3690,0.3611,0.3542,0.3474,0.3414,0.3354,0.3302,0.3249,0.3203,0.3155,0.3113,0.3069,0.3030,0.2989,0.2955,0.2918,0.2884,0.2848,0.2818,0.2786,0.2757,0.2726,0.2699,0.2670,0.2644,0.2616,0.2592,0.2565,0.2543,0.2517,0.2496,0.2471,0.2451,0.2427,0.2408,0.2385,0.2135,-13.4159,-15.3827,-15.3294,-12.3842,-0.1056,26.0318,54.4973,76.9957,95.5314,110.3939,146.0660,149.2366,141.0091,135.3873,118.3724,88.5278,67.8384,59.0395,57.4829,51.7905,35.1500,20.1231,13.4551,11.1517,9.5613,8.2313,7.0108,5.9533,5.0203,4.2275,3.5475,2.9780,2.4980,2.0998,1.7678,1.4939,1.2671,1.0806,0.9269,0.8006,0.6967,0.6114,0.5412,0.4835,0.4360,0.3969,0.3646,0.3379,0.3158,0.2974,0.2821,0.2693,0.2585,0.2494,0.2416,0.2350,0.2293,0.2244,0.2201,0.2163,0.2125,0.2096,0.2083,0.2062,0.2027,0.2004,0.1996,0.1980,0.1951,0.1932,0.1928,0.1915,0.1890,0.1874,0.1871,0.1860,0.1836,0.1822,0.1816,0.1807,0.1797,0.1787,0.1776,0.1765,0.1754
19,1,11,0,0,18,587.973958,0.1744,0.1733,0.1723,0.1713,0.1703,0.1693,0.1683,0.1674,0.1664,0.1655,0.1646,0.1637,0.1628,0.1619,0.1629,-338.3667,-381.8458,-390.1534,-357.6778,-214.7510,92.9605,479.7973,831.8559,1285.5352,1841.7427,2134.2507,1564.1438,1128.4370,830.9739,666.4152,578.8123,535.6985,506.6686,503.8751,578.3580,749.5313,936.7391,996.9766,926.6965,819.4054,691.0977,541.5316,416.8346,342.5724,310.0193,302.6776,309.3775,328.5805,351.9462,340.1636,301.3029,289.2839,296.3497,293.2453,283.0270,273.8283,265.3893,261.0044,260.3752,259.4574,259.4416,267.7027,290.3430,323.5980,355.4521,382.5230,394.7410,384.1355,374.2582,380.6197,395.8000,405.8726,411.7118,426.9881,449.0551,458.8289,445.2197,421.6033,403.1195,390.9408,387.9646,399.7901,424.2115,454.5760,468.1129,444.4635,411.2255,387.6708,361.1070,337.2505,320.2438,304.6215,294.3683,295.2219,304.3030,304.8949,284.9169,259.8704,250.2802,256.7965,264.6297,259.1559,241.0009,224.0094,222.1750,238.4783,256.6608,251.0465,218.3793,181.0862,154.7461,139.2407,132.9571,135.3745,139.0788,131.9603,115.4469,95.6348,76.3128,62.7929,52.1977,42.3655,34.1981,27.3519,21.8165,17.3633,13.8391,11.0617,8.8884,7.1909,5.8674,4.8348,4.0277,3.3949,2.8967,2.5027,2.1888,1.9372,1.7338,1.5682,1.4319,1.3188,1.2239,1.1439,1.0753,1.0163,0.9649,0.9200,0.8801,0.8448,0.8130,0.7845,0.7584,0.7349,0.7132,0.6934,0.6749,0.6580,0.6421,0.6274,0.6136,0.6008,0.5885,0.5772,0.5663,0.5562,0.5464,0.5373,0.5285,0.5202,0.5121,0.5046,0.4972,0.4903,0.4835,0.4771,0.4708,0.4648,0.4589,0.4534,0.4479,0.4427,0.4375,0.4326,0.4277,0.4231,0.4185,0.4141,0.4097,0.4056,0.4014,0.3975,0.3935,0.3897,0.3859,0.3824,0.3787,0.3753,0.3718,0.3685,0.3652,0.3620,0.3588,0.3558,0.3527,0.3498,0.3468,0.3440,0.3411,0.3385,0.3357,0.3331,0.3304,0.3279,0.3321,204.8030,190.4606,197.5414,231.6488,301.6610,419.3048,576.8279,757.1508,959.3907,1150.3792,1042.5142,1373.7607,1773.1744,1971.3099,1798.7888,1280.3257,711.8400,416.5495,322.5941,270.4066,231.2259,204.1013,197.9605,183.3330,136.0227,82.8855,54.1387,43.5166,36.7692,31.2580,26.4381,22.2784,18.6984,15.6568,13.0823,10.9213,9.1102,7.6028,6.3558,5.3244,4.4680,3.7613,3.1772,2.6966,2.2997,1.9728,1.7030,1.4805,1.2966,1.1443,1.0180,0.9134,0.8276,0.7589,0.6971,0.6385,0.5899,0.5565,0.5299,0.5061,0.4848,0.4666,0.4503,0.4362,0.4235,0.4125,0.4023,0.3935,0.3852,0.3779,0.3709,0.3648,0.3587,0.3534,0.3481,0.3434,0.3386,0.3345,0.3303,0.3264,0.3224,0.3190,0.3154,0.3122,0.3087,0.3058,0.3026,0.2997,0.2967,0.2941,0.2912,0.2887,0.2860,0.2836,0.2810,0.2788,0.2762,0.2741,0.2717,0.2499,-0.6837,0.2676,0.2622,0.2579,0.2545,0.2516,0.2491,0.2467,0.2445,0.2426,0.2505,0.2386,0.2368,0.2351,0.2333,0.2317,0.2300,0.2284,0.2269,0.2253,0.2238,0.2223,0.2209,0.2195,0.2181,0.2167,0.2153,0.2140,0.2127,0.2114,0.2101,0.2088,0.2076,0.2064,0.2052,0.2040,0.2028,0.2016,0.2005,0.1994,0.1983,0.1972,0.1961,0.1950,0.1939,0.1929,0.1919,0.1908,0.1898,0.1888,0.1879,0.1869,0.1859,0.1850,0.1841,0.1831,0.1822,0.1813,0.1804,0.1795,0.1787,0.1778,0.1769,0.1761,0.1752,0.1744,0.1736,0.1728,0.1720,0.1712,0.1704,0.1696,0.1689,0.1681,0.1673,0.1666,0.1659,0.1651,0.1644,0.1637,0.1630,0.1623,0.1616,0.1609,0.1602
20,0,11,0,0,18,303.929041,0.1595,0.1588,0.1582,0.1575,0.1569,0.1562,0.1556,0.1549,0.1543,0.1537,0.1531,0.1524,0.1518,0.1512,0.1507,-339.5116,-384.4185,-393.1602,-360.6291,-216.6830,94.9067,488.2351,847.9046,1308.8524,1857.0579,2111.3210,1558.5380,1124.8911,816.0231,635.0406,520.4120,432.6308,349.2116,295.1341,302.1380,327.7189,329.3570,304.9350,256.2906,194.1191,139.2337,97.0038,63.5309,39.6908,24.0227,14.4724,8.9011,5.6949,3.8341,2.7249,2.0388,1.5953,1.2920,1.0763,0.9193,0.7982,0.7008,0.6238,0.5646,0.5156,0.4721,0.4360,0.4087,0.3872,0.3686,0.3526,0.3386,0.3261,0.3152,0.3056,0.2972,0.2896,0.2827,0.2766,0.2710,0.2660,0.2612,0.2567,0.2525,0.2488,0.2452,0.2419,0.2386,0.2356,0.2326,0.2299,0.2272,0.2246,0.2221,0.2197,0.2172,0.2151,0.2131,0.2112,0.2091,0.2072,0.2052,0.2034,0.2016,0.1998,0.1980,0.1964,0.1948,0.1931,0.1915,0.1901,0.1886,0.1871,0.1857,0.1843,0.1829,0.1816,0.1803,0.1790,0.1778,0.1765,0.1753,0.1742,0.1730,0.1718,0.1707,0.1697,0.1686,0.1675,0.1664,0.1654,0.1644,0.1635,0.1625,0.1615,0.1606,0.1597,0.1587,0.1578,0.1570,0.1559,0.1550,0.1547,0.1540,0.1527,0.1518,0.1515,0.1508,0.1496,0.1487,0.1481,0.1475,0.1469,0.1462,0.1455,0.1447,0.1441,0.1434,0.1427,0.1421,0.1414,0.1407,0.1401,0.1394,0.1388,0.1382,0.1376,0.1370,0.1364,0.1358,0.1352,0.1346,0.1341,0.1335,0.1329,0.1323,0.1318,0.1312,0.1307,0.1302,0.1297,0.1291,0.1286,0.1281,0.1276,0.1271,0.1266,0.1261,0.1257,0.1251,0.1246,0.1241,0.1237,0.1232,0.1228,0.1223,0.1219,0.1214,0.1210,0.1206,0.1201,0.1197,0.1192,0.1188,0.1184,0.1180,0.1176,0.1172,0.1168,0.1164,0.1160,0.1155,0.1152,0.1148,0.1144,0.1140,0.1137,0.1133,0.1129,0.1135,204.2509,190.1868,197.2614,231.3478,301.3591,419.0706,576.6886,757.0450,959.0529,1149.3636,1037.5363,1342.6433,1694.4216,1853.7296,1677.9919,1165.6418,593.2101,295.1833,194.5364,129.8736,87.1621,58.7309,40.2586,28.0868,20.0789,14.6695,10.9748,8.3749,6.5178,5.1521,4.1343,3.3508,2.7443,2.2675,1.8895,1.5862,1.3414,1.1423,0.9796,0.8448,0.7354,0.6492,0.5740,0.5099,0.4572,0.4137,0.3770,0.3466,0.3207,0.2990,0.2803,0.2646,0.2509,0.2393,0.2290,0.2203,0.2123,0.2056,0.1994,0.1939,0.1889,0.1845,0.1803,0.1766,0.1731,0.1700,0.1669,0.1643,0.1616,0.1592,0.1568,0.1548,0.1525,0.1507,0.1487,0.1470,0.1451,0.1436,0.1418,0.1405,0.1388,0.1375,0.1360,0.1348,0.1333,0.1322,0.1308,0.1298,0.1285,0.1275,0.1263,0.1253,0.1242,0.1233,0.1222,0.1213,0.1172,0.1156,0.1179,0.0977,6.5192,5.1238,5.3906,8.9027,19.8740,41.4774,67.1508,91.0398,113.8210,133.6750,134.7646,130.8877,127.3532,128.2462,126.7790,121.1529,121.2271,131.8442,149.3077,142.9097,99.0307,56.5962,38.1541,31.8706,27.5508,23.7212,20.2044,17.0780,14.3340,11.9737,9.9600,8.2622,6.8380,5.6519,4.6673,3.8536,3.1824,2.6304,2.1771,1.8053,1.5007,1.2514,1.0475,0.8807,0.7444,0.6329,0.5419,0.4673,0.4065,0.3565,0.3157,0.2822,0.2548,0.2322,0.2137,0.1983,0.1858,0.1753,0.1664,0.1592,0.1541,0.1492,0.1442,0.1405,0.1382,0.1356,0.1326,0.1305,0.1296,0.1280,0.1260,0.1246,0.1243,0.1232,0.1216,0.1206,0.1203,0.1196,0.1192,0.1184,0.1172,0.1163,0.1157,0.1149,0.1144
21,1,16,0,0,30,444.265044,0.1137,0.1132,0.1126,0.1121,0.1115,0.1110,0.1104,0.1100,0.1094,0.1090,0.1084,0.1080,0.1075,0.1071,0.1126,-339.9674,-384.6391,-393.3590,-360.7986,-216.7090,95.3324,489.5243,850.3040,1311.9998,1860.5331,2116.4463,1563.9946,1127.6501,815.2111,634.0630,520.5967,434.0589,354.5988,305.2146,329.3925,396.1445,435.3138,432.2812,419.7513,427.5846,456.3130,486.2178,501.3759,501.4646,485.2688,442.6402,385.9928,337.4720,302.3235,284.2275,287.1369,298.5400,303.4014,306.7751,319.3454,341.8921,369.6654,389.5809,389.8692,370.5982,341.5163,312.9768,284.3485,269.1056,285.6049,317.3985,340.3472,340.9375,319.5448,298.3291,291.5303,286.8387,275.0817,267.8663,259.2337,227.1276,183.0638,148.2185,119.8271,91.2877,67.0047,52.6299,42.9866,34.4086,27.5158,21.8456,17.3301,13.7273,10.8966,8.6736,6.9388,5.5841,4.5272,3.7009,3.0531,2.5436,2.1405,1.8204,1.5643,1.3584,1.1915,1.0555,0.9435,0.8509,0.7736,0.7087,0.6536,0.6067,0.5664,0.5317,0.5014,0.4751,0.4517,0.4313,0.4129,0.3967,0.3820,0.3689,0.3569,0.3462,0.3362,0.3273,0.3189,0.3114,0.3045,0.2980,0.2917,0.2860,0.2804,0.2754,0.2705,0.2661,0.2617,0.2577,0.2538,0.2502,0.2467,0.2434,0.2401,0.2371,0.2341,0.2313,0.2285,0.2259,0.2233,0.2208,0.2183,0.2161,0.2137,0.2116,0.2094,0.2073,0.2052,0.2033,0.2013,0.1995,0.1975,0.1958,0.1939,0.1923,0.1905,0.1889,0.1872,0.1857,0.1841,0.1826,0.1810,0.1796,0.1781,0.1767,0.1753,0.1740,0.1726,0.1713,0.1700,0.1687,0.1674,0.1663,0.1650,0.1638,0.1626,0.1615,0.1603,0.1593,0.1581,0.1571,0.1560,0.1550,0.1539,0.1529,0.1519,0.1509,0.1499,0.1490,0.1480,0.1471,0.1461,0.1453,0.1443,0.1435,0.1426,0.1418,0.1409,0.1401,0.1392,0.1385,0.1376,0.1369,0.1361,0.1353,0.1345,0.1338,0.1330,0.1323,0.1310,203.8860,190.1687,197.2292,231.2964,301.3056,419.0801,576.8298,757.3956,959.8092,1150.7461,1042.9843,1358.6060,1723.5804,1895.3666,1729.5078,1236.5830,692.3150,407.6073,307.2920,235.7484,167.0390,106.4944,67.2155,42.4835,27.3333,18.3931,12.7681,9.2887,6.9347,5.3651,4.2245,3.4038,2.7731,2.2979,1.9203,1.6255,1.3861,1.1946,1.0371,0.9078,0.8020,0.7176,0.6430,0.5855,0.5376,0.4925,0.4566,0.4293,0.4042,0.3848,0.3656,0.3461,0.3324,0.3193,0.3050,0.2938,0.2839,0.2756,0.2681,0.2614,0.2552,0.2497,0.2444,0.2398,0.2352,0.2311,0.2271,0.2235,0.2198,0.2167,0.2133,0.2104,0.2074,0.2047,0.2019,0.1995,0.1968,0.1946,0.1890,0.1861,0.1871,0.1871,0.1859,0.1848,0.1831,0.1817,0.1799,0.1785,0.1766,0.1751,0.1734,0.1687,0.1661,0.1684,0.1683,0.1714,0.1715,0.1638,0.1599,0.1412,-22.1944,-25.8252,-25.7895,-21.7769,-4.3243,33.1751,73.5874,104.8113,129.9162,149.7307,206.5850,212.4394,199.9848,190.8277,163.9098,117.2743,84.1456,67.9367,61.9381,54.1157,36.2413,20.6684,13.7335,11.3237,9.6412,8.2783,7.0282,5.9624,5.0191,4.2238,3.5394,2.9688,2.4866,2.0876,1.7543,1.4797,1.2521,1.0650,0.9106,0.7838,0.6793,0.5936,0.5229,0.4649,0.4170,0.3775,0.3449,0.3179,0.2955,0.2768,0.2612,0.2482,0.2372,0.2279,0.2199,0.2131,0.2073,0.2022,0.1978,0.1939,0.1897,0.1867,0.1860,0.1840,0.1798,0.1773,0.1771,0.1756,0.1720,0.1700,0.1701,0.1688,0.1657,0.1639,0.1642,0.1631,0.1602,0.1587,0.1584,0.1577,0.1567,0.1557,0.1547,0.1536,0.1525
22,0,11,0,0,18,512.330161,0.1515,0.1505,0.1494,0.1484,0.1475,0.1465,0.1455,0.1446,0.1437,0.1428,0.1419,0.1410,0.1401,0.1393,0.1402,-338.4138,-381.8407,-390.1495,-357.6776,-214.7563,92.8906,479.5739,831.6758,1285.6096,1839.1962,2113.7764,1536.6912,1094.5227,787.0514,606.0582,491.3552,422.7872,386.7384,382.9691,440.5941,576.0698,719.5747,756.5837,697.5555,615.9797,523.1426,426.5590,355.9253,318.7134,304.6631,304.5154,317.3688,342.5356,352.0596,344.7466,357.0269,385.5959,410.7582,415.0530,391.9745,361.5831,341.9836,334.9431,330.6972,323.4247,314.9642,309.0420,307.3586,308.1228,306.5804,306.1816,305.1151,288.8597,269.4871,265.5686,267.7163,261.6382,245.0754,224.2607,205.3825,193.5602,192.2573,198.5652,204.0908,204.8629,201.4419,197.2229,202.3807,219.1071,233.3896,237.0070,239.4617,246.3850,245.8533,225.7363,196.7715,180.0528,181.2215,190.4138,196.7101,199.6203,205.0908,218.8837,243.7921,261.0844,243.5882,200.1286,161.3572,139.9418,132.5101,132.1700,127.8952,113.1703,97.5895,89.9865,86.5885,85.3617,86.5788,87.9485,87.6197,85.4268,82.0512,81.0564,81.7082,76.7115,63.8092,47.6535,34.2034,25.6843,20.5886,17.1356,14.5063,12.3679,10.5836,9.0767,7.8015,6.7197,5.8031,5.0253,4.3659,3.8060,3.3306,2.9265,2.5824,2.2894,2.0391,1.8253,1.6420,1.4850,1.3495,1.2339,1.1331,1.0456,0.9696,0.9034,0.8456,0.7951,0.7507,0.7117,0.6771,0.6465,0.6191,0.5948,0.5729,0.5533,0.5355,0.5195,0.5048,0.4915,0.4792,0.4680,0.4575,0.4480,0.4390,0.4307,0.4228,0.4155,0.4086,0.4022,0.3960,0.3902,0.3846,0.3793,0.3743,0.3695,0.3648,0.3604,0.3561,0.3520,0.3480,0.3442,0.3404,0.3369,0.3333,0.3300,0.3267,0.3235,0.3204,0.3174,0.3144,0.3115,0.3087,0.3060,0.3032,0.3007,0.2980,0.2956,0.2931,0.2907,0.2883,0.2860,0.2837,0.2815,0.2793,0.2772,0.2750,0.2730,0.2709,0.2690,0.2739,203.9642,190.3955,197.4777,231.5854,301.5987,419.2401,576.7416,757.0007,959.0812,1149.7975,1039.6664,1358.8264,1737.9331,1917.9327,1737.7450,1213.2522,636.2980,337.3968,241.4066,187.5747,156.1837,139.5015,136.3022,126.7761,95.0030,58.9767,39.2261,31.5655,26.6030,22.5315,19.0107,15.9809,13.3924,11.1994,9.3513,7.8025,6.5128,5.4389,4.5469,3.8084,3.1969,2.6927,2.2761,1.9333,1.6502,1.4151,1.2227,1.0672,0.9369,0.8313,0.7416,0.6643,0.6029,0.5508,0.5047,0.4673,0.4359,0.4099,0.3877,0.3690,0.3529,0.3392,0.3271,0.3168,0.3075,0.2995,0.2922,0.2859,0.2800,0.2749,0.2699,0.2656,0.2583,0.2540,0.2536,0.2522,0.2499,0.2477,0.2451,0.2429,0.2403,0.2381,0.2356,0.2335,0.2312,0.2293,0.2270,0.2252,0.2231,0.2180,0.2151,0.2171,0.2167,0.2194,0.2193,0.2113,0.2072,0.2086,0.2080,0.1888,-4.1678,-5.0387,-4.9662,-3.0872,4.0180,18.7939,35.3141,49.0889,61.0612,70.9807,85.4621,85.9528,81.9521,79.8648,72.7596,59.7089,51.4497,50.0508,52.9041,49.3544,33.8936,19.3743,13.0744,10.9179,9.4142,8.1137,6.9199,5.8709,4.9483,4.1587,3.4836,2.9159,2.4388,2.0419,1.7119,1.4393,1.2140,1.0287,0.8763,0.7511,0.6483,0.5641,0.4949,0.4382,0.3917,0.3535,0.3221,0.2962,0.2749,0.2573,0.2428,0.2307,0.2206,0.2122,0.2052,0.1992,0.1942,0.1899,0.1862,0.1830,0.1800,0.1776,0.1762,0.1744,0.1720,0.1703,0.1695,0.1682,0.1663,0.1650,0.1646,0.1636,0.1620,0.1609,0.1606,0.1597,0.1583,0.1573,0.1568,0.1561,0.1554,0.1547,0.1539,0.1532,0.1525
23,1,19,0,0,14,507.134831,0.1517,0.1510,0.1503,0.1496,0.1489,0.1482,0.1475,0.1469,0.1462,0.1455,0.1449,0.1443,0.1436,0.1430,0.1443,-339.6232,-384.4339,-393.1763,-360.6467,-216.7047,94.8844,488.2221,847.9283,1308.9105,1857.1134,2111.0015,1558.2592,1124.9004,815.9188,634.7593,520.3317,433.4961,352.3883,300.7609,313.3501,347.7052,348.6377,316.0845,270.8892,233.2237,221.1691,235.4554,261.4902,284.6384,292.3044,279.7426,258.3528,242.5556,235.7685,242.5844,269.2883,305.3493,334.5557,358.2009,384.9379,412.7652,434.9716,443.8701,431.7321,406.4871,392.3347,398.3463,403.8620,415.5932,466.6385,543.8912,608.5523,631.8590,605.1759,556.4185,520.8748,504.0527,500.7234,518.2568,547.4167,538.2247,484.5162,432.1687,391.8746,342.6234,272.3501,201.2789,152.5728,127.2859,118.0105,116.7355,118.3041,123.5451,136.2547,151.3430,152.5177,143.0055,139.1869,140.3002,145.3633,149.9777,141.4637,128.6281,124.9556,128.9674,138.7142,150.7850,154.7483,145.1913,134.9875,135.8690,130.8519,112.1458,97.1539,89.7544,86.1764,88.1119,89.2889,78.5721,61.1176,48.7479,40.8151,33.6109,27.2419,21.9158,17.5007,13.9296,11.0669,8.7986,7.0107,5.6089,4.5122,3.6556,2.9863,2.4633,2.0536,1.7320,1.4788,1.2788,1.1203,0.9939,0.8926,0.8110,0.7448,0.6907,0.6461,0.6091,0.5782,0.5520,0.5297,0.5105,0.4937,0.4790,0.4660,0.4544,0.4439,0.4343,0.4255,0.4174,0.4098,0.4028,0.3962,0.3900,0.3841,0.3784,0.3731,0.3679,0.3630,0.3583,0.3537,0.3493,0.3451,0.3409,0.3369,0.3331,0.3293,0.3256,0.3221,0.3186,0.3152,0.3119,0.3087,0.3056,0.3026,0.2995,0.2966,0.2938,0.2910,0.2883,0.2856,0.2830,0.2804,0.2779,0.2755,0.2730,0.2707,0.2684,0.2661,0.2639,0.2617,0.2595,0.2574,0.2553,0.2533,0.2513,0.2494,0.2474,0.2455,0.2437,0.2419,0.2400,0.2383,0.2365,0.2348,0.2331,0.2315,0.2298,0.2282,0.2266,0.2175,204.7525,190.2484,197.3280,231.3994,301.4002,419.1746,577.0198,757.8124,960.3967,1151.2649,1043.1544,1365.2119,1743.8811,1928.1179,1764.4564,1265.1410,714.0445,427.3469,329.3615,262.9794,199.8268,145.2491,113.8056,90.7909,64.2579,40.0711,26.2250,20.2228,16.4074,13.5665,11.2455,9.3612,7.7909,6.5012,5.4264,4.5408,3.8022,3.1941,2.6966,2.2881,1.9471,1.6666,1.4340,1.2432,1.0849,0.9544,0.8462,0.7569,0.6825,0.6206,0.5687,0.5253,0.4903,0.4638,0.4368,0.4105,0.3867,0.3692,0.3579,0.3473,0.3372,0.3284,0.3201,0.3094,0.3016,0.2997,0.2958,0.2922,0.2882,0.2847,0.2809,0.2776,0.2741,0.2711,0.2677,0.2649,0.2619,0.2593,0.2563,0.2539,0.2513,0.2491,0.2466,0.2443,0.2417,0.2397,0.2375,0.2356,0.2335,0.2316,0.2293,0.2276,0.2257,0.2240,0.2222,0.2206,0.2187,0.2172,0.2154,0.1946,-9.7054,-10.1583,-10.1814,-9.1193,-3.9545,7.3950,19.3406,28.0688,34.6332,39.5932,60.8059,63.4620,59.2435,55.7996,45.9463,29.0901,16.6116,9.1823,4.7358,2.5912,1.3760,0.8463,0.5248,0.3973,0.3062,0.2743,0.2449,0.2356,0.2242,0.2203,0.2147,0.2122,0.2087,0.2066,0.2040,0.2021,0.2000,0.1982,0.1963,0.1945,0.1928,0.1912,0.1896,0.1880,0.1865,0.1850,0.1836,0.1822,0.1808,0.1795,0.1782,0.1769,0.1757,0.1744,0.1732,0.1721,0.1709,0.1698,0.1687,0.1676,0.1666,0.1655,0.1643,0.1633,0.1630,0.1622,0.1607,0.1596,0.1593,0.1585,0.1570,0.1560,0.1555,0.1548,0.1541,0.1533,0.1525,0.1517,0.1509,0.1501,0.1493,0.1486,0.1478,0.1471,0.1463
24,1,23,0,0,24,433.847360,0.1456,0.1449,0.1442,0.1435,0.1428,0.1421,0.1415,0.1408,0.1401,0.1395,0.1389,0.1382,0.1376,0.1370,0.1363,-338.6475,-382.6475,-391.1059,-358.6234,-215.4286,93.3111,481.7643,835.9611,1292.1500,1842.1759,2098.1426,1524.6887,1081.5563,767.5311,574.9365,440.8622,347.6096,288.8373,263.7644,286.9957,360.5371,443.4474,462.3950,414.6954,356.1818,308.9481,270.0210,237.5103,207.6721,182.5155,153.4218,110.6290,75.3394,60.1171,52.8421,47.3160,43.6276,41.0480,39.2614,38.0176,37.1895,36.7592,36.9085,38.1363,41.1261,46.4216,54.2786,64.2456,75.0186,85.4115,95.0921,104.8642,116.3085,129.7606,141.6027,149.1275,154.8909,160.0999,168.9312,185.8126,202.5254,212.6348,224.2460,247.2048,275.9499,291.0582,281.9467,265.2997,245.3176,214.8443,197.9588,204.5192,217.4832,231.3401,246.1756,255.4416,252.1811,233.1717,207.3106,185.7268,173.2601,175.8844,190.1287,196.2402,188.6768,186.1848,189.1961,178.0821,148.1602,115.0641,90.9719,75.2871,64.9829,58.3311,54.7429,54.1403,56.5608,61.6360,68.3668,75.4740,81.0428,83.1157,82.2598,84.2633,94.0400,100.3020,93.7839,85.0416,81.2395,81.4192,86.4810,90.1969,81.5515,65.4883,53.8949,46.4448,39.4710,33.1044,27.6469,22.9996,19.1352,15.9432,13.3300,11.1881,9.4334,7.9960,6.8149,5.8402,5.0327,4.3633,3.8015,3.3255,2.9243,2.5840,2.2941,2.0460,1.8327,1.6488,1.4897,1.3516,1.2314,1.1266,1.0348,0.9543,0.8836,0.8213,0.7662,0.7176,0.6745,0.6362,0.6020,0.5717,0.5445,0.5201,0.4983,0.4786,0.4609,0.4449,0.4303,0.4171,0.4051,0.3941,0.3840,0.3747,0.3662,0.3583,0.3510,0.3442,0.3379,0.3320,0.3264,0.3212,0.3163,0.3116,0.3072,0.3030,0.2991,0.2953,0.2916,0.2882,0.2848,0.2816,0.2785,0.2756,0.2727,0.2699,0.2672,0.2646,0.2621,0.2596,0.2572,0.2549,0.2527,0.2504,0.2483,0.2462,0.2441,0.2421,0.2401,0.2344,204.0584,190.3087,197.3985,231.4913,301.4948,419.1982,576.9066,757.5283,959.9320,1150.6819,1041.4429,1365.5392,1751.3490,1938.7137,1764.9092,1248.4465,682.8182,390.1723,294.5720,237.5199,193.5145,161.1443,147.8932,132.5524,97.7445,60.0842,39.2361,31.1773,26.0794,22.0040,18.5050,15.5258,12.9847,10.8420,9.0373,7.5291,6.2677,5.2225,4.3598,3.6444,3.0538,2.5694,2.1678,1.8381,1.5659,1.3420,1.1575,1.0057,0.8804,0.7767,0.6910,0.6231,0.5663,0.5143,0.4701,0.4344,0.4020,0.3774,0.3600,0.3444,0.3303,0.3182,0.3076,0.2986,0.2905,0.2803,0.2726,0.2741,0.2715,0.2645,0.2592,0.2513,0.2461,0.2468,0.2449,0.2427,0.2403,0.2388,0.2366,0.2341,0.2316,0.2302,0.2282,0.2259,0.2237,0.2225,0.2205,0.2184,0.2163,0.2153,0.2137,0.2117,0.2098,0.2089,0.2073,0.2055,0.2037,0.2029,0.2015,0.1806,1.0191,0.0778,0.2462,2.9407,11.9780,30.1659,51.2613,70.0941,87.4706,102.3556,110.1497,108.4578,104.6879,104.0912,99.8059,90.4634,86.3661,90.9700,101.1131,96.1432,66.4536,37.9645,25.6335,21.4285,18.5142,15.9472,13.5901,11.5018,9.6681,8.0929,6.7483,5.6154,4.6646,3.8731,3.2156,2.6723,2.2240,1.8553,1.5522,1.3036,1.0998,0.9329,0.7962,0.6843,0.5928,0.5178,0.4565,0.4061,0.3649,0.3310,0.3033,0.2803,0.2615,0.2458,0.2330,0.2222,0.2133,0.2058,0.1995,0.1942,0.1897,0.1858,0.1825,0.1796,0.1771,0.1749,0.1729,0.1711,0.1696,0.1681,0.1668,0.1655,0.1643,0.1632,0.1622,0.1612,0.1602,0.1593,0.1584,0.1575,0.1567,0.1559,0.1551,0.1543,0.1536
25,0,11,0,0,18,487.859646,0.1528,0.1521,0.1513,0.1506,0.1499,0.1493,0.1485,0.1479,0.1472,0.1466,0.1459,0.1453,0.1446,0.1438,0.1472,-339.7168,-384.4777,-393.2152,-360.6824,-216.7229,94.9722,488.5135,848.2387,1309.0222,1859.7948,2130.6479,1584.8136,1158.6265,860.1882,695.8905,608.5942,546.0734,471.2574,423.6128,463.5220,547.7928,598.9520,603.6312,575.8604,508.1800,403.1575,296.4665,219.9787,175.4885,152.5351,145.2692,151.2466,166.1655,183.5460,198.7751,212.9846,228.5014,239.5999,242.5394,238.6620,233.7319,238.3643,251.6878,264.8603,278.1044,304.2957,346.8914,386.9950,401.0583,393.2783,371.8934,336.4077,307.5627,300.3810,313.3376,335.8756,352.3562,361.2961,378.0368,404.4149,420.1218,412.0775,386.2453,355.6949,333.2946,307.6758,270.3058,248.8118,249.6424,253.8663,242.3180,207.6245,169.0863,147.5824,146.1400,156.5654,165.4789,160.9147,143.9372,125.7670,113.2813,106.9606,105.7346,108.0852,112.0033,111.5698,102.3391,89.2862,78.2298,69.9915,63.8046,59.9698,59.8792,63.8971,66.7805,60.2907,47.1671,37.2284,31.3122,25.9942,21.0976,16.9756,13.5143,10.7102,8.4602,6.6871,5.3000,4.2250,3.3954,2.7577,2.2683,1.8929,1.6047,1.3827,1.2114,1.0782,0.9743,0.8921,0.8269,0.7741,0.7313,0.6957,0.6660,0.6404,0.6185,0.5991,0.5820,0.5665,0.5525,0.5395,0.5276,0.5164,0.5060,0.4961,0.4868,0.4779,0.4696,0.4615,0.4539,0.4465,0.4395,0.4327,0.4263,0.4200,0.4140,0.4081,0.4026,0.3971,0.3920,0.3868,0.3820,0.3772,0.3727,0.3682,0.3639,0.3596,0.3556,0.3516,0.3478,0.3440,0.3404,0.3367,0.3333,0.3299,0.3266,0.3233,0.3202,0.3171,0.3141,0.3111,0.3083,0.3054,0.3027,0.2999,0.2973,0.2946,0.2922,0.2896,0.2872,0.2847,0.2824,0.2800,0.2778,0.2755,0.2734,0.2712,0.2691,0.2670,0.2650,0.2629,0.2610,0.2590,0.2571,0.2552,0.2534,0.2515,0.2498,0.2479,0.2462,0.2497,203.2998,190.3173,197.3924,231.4776,301.4877,419.2036,576.8427,757.2493,959.3799,1149.9178,1040.3921,1357.8552,1730.1147,1907.5769,1739.1212,1232.1996,668.3114,374.1835,275.4646,212.4054,162.0018,123.1649,101.8010,84.8013,61.5794,38.9863,26.0444,20.4061,16.7553,13.9486,11.6312,9.7172,8.1175,6.7908,5.6846,4.7677,4.0031,3.3710,2.8531,2.4265,2.0702,1.7763,1.5322,1.3314,1.1645,1.0265,0.9117,0.8167,0.7373,0.6709,0.6150,0.5712,0.5340,0.4979,0.4661,0.4404,0.4157,0.3970,0.3843,0.3723,0.3612,0.3513,0.3422,0.3341,0.3265,0.3199,0.3136,0.3045,0.2978,0.2967,0.2935,0.2905,0.2869,0.2838,0.2802,0.2772,0.2738,0.2710,0.2678,0.2651,0.2621,0.2595,0.2568,0.2543,0.2513,0.2490,0.2466,0.2444,0.2422,0.2401,0.2374,0.2355,0.2334,0.2316,0.2296,0.2278,0.2255,0.2238,0.2220,0.2025,-13.2999,-15.3981,-15.3445,-12.3992,-0.1213,26.0153,54.4814,76.9826,95.5246,110.3949,146.0556,149.2217,140.9943,135.3714,118.3593,88.5186,67.8254,59.0222,57.4498,51.7630,35.0954,20.0483,13.4302,11.1469,9.5538,8.2220,7.0000,5.9425,5.0094,4.2167,3.5368,2.9674,2.4876,2.0895,1.7576,1.4839,1.2572,1.0709,0.9172,0.7911,0.6873,0.6021,0.5321,0.4745,0.4272,0.3882,0.3560,0.3294,0.3074,0.2891,0.2739,0.2612,0.2505,0.2415,0.2339,0.2274,0.2218,0.2170,0.2128,0.2091,0.2054,0.2026,0.2014,0.1993,0.1960,0.1937,0.1931,0.1916,0.1887,0.1870,0.1867,0.1854,0.1829,0.1814,0.1813,0.1802,0.1779,0.1766,0.1761,0.1752,0.1743,0.1733,0.1723,0.1713,0.1703
26,1,23,0,0,24,472.693121,0.1693,0.1684,0.1674,0.1665,0.1655,0.1646,0.1637,0.1628,0.1619,0.1611,0.1602,0.1594,0.1585,0.1577,0.1588,-338.9754,-383.1155,-391.6493,-359.1542,-215.7570,93.7891,483.7156,839.5956,1297.1692,1848.2091,2112.4927,1547.9194,1110.1992,801.6350,620.0693,505.2390,427.6878,369.3499,340.9458,374.7812,459.3250,531.6437,530.2137,473.5408,423.3945,399.2269,392.8688,391.7169,380.5919,353.9259,313.1777,270.7999,238.6642,215.3907,206.0089,220.4695,248.2264,270.7663,287.7946,304.1546,316.3441,320.0584,313.3634,298.2118,286.9025,290.6101,290.9125,279.1618,278.8570,297.8592,327.6574,352.0449,351.2017,322.4459,278.5367,235.6533,209.9000,209.9116,233.6243,267.5147,286.4307,281.2817,268.9290,253.3007,216.3214,165.1096,126.0972,104.4550,93.0736,86.7710,84.1421,85.1516,90.2459,98.8119,109.2654,121.0005,133.8879,146.6555,158.4100,172.0580,191.6299,213.0276,221.1124,210.0928,190.9845,174.0859,166.7454,170.3862,167.9661,143.2342,112.1761,93.0727,79.3630,66.0453,54.5524,44.6852,36.4883,29.7382,24.2601,19.8326,16.2742,13.4146,11.1179,9.2684,7.7760,6.5664,5.5823,4.7774,4.1166,3.5706,3.1177,2.7396,2.4227,2.1554,1.9293,1.7367,1.5723,1.4311,1.3096,1.2043,1.1130,1.0333,0.9637,0.9028,0.8490,0.8016,0.7595,0.7221,0.6888,0.6590,0.6323,0.6083,0.5866,0.5670,0.5492,0.5330,0.5182,0.5046,0.4921,0.4805,0.4699,0.4600,0.4508,0.4421,0.4341,0.4265,0.4194,0.4126,0.4063,0.4002,0.3945,0.3890,0.3838,0.3787,0.3739,0.3693,0.3649,0.3605,0.3564,0.3524,0.3486,0.3448,0.3412,0.3376,0.3342,0.3309,0.3277,0.3245,0.3214,0.3184,0.3155,0.3126,0.3098,0.3070,0.3044,0.3017,0.2992,0.2966,0.2942,0.2917,0.2894,0.2871,0.2848,0.2825,0.2804,0.2782,0.2761,0.2740,0.2720,0.2699,0.2680,0.2660,0.2641,0.2622,0.2604,0.2585,0.2568,0.2550,0.2533,0.2526,204.5914,190.3023,197.3869,231.4687,301.4702,419.2101,577.0029,757.7647,960.4343,1151.6188,1042.9447,1360.1566,1732.2205,1909.1075,1737.5759,1227.6185,664.4702,372.2410,274.2247,211.4652,161.4614,122.9654,101.8023,84.6554,61.1800,38.7241,26.0733,20.5104,16.8536,14.0310,11.6974,9.7678,8.1543,6.8157,5.6993,4.7738,4.0018,3.3652,2.8418,2.4071,2.0478,1.7536,1.5080,1.3062,1.1384,0.9999,0.8849,0.7897,0.7104,0.6442,0.5889,0.5455,0.5087,0.4730,0.4417,0.4165,0.3925,0.3745,0.3626,0.3513,0.3407,0.3314,0.3229,0.3154,0.3084,0.3023,0.2966,0.2916,0.2867,0.2824,0.2781,0.2744,0.2706,0.2674,0.2639,0.2577,0.2536,0.2580,0.2577,0.2494,0.2446,0.2452,0.2438,0.2426,0.2408,0.2392,0.2372,0.2356,0.2337,0.2320,0.2301,0.2285,0.2266,0.2250,0.2231,0.2216,0.2198,0.2184,0.2167,0.1964,1.0988,0.0934,0.2613,2.9559,11.9959,30.1884,51.2827,70.1134,87.4931,102.3749,110.1562,108.4686,104.6944,104.0575,99.7496,90.4344,86.3524,90.9611,101.0940,96.1325,66.4197,37.9129,25.6345,21.4488,18.5309,15.9614,13.6026,11.5137,9.6797,8.1043,6.7596,5.6266,4.6757,3.8841,3.2266,2.6832,2.2348,1.8659,1.5628,1.3141,1.1102,0.9432,0.8065,0.6945,0.6029,0.5279,0.4665,0.4160,0.3748,0.3408,0.3130,0.2900,0.2711,0.2554,0.2424,0.2316,0.2226,0.2151,0.2087,0.2033,0.1985,0.1947,0.1922,0.1893,0.1861,0.1837,0.1824,0.1807,0.1783,0.1767,0.1760,0.1748,0.1731,0.1718,0.1707,0.1695,0.1686,0.1676,0.1666,0.1657,0.1649,0.1640,0.1632,0.1623,0.1615
27,0,11,0,0,18,479.398235,0.1607,0.1600,0.1592,0.1584,0.1577,0.1570,0.1562,0.1555,0.1548,0.1541,0.1534,0.1528,0.1521,0.1514,0.1547,-339.4891,-384.0363,-392.7006,-360.1752,-216.3861,94.6292,487.0323,845.6287,1305.5190,1855.5852,2118.8638,1564.4563,1131.5198,825.7110,650.2588,544.6476,467.6871,394.7388,352.6115,387.1499,469.3719,531.9218,550.4536,536.2078,484.3077,390.8034,289.3490,215.7962,172.9140,150.6525,143.6230,149.6933,165.0145,183.6559,200.5316,215.5087,230.6716,240.7081,242.4366,238.0322,233.5853,239.0300,252.5575,265.4181,279.1422,307.1704,350.8906,389.2271,400.2350,390.7168,368.0665,332.5609,305.9867,300.7874,314.2128,336.3585,352.3560,361.6827,379.3704,405.2877,419.3103,410.5193,384.9647,356.4305,333.9998,304.3692,266.1075,246.8251,248.4684,252.9909,242.6206,208.8035,170.1530,148.0069,145.9661,156.2499,166.0270,162.9510,146.5251,127.4891,113.4491,106.3355,105.1850,107.2913,109.8254,108.6055,100.3764,88.3100,77.7165,69.6998,63.6702,60.0552,60.3290,64.4613,66.8996,59.5069,46.1084,36.7087,30.9427,25.5892,20.7607,16.6782,13.2694,10.5071,8.2959,6.5535,5.1919,4.1367,3.3226,2.6968,2.2164,1.8478,1.5647,1.3466,1.1781,1.0471,0.9446,0.8637,0.7993,0.7474,0.7050,0.6699,0.6405,0.6153,0.5936,0.5745,0.5575,0.5422,0.5284,0.5156,0.5039,0.4928,0.4826,0.4729,0.4638,0.4550,0.4468,0.4389,0.4315,0.4242,0.4174,0.4107,0.4044,0.3983,0.3925,0.3868,0.3814,0.3761,0.3710,0.3661,0.3614,0.3567,0.3523,0.3479,0.3438,0.3397,0.3357,0.3319,0.3282,0.3245,0.3210,0.3175,0.3142,0.3108,0.3077,0.3045,0.3015,0.2985,0.2956,0.2927,0.2900,0.2872,0.2846,0.2819,0.2794,0.2768,0.2744,0.2720,0.2697,0.2673,0.2651,0.2628,0.2607,0.2585,0.2564,0.2543,0.2523,0.2503,0.2483,0.2464,0.2445,0.2426,0.2408,0.2390,0.2372,0.2354,0.2337,0.2320,0.2304,0.2306,203.4697,190.2998,197.3747,231.4593,301.4698,419.1855,576.8197,757.2132,959.3247,1149.8519,1040.3350,1357.7180,1729.8170,1906.4805,1735.7390,1227.5414,665.0493,372.3488,274.1320,211.3520,161.2049,122.6124,101.3957,84.2314,60.7599,38.3267,25.7093,20.1847,16.5650,13.7772,11.4757,9.5752,7.9875,6.6713,5.5744,4.6657,3.9081,3.2823,2.7702,2.3486,1.9968,1.7068,1.4662,1.2685,1.1044,0.9690,0.8566,0.7637,0.6863,0.6217,0.5676,0.5254,0.4896,0.4547,0.4241,0.3994,0.3758,0.3582,0.3465,0.3355,0.3250,0.3158,0.3075,0.3003,0.2936,0.2877,0.2819,0.2769,0.2721,0.2679,0.2637,0.2600,0.2563,0.2530,0.2496,0.2467,0.2436,0.2409,0.2380,0.2355,0.2329,0.2270,0.2234,0.2251,0.2243,0.2269,0.2266,0.2179,0.2132,0.2143,0.2135,0.2125,0.2110,0.2100,0.2085,0.2069,0.2052,0.2041,0.2025,0.1827,-13.2489,-15.4169,-15.3632,-12.4178,-0.1395,25.9979,54.4639,76.9625,95.5013,110.3696,146.0294,149.1974,140.9731,135.3519,118.3382,88.4979,67.8116,59.0214,57.4913,51.7887,35.1819,20.1795,13.4429,11.1145,9.5295,8.2018,6.9836,5.9272,4.9948,4.2025,3.5228,2.9535,2.4738,2.0758,1.7440,1.4703,1.2438,1.0576,0.9040,0.7780,0.6743,0.5892,0.5192,0.4618,0.4145,0.3756,0.3435,0.3170,0.2951,0.2769,0.2618,0.2491,0.2386,0.2296,0.2221,0.2157,0.2102,0.2054,0.2013,0.1977,0.1940,0.1913,0.1901,0.1881,0.1849,0.1827,0.1821,0.1806,0.1779,0.1762,0.1759,0.1747,0.1723,0.1709,0.1707,0.1697,0.1675,0.1662,0.1658,0.1650,0.1642,0.1632,0.1623,0.1613,0.1604
28,1,29,0,0,10,540.231979,0.1594,0.1585,0.1576,0.1567,0.1558,0.1549,0.1541,0.1532,0.1524,0.1516,0.1508,0.1500,0.1492,0.1484,0.1496,-339.0039,-383.1295,-391.6631,-359.1675,-215.7706,93.7762,483.6980,839.5636,1297.1340,1848.2095,2112.6001,1547.9004,1110.0437,801.4491,619.9216,505.1097,427.5774,369.3112,341.0621,375.1305,459.8328,531.8881,529.8571,472.5704,422.2560,399.2541,396.3423,406.4417,418.3638,417.5155,391.9787,348.9023,305.7165,270.3916,248.0109,243.0607,253.2598,272.2988,293.1715,308.0047,311.3548,308.2731,306.1584,303.3994,308.5609,339.9625,389.7024,430.9043,454.8693,478.4335,520.8535,586.4718,650.8066,679.3713,666.3477,630.5065,564.1490,479.4440,428.6975,413.1399,409.5221,406.2658,395.4488,378.3245,361.9161,350.3355,336.6723,321.6473,309.9326,287.4043,260.1259,247.4134,243.7047,239.0760,223.4505,191.6363,158.1648,136.9373,130.1553,134.1766,143.6549,152.6139,164.2319,176.4521,167.7624,135.8897,104.3628,83.4139,69.2929,60.6376,55.0206,50.9282,48.3262,48.0143,50.6227,56.7128,63.6404,68.4164,72.4505,77.0074,84.4855,100.7294,123.1333,133.5667,122.7442,103.5286,88.2635,80.5857,81.5963,84.8185,78.9378,63.9868,50.8348,43.0258,36.3602,30.0087,24.6603,20.0860,16.3297,13.2512,10.7703,8.7749,7.1808,5.9064,4.8895,4.0762,3.4248,2.9014,2.4796,2.1381,1.8606,1.6339,1.4481,1.2948,1.1679,1.0620,0.9736,0.8989,0.8360,0.7822,0.7364,0.6969,0.6629,0.6332,0.6075,0.5846,0.5647,0.5467,0.5310,0.5166,0.5039,0.4921,0.4816,0.4718,0.4630,0.4546,0.4470,0.4398,0.4332,0.4268,0.4210,0.4152,0.4100,0.4048,0.4001,0.3953,0.3910,0.3866,0.3826,0.3785,0.3747,0.3709,0.3673,0.3637,0.3604,0.3570,0.3538,0.3506,0.3476,0.3444,0.3416,0.3386,0.3359,0.3330,0.3304,0.3277,0.3252,0.3225,0.3201,0.3176,0.3152,0.3128,0.3105,0.3082,0.3060,0.3037,0.3016,0.2994,0.2974,0.3012,204.8113,190.3454,197.4290,231.5110,301.5126,419.2492,577.0330,757.7802,960.4316,1151.5972,1042.9382,1360.2664,1732.3344,1909.2355,1737.7798,1227.7264,664.4051,372.1231,274.0227,211.2211,161.2829,122.7932,101.6907,84.8728,61.7997,39.2574,26.2655,20.5972,16.9294,14.1004,11.7602,9.8243,8.2052,6.8620,5.7417,4.8131,4.0388,3.3987,2.8745,2.4429,2.0826,1.7856,1.5392,1.3366,1.1684,1.0295,0.9142,0.8189,0.7394,0.6732,0.6177,0.5743,0.5373,0.5015,0.4702,0.4450,0.4208,0.4028,0.3907,0.3792,0.3685,0.3590,0.3503,0.3427,0.3355,0.3294,0.3235,0.3183,0.3132,0.3088,0.3044,0.3006,0.2966,0.2932,0.2896,0.2831,0.2789,0.2798,0.2783,0.2766,0.2744,0.2727,0.2704,0.2682,0.2659,0.2641,0.2618,0.2598,0.2576,0.2559,0.2537,0.2518,0.2497,0.2482,0.2463,0.2444,0.2425,0.2411,0.2393,0.2186,10.1027,10.4867,10.6729,12.3006,16.1674,22.9995,32.1484,42.2557,53.0665,62.9959,49.5922,45.2154,45.6721,48.5735,54.1669,61.6426,70.0028,82.0297,96.6365,93.8001,65.3627,37.4283,25.3372,21.2286,18.4080,15.8744,13.5483,11.4684,9.6447,8.0719,6.7315,5.5997,4.6511,3.8607,3.2049,2.6624,2.2152,1.8472,1.5450,1.2971,1.0941,0.9279,0.7919,0.6807,0.5899,0.5155,0.4546,0.4048,0.3640,0.3306,0.3033,0.2807,0.2623,0.2470,0.2345,0.2242,0.2156,0.2085,0.2025,0.1974,0.1932,0.1896,0.1866,0.1839,0.1817,0.1796,0.1779,0.1763,0.1749,0.1736,0.1725,0.1714,0.1704,0.1695,0.1686,0.1677,0.1669,0.1661,0.1654,0.1646,0.1640,0.1632,0.1626,0.1619,0.1613
29,1,24,0,0,16,526.388900,0.1606,0.1600,0.1593,0.1587,0.1581,0.1575,0.1569,0.1563,0.1557,0.1551,0.1545,0.1540,0.1534,0.1528,0.1563,-339.7432,-384.5195,-393.2439,-360.6950,-216.6761,95.1507,488.9124,849.1028,1310.4264,1858.8898,2114.0725,1561.1008,1125.9016,815.3887,634.5884,520.0100,431.0055,347.4504,295.6414,316.6880,377.3084,419.0043,431.3469,427.6186,408.0885,367.9650,315.5806,261.4597,209.2558,166.8758,140.7287,129.1756,129.4276,136.0154,142.2864,146.4151,149.8430,156.0589,168.4057,188.1814,214.1017,238.2378,248.6320,245.5973,239.8784,236.7776,240.2629,254.9882,279.0937,307.3075,337.1980,364.3468,380.1860,383.0085,372.3381,360.7664,368.0784,391.8271,422.0161,458.0630,502.5216,550.9259,575.1708,557.9160,531.0361,503.1093,439.7606,362.9606,326.5790,320.9572,322.8221,331.4073,341.4820,342.2485,323.9302,294.0086,274.0590,276.7109,300.2156,334.0636,359.4863,354.3392,323.5396,299.8505,295.6375,290.5199,263.0600,217.5475,176.6120,152.5796,141.7625,141.3842,146.4011,144.2001,131.2736,120.2007,117.3466,113.6055,102.3994,84.7827,65.4431,49.9685,39.5907,32.4476,27.0663,22.7645,19.2261,16.2800,13.8175,11.7537,10.0244,8.5729,7.3550,6.3313,5.4704,4.7451,4.1334,3.6165,3.1790,2.8078,2.4927,2.2240,1.9949,1.7988,1.6307,1.4861,1.3614,1.2537,1.1602,1.0790,1.0081,0.9461,0.8917,0.8437,0.8013,0.7637,0.7302,0.7003,0.6735,0.6493,0.6275,0.6077,0.5897,0.5732,0.5581,0.5442,0.5313,0.5194,0.5083,0.4979,0.4882,0.4791,0.4705,0.4624,0.4547,0.4474,0.4405,0.4338,0.4275,0.4215,0.4156,0.4100,0.4047,0.3995,0.3945,0.3896,0.3849,0.3804,0.3760,0.3718,0.3676,0.3636,0.3597,0.3559,0.3521,0.3485,0.3450,0.3416,0.3382,0.3349,0.3317,0.3285,0.3254,0.3224,0.3195,0.3166,0.3138,0.3110,0.3083,0.3056,0.3030,0.3004,0.2979,0.2954,0.2930,0.2906,0.2883,0.2860,0.2837,0.2796,204.1157,190.4220,197.4825,231.5898,301.6176,419.2273,576.4340,755.9704,956.8683,1146.0057,1034.9838,1359.9204,1745.8938,1931.7041,1757.9877,1245.5271,682.8478,389.9785,294.2673,237.3543,193.1059,160.5486,147.1470,131.7332,96.8632,59.2300,38.5195,30.5687,25.5510,21.5539,18.1260,15.2102,12.7246,10.6303,8.8669,7.3940,6.1623,5.1423,4.3008,3.6032,3.0274,2.5554,2.1639,1.8427,1.5776,1.3595,1.1798,1.0319,0.9098,0.8088,0.7249,0.6587,0.6035,0.5528,0.5093,0.4743,0.4422,0.4178,0.4006,0.3851,0.3712,0.3593,0.3487,0.3395,0.3313,0.3242,0.3174,0.3116,0.3062,0.3015,0.2968,0.2929,0.2889,0.2820,0.2775,0.2782,0.2766,0.2783,0.2771,0.2679,0.2627,0.2634,0.2619,0.2602,0.2582,0.2568,0.2548,0.2529,0.2508,0.2493,0.2473,0.2454,0.2434,0.2420,0.2402,0.2384,0.2364,0.2352,0.2335,0.2132,-13.2443,-15.3865,-15.3327,-12.3877,-0.1121,26.0205,54.4871,76.9895,95.5250,110.3931,146.0749,149.2422,141.0181,135.4360,118.4454,88.5737,67.8650,59.0562,57.4917,51.7966,35.1530,20.1258,13.4569,11.1540,9.5634,8.2337,7.0132,5.9560,5.0231,4.2306,3.5507,2.9814,2.5016,2.1034,1.7716,1.4979,1.2713,1.0849,0.9313,0.8052,0.7014,0.6162,0.5462,0.4886,0.4413,0.4023,0.3701,0.3435,0.3215,0.3032,0.2880,0.2753,0.2646,0.2556,0.2479,0.2414,0.2358,0.2310,0.2268,0.2231,0.2193,0.2165,0.2153,0.2132,0.2098,0.2076,0.2069,0.2054,0.2025,0.2007,0.2004,0.1991,0.1966,0.1951,0.1949,0.1938,0.1915,0.1901,0.1896,0.1888,0.1878,0.1868,0.1858,0.1847,0.1837
30,0,11,0,0,18,354.086377,0.1815,0.1805,0.1795,0.1785,0.1775,0.1766,0.1756,0.1747,0.1738,0.1729,0.1720,0.1711,0.1703,0.1694,0.1705,-339.3065,-383.6792,-392.2673,-359.7427,-216.0625,94.5300,486.3336,844.2578,1303.3878,1855.8698,2130.5178,1573.5701,1138.8806,834.6499,665.2749,570.6788,507.6284,446.4233,413.0383,454.4933,542.3647,603.7568,596.0024,535.9795,453.5983,364.5208,287.2115,238.4546,218.6521,215.3238,217.1230,222.0404,230.0153,217.6165,187.8979,177.1357,182.9384,187.9789,180.6302,159.3457,140.5747,131.2661,128.2960,128.7417,129.5287,129.1701,125.0610,114.4678,100.8887,89.1602,79.8286,72.5600,68.0638,67.9439,71.1206,71.4179,61.5144,47.2065,38.3399,32.3659,26.5696,21.5623,17.2930,13.7693,10.9069,8.6215,6.8161,5.4030,4.3039,3.4527,2.7955,2.2886,1.8980,1.5965,1.3636,1.1830,1.0425,0.9325,0.8461,0.7774,0.7225,0.6780,0.6418,0.6116,0.5865,0.5650,0.5465,0.5303,0.5160,0.5031,0.4915,0.4807,0.4709,0.4616,0.4530,0.4448,0.4372,0.4298,0.4228,0.4161,0.4097,0.4035,0.3976,0.3918,0.3864,0.3809,0.3759,0.3708,0.3660,0.3613,0.3568,0.3523,0.3481,0.3439,0.3399,0.3359,0.3321,0.3283,0.3248,0.3212,0.3178,0.3144,0.3112,0.3080,0.3049,0.3018,0.2989,0.2960,0.2932,0.2904,0.2878,0.2851,0.2825,0.2799,0.2775,0.2751,0.2728,0.2704,0.2682,0.2659,0.2637,0.2615,0.2595,0.2574,0.2554,0.2534,0.2515,0.2495,0.2477,0.2458,0.2440,0.2422,0.2405,0.2387,0.2371,0.2354,0.2338,0.2321,0.2306,0.2290,0.2275,0.2259,0.2245,0.2230,0.2216,0.2201,0.2188,0.2173,0.2160,0.2146,0.2134,0.2120,0.2108,0.2095,0.2083,0.2070,0.2059,0.2046,0.2035,0.2023,0.2012,0.2000,0.1989,0.1978,0.1967,0.1956,0.1946,0.1935,0.1925,0.1915,0.1905,0.1894,0.1885,0.1875,0.1866,0.1856,0.1847,0.1837,0.1828,0.1856,203.9217,190.2450,197.3125,231.3874,301.3967,419.1478,576.8778,757.4644,960.0143,1151.3182,1043.0363,1353.4685,1711.6184,1877.0569,1706.7111,1203.9923,645.0178,353.9503,253.5707,185.0878,129.1472,84.5219,55.4989,36.8607,25.1162,17.7804,12.9726,9.7948,7.5693,5.9955,4.8237,3.9411,3.2531,2.7172,2.2881,1.9448,1.6650,1.4373,1.2495,1.0938,0.9635,0.8594,0.7736,0.7024,0.6408,0.5889,0.5444,0.5068,0.4743,0.4486,0.4242,0.4003,0.3827,0.3662,0.3492,0.3355,0.3234,0.3132,0.3039,0.2956,0.2880,0.2812,0.2748,0.2691,0.2635,0.2586,0.2537,0.2494,0.2451,0.2413,0.2374,0.2339,0.2303,0.2272,0.2239,0.2211,0.2149,0.2114,0.2119,0.2115,0.2098,0.2082,0.2062,0.2044,0.2022,0.1971,0.1940,0.1990,0.1996,0.1922,0.1882,0.1894,0.1887,0.1881,0.1868,0.1858,0.1844,0.1832,0.1817,0.1621,-0.5319,0.1811,0.1760,0.1721,0.1691,0.1667,0.1647,0.1629,0.1613,0.1599,0.1680,0.1571,0.1558,0.1546,0.1535,0.1523,0.1512,0.1501,0.1491,0.1481,0.1471,0.1461,0.1452,0.1442,0.1433,0.1424,0.1415,0.1407,0.1398,0.1390,0.1381,0.1373,0.1365,0.1357,0.1350,0.1342,0.1334,0.1327,0.1320,0.1312,0.1305,0.1298,0.1291,0.1285,0.1278,0.1271,0.1265,0.1258,0.1252,0.1246,0.1239,0.1233,0.1227,0.1221,0.1215,0.1209,0.1204,0.1198,0.1192,0.1187,0.1181,0.1176,0.1170,0.1165,0.1160,0.1155,0.1150,0.1145,0.1140,0.1135,0.1130,0.1125,0.1120,0.1115,0.1111,0.1106,0.1101,0.1097,0.1092,0.1088,0.1083,0.1079,0.1075,0.1070,0.1066
31,0,11,0,0,18,256.722437,0.1062,0.1058,0.1054,0.1050,0.1046,0.1042,0.1038,0.1034,0.1030,0.1026,0.1022,0.1018,0.1015,0.1011,0.1008,-338.9177,-383.1858,-391.7063,-359.1982,-215.7793,93.7495,483.6179,839.7794,1297.9840,1844.5199,2077.4622,1497.8910,1043.0874,711.7960,497.5149,328.1962,197.2520,119.4865,82.1177,73.2967,92.5439,127.7581,145.7123,137.9199,121.9037,101.6866,75.8177,51.2504,32.5492,19.7411,11.7892,7.1185,4.4332,2.8819,1.9697,1.4131,1.0553,0.8183,0.6559,0.5373,0.4486,0.3815,0.3291,0.2881,0.2574,0.2336,0.2115,0.1905,0.1754,0.1660,0.1578,0.1509,0.1452,0.1426,0.1394,0.1338,0.1301,0.1270,0.1246,0.1224,0.1206,0.1190,0.1176,0.1163,0.1152,0.1141,0.1109,0.1091,0.1104,0.1106,0.1103,0.1099,0.1095,0.1090,0.1085,0.1056,0.1046,0.1070,0.1075,0.1060,0.1056,0.1068,0.1065,0.1043,0.1040,0.1052,0.1048,0.1025,0.1021,0.1034,0.1029,0.1007,0.1003,0.1016,0.1012,0.0990,0.0986,0.1000,0.0996,0.0974,0.0971,0.0984,0.0981,0.0959,0.0956,0.0969,0.0966,0.0945,0.0942,0.0956,0.0953,0.0931,0.0928,0.0942,0.0940,0.0919,0.0917,0.0930,0.0929,0.0911,0.0906,0.0917,0.0917,0.0901,0.0895,0.0904,0.0904,0.0887,0.0882,0.0892,0.0893,0.0877,0.0872,0.0881,0.0882,0.0867,0.0862,0.0871,0.0872,0.0857,0.0852,0.0861,0.0862,0.0847,0.0842,0.0851,0.0853,0.0838,0.0833,0.0842,0.0843,0.0829,0.0824,0.0834,0.0835,0.0820,0.0816,0.0825,0.0826,0.0812,0.0807,0.0816,0.0818,0.0804,0.0799,0.0808,0.0810,0.0796,0.0791,0.0800,0.0802,0.0788,0.0784,0.0793,0.0794,0.0781,0.0776,0.0786,0.0787,0.0774,0.0769,0.0779,0.0780,0.0767,0.0762,0.0772,0.0773,0.0760,0.0756,0.0765,0.0766,0.0753,0.0749,0.0758,0.0760,0.0747,0.0742,0.0752,0.0753,0.0737,204.0644,190.1509,197.2240,231.3106,301.3234,419.0305,576.6320,756.9601,958.9344,1149.2212,1037.4386,1342.6862,1694.1528,1850.8413,1667.9360,1151.4081,583.0359,289.3887,189.9916,126.0667,84.3297,56.6180,38.6624,26.8565,19.1092,13.8847,10.3239,7.8223,6.0391,4.7301,3.7572,3.0092,2.4316,1.9794,1.6221,1.3366,1.1071,0.9215,0.7708,0.6481,0.5477,0.4660,0.3983,0.3435,0.2979,0.2608,0.2299,0.2048,0.1838,0.1666,0.1521,0.1404,0.1303,0.1222,0.1151,0.1094,0.1044,0.1004,0.0968,0.0939,0.0912,0.0890,0.0870,0.0853,0.0837,0.0824,0.0811,0.0802,0.0791,0.0784,0.0774,0.0769,0.0760,0.0755,0.0748,0.0744,0.0737,0.0733,0.0727,0.0724,0.0718,0.0715,0.0709,0.0707,0.0702,0.0700,0.0694,0.0692,0.0687,0.0686,0.0681,0.0679,0.0675,0.0673,0.0669,0.0667,0.0663,0.0662,0.0658,0.0427,-0.4033,0.0663,0.0656,0.0651,0.0647,0.0643,0.0640,0.0637,0.0635,0.0631,0.0720,0.0628,0.0625,0.0623,0.0621,0.0619,0.0617,0.0615,0.0613,0.0611,0.0609,0.0607,0.0605,0.0603,0.0601,0.0600,0.0598,0.0596,0.0594,0.0593,0.0591,0.0589,0.0587,0.0586,0.0584,0.0583,0.0581,0.0579,0.0578,0.0576,0.0575,0.0573,0.0572,0.0570,0.0569,0.0567,0.0566,0.0565,0.0563,0.0562,0.0560,0.0559,0.0558,0.0556,0.0555,0.0554,0.0552,0.0551,0.0550,0.0548,0.0547,0.0546,0.0544,0.0543,0.0542,0.0541,0.0540,0.0538,0.0537,0.0536,0.0535,0.0534,0.0532,0.0531,0.0530,0.0529,0.0528,0.0527,0.0526,0.0524,0.0523,0.0522,0.0521,0.0520,0.0519
32,0,11,0,0,18,243.777258,0.0518,0.0517,0.0516,0.0515,0.0514,0.0513,0.0512,0.0511,0.0510,0.0509,0.0508,0.0507,0.0506,0.0505,0.0504,-339.1663,-383.6460,-392.2403,-359.7275,-216.1581,93.9537,484.7564,842.0082,1301.3142,1845.9910,2069.2222,1491.2203,1036.1189,701.8055,482.1220,303.6202,160.8871,73.0458,27.5629,6.3056,-2.6639,-5.8432,-6.4271,-5.9386,-5.0924,-4.2020,-3.3881,-2.6967,-2.1298,-1.6717,-1.3063,-1.0176,-0.7888,-0.6065,-0.4629,-0.3510,-0.2622,-0.1928,-0.1384,-0.0961,-0.0632,-0.0374,-0.0177,-0.0018,0.0123,0.0221,0.0249,0.0299,0.0374,0.0425,0.0458,0.0483,0.0501,0.0514,0.0525,0.0534,0.0541,0.0546,0.0551,0.0555,0.0558,0.0559,0.0565,0.0579,0.0581,0.0564,0.0555,0.0558,0.0563,0.0573,0.0574,0.0560,0.0551,0.0552,0.0557,0.0569,0.0570,0.0554,0.0549,0.0561,0.0563,0.0547,0.0540,0.0543,0.0551,0.0562,0.0560,0.0544,0.0537,0.0542,0.0548,0.0553,0.0549,0.0537,0.0534,0.0540,0.0544,0.0546,0.0542,0.0533,0.0533,0.0538,0.0538,0.0533,0.0531,0.0531,0.0535,0.0546,0.0545,0.0527,0.0525,0.0537,0.0535,0.0518,0.0514,0.0520,0.0523,0.0524,0.0524,0.0523,0.0525,0.0533,0.0531,0.0514,0.0513,0.0523,0.0522,0.0509,0.0506,0.0511,0.0512,0.0512,0.0515,0.0523,0.0520,0.0504,0.0502,0.0514,0.0514,0.0501,0.0498,0.0502,0.0503,0.0502,0.0505,0.0513,0.0513,0.0501,0.0495,0.0496,0.0499,0.0504,0.0505,0.0499,0.0495,0.0493,0.0492,0.0491,0.0493,0.0501,0.0502,0.0489,0.0484,0.0487,0.0491,0.0496,0.0495,0.0485,0.0480,0.0482,0.0485,0.0492,0.0492,0.0481,0.0475,0.0478,0.0481,0.0487,0.0487,0.0478,0.0473,0.0473,0.0477,0.0484,0.0485,0.0474,0.0470,0.0478,0.0479,0.0469,0.0464,0.0466,0.0470,0.0476,0.0477,0.0468,0.0465,0.0471,0.0472,0.0439,204.0526,190.1143,197.1891,231.2749,301.2880,418.9970,576.5881,756.8658,958.6718,1148.6211,1036.1696,1341.3989,1692.8802,1849.5427,1666.3256,1149.3007,581.0540,287.7827,188.5343,124.7613,83.1689,55.5851,37.7473,26.0486,18.3974,13.2594,9.7771,7.3451,5.6216,4.3639,3.4354,2.7256,2.1809,1.7571,1.4242,1.1597,0.9483,0.7782,0.6408,0.5296,0.4390,0.3658,0.3055,0.2571,0.2170,0.1848,0.1582,0.1368,0.1190,0.1048,0.0929,0.0834,0.0754,0.0692,0.0638,0.0596,0.0560,0.0533,0.0509,0.0490,0.0473,0.0460,0.0448,0.0440,0.0431,0.0426,0.0420,0.0417,0.0412,0.0410,0.0406,0.0405,0.0402,0.0402,0.0399,0.0399,0.0396,0.0397,0.0394,0.0395,0.0393,0.0394,0.0391,0.0392,0.0390,0.0391,0.0389,0.0389,0.0387,0.0388,0.0386,0.0387,0.0385,0.0386,0.0384,0.0385,0.0383,0.0384,0.0382,0.0154,-0.4286,0.0394,0.0389,0.0385,0.0383,0.0381,0.0380,0.0379,0.0378,0.0376,0.0466,0.0376,0.0376,0.0375,0.0374,0.0374,0.0373,0.0373,0.0372,0.0371,0.0371,0.0370,0.0370,0.0369,0.0369,0.0368,0.0368,0.0367,0.0367,0.0366,0.0366,0.0366,0.0365,0.0365,0.0364,0.0364,0.0363,0.0363,0.0362,0.0362,0.0361,0.0361,0.0360,0.0360,0.0359,0.0359,0.0359,0.0358,0.0358,0.0357,0.0357,0.0356,0.0356,0.0355,0.0355,0.0355,0.0354,0.0354,0.0353,0.0353,0.0352,0.0352,0.0351,0.0351,0.0351,0.0350,0.0350,0.0349,0.0349,0.0348,0.0348,0.0348,0.0347,0.0347,0.0346,0.0346,0.0346,0.0345,0.0345,0.0344,0.0344,0.0344,0.0343,0.0343,0.0342
33,0,11,0,0,18,243.708539,0.0342,0.0342,0.0341,0.0341,0.0340,0.0340,0.0340,0.0339,0.0339,0.0338,0.0338,0.0338,0.0337,0.0337,0.0336,-339.1865,-383.6716,-392.2661,-359.7532,-216.1838,93.9323,484.7311,841.9674,1301.2738,1845.9453,2069.0569,1491.0127,1035.9382,701.6615,481.9926,303.4978,160.7906,72.9832,27.5241,6.2811,-2.6812,-5.8570,-6.4399,-5.9514,-5.1055,-4.2157,-3.4034,-2.7127,-2.1441,-1.6856,-1.3214,-1.0333,-0.8048,-0.6226,-0.4791,-0.3673,-0.2785,-0.2091,-0.1547,-0.1124,-0.0794,-0.0536,-0.0337,-0.0181,-0.0042,0.0056,0.0083,0.0134,0.0211,0.0265,0.0299,0.0325,0.0344,0.0359,0.0370,0.0378,0.0386,0.0393,0.0397,0.0399,0.0403,0.0406,0.0409,0.0410,0.0412,0.0413,0.0414,0.0415,0.0416,0.0415,0.0415,0.0415,0.0419,0.0430,0.0431,0.0413,0.0404,0.0407,0.0409,0.0408,0.0409,0.0410,0.0410,0.0409,0.0414,0.0426,0.0425,0.0407,0.0400,0.0401,0.0401,0.0400,0.0401,0.0403,0.0408,0.0414,0.0410,0.0400,0.0403,0.0413,0.0410,0.0396,0.0392,0.0396,0.0399,0.0402,0.0401,0.0398,0.0398,0.0398,0.0398,0.0398,0.0398,0.0398,0.0398,0.0397,0.0397,0.0397,0.0396,0.0395,0.0395,0.0394,0.0395,0.0395,0.0394,0.0392,0.0392,0.0392,0.0392,0.0391,0.0390,0.0390,0.0390,0.0388,0.0388,0.0388,0.0388,0.0387,0.0387,0.0387,0.0387,0.0386,0.0385,0.0384,0.0384,0.0385,0.0384,0.0383,0.0383,0.0382,0.0382,0.0382,0.0382,0.0380,0.0380,0.0379,0.0379,0.0379,0.0381,0.0386,0.0386,0.0380,0.0376,0.0373,0.0371,0.0369,0.0369,0.0370,0.0370,0.0371,0.0372,0.0371,0.0371,0.0371,0.0373,0.0378,0.0379,0.0372,0.0368,0.0365,0.0363,0.0363,0.0363,0.0364,0.0365,0.0364,0.0364,0.0365,0.0368,0.0375,0.0375,0.0364,0.0358,0.0358,0.0358,0.0358,0.0358,0.0360,0.0360,0.0337,204.0381,190.1008,197.1760,231.2608,301.2737,418.9853,576.5787,756.8509,958.6384,1148.5675,1036.1550,1341.4823,1692.9589,1849.5381,1666.1514,1148.9683,580.8002,287.6851,188.4834,124.7206,83.1386,55.5595,37.7265,26.0306,18.3817,13.2449,9.7635,7.3321,5.6089,4.3514,3.4230,2.7132,2.1687,1.7448,1.4119,1.1475,0.9361,0.7660,0.6286,0.5174,0.4269,0.3537,0.2934,0.2450,0.2050,0.1728,0.1462,0.1248,0.1071,0.0929,0.0810,0.0716,0.0636,0.0574,0.0521,0.0480,0.0443,0.0417,0.0393,0.0374,0.0358,0.0346,0.0334,0.0326,0.0318,0.0313,0.0307,0.0304,0.0300,0.0298,0.0295,0.0294,0.0291,0.0291,0.0289,0.0289,0.0287,0.0288,0.0285,0.0286,0.0284,0.0285,0.0283,0.0284,0.0283,0.0284,0.0282,0.0283,0.0281,0.0282,0.0281,0.0282,0.0280,0.0281,0.0279,0.0281,0.0279,0.0280,0.0278,0.0051,-0.4352,0.0292,0.0286,0.0283,0.0281,0.0280,0.0279,0.0278,0.0277,0.0276,0.0366,0.0276,0.0276,0.0275,0.0275,0.0275,0.0274,0.0274,0.0274,0.0274,0.0273,0.0273,0.0273,0.0273,0.0272,0.0272,0.0272,0.0271,0.0271,0.0271,0.0271,0.0270,0.0270,0.0270,0.0270,0.0270,0.0269,0.0269,0.0269,0.0269,0.0268,0.0268,0.0268,0.0268,0.0267,0.0267,0.0267,0.0267,0.0266,0.0266,0.0266,0.0266,0.0265,0.0265,0.0265,0.0265,0.0264,0.0264,0.0264,0.0264,0.0264,0.0263,0.0263,0.0263,0.0263,0.0262,0.0262,0.0262,0.0262,0.0262,0.0261,0.0261,0.0261,0.0261,0.0260,0.0260,0.0260,0.0260,0.0259,0.0259,0.0259,0.0259,0.0259,0.0258,0.0258
34,1,11,0,0,18,243.669085,0.0258,0.0258,0.0258,0.0257,0.0257,0.0257,0.0257,0.0256,0.0256,0.0256,0.0256,0.0256,0.0255,0.0255,0.0255,-339.1967,-383.6848,-392.2792,-359.7660,-216.1962,93.9220,484.7177,841.9438,1301.2498,1845.9225,2068.9749,1490.8921,1035.8243,701.5667,481.9080,303.4185,160.7286,72.9437,27.5008,6.2676,-2.6897,-5.8632,-6.4453,-5.9568,-5.1112,-4.2218,-3.4099,-2.7196,-2.1518,-1.6936,-1.3285,-1.0404,-0.8126,-0.6307,-0.4873,-0.3756,-0.2868,-0.2174,-0.1630,-0.1207,-0.0878,-0.0619,-0.0419,-0.0261,-0.0125,-0.0030,-0.0003,0.0048,0.0127,0.0181,0.0214,0.0239,0.0259,0.0277,0.0289,0.0296,0.0304,0.0312,0.0317,0.0320,0.0322,0.0326,0.0329,0.0329,0.0331,0.0333,0.0335,0.0336,0.0337,0.0335,0.0335,0.0335,0.0336,0.0336,0.0336,0.0335,0.0335,0.0336,0.0338,0.0337,0.0337,0.0336,0.0336,0.0333,0.0333,0.0334,0.0334,0.0334,0.0334,0.0334,0.0334,0.0332,0.0333,0.0334,0.0333,0.0331,0.0331,0.0330,0.0332,0.0334,0.0332,0.0329,0.0328,0.0328,0.0330,0.0333,0.0331,0.0328,0.0329,0.0329,0.0327,0.0325,0.0327,0.0328,0.0326,0.0324,0.0325,0.0326,0.0324,0.0321,0.0324,0.0326,0.0325,0.0324,0.0322,0.0318,0.0320,0.0323,0.0323,0.0322,0.0321,0.0321,0.0321,0.0319,0.0318,0.0318,0.0318,0.0318,0.0317,0.0318,0.0317,0.0316,0.0315,0.0316,0.0316,0.0315,0.0315,0.0314,0.0313,0.0312,0.0312,0.0313,0.0313,0.0311,0.0311,0.0312,0.0311,0.0310,0.0310,0.0311,0.0311,0.0310,0.0310,0.0309,0.0309,0.0307,0.0307,0.0308,0.0308,0.0307,0.0306,0.0307,0.0307,0.0306,0.0305,0.0306,0.0307,0.0304,0.0304,0.0304,0.0304,0.0303,0.0303,0.0303,0.0304,0.0302,0.0302,0.0303,0.0303,0.0301,0.0301,0.0301,0.0301,0.0300,0.0300,0.0300,0.0301,0.0300,0.0300,0.0277,204.0289,190.0922,197.1678,231.2520,301.2650,418.9784,576.5732,756.8408,958.6147,1148.5294,1036.1439,1341.5411,1693.0153,1849.5360,1666.0333,1148.7429,580.6295,287.6238,188.4539,124.6948,83.1185,55.5430,37.7133,26.0195,18.3721,13.2363,9.7556,7.3246,5.6017,4.3444,3.4161,2.7065,2.1620,1.7382,1.4053,1.1409,0.9295,0.7595,0.6221,0.5109,0.4204,0.3473,0.2870,0.2386,0.1985,0.1664,0.1398,0.1184,0.1007,0.0865,0.0747,0.0653,0.0573,0.0511,0.0457,0.0417,0.0381,0.0354,0.0330,0.0312,0.0296,0.0284,0.0272,0.0264,0.0256,0.0251,0.0245,0.0243,0.0238,0.0237,0.0233,0.0233,0.0230,0.0230,0.0228,0.0228,0.0226,0.0227,0.0225,0.0226,0.0224,0.0225,0.0223,0.0225,0.0223,0.0224,0.0222,0.0224,0.0222,0.0223,0.0221,0.0223,0.0221,0.0222,0.0221,0.0222,0.0220,0.0222,0.0220,-0.0008,-0.4387,0.0234,0.0228,0.0226,0.0224,0.0222,0.0222,0.0221,0.0220,0.0219,0.0309,0.0220,0.0219,0.0219,0.0219,0.0218,0.0218,0.0218,0.0218,0.0218,0.0217,0.0217,0.0217,0.0217,0.0217,0.0217,0.0216,0.0216,0.0216,0.0216,0.0216,0.0216,0.0215,0.0215,0.0215,0.0215,0.0215,0.0215,0.0215,0.0214,0.0214,0.0214,0.0214,0.0214,0.0214,0.0213,0.0213,0.0213,0.0213,0.0213,0.0213,0.0213,0.0212,0.0212,0.0212,0.0212,0.0212,0.0212,0.0212,0.0211,0.0211,0.0211,0.0211,0.0211,0.0211,0.0211,0.0210,0.0210,0.0210,0.0210,0.0210,0.0210,0.0210,0.0209,0.0209,0.0209,0.0209,0.0209,0.0209,0.0209,0.0208,0.0208,0.0208,0.0208,0.0208
35,0,11,0,0,18,253.886931,0.0208,0.0208,0.0207,0.0207,0.0207,0.0207,0.0207,0.0207,0.0207,0.0206,0.0206,0.0206,0.0206,0.0206,0.0206,-339.2030,-383.6933,-392.2876,-359.7739,-216.2037,93.9159,484.7090,841.9276,1301.2330,1845.9081,2068.9236,1490.8085,1035.7416,701.4962,481.8451,303.3597,160.6827,72.9147,27.4841,6.2585,-2.6948,-5.8664,-6.4481,-5.9595,-5.1142,-4.2250,-3.4135,-2.7235,-2.1560,-1.6981,-1.3331,-1.0452,-0.8176,-0.6357,-0.4922,-0.3806,-0.2919,-0.2225,-0.1682,-0.1259,-0.0930,-0.0671,-0.0471,-0.0312,-0.0175,-0.0082,-0.0030,0.0033,0.0061,0.0091,0.0144,0.0178,0.0202,0.0220,0.0232,0.0241,0.0251,0.0259,0.0266,0.0269,0.0272,0.0275,0.0278,0.0278,0.0280,0.0282,0.0283,0.0283,0.0283,0.0285,0.0286,0.0285,0.0285,0.0286,0.0287,0.0286,0.0286,0.0286,0.0287,0.0286,0.0285,0.0285,0.0286,0.0285,0.0285,0.0285,0.0285,0.0284,0.0283,0.0284,0.0285,0.0283,0.0283,0.0283,0.0284,0.0283,0.0282,0.0282,0.0283,0.0281,0.0281,0.0282,0.0282,0.0280,0.0279,0.0280,0.0281,0.0279,0.0279,0.0280,0.0280,0.0278,0.0278,0.0279,0.0278,0.0277,0.0277,0.0278,0.0278,0.0276,0.0276,0.0276,0.0279,0.0280,0.0277,0.0274,0.0275,0.0274,0.0276,0.0279,0.0276,0.0271,0.0273,0.0276,0.0275,0.0271,0.0272,0.0274,0.0273,0.0269,0.0271,0.0273,0.0272,0.0268,0.0269,0.0272,0.0272,0.0271,0.0270,0.0270,0.0270,0.0269,0.0269,0.0269,0.0269,0.0268,0.0267,0.0267,0.0267,0.0266,0.0266,0.0266,0.0266,0.0265,0.0264,0.0265,0.0265,0.0264,0.0263,0.0264,0.0264,0.0263,0.0262,0.0263,0.0263,0.0262,0.0261,0.0262,0.0262,0.0261,0.0261,0.0261,0.0261,0.0260,0.0260,0.0260,0.0261,0.0259,0.0259,0.0260,0.0260,0.0258,0.0258,0.0259,0.0259,0.0258,0.0257,0.0258,0.0258,0.0236,204.0224,190.0862,197.1621,231.2459,301.2590,418.9737,576.5695,756.8331,958.5963,1148.5000,1036.1349,1341.5861,1693.0591,1849.5349,1665.9446,1148.5735,580.5013,287.5778,188.4320,124.6755,83.1036,55.5309,37.7038,26.0115,18.3654,13.2304,9.7503,7.3196,5.5970,4.3398,3.4117,2.7021,2.1577,1.7340,1.4011,1.1367,0.9254,0.7553,0.6179,0.5068,0.4163,0.3432,0.2829,0.2345,0.1945,0.1623,0.1357,0.1144,0.0967,0.0825,0.0706,0.0613,0.0533,0.0471,0.0417,0.0377,0.0341,0.0314,0.0291,0.0272,0.0256,0.0244,0.0232,0.0225,0.0216,0.0212,0.0206,0.0203,0.0199,0.0197,0.0194,0.0194,0.0191,0.0191,0.0189,0.0190,0.0187,0.0188,0.0186,0.0187,0.0186,0.0187,0.0185,0.0186,0.0185,0.0186,0.0184,0.0186,0.0184,0.0185,0.0184,0.0185,0.0183,0.0185,0.0183,0.0184,0.0183,0.0184,0.0183,-0.0045,-4.0995,-5.2276,-5.1502,-3.2687,3.8335,18.6021,35.1258,48.9070,60.8756,70.8035,85.3111,85.7932,81.8087,79.8359,72.7930,59.6651,51.3634,49.9511,52.8243,49.2520,33.8443,19.3697,12.9502,10.7493,9.2530,7.9575,6.7681,5.7212,4.7999,4.0115,3.3373,2.7706,2.2943,1.8983,1.5691,1.2972,1.0728,0.8883,0.7366,0.6122,0.5103,0.4267,0.3584,0.3024,0.2566,0.2191,0.1884,0.1633,0.1427,0.1258,0.1119,0.1005,0.0911,0.0833,0.0770,0.0716,0.0670,0.0634,0.0611,0.0587,0.0559,0.0539,0.0530,0.0518,0.0499,0.0488,0.0486,0.0479,0.0465,0.0458,0.0459,0.0454,0.0443,0.0438,0.0437,0.0435,0.0432,0.0429,0.0426,0.0423,0.0420,0.0417,0.0414,0.0412,0.0409
36,1,13,0,0,3,438.804763,0.0406,0.0404,0.0401,0.0399,0.0396,0.0394,0.0392,0.0390,0.0387,0.0385,0.0383,0.0381,0.0379,0.0377,0.0395,-339.3234,-383.7105,-392.3051,-359.7903,-216.2041,94.0128,485.0168,842.3013,1301.4153,1848.6288,2088.5635,1517.4482,1069.6639,745.7552,542.5512,391.7148,276.1662,198.9633,158.6906,161.0872,191.6518,215.2501,210.9913,192.2274,183.3353,191.9402,213.7500,242.7016,271.0634,287.1275,279.3412,252.1125,219.9469,191.0943,170.5633,161.7618,162.5338,168.7995,176.9841,183.2928,184.5345,181.5295,176.5974,170.6696,169.6986,179.4347,194.4044,206.8359,213.7827,219.8320,235.8956,268.6253,303.7541,320.6135,325.3994,327.9036,306.6295,266.1197,240.5018,234.8891,238.7712,241.5277,244.0628,257.7909,282.8706,303.8286,304.4796,289.4514,271.2303,241.3130,207.4863,195.8612,199.7918,202.3678,206.8985,220.2497,232.9906,223.3334,192.7169,164.3939,151.7545,155.5112,172.4213,188.9307,189.5930,184.5622,186.9654,183.6973,160.2783,125.1724,95.9793,77.9189,67.3010,61.7000,60.4945,62.4347,64.9982,66.8968,67.1677,66.9363,70.5552,77.8802,79.3746,67.8691,50.7573,37.8003,30.3274,25.9994,22.9108,20.2964,17.9537,15.8345,13.9249,12.2154,10.6946,9.3495,8.1654,7.1271,6.2200,5.4295,4.7425,4.1464,3.6302,3.1835,2.7976,2.4641,2.1764,1.9281,1.7137,1.5288,1.3691,1.2312,1.1120,1.0089,0.9196,0.8423,0.7752,0.7169,0.6661,0.6218,0.5832,0.5493,0.5196,0.4934,0.4703,0.4499,0.4318,0.4156,0.4012,0.3882,0.3766,0.3660,0.3565,0.3478,0.3398,0.3325,0.3258,0.3195,0.3137,0.3083,0.3032,0.2984,0.2939,0.2897,0.2857,0.2818,0.2782,0.2747,0.2713,0.2681,0.2650,0.2620,0.2591,0.2563,0.2537,0.2510,0.2485,0.2460,0.2436,0.2412,0.2390,0.2367,0.2346,0.2325,0.2304,0.2284,0.2264,0.2244,0.2226,0.2207,0.2189,0.2171,0.2153,0.2136,0.2119,0.2103,0.2086,0.2070,0.2055,0.2014,204.7607,190.2664,197.3411,231.4252,301.4373,419.1517,576.7617,757.0746,958.9745,1149.1248,1039.0101,1356.7954,1728.9032,1903.6304,1727.0243,1215.2397,656.1899,366.8927,269.4087,207.4216,158.2417,120.1591,99.3993,82.7834,59.8772,37.6230,24.8702,19.3917,15.8851,13.1962,10.9722,9.1352,7.5982,6.3248,5.2628,4.3836,3.6535,3.0506,2.5516,2.1391,1.7980,1.5233,1.2962,1.1071,0.9514,0.8235,0.7176,0.6286,0.5568,0.5030,0.4546,0.4113,0.3784,0.3499,0.3233,0.3024,0.2848,0.2705,0.2583,0.2480,0.2392,0.2317,0.2250,0.2194,0.2142,0.2099,0.2057,0.2023,0.1989,0.1961,0.1932,0.1909,0.1884,0.1863,0.1841,0.1823,0.1803,0.1787,0.1768,0.1753,0.1736,0.1722,0.1706,0.1693,0.1645,0.1625,0.1645,0.1654,0.1650,0.1647,0.1638,0.1631,0.1621,0.1613,0.1601,0.1593,0.1581,0.1573,0.1562,0.1315,-4.2115,-5.0904,-5.0164,-3.1363,3.9701,18.7471,35.2676,49.0424,61.0136,70.9303,85.4165,85.9115,81.9110,79.8250,72.7198,59.6663,51.4069,50.0080,52.8602,49.3104,33.8507,19.3335,13.0350,10.8786,9.3748,8.0743,6.8807,5.8319,4.9095,4.1202,3.4453,2.8779,2.4010,2.0044,1.6746,1.4023,1.1773,0.9922,0.8399,0.7150,0.6125,0.5284,0.4595,0.4030,0.3566,0.3186,0.2874,0.2618,0.2407,0.2232,0.2089,0.1970,0.1871,0.1789,0.1720,0.1662,0.1614,0.1572,0.1537,0.1507,0.1478,0.1456,0.1443,0.1427,0.1405,0.1389,0.1383,0.1372,0.1354,0.1343,0.1340,0.1331,0.1316,0.1307,0.1305,0.1298,0.1285,0.1276,0.1273,0.1267,0.1262,0.1255,0.1249,0.1243,0.1237
37,0,11,0,0,18,477.711365,0.1231,0.1225,0.1219,0.1213,0.1207,0.1201,0.1196,0.1190,0.1185,0.1179,0.1174,0.1169,0.1163,0.1158,0.1173,-339.2430,-383.6542,-392.2466,-359.7313,-216.1303,94.1769,485.3736,842.6725,1301.5601,1851.3259,2108.4502,1544.1368,1103.3517,790.0889,603.9344,480.6274,390.2279,319.6393,282.1832,304.9389,369.1737,424.1056,434.6193,409.3614,366.2444,305.8152,239.0802,187.4542,156.6499,141.0843,137.8229,145.8084,162.1618,181.5819,200.3526,219.3594,240.6044,258.7076,267.6316,267.6696,264.7376,269.4314,283.9629,301.0553,317.6978,344.3935,391.0698,445.8923,481.0062,487.8351,473.5222,437.5554,399.3019,383.0016,386.6035,400.9423,422.6743,446.4919,471.0309,497.3542,506.0885,485.7411,461.1266,446.9274,431.4235,410.6627,390.4660,356.7541,310.7048,287.8097,277.6699,246.9303,205.1754,175.4693,160.5522,151.6693,145.1068,140.0582,134.6817,128.4290,121.8158,115.4245,110.3039,107.8600,108.9744,112.8651,115.3778,111.5374,100.7990,88.3157,78.1141,70.1667,64.3547,61.7343,63.9120,67.7575,65.6444,54.0663,41.1835,34.0113,28.6010,23.2356,18.7630,14.9332,11.8229,9.3059,7.3177,5.7560,4.5451,3.6094,2.8916,2.3414,1.9212,1.6000,1.3548,1.1667,1.0225,0.9110,0.8247,0.7569,0.7037,0.6609,0.6265,0.5980,0.5745,0.5543,0.5371,0.5218,0.5084,0.4961,0.4851,0.4746,0.4651,0.4560,0.4475,0.4393,0.4316,0.4241,0.4171,0.4101,0.4037,0.3972,0.3912,0.3851,0.3795,0.3739,0.3686,0.3633,0.3584,0.3534,0.3487,0.3440,0.3396,0.3352,0.3311,0.3269,0.3230,0.3190,0.3153,0.3115,0.3080,0.3044,0.3011,0.2977,0.2946,0.2913,0.2883,0.2852,0.2823,0.2793,0.2766,0.2738,0.2712,0.2684,0.2659,0.2633,0.2609,0.2584,0.2561,0.2537,0.2515,0.2492,0.2470,0.2448,0.2428,0.2406,0.2387,0.2366,0.2347,0.2327,0.2309,0.2289,0.2272,0.2253,0.2236,0.2218,0.2201,0.2184,0.2168,0.2233,203.3638,190.2837,197.3585,231.4421,301.4531,419.1712,576.8061,757.1904,959.2797,1149.7852,1040.3782,1357.9746,1729.8213,1905.2197,1731.7002,1221.8762,660.9833,370.2568,272.6513,210.1293,160.3072,121.9251,100.8672,83.8492,60.4905,38.0972,25.4960,20.0015,16.4098,13.6423,11.3552,9.4653,7.8856,6.5762,5.4846,4.5804,3.8266,3.2042,2.6953,2.2766,1.9273,1.6398,1.4014,1.2059,1.0438,0.9103,0.7996,0.7084,0.6326,0.5695,0.5169,0.4761,0.4416,0.4078,0.3783,0.3547,0.3349,0.3187,0.3047,0.2929,0.2825,0.2736,0.2656,0.2587,0.2524,0.2469,0.2418,0.2373,0.2330,0.2292,0.2255,0.2223,0.2189,0.2161,0.2099,0.2064,0.2072,0.2069,0.2054,0.2041,0.2022,0.2006,0.1986,0.1969,0.1950,0.1934,0.1915,0.1864,0.1835,0.1857,0.1855,0.1889,0.1892,0.1811,0.1769,0.1784,0.1779,0.1775,0.1765,0.1570,-0.5769,0.1772,0.1721,0.1683,0.1654,0.1631,0.1611,0.1594,0.1579,0.1565,0.1649,0.1539,0.1527,0.1516,0.1505,0.1494,0.1484,0.1474,0.1464,0.1454,0.1445,0.1435,0.1426,0.1417,0.1409,0.1400,0.1391,0.1383,0.1375,0.1367,0.1359,0.1351,0.1343,0.1335,0.1328,0.1321,0.1313,0.1306,0.1299,0.1292,0.1285,0.1278,0.1271,0.1264,0.1258,0.1251,0.1245,0.1238,0.1232,0.1226,0.1220,0.1213,0.1207,0.1201,0.1196,0.1190,0.1184,0.1178,0.1173,0.1167,0.1162,0.1156,0.1151,0.1145,0.1140,0.1135,0.1130,0.1125,0.1119,0.1114,0.1109,0.1105,0.1100,0.1095,0.1090,0.1085,0.1081,0.1076,0.1071,0.1067,0.1062,0.1058,0.1053,0.1049,0.1045
38,0,11,0,0,18,264.987120,0.1040,0.1036,0.1032,0.1028,0.1024,0.1019,0.1015,0.1011,0.1007,0.1003,0.0999,0.0996,0.0992,0.0988,0.0985,-339.1380,-383.6362,-392.2303,-359.7138,-216.1250,94.0864,485.0804,842.3347,1301.4159,1848.6161,2088.8022,1517.6769,1069.6599,745.8781,542.8488,391.8264,275.3835,195.8706,153.0224,149.5312,170.9161,194.9467,198.7766,177.3711,145.9696,114.1920,82.8671,55.3297,34.9144,21.1520,12.6665,7.6946,4.8347,3.1805,2.2040,1.6042,1.2157,0.9557,0.7762,0.6450,0.5457,0.4683,0.4078,0.3608,0.3244,0.2951,0.2683,0.2429,0.2219,0.2092,0.2012,0.1933,0.1861,0.1797,0.1740,0.1692,0.1650,0.1611,0.1578,0.1547,0.1521,0.1496,0.1475,0.1454,0.1436,0.1419,0.1402,0.1386,0.1371,0.1356,0.1343,0.1331,0.1319,0.1304,0.1291,0.1279,0.1269,0.1258,0.1249,0.1239,0.1230,0.1222,0.1213,0.1201,0.1191,0.1182,0.1175,0.1166,0.1159,0.1151,0.1144,0.1137,0.1130,0.1122,0.1115,0.1107,0.1100,0.1093,0.1087,0.1081,0.1075,0.1068,0.1063,0.1058,0.1052,0.1045,0.1039,0.1033,0.1028,0.1023,0.1018,0.1012,0.1008,0.1002,0.0998,0.0993,0.0988,0.0983,0.0979,0.0974,0.0969,0.0964,0.0962,0.0958,0.0952,0.0947,0.0945,0.0941,0.0935,0.0931,0.0927,0.0923,0.0921,0.0916,0.0913,0.0909,0.0906,0.0902,0.0898,0.0895,0.0892,0.0888,0.0884,0.0881,0.0878,0.0875,0.0872,0.0868,0.0865,0.0860,0.0857,0.0854,0.0851,0.0848,0.0846,0.0842,0.0840,0.0837,0.0834,0.0831,0.0829,0.0827,0.0824,0.0820,0.0816,0.0813,0.0811,0.0808,0.0806,0.0803,0.0801,0.0798,0.0798,0.0797,0.0793,0.0788,0.0785,0.0782,0.0781,0.0781,0.0777,0.0773,0.0772,0.0771,0.0768,0.0764,0.0763,0.0762,0.0758,0.0753,0.0752,0.0751,0.0748,0.0744,0.0744,0.0744,0.0742,0.0740,0.0737,0.0748,204.1085,190.1403,197.2154,231.2998,301.3123,419.0275,576.6404,756.9630,958.9015,1149.1466,1037.4442,1342.8790,1694.4215,1851.7484,1670.7373,1155.0547,585.5657,291.0700,191.4376,127.2651,85.2182,57.2743,39.1566,27.2346,19.4054,14.1222,10.5190,7.9859,6.1790,4.8517,3.8642,3.1046,2.5177,2.0573,1.6932,1.4018,1.1673,0.9772,0.8225,0.6964,0.5928,0.5083,0.4380,0.3809,0.3331,0.2941,0.2614,0.2346,0.2120,0.1934,0.1776,0.1646,0.1533,0.1441,0.1360,0.1294,0.1234,0.1185,0.1141,0.1104,0.1070,0.1041,0.1014,0.0991,0.0969,0.0951,0.0933,0.0918,0.0902,0.0890,0.0876,0.0866,0.0853,0.0844,0.0833,0.0825,0.0815,0.0808,0.0798,0.0792,0.0783,0.0777,0.0769,0.0763,0.0755,0.0751,0.0743,0.0739,0.0731,0.0727,0.0721,0.0717,0.0710,0.0707,0.0700,0.0697,0.0691,0.0688,0.0682,0.0454,-0.4501,0.0684,0.0675,0.0668,0.0662,0.0657,0.0653,0.0649,0.0645,0.0640,0.0725,0.0634,0.0631,0.0627,0.0624,0.0621,0.0618,0.0615,0.0612,0.0609,0.0606,0.0603,0.0600,0.0597,0.0595,0.0592,0.0589,0.0587,0.0584,0.0582,0.0579,0.0577,0.0575,0.0572,0.0570,0.0568,0.0565,0.0563,0.0561,0.0559,0.0557,0.0555,0.0553,0.0551,0.0549,0.0547,0.0545,0.0543,0.0541,0.0539,0.0537,0.0535,0.0533,0.0531,0.0530,0.0528,0.0526,0.0524,0.0523,0.0521,0.0519,0.0518,0.0516,0.0514,0.0513,0.0511,0.0510,0.0508,0.0507,0.0505,0.0503,0.0502,0.0500,0.0499,0.0498,0.0496,0.0495,0.0493,0.0492,0.0490,0.0489,0.0488,0.0486,0.0485,0.0484
39,0,11,0,0,18,243.721927,0.0482,0.0481,0.0480,0.0479,0.0477,0.0476,0.0475,0.0474,0.0472,0.0471,0.0470,0.0469,0.0467,0.0466,0.0465,-339.1763,-383.6617,-392.2557,-359.7415,-216.1694,93.9504,484.7495,841.9849,1301.2944,1845.9523,2068.9441,1490.9172,1035.9298,701.6872,481.9961,303.4780,160.7657,72.9667,27.5196,6.2857,-2.6709,-5.8440,-6.4261,-5.9378,-5.0926,-4.2036,-3.3911,-2.7010,-2.1352,-1.6779,-1.3132,-1.0251,-0.7967,-0.6147,-0.4713,-0.3597,-0.2710,-0.2018,-0.1474,-0.1053,-0.0724,-0.0465,-0.0265,-0.0107,0.0012,0.0101,0.0190,0.0264,0.0275,0.0298,0.0348,0.0380,0.0402,0.0418,0.0430,0.0439,0.0446,0.0451,0.0455,0.0458,0.0460,0.0462,0.0465,0.0467,0.0469,0.0470,0.0470,0.0470,0.0470,0.0469,0.0469,0.0469,0.0469,0.0467,0.0467,0.0467,0.0466,0.0465,0.0465,0.0464,0.0463,0.0462,0.0462,0.0461,0.0460,0.0459,0.0459,0.0458,0.0457,0.0457,0.0456,0.0455,0.0454,0.0453,0.0453,0.0452,0.0451,0.0450,0.0450,0.0449,0.0448,0.0447,0.0447,0.0446,0.0445,0.0444,0.0444,0.0443,0.0443,0.0441,0.0440,0.0440,0.0440,0.0438,0.0438,0.0437,0.0436,0.0435,0.0435,0.0434,0.0434,0.0433,0.0432,0.0431,0.0431,0.0430,0.0429,0.0429,0.0428,0.0427,0.0427,0.0426,0.0425,0.0424,0.0424,0.0423,0.0422,0.0422,0.0421,0.0420,0.0420,0.0419,0.0419,0.0418,0.0417,0.0416,0.0416,0.0415,0.0415,0.0414,0.0414,0.0413,0.0412,0.0412,0.0411,0.0410,0.0410,0.0409,0.0409,0.0408,0.0407,0.0407,0.0406,0.0405,0.0405,0.0404,0.0404,0.0403,0.0403,0.0402,0.0402,0.0401,0.0400,0.0399,0.0399,0.0398,0.0398,0.0398,0.0397,0.0396,0.0396,0.0395,0.0395,0.0394,0.0394,0.0393,0.0394,0.0395,0.0393,0.0390,0.0390,0.0389,0.0391,0.0392,0.0390,0.0386,0.0387,0.0389,0.0387,0.0381,204.0364,190.1002,197.1762,231.2607,301.2739,418.9868,576.5789,756.8396,958.6047,1148.5127,1036.1290,1341.5706,1693.0585,1849.5569,1666.0564,1148.8073,580.6874,287.6292,188.4463,124.6916,83.1179,55.5467,37.7192,26.0272,18.3811,13.2464,9.7665,7.3362,5.6138,4.3569,3.4290,2.7196,2.1753,1.7516,1.4189,1.1545,0.9432,0.7732,0.6358,0.5247,0.4341,0.3610,0.3007,0.2523,0.2122,0.1800,0.1533,0.1320,0.1142,0.1000,0.0880,0.0786,0.0706,0.0643,0.0589,0.0548,0.0511,0.0484,0.0460,0.0441,0.0424,0.0412,0.0400,0.0391,0.0383,0.0377,0.0371,0.0368,0.0363,0.0361,0.0357,0.0356,0.0353,0.0353,0.0350,0.0350,0.0347,0.0348,0.0345,0.0346,0.0343,0.0344,0.0342,0.0343,0.0340,0.0341,0.0339,0.0340,0.0338,0.0339,0.0337,0.0338,0.0335,0.0336,0.0334,0.0335,0.0333,0.0334,0.0332,0.0103,-0.4249,0.0345,0.0339,0.0336,0.0333,0.0332,0.0331,0.0329,0.0329,0.0327,0.0416,0.0327,0.0326,0.0325,0.0325,0.0324,0.0323,0.0323,0.0322,0.0322,0.0321,0.0321,0.0320,0.0320,0.0319,0.0319,0.0318,0.0318,0.0317,0.0317,0.0316,0.0316,0.0315,0.0315,0.0315,0.0314,0.0314,0.0313,0.0313,0.0312,0.0312,0.0311,0.0311,0.0310,0.0310,0.0309,0.0309,0.0309,0.0308,0.0308,0.0307,0.0307,0.0306,0.0306,0.0306,0.0305,0.0305,0.0304,0.0304,0.0303,0.0303,0.0303,0.0302,0.0302,0.0301,0.0301,0.0301,0.0300,0.0300,0.0299,0.0299,0.0298,0.0298,0.0298,0.0297,0.0297,0.0296,0.0296,0.0296,0.0295,0.0295,0.0295,0.0294,0.0294,0.0293
40,0,11,0,0,18,252.358253,0.0293,0.0293,0.0292,0.0292,0.0291,0.0291,0.0291,0.0290,0.0290,0.0290,0.0289,0.0289,0.0288,0.0288,0.0288,-339.1958,-383.6853,-392.2795,-359.7653,-216.1937,93.9278,484.7227,841.9450,1301.2533,1845.9164,2068.8701,1490.7844,1035.7650,701.5312,481.8628,303.3615,160.6776,72.9106,27.4847,6.2634,-2.6870,-5.8572,-6.4384,-5.9500,-5.1052,-4.2166,-3.4055,-2.7160,-2.1484,-1.6907,-1.3266,-1.0392,-0.8125,-0.6308,-0.4867,-0.3750,-0.2862,-0.2168,-0.1625,-0.1203,-0.0873,-0.0616,-0.0418,-0.0260,-0.0139,-0.0049,0.0042,0.0116,0.0127,0.0152,0.0204,0.0237,0.0259,0.0276,0.0288,0.0298,0.0305,0.0310,0.0314,0.0317,0.0320,0.0322,0.0325,0.0326,0.0328,0.0329,0.0332,0.0333,0.0333,0.0333,0.0333,0.0333,0.0333,0.0332,0.0333,0.0332,0.0332,0.0332,0.0332,0.0331,0.0331,0.0330,0.0330,0.0330,0.0330,0.0329,0.0329,0.0328,0.0328,0.0328,0.0327,0.0327,0.0327,0.0326,0.0326,0.0325,0.0325,0.0325,0.0324,0.0324,0.0323,0.0323,0.0323,0.0322,0.0322,0.0322,0.0321,0.0321,0.0320,0.0320,0.0320,0.0320,0.0319,0.0318,0.0318,0.0318,0.0318,0.0317,0.0317,0.0316,0.0316,0.0316,0.0316,0.0315,0.0315,0.0314,0.0314,0.0313,0.0313,0.0313,0.0312,0.0312,0.0311,0.0311,0.0311,0.0311,0.0310,0.0309,0.0309,0.0309,0.0309,0.0308,0.0308,0.0308,0.0308,0.0307,0.0307,0.0306,0.0306,0.0306,0.0305,0.0305,0.0305,0.0304,0.0304,0.0303,0.0303,0.0303,0.0302,0.0302,0.0302,0.0301,0.0301,0.0301,0.0300,0.0300,0.0300,0.0299,0.0299,0.0299,0.0299,0.0298,0.0298,0.0297,0.0297,0.0297,0.0297,0.0296,0.0296,0.0296,0.0295,0.0295,0.0295,0.0294,0.0294,0.0294,0.0294,0.0293,0.0293,0.0293,0.0293,0.0292,0.0292,0.0291,0.0291,0.0291,0.0291,0.0290,0.0291,0.0289,204.0238,190.0884,197.1648,231.2488,301.2620,418.9766,576.5702,756.8272,958.5804,1148.4753,1036.1168,1341.6208,1693.1051,1849.5481,1665.9181,1148.5367,580.4814,287.5619,188.4180,124.6638,83.0946,55.5259,37.7013,26.0110,18.3663,13.2323,9.7531,7.3231,5.6010,4.3442,3.4164,2.7071,2.1629,1.7392,1.4065,1.1422,0.9309,0.7610,0.6236,0.5125,0.4220,0.3489,0.2886,0.2403,0.2002,0.1681,0.1415,0.1201,0.1024,0.0882,0.0764,0.0670,0.0590,0.0528,0.0474,0.0433,0.0397,0.0370,0.0347,0.0328,0.0312,0.0300,0.0288,0.0280,0.0272,0.0267,0.0261,0.0258,0.0254,0.0252,0.0249,0.0248,0.0245,0.0245,0.0243,0.0243,0.0241,0.0242,0.0240,0.0241,0.0239,0.0240,0.0238,0.0239,0.0237,0.0238,0.0236,0.0238,0.0236,0.0237,0.0235,0.0236,0.0235,0.0236,0.0234,0.0235,0.0234,0.0235,0.0233,0.0004,-18.4202,-20.7196,-20.7554,-18.6237,-8.2890,14.4136,38.3095,55.7708,68.9033,78.8280,121.2476,126.5719,118.1429,111.2895,91.6022,57.8701,32.9021,18.0390,9.1418,4.8523,2.4218,1.3643,0.7228,0.4699,0.2896,0.2278,0.1709,0.1544,0.1334,0.1276,0.1182,0.1151,0.1100,0.1076,0.1042,0.1022,0.0996,0.0977,0.0956,0.0938,0.0920,0.0904,0.0887,0.0872,0.0858,0.0844,0.0830,0.0817,0.0805,0.0793,0.0781,0.0770,0.0759,0.0749,0.0739,0.0730,0.0720,0.0711,0.0702,0.0694,0.0686,0.0678,0.0670,0.0663,0.0655,0.0648,0.0641,0.0635,0.0628,0.0622,0.0616,0.0610,0.0600,0.0595,0.0602,0.0599,0.0584,0.0577,0.0578,0.0576,0.0573,0.0569,0.0565,0.0561,0.0557
41,1,31,0,0,23,480.142911,0.0552,0.0548,0.0544,0.0540,0.0536,0.0532,0.0528,0.0524,0.0521,0.0517,0.0513,0.0510,0.0507,0.0503,0.0498,-338.7156,-382.7056,-391.1761,-358.7059,-215.5860,92.9399,481.0466,835.0890,1291.5378,1839.5183,2079.1245,1497.8057,1047.0817,722.3665,513.2794,352.1708,233.3429,167.2009,140.8099,147.5786,186.5213,226.4643,222.5821,189.7529,170.4413,172.4420,187.1605,204.6165,212.7961,207.3182,192.3839,174.6832,159.6074,150.4899,148.8723,156.9525,174.3965,197.2589,220.5417,236.9007,240.4742,238.6055,242.0679,245.4268,251.2411,283.8674,341.7451,389.2506,411.7247,430.8479,469.7070,533.3408,598.4847,633.2477,627.8641,602.9593,544.0406,447.6129,382.8997,369.0783,376.0594,382.4286,371.6300,346.5778,310.8776,266.8099,234.0905,218.6264,211.5299,210.1007,215.3277,215.4096,203.8816,198.3669,206.1973,216.0844,218.0776,210.6605,198.5153,192.2971,197.2791,201.5980,200.8344,203.5353,213.0298,225.0939,225.6111,209.2253,188.2314,167.8045,145.7643,126.0494,112.1417,102.2754,96.7257,96.3918,93.9549,80.1018,61.9260,50.2682,42.1790,34.6210,28.1813,22.7441,18.2720,14.6390,11.7255,9.4068,7.5704,6.1186,4.9769,4.0783,3.3710,2.8133,2.3756,2.0271,1.7458,1.5222,1.3429,1.1983,1.0812,0.9856,0.9070,0.8421,0.7878,0.7424,0.7038,0.6710,0.6426,0.6182,0.5966,0.5777,0.5608,0.5458,0.5322,0.5198,0.5084,0.4981,0.4884,0.4794,0.4709,0.4631,0.4556,0.4485,0.4418,0.4354,0.4292,0.4234,0.4177,0.4123,0.4070,0.4020,0.3971,0.3924,0.3878,0.3833,0.3790,0.3748,0.3707,0.3667,0.3628,0.3591,0.3554,0.3518,0.3482,0.3448,0.3414,0.3382,0.3349,0.3318,0.3287,0.3257,0.3228,0.3199,0.3170,0.3143,0.3115,0.3089,0.3062,0.3037,0.3011,0.2987,0.2962,0.2939,0.2915,0.2892,0.2869,0.2847,0.2825,0.2804,0.2782,0.2761,0.2741,0.2721,0.2701,0.2681,0.2662,0.2643,0.2624,0.2537,204.9294,190.1835,197.2856,231.3273,301.3034,419.2130,577.6309,759.5757,963.7167,1156.2484,1049.8784,1364.5278,1729.2239,1902.3754,1734.2649,1233.8473,686.8763,404.6654,305.0020,233.6883,165.7588,105.6111,66.7075,42.2287,27.2385,18.4126,12.8477,9.4066,7.0664,5.5014,4.3545,3.5246,2.8808,2.3930,2.0025,1.6960,1.4459,1.2452,1.0797,0.9437,0.8303,0.7411,0.6680,0.6082,0.5565,0.5134,0.4766,0.4459,0.4196,0.3972,0.3779,0.3644,0.3495,0.3333,0.3244,0.3155,0.3041,0.2954,0.2879,0.2816,0.2759,0.2710,0.2664,0.2624,0.2584,0.2550,0.2516,0.2486,0.2455,0.2429,0.2401,0.2378,0.2320,0.2290,0.2301,0.2302,0.2289,0.2279,0.2262,0.2248,0.2230,0.2215,0.2197,0.2183,0.2165,0.2151,0.2134,0.2121,0.2103,0.2055,0.2028,0.2088,0.2102,0.2028,0.1991,0.2010,0.2009,0.2008,0.2000,0.1786,15.4414,15.5752,15.8572,18.3011,24.1034,34.3536,48.0785,63.2393,79.4546,94.3484,74.2382,67.6793,68.3672,72.7198,81.1104,92.3270,104.8733,122.9239,144.8644,140.5994,97.9858,56.1152,37.8968,31.7031,27.4784,23.6816,20.1957,17.0774,14.3430,11.9848,9.9750,8.2780,6.8558,5.6709,4.6878,3.8747,3.2045,2.6531,2.2005,1.8293,1.5254,1.2768,1.0734,0.9072,0.7715,0.6604,0.5698,0.4956,0.4350,0.3854,0.3450,0.3117,0.2846,0.2621,0.2440,0.2291,0.2167,0.2065,0.1980,0.1909,0.1851,0.1802,0.1761,0.1726,0.1697,0.1671,0.1650,0.1630,0.1614,0.1599,0.1587,0.1574,0.1564,0.1554,0.1545,0.1536,0.1529,0.1520,0.1514,0.1506,0.1500,0.1493,0.1487,0.1481,0.1475
42,1,5,0,0,21,590.286437,0.1469,0.1463,0.1457,0.1452,0.1446,0.1441,0.1435,0.1430,0.1424,0.1420,0.1414,0.1409,0.1404,0.1399,0.1455,-339.5297,-384.0294,-392.6873,-360.1609,-216.4178,94.4493,486.4827,844.3962,1303.6176,1853.6752,2117.7029,1561.9803,1129.1940,824.3188,648.5808,542.0435,465.9171,395.5916,353.7059,389.5517,487.8205,580.5046,619.9266,611.5533,580.6894,531.6049,478.1506,452.6396,460.5365,473.5481,456.8388,411.7846,360.0490,313.6996,290.2101,299.1654,323.6542,349.3086,383.3522,433.7713,484.0081,496.9168,457.6476,402.5476,371.3131,370.6381,404.1268,471.4423,535.2535,573.9468,610.2599,643.4081,649.1313,618.6934,552.6663,472.8231,421.4582,408.3352,413.6233,421.7115,426.7547,428.5801,425.6201,417.9760,413.6613,419.7038,425.2398,427.4619,414.2133,367.2209,322.1624,299.8639,283.4564,272.4068,271.4776,273.9061,270.7288,261.2540,249.1698,238.3443,233.4743,238.5172,248.7926,255.6981,264.1776,278.8869,289.5064,290.8817,290.7176,290.4584,270.3114,238.7957,224.1777,220.3014,214.0744,202.7405,181.1858,140.8610,97.8044,70.4306,53.2646,41.3194,32.6823,25.8903,20.5015,16.2188,12.8453,10.2009,8.1392,6.5357,5.2905,4.3233,3.5709,2.9843,2.5251,2.1640,1.8783,1.6509,1.4683,1.3208,1.2002,1.1010,1.0184,0.9488,0.8897,0.8390,0.7951,0.7568,0.7229,0.6929,0.6659,0.6417,0.6196,0.5997,0.5812,0.5644,0.5487,0.5343,0.5207,0.5082,0.4964,0.4854,0.4750,0.4653,0.4559,0.4473,0.4389,0.4311,0.4235,0.4165,0.4096,0.4032,0.3969,0.3910,0.3852,0.3797,0.3743,0.3693,0.3643,0.3597,0.3550,0.3506,0.3463,0.3422,0.3381,0.3342,0.3303,0.3267,0.3231,0.3196,0.3161,0.3129,0.3096,0.3065,0.3034,0.3004,0.2974,0.2946,0.2917,0.2891,0.2863,0.2837,0.2811,0.2786,0.2761,0.2738,0.2713,0.2690,0.2667,0.2645,0.2622,0.2602,0.2580,0.2559,0.2538,0.2519,0.2498,0.2480,0.2460,0.2356,204.3912,190.3321,197.4104,231.5053,301.5189,419.2032,576.7593,757.0074,958.8503,1148.9739,1037.3118,1349.7170,1715.4320,1885.7028,1709.2056,1191.0659,615.3216,316.3517,217.8980,158.5679,121.4085,98.7421,87.9078,77.2757,57.7467,37.0149,24.9792,19.7652,16.3844,13.6959,11.4533,9.5689,7.9900,6.6714,5.5728,4.6595,3.9042,3.2763,2.7578,2.3314,1.9765,1.6843,1.4423,1.2435,1.0788,0.9429,0.8303,0.7373,0.6600,0.5956,0.5416,0.4997,0.4644,0.4299,0.3997,0.3754,0.3551,0.3382,0.3237,0.3113,0.3006,0.2912,0.2829,0.2756,0.2689,0.2631,0.2577,0.2529,0.2483,0.2443,0.2403,0.2369,0.2301,0.2262,0.2264,0.2257,0.2238,0.2221,0.2199,0.2179,0.2157,0.2137,0.2115,0.2097,0.2075,0.2023,0.1993,0.2048,0.2056,0.1979,0.1939,0.1954,0.1948,0.1943,0.1932,0.1923,0.1909,0.1898,0.1884,0.1704,-13.2203,-15.4297,-15.3761,-12.4306,-0.1518,25.9861,54.4523,76.9511,95.4878,110.3504,146.0173,149.1932,140.9671,135.3451,118.3311,88.4868,67.7973,58.9994,57.4429,51.7506,35.1105,20.0840,13.4165,11.1137,9.5237,8.1940,6.9738,5.9167,4.9839,4.1916,3.5119,2.9427,2.4630,2.0651,1.7334,1.4598,1.2334,1.0472,0.8937,0.7677,0.6641,0.5790,0.5091,0.4517,0.4045,0.3656,0.3336,0.3071,0.2853,0.2671,0.2520,0.2394,0.2289,0.2200,0.2125,0.2061,0.2006,0.1959,0.1918,0.1883,0.1846,0.1819,0.1809,0.1789,0.1756,0.1735,0.1730,0.1715,0.1688,0.1671,0.1669,0.1658,0.1634,0.1619,0.1619,0.1609,0.1587,0.1574,0.1570,0.1563,0.1555,0.1545,0.1536,0.1527,0.1518
43,0,11,0,0,18,507.654963,0.1509,0.1500,0.1491,0.1482,0.1473,0.1465,0.1457,0.1448,0.1440,0.1432,0.1424,0.1417,0.1409,0.1402,0.1413,-339.2278,-383.5610,-392.1535,-359.6459,-216.0757,94.1098,485.0204,841.8989,1300.3357,1849.6543,2105.2664,1541.0051,1102.1796,790.7424,604.7150,481.2701,391.4204,322.0515,286.3760,310.1742,368.5417,406.0601,398.4687,363.5823,316.1396,262.0367,216.5691,188.2987,173.4021,169.5049,178.5456,202.3255,236.5656,271.1128,300.0225,327.5901,357.9524,378.0997,375.0367,344.8211,303.6202,287.7504,302.1219,323.2082,340.2442,364.4833,404.9647,447.4110,463.7983,445.2765,414.3778,392.8693,386.3264,406.8163,444.3097,460.0981,465.2669,485.7771,509.3303,527.3554,531.0458,506.4633,460.2019,413.4368,372.3811,331.4099,299.9930,270.3832,232.2045,206.2577,197.4219,198.1469,201.9334,198.3413,191.6980,192.3316,201.2306,215.6748,233.8345,251.4017,262.9834,266.1524,257.4222,243.0187,238.2142,244.2403,249.5065,240.0617,210.9147,174.3947,148.4371,137.3862,129.2978,112.9292,91.3385,74.2563,62.4786,52.2459,43.2539,35.7207,29.4187,24.2427,20.0084,16.5704,13.7824,11.5244,9.6929,8.2041,6.9898,5.9950,5.1765,4.5001,3.9383,3.4677,3.0713,2.7359,2.4515,2.2087,2.0007,1.8215,1.6666,1.5319,1.4148,1.3121,1.2220,1.1425,1.0722,1.0099,0.9545,0.9050,0.8609,0.8212,0.7856,0.7533,0.7243,0.6977,0.6738,0.6517,0.6318,0.6132,0.5964,0.5806,0.5663,0.5527,0.5403,0.5286,0.5178,0.5074,0.4979,0.4887,0.4803,0.4721,0.4645,0.4570,0.4501,0.4434,0.4371,0.4309,0.4251,0.4194,0.4140,0.4087,0.4037,0.3987,0.3941,0.3894,0.3851,0.3806,0.3765,0.3724,0.3685,0.3645,0.3608,0.3571,0.3536,0.3500,0.3466,0.3432,0.3400,0.3367,0.3337,0.3305,0.3276,0.3245,0.3217,0.3188,0.3161,0.3133,0.3108,0.3080,0.3055,0.3029,0.3005,0.2980,0.2957,0.2932,0.2910,0.2886,0.2865,0.2917,203.5777,190.3739,197.4540,231.5491,301.5612,419.2413,576.7933,757.0466,958.8846,1148.9612,1038.9728,1363.5225,1749.2650,1935.9457,1762.4601,1247.4669,682.7857,390.1918,294.4088,237.2695,193.1780,160.6728,147.3706,132.3774,97.9465,60.1475,39.0486,30.9612,25.8940,21.8533,18.3837,15.4295,12.9096,10.7849,8.9953,7.4999,6.2493,5.2132,4.3580,3.6490,3.0637,2.5838,2.1860,1.8595,1.5900,1.3685,1.1857,1.0355,0.9113,0.8087,0.7237,0.6563,0.6000,0.5485,0.5045,0.4691,0.4368,0.4122,0.3946,0.3789,0.3650,0.3530,0.3422,0.3295,0.3200,0.3166,0.3115,0.3071,0.3023,0.2982,0.2940,0.2903,0.2865,0.2833,0.2799,0.2769,0.2737,0.2711,0.2682,0.2657,0.2630,0.2607,0.2582,0.2560,0.2536,0.2516,0.2494,0.2474,0.2452,0.2435,0.2414,0.2397,0.2376,0.2360,0.2341,0.2326,0.2307,0.2292,0.2275,0.2070,-0.6565,0.2258,0.2205,0.2164,0.2133,0.2107,0.2086,0.2066,0.2049,0.2033,0.2115,0.2002,0.1988,0.1975,0.1961,0.1949,0.1936,0.1924,0.1912,0.1900,0.1889,0.1877,0.1866,0.1855,0.1845,0.1834,0.1824,0.1814,0.1803,0.1793,0.1784,0.1774,0.1764,0.1755,0.1745,0.1736,0.1727,0.1718,0.1709,0.1700,0.1692,0.1683,0.1675,0.1666,0.1658,0.1650,0.1642,0.1634,0.1626,0.1618,0.1610,0.1602,0.1595,0.1587,0.1580,0.1573,0.1565,0.1558,0.1551,0.1544,0.1537,0.1530,0.1523,0.1516,0.1510,0.1503,0.1496,0.1490,0.1483,0.1477,0.1471,0.1464,0.1458,0.1452,0.1446,0.1440,0.1434,0.1428,0.1422,0.1416,0.1410,0.1404,0.1399,0.1393,0.1388
44,0,11,0,0,18,273.441468,0.1382,0.1377,0.1371,0.1366,0.1360,0.1355,0.1350,0.1344,0.1339,0.1334,0.1329,0.1324,0.1319,0.1314,0.1310,-339.3175,-384.0329,-392.7007,-360.1771,-216.4169,94.4748,486.6125,845.0123,1304.9954,1852.8678,2100.4734,1538.0503,1096.9182,780.5287,588.6113,455.8664,353.8389,272.4431,224.0537,225.9124,249.4435,262.2301,251.8896,216.8762,170.0939,126.7448,89.9582,59.4473,37.3171,22.5996,13.5807,8.3084,5.2749,3.5170,2.4730,1.8298,1.4161,1.1350,0.9362,0.7917,0.6813,0.5937,0.5248,0.4717,0.4282,0.3901,0.3615,0.3391,0.3154,0.2971,0.2855,0.2746,0.2647,0.2561,0.2485,0.2418,0.2358,0.2305,0.2258,0.2214,0.2175,0.2138,0.2104,0.2072,0.2044,0.2017,0.1992,0.1967,0.1944,0.1922,0.1901,0.1880,0.1861,0.1842,0.1825,0.1806,0.1790,0.1775,0.1761,0.1745,0.1729,0.1714,0.1701,0.1687,0.1673,0.1660,0.1647,0.1634,0.1623,0.1611,0.1598,0.1585,0.1576,0.1565,0.1554,0.1542,0.1533,0.1523,0.1513,0.1503,0.1493,0.1482,0.1475,0.1467,0.1458,0.1449,0.1441,0.1432,0.1424,0.1415,0.1407,0.1398,0.1391,0.1383,0.1377,0.1370,0.1362,0.1355,0.1348,0.1341,0.1333,0.1326,0.1323,0.1318,0.1308,0.1300,0.1298,0.1292,0.1283,0.1276,0.1272,0.1266,0.1262,0.1256,0.1250,0.1244,0.1239,0.1233,0.1228,0.1223,0.1218,0.1212,0.1207,0.1202,0.1198,0.1193,0.1188,0.1182,0.1178,0.1173,0.1169,0.1164,0.1159,0.1155,0.1150,0.1145,0.1141,0.1137,0.1133,0.1128,0.1124,0.1120,0.1116,0.1111,0.1107,0.1103,0.1099,0.1095,0.1092,0.1087,0.1084,0.1080,0.1076,0.1072,0.1069,0.1065,0.1061,0.1058,0.1054,0.1051,0.1047,0.1043,0.1040,0.1036,0.1033,0.1030,0.1027,0.1024,0.1020,0.1017,0.1013,0.1010,0.1007,0.1004,0.1001,0.0997,0.0995,0.0992,0.0988,0.0996,204.1944,190.1679,197.2429,231.3279,301.3399,419.0545,576.6712,757.0083,958.9740,1149.2448,1037.4944,1342.7936,1694.4310,1852.6781,1674.1237,1159.8289,588.9680,293.0620,193.0163,128.5788,86.1977,58.0062,39.7113,27.6641,19.7459,14.3998,10.7512,8.1848,6.3530,5.0066,4.0041,3.2326,2.6360,2.1674,1.7963,1.4990,1.2594,1.0648,0.9061,0.7764,0.6696,0.5821,0.5093,0.4497,0.3997,0.3586,0.3240,0.2955,0.2712,0.2511,0.2339,0.2195,0.2070,0.1966,0.1874,0.1797,0.1727,0.1669,0.1616,0.1570,0.1528,0.1491,0.1456,0.1426,0.1397,0.1373,0.1348,0.1327,0.1306,0.1288,0.1269,0.1253,0.1235,0.1222,0.1206,0.1193,0.1179,0.1168,0.1154,0.1144,0.1131,0.1121,0.1109,0.1101,0.1089,0.1081,0.1070,0.1063,0.1052,0.1045,0.1036,0.1029,0.1020,0.1013,0.1004,0.0999,0.0990,0.0984,0.0976,0.0751,-0.4809,0.0970,0.0959,0.0951,0.0943,0.0936,0.0930,0.0923,0.0917,0.0911,0.0992,0.0901,0.0896,0.0891,0.0886,0.0881,0.0876,0.0871,0.0867,0.0862,0.0858,0.0854,0.0849,0.0845,0.0841,0.0837,0.0833,0.0829,0.0825,0.0821,0.0817,0.0814,0.0810,0.0806,0.0803,0.0799,0.0796,0.0792,0.0789,0.0786,0.0782,0.0779,0.0776,0.0773,0.0770,0.0767,0.0764,0.0761,0.0758,0.0755,0.0752,0.0749,0.0746,0.0743,0.0741,0.0738,0.0735,0.0733,0.0730,0.0727,0.0725,0.0722,0.0720,0.0717,0.0715,0.0712,0.0710,0.0708,0.0705,0.0703,0.0700,0.0698,0.0696,0.0694,0.0691,0.0689,0.0687,0.0685,0.0683,0.0681,0.0678,0.0676,0.0674,0.0672,0.0670
45,0,11,0,0,18,259.922843,0.0668,0.0666,0.0664,0.0662,0.0660,0.0658,0.0657,0.0655,0.0653,0.0651,0.0649,0.0647,0.0645,0.0644,0.0642,-339.1583,-383.6389,-392.2332,-359.7193,-216.1454,93.9775,484.7864,842.0444,1301.3623,1845.9797,2068.8662,1491.0021,1036.1622,701.9382,482.1900,303.6276,160.8678,73.0256,27.5539,6.3071,-2.6553,-5.8311,-6.4140,-5.9259,-5.0806,-4.1914,-3.3787,-2.6884,-2.1224,-1.6651,-1.2997,-1.0116,-0.7846,-0.6028,-0.4587,-0.3468,-0.2580,-0.1887,-0.1344,-0.0923,-0.0595,-0.0334,-0.0133,0.0022,0.0144,0.0235,0.0322,0.0391,0.0400,0.0424,0.0477,0.0508,0.0529,0.0546,0.0557,0.0566,0.0572,0.0577,0.0581,0.0583,0.0585,0.0586,0.0587,0.0587,0.0588,0.0588,0.0588,0.0587,0.0587,0.0587,0.0586,0.0585,0.0585,0.0584,0.0583,0.0582,0.0581,0.0581,0.0580,0.0578,0.0577,0.0577,0.0576,0.0575,0.0574,0.0574,0.0573,0.0571,0.0570,0.0568,0.0568,0.0567,0.0565,0.0564,0.0565,0.0564,0.0561,0.0559,0.0560,0.0559,0.0558,0.0557,0.0556,0.0554,0.0553,0.0552,0.0552,0.0550,0.0549,0.0548,0.0547,0.0546,0.0546,0.0544,0.0543,0.0542,0.0542,0.0540,0.0539,0.0538,0.0538,0.0537,0.0536,0.0535,0.0535,0.0534,0.0532,0.0531,0.0530,0.0529,0.0528,0.0527,0.0527,0.0525,0.0525,0.0524,0.0524,0.0523,0.0521,0.0520,0.0519,0.0518,0.0518,0.0517,0.0517,0.0515,0.0514,0.0513,0.0513,0.0512,0.0511,0.0511,0.0510,0.0509,0.0508,0.0507,0.0506,0.0505,0.0505,0.0504,0.0503,0.0502,0.0501,0.0500,0.0499,0.0499,0.0498,0.0497,0.0496,0.0496,0.0495,0.0494,0.0493,0.0492,0.0492,0.0491,0.0490,0.0489,0.0489,0.0488,0.0487,0.0486,0.0486,0.0485,0.0484,0.0484,0.0483,0.0482,0.0482,0.0481,0.0480,0.0479,0.0479,0.0478,0.0477,0.0476,0.0476,0.0475,0.0474,0.0468,204.0479,190.1114,197.1871,231.2722,301.2854,418.9956,576.5835,756.8442,958.6174,1148.5338,1036.1237,1341.5355,1693.0394,1849.5801,1666.2111,1149.1320,580.9418,287.6899,188.4547,124.7064,83.1320,55.5615,37.7332,26.0408,18.3943,13.2594,9.7795,7.3491,5.6268,4.3700,3.4421,2.7328,2.1885,1.7649,1.4322,1.1679,0.9566,0.7865,0.6492,0.5380,0.4475,0.3743,0.3140,0.2655,0.2254,0.1932,0.1665,0.1451,0.1273,0.1130,0.1011,0.0916,0.0836,0.0773,0.0718,0.0677,0.0640,0.0612,0.0588,0.0568,0.0551,0.0538,0.0526,0.0517,0.0508,0.0502,0.0496,0.0493,0.0487,0.0485,0.0481,0.0480,0.0476,0.0475,0.0472,0.0472,0.0469,0.0469,0.0466,0.0466,0.0464,0.0464,0.0461,0.0462,0.0459,0.0460,0.0458,0.0458,0.0456,0.0456,0.0454,0.0454,0.0452,0.0453,0.0450,0.0451,0.0449,0.0449,0.0447,0.0218,1.2639,-0.0765,0.0965,2.7943,11.8330,30.0214,51.1189,69.9515,87.3260,102.2144,110.0078,108.3147,104.5532,103.9829,99.7099,90.3554,86.2596,90.8806,101.0896,96.0913,66.4995,38.0833,25.5576,21.2795,18.3791,15.8191,13.4687,11.3831,9.5511,7.9770,6.6333,5.5012,4.5511,3.7602,3.1035,2.5608,2.1132,1.7451,1.4427,1.1947,0.9916,0.8253,0.6893,0.5781,0.4872,0.4128,0.3521,0.3024,0.2618,0.2285,0.2013,0.1789,0.1606,0.1456,0.1332,0.1230,0.1147,0.1077,0.1017,0.0970,0.0938,0.0906,0.0871,0.0846,0.0833,0.0816,0.0795,0.0781,0.0777,0.0767,0.0752,0.0743,0.0743,0.0736,0.0724,0.0718,0.0717,0.0713,0.0710,0.0705,0.0702,0.0698,0.0694,0.0690,0.0687
46,1,6,0,0,9,481.345019,0.0683,0.0680,0.0676,0.0673,0.0670,0.0667,0.0663,0.0661,0.0657,0.0655,0.0652,0.0649,0.0646,0.0644,0.0681,-339.6635,-384.1903,-392.8472,-360.3095,-216.4798,94.6349,487.2059,846.1731,1306.5386,1854.6052,2103.0657,1540.7167,1098.1797,779.9291,587.9700,455.8193,354.3314,275.3389,230.4889,245.2500,296.5119,330.4006,329.8239,319.6496,325.9406,350.6290,377.7734,382.8842,359.8347,326.6620,293.4218,268.0913,253.2591,241.8635,238.0845,252.6947,279.0521,303.8810,330.2221,361.3690,386.6340,393.6532,380.9240,357.2428,336.0890,332.5634,336.0677,335.5199,346.1929,369.5097,400.2580,431.3301,445.3650,433.1328,398.9869,352.5678,305.6730,276.4227,277.3613,291.8637,297.3304,298.6572,300.1423,289.1202,265.1978,236.3195,212.3695,199.2503,185.6600,166.6863,150.5395,141.7438,138.6944,139.1435,142.0136,147.4008,155.0616,165.2559,178.6318,194.5410,204.3220,204.2577,205.3008,206.0140,194.6367,173.0667,151.3611,131.4990,107.8845,85.6211,71.9398,61.7615,52.2113,44.0400,36.9721,31.0191,26.0218,21.8691,18.4249,15.5750,13.2157,11.2598,9.6349,8.2806,7.1487,6.1987,5.3992,4.7233,4.1505,3.6627,3.2467,2.8900,2.5838,2.3198,2.0918,1.8942,1.7226,1.5730,1.4425,1.3282,1.2280,1.1398,1.0621,0.9934,0.9326,0.8786,0.8305,0.7876,0.7492,0.7148,0.6839,0.6559,0.6307,0.6078,0.5871,0.5681,0.5508,0.5349,0.5203,0.5068,0.4944,0.4828,0.4721,0.4620,0.4526,0.4438,0.4356,0.4277,0.4204,0.4134,0.4068,0.4004,0.3945,0.3887,0.3832,0.3779,0.3729,0.3680,0.3633,0.3588,0.3545,0.3502,0.3462,0.3422,0.3384,0.3346,0.3310,0.3275,0.3241,0.3207,0.3175,0.3143,0.3113,0.3082,0.3053,0.3024,0.2996,0.2968,0.2941,0.2915,0.2889,0.2864,0.2839,0.2814,0.2791,0.2767,0.2744,0.2722,0.2700,0.2678,0.2657,0.2636,0.2615,0.2595,0.2575,0.2555,0.2536,0.2517,0.2499,0.2462,204.1920,190.3425,197.4052,231.4953,301.5154,419.1951,576.6385,756.6140,958.0948,1147.8420,1039.0975,1369.3977,1762.0837,1954.0149,1783.1132,1277.6605,729.4047,444.3794,348.8181,288.8171,232.1611,183.7242,160.1206,138.7074,100.6359,61.3003,39.3499,30.8894,25.6488,21.5740,18.0976,15.1719,12.6776,10.5860,8.8230,7.3540,6.1270,5.1104,4.2642,3.5664,2.9948,2.5259,2.1363,1.8167,1.5527,1.3357,1.1567,1.0096,0.8880,0.7875,0.7041,0.6384,0.5834,0.5330,0.4898,0.4552,0.4234,0.3995,0.3827,0.3675,0.3539,0.3422,0.3319,0.3230,0.3148,0.3079,0.3014,0.2924,0.2860,0.2853,0.2825,0.2799,0.2768,0.2742,0.2712,0.2686,0.2658,0.2635,0.2608,0.2585,0.2560,0.2539,0.2516,0.2496,0.2472,0.2453,0.2432,0.2414,0.2394,0.2377,0.2355,0.2338,0.2321,0.2306,0.2288,0.2273,0.2254,0.2240,0.2224,0.2006,-18.6631,-20.5214,-20.5639,-18.4346,-8.0907,14.6297,38.5198,55.9643,69.0950,78.9948,121.3705,126.7218,118.2669,111.1950,91.3834,57.8004,32.9299,18.1184,9.2632,4.9881,2.5740,1.5182,0.8812,0.6270,0.4475,0.3842,0.3270,0.3092,0.2874,0.2806,0.2703,0.2663,0.2603,0.2570,0.2527,0.2498,0.2464,0.2436,0.2407,0.2381,0.2354,0.2330,0.2306,0.2283,0.2260,0.2239,0.2218,0.2198,0.2178,0.2158,0.2140,0.2121,0.2104,0.2086,0.2069,0.2053,0.2037,0.2021,0.2006,0.1991,0.1976,0.1962,0.1947,0.1934,0.1920,0.1907,0.1894,0.1881,0.1865,0.1853,0.1854,0.1845,0.1823,0.1810,0.1809,0.1800,0.1779,0.1766,0.1762,0.1754,0.1746,0.1737,0.1727,0.1718,0.1708
47,1,15,0,0,28,603.561317,0.1699,0.1690,0.1680,0.1671,0.1662,0.1654,0.1645,0.1636,0.1628,0.1620,0.1611,0.1603,0.1595,0.1587,0.1578,-338.7104,-382.7167,-391.1754,-358.6894,-215.4586,93.4813,482.4091,837.0208,1293.3635,1846.6420,2121.8638,1554.1460,1115.6212,810.2836,635.0751,530.2764,464.8617,416.0608,395.7366,438.1556,536.6957,629.7010,633.5859,554.9394,465.7688,390.8254,322.5986,267.0308,232.8449,220.8995,227.1384,247.1204,277.4005,309.8077,327.0269,329.4884,339.0649,352.0764,356.8545,355.2781,354.6919,365.2427,385.4636,404.9108,418.1535,434.9281,466.6057,501.6491,516.1202,510.8539,496.3694,470.0970,450.7520,456.1999,477.7218,511.8802,555.1274,581.1655,569.7367,533.8890,498.2496,490.9822,533.9234,609.2535,658.7419,652.3487,630.5401,596.6536,539.7374,488.9086,444.1656,404.6696,361.2524,316.1736,298.8726,302.5132,308.3416,317.9587,327.7606,322.1291,294.5852,262.1757,246.4131,250.9042,264.1512,274.2145,279.7243,286.3897,291.3267,283.4208,262.4478,239.1714,218.9485,202.9254,196.0379,192.7313,178.4462,156.0749,138.5617,127.8051,122.5434,118.9307,104.1037,77.5211,52.7692,35.7138,25.1434,18.6496,14.2070,10.9366,8.4776,6.6195,5.2163,4.1571,3.3574,2.7527,2.2946,1.9463,1.6803,1.4761,1.3183,1.1951,1.0984,1.0215,0.9597,0.9094,0.8677,0.8329,0.8032,0.7776,0.7552,0.7351,0.7172,0.7008,0.6859,0.6719,0.6589,0.6466,0.6351,0.6240,0.6136,0.6035,0.5939,0.5847,0.5758,0.5672,0.5589,0.5509,0.5432,0.5356,0.5284,0.5213,0.5145,0.5078,0.5014,0.4951,0.4890,0.4831,0.4773,0.4717,0.4662,0.4608,0.4556,0.4505,0.4456,0.4407,0.4360,0.4314,0.4269,0.4225,0.4182,0.4140,0.4099,0.4058,0.4019,0.3980,0.3943,0.3906,0.3870,0.3834,0.3799,0.3765,0.3732,0.3699,0.3666,0.3635,0.3604,0.3573,0.3543,0.3514,0.3485,0.3456,0.3429,0.3401,0.3374,0.3348,0.3322,0.3296,0.3271,0.3277,203.6209,190.3386,197.4240,231.4889,301.4803,419.2868,577.3298,758.5980,962.0547,1154.2216,1048.4108,1370.5200,1748.9203,1932.7080,1767.3580,1266.5652,716.1494,430.6098,332.7068,266.1389,202.8615,148.0031,116.2447,92.7118,65.5771,41.2426,27.5173,21.4448,17.4860,14.5156,12.0790,10.0948,8.4367,7.0706,5.9293,4.9860,4.2003,3.5495,3.0085,2.5657,2.2000,1.8974,1.6452,1.4374,1.2642,1.1208,1.0012,0.9021,0.8191,0.7496,0.6912,0.6421,0.6020,0.5706,0.5394,0.5095,0.4826,0.4622,0.4480,0.4347,0.4224,0.4081,0.3969,0.3917,0.3850,0.3789,0.3726,0.3670,0.3613,0.3562,0.3510,0.3464,0.3417,0.3376,0.3332,0.3295,0.3255,0.3220,0.3182,0.3150,0.3116,0.3085,0.3052,0.3024,0.2993,0.2966,0.2936,0.2911,0.2883,0.2859,0.2832,0.2809,0.2784,0.2762,0.2738,0.2717,0.2693,0.2674,0.2651,0.2427,-4.3100,-4.9857,-4.9130,-3.0353,4.0636,18.8296,35.3508,49.1304,61.0983,71.0253,85.5338,86.0110,82.0220,80.0386,72.9898,59.8651,51.5617,50.1423,52.9920,49.4289,33.9864,19.4853,13.1324,10.9557,9.4537,8.1550,6.9622,5.9133,4.9905,4.2007,3.5253,2.9573,2.4798,2.0827,1.7524,1.4794,1.2539,1.0683,0.9156,0.7901,0.6871,0.6025,0.5331,0.4761,0.4293,0.3908,0.3592,0.3330,0.3115,0.2936,0.2788,0.2665,0.2562,0.2475,0.2402,0.2340,0.2288,0.2242,0.2200,0.2167,0.2145,0.2119,0.2089,0.2066,0.2053,0.2036,0.2013,0.1996,0.1988,0.1975,0.1956,0.1942,0.1934,0.1923,0.1913,0.1902,0.1892,0.1881,0.1871,0.1861,0.1851,0.1842,0.1832,0.1823,0.1814
48,1,27,0,0,25,496.412400,0.1804,0.1795,0.1786,0.1778,0.1769,0.1761,0.1752,0.1744,0.1736,0.1728,0.1719,0.1712,0.1704,0.1696,0.1708,-338.8697,-383.0427,-391.5728,-359.0824,-215.7498,93.5933,483.1108,838.3356,1295.3136,1846.3981,2111.2454,1545.4861,1108.1642,801.0265,619.7148,503.7648,424.2173,363.2832,333.7036,369.0406,461.4041,553.8317,583.4564,551.1776,494.0532,419.6863,335.6136,267.3609,220.8411,186.6456,159.9856,139.7500,125.4758,116.8806,113.7359,116.7331,125.5542,137.9303,150.5805,159.7092,163.3916,166.1993,173.7963,183.6625,197.6875,227.8945,271.7961,309.8320,335.4019,362.4676,400.9465,444.3749,476.6109,480.7217,451.0228,410.7216,378.3544,354.7876,356.9330,381.4823,408.1039,431.6409,439.2343,412.4277,355.9686,300.0310,269.0097,264.4414,276.5168,293.9887,317.4860,343.0070,348.7078,324.3319,279.0541,231.5564,198.5199,180.5480,168.3250,157.5845,149.3880,145.5225,147.6588,154.6315,163.6113,172.3864,177.0475,181.1889,192.7710,203.4383,204.1936,192.4916,172.6139,159.2484,156.0085,159.6880,164.0428,153.9131,127.1154,100.9115,83.3625,69.5864,57.1424,46.3775,37.3607,29.9296,23.9122,19.0868,15.2516,12.2170,9.8253,7.9424,6.4609,5.2942,4.3741,3.6465,3.0699,2.6109,2.2444,1.9502,1.7132,1.5208,1.3644,1.2360,1.1304,1.0425,0.9693,0.9075,0.8554,0.8107,0.7725,0.7393,0.7104,0.6849,0.6626,0.6425,0.6247,0.6083,0.5937,0.5800,0.5678,0.5562,0.5457,0.5357,0.5265,0.5176,0.5095,0.5016,0.4942,0.4871,0.4804,0.4739,0.4677,0.4617,0.4560,0.4504,0.4451,0.4398,0.4349,0.4300,0.4253,0.4207,0.4163,0.4119,0.4077,0.4035,0.3996,0.3956,0.3919,0.3880,0.3845,0.3808,0.3774,0.3739,0.3707,0.3673,0.3642,0.3610,0.3580,0.3549,0.3520,0.3490,0.3463,0.3434,0.3407,0.3379,0.3354,0.3327,0.3302,0.3276,0.3252,0.3227,0.3204,0.3180,0.3157,0.3134,0.3112,0.3089,0.3069,0.3107,203.7531,190.3336,197.4252,231.5007,301.4952,419.2703,577.2328,758.3429,961.4338,1152.9535,1044.2347,1360.7524,1732.7977,1910.9907,1741.0662,1230.3899,665.4966,372.7721,274.4721,211.4483,161.3737,122.8592,101.7432,84.7020,61.3226,38.8555,26.1678,20.6012,16.9429,14.1157,11.7769,9.8421,8.2236,6.8806,5.7602,4.8312,4.0561,3.4168,2.8913,2.4547,2.0938,1.7982,1.5514,1.3485,1.1799,1.0405,0.9248,0.8290,0.7492,0.6825,0.6267,0.5830,0.5458,0.5099,0.4783,0.4529,0.4286,0.4104,0.3982,0.3866,0.3758,0.3662,0.3575,0.3465,0.3384,0.3357,0.3313,0.3273,0.3229,0.3190,0.3148,0.3112,0.3073,0.3040,0.3005,0.2975,0.2943,0.2914,0.2883,0.2858,0.2830,0.2805,0.2777,0.2755,0.2729,0.2707,0.2682,0.2662,0.2640,0.2619,0.2597,0.2578,0.2557,0.2540,0.2519,0.2503,0.2483,0.2467,0.2448,0.2242,4.7281,5.3672,5.4578,6.2699,8.2019,11.6162,16.1894,21.2434,26.6497,31.6147,24.9176,22.7227,22.9488,24.3981,27.1950,30.9317,35.1072,41.1130,48.3933,46.9834,32.7318,18.7401,12.7572,10.7266,9.3116,8.0421,6.8765,5.8354,4.9227,4.1357,3.4649,2.8985,2.4237,2.0280,1.6995,1.4278,1.2037,1.0192,0.8676,0.7432,0.6412,0.5577,0.4892,0.4332,0.3873,0.3496,0.3188,0.2934,0.2726,0.2555,0.2414,0.2297,0.2201,0.2120,0.2054,0.1999,0.1952,0.1912,0.1878,0.1849,0.1825,0.1803,0.1784,0.1767,0.1752,0.1738,0.1726,0.1715,0.1704,0.1694,0.1685,0.1676,0.1668,0.1660,0.1652,0.1645,0.1638,0.1630,0.1624,0.1616,0.1610,0.1603,0.1597,0.1591,0.1584
49,0,11,0,0,18,406.373807,0.1578,0.1572,0.1566,0.1560,0.1554,0.1548,0.1542,0.1536,0.1530,0.1525,0.1519,0.1514,0.1508,0.1503,0.1517,-339.3000,-383.9397,-392.6118,-360.1001,-216.4005,94.3002,486.0679,843.9721,1303.5292,1851.1385,2097.8914,1535.4446,1095.8231,780.8845,588.8395,454.9850,351.6246,269.7157,222.4642,231.5044,272.4253,305.5097,316.6027,307.7276,276.5962,221.1904,157.3325,107.5749,77.4342,59.8683,49.4014,43.2907,39.6920,37.5348,36.1976,35.3430,34.8016,34.5278,34.6159,35.3803,37.3249,40.9823,46.7553,54.6635,64.1041,73.9948,83.5051,92.5212,101.9634,113.3482,126.8940,138.9421,146.2207,150.9336,155.1480,163.9335,181.5388,198.9759,209.4184,220.8680,242.9831,270.2931,283.4878,271.2378,249.4562,227.1485,198.9698,184.0784,192.7116,207.1402,218.6129,232.1713,250.0960,260.8295,250.4199,229.9879,222.5250,231.8400,242.9900,240.5101,224.2967,208.2796,206.4117,221.4378,241.3172,243.5531,217.8089,181.3408,153.4442,136.8346,129.3008,130.5748,133.9608,128.9065,116.7152,100.8761,81.6770,65.4703,54.2055,44.4516,35.8325,28.6986,22.8133,18.0867,14.3177,11.3514,9.0276,7.2176,5.8102,4.7172,3.8677,3.2062,2.6896,2.2843,1.9650,1.7114,1.5090,1.3458,1.2134,1.1047,1.0148,0.9396,0.8762,0.8219,0.7754,0.7348,0.6993,0.6679,0.6400,0.6150,0.5925,0.5719,0.5533,0.5361,0.5205,0.5059,0.4926,0.4800,0.4685,0.4575,0.4474,0.4378,0.4288,0.4203,0.4123,0.4046,0.3975,0.3906,0.3841,0.3778,0.3719,0.3662,0.3608,0.3555,0.3505,0.3456,0.3410,0.3364,0.3322,0.3279,0.3239,0.3199,0.3162,0.3125,0.3090,0.3054,0.3021,0.2987,0.2956,0.2924,0.2895,0.2864,0.2836,0.2807,0.2781,0.2753,0.2727,0.2701,0.2677,0.2651,0.2628,0.2604,0.2581,0.2558,0.2537,0.2514,0.2494,0.2472,0.2452,0.2431,0.2412,0.2392,0.2374,0.2354,0.2337,0.2318,0.2301,0.2283,0.2266,0.2289,203.9240,190.3111,197.3922,231.4879,301.5007,419.1800,576.7199,756.9334,958.6331,1148.4078,1037.7167,1362.1606,1747.9778,1934.5667,1760.2910,1244.9823,681.1502,388.9541,293.2669,236.4424,192.4895,160.0424,146.7504,131.4333,96.6440,59.0604,38.3461,30.4115,25.4165,21.4349,18.0164,15.1069,12.6251,10.5333,8.7717,7.3003,6.0725,5.0540,4.2070,3.5083,2.9369,2.4679,2.0787,1.7596,1.4962,1.2799,1.1018,0.9555,0.8349,0.7354,0.6530,0.5851,0.5306,0.4880,0.4480,0.4114,0.3795,0.3557,0.3392,0.3245,0.3114,0.3003,0.2907,0.2824,0.2750,0.2654,0.2582,0.2603,0.2583,0.2517,0.2468,0.2392,0.2344,0.2354,0.2340,0.2359,0.2349,0.2256,0.2207,0.2221,0.2212,0.2196,0.2178,0.2170,0.2154,0.2135,0.2116,0.2107,0.2091,0.2073,0.2055,0.2047,0.2032,0.2014,0.1997,0.1989,0.1976,0.1960,0.1944,0.1747,4.6639,5.3188,5.4093,6.2215,8.1540,11.5692,16.1427,21.1943,26.5972,31.5601,24.8613,22.6685,22.8979,24.3481,27.1436,30.8824,35.0662,41.0863,48.4121,46.9855,32.7990,18.8540,12.7436,10.6650,9.2591,7.9943,6.8329,5.7933,4.8815,4.0949,3.4245,2.8583,2.3837,1.9882,1.6600,1.3884,1.1645,0.9802,0.8289,0.7047,0.6029,0.5196,0.4514,0.3955,0.3497,0.3123,0.2816,0.2565,0.2359,0.2189,0.2050,0.1935,0.1840,0.1762,0.1697,0.1643,0.1598,0.1560,0.1528,0.1501,0.1478,0.1457,0.1440,0.1425,0.1411,0.1399,0.1388,0.1378,0.1369,0.1361,0.1353,0.1345,0.1338,0.1332,0.1325,0.1319,0.1313,0.1307,0.1302,0.1296,0.1291,0.1286,0.1281,0.1275,0.1270
50,1,9,0,0,5,431.251419,0.1265,0.1261,0.1256,0.1251,0.1246,0.1242,0.1237,0.1232,0.1228,0.1223,0.1219,0.1214,0.1210,0.1205,0.1222,-339.6980,-384.5586,-393.2886,-360.7425,-216.7401,95.0519,488.7518,848.8154,1310.0328,1858.7253,2114.7776,1561.1135,1125.2601,814.4948,633.7194,519.8990,433.0333,351.3750,298.6100,310.0209,348.9404,366.6741,354.1747,316.8054,271.0338,235.4666,213.4128,203.9964,206.8705,210.8884,200.1014,175.5643,148.4525,122.2529,100.7758,87.0587,79.2403,74.9467,72.7977,72.3005,73.4229,76.3463,81.3683,88.9107,98.6994,109.2614,119.9848,130.3031,141.0315,153.5758,163.0419,165.0576,162.7336,161.5959,163.8057,166.5009,169.9733,174.0973,180.3530,194.2899,210.5014,220.7881,230.1165,250.4732,280.1912,301.1124,298.3211,282.2897,263.1349,233.8177,207.7873,202.4467,207.4349,210.5340,217.1036,232.8750,244.4242,229.9357,194.9353,164.9004,151.0927,151.7034,159.3598,166.4243,173.2292,186.3578,206.2305,221.6885,223.6773,213.2776,195.9761,179.3897,172.6019,169.3141,146.3445,109.1298,78.8036,56.0955,40.4183,30.4272,23.1733,17.9274,13.9325,10.9333,8.6270,6.8724,5.5193,4.4808,3.6758,3.0514,2.5629,2.1789,1.8746,1.6318,1.4364,1.2778,1.1480,1.0407,0.9515,0.8765,0.8130,0.7588,0.7122,0.6718,0.6366,0.6059,0.5784,0.5542,0.5324,0.5131,0.4955,0.4796,0.4651,0.4518,0.4396,0.4284,0.4180,0.4084,0.3994,0.3911,0.3832,0.3759,0.3689,0.3624,0.3562,0.3503,0.3447,0.3394,0.3344,0.3295,0.3249,0.3204,0.3161,0.3120,0.3081,0.3042,0.3005,0.2970,0.2935,0.2902,0.2869,0.2838,0.2807,0.2778,0.2749,0.2721,0.2693,0.2667,0.2641,0.2615,0.2591,0.2566,0.2543,0.2520,0.2497,0.2475,0.2453,0.2432,0.2411,0.2391,0.2371,0.2352,0.2332,0.2314,0.2295,0.2277,0.2259,0.2242,0.2225,0.2208,0.2191,0.2175,0.2159,0.2143,0.2128,0.2113,0.2098,0.2083,0.2068,0.2011,204.4762,190.3011,197.3648,231.4553,301.4751,419.1577,576.6119,756.6099,958.1274,1147.9161,1038.9893,1368.4684,1760.8700,1954.1514,1787.0309,1283.4984,733.2275,446.7929,351.0325,290.3188,232.9020,184.2095,160.4333,138.8130,100.4530,61.0695,39.3591,30.9658,25.7081,21.6132,18.1261,15.1925,12.6948,10.6004,8.8363,7.3663,6.1388,5.1215,4.2749,3.5766,3.0045,2.5349,2.1447,1.8245,1.5599,1.3423,1.1626,1.0149,0.8927,0.7915,0.7076,0.6382,0.5820,0.5380,0.4966,0.4587,0.4255,0.4004,0.3827,0.3668,0.3527,0.3405,0.3296,0.3166,0.3068,0.3034,0.2983,0.2937,0.2889,0.2847,0.2804,0.2767,0.2728,0.2694,0.2659,0.2630,0.2600,0.2571,0.2538,0.2514,0.2489,0.2465,0.2439,0.2418,0.2391,0.2370,0.2348,0.2329,0.2309,0.2290,0.2265,0.2248,0.2230,0.2214,0.2196,0.2180,0.2158,0.2143,0.2127,0.1916,-9.7236,-10.1599,-10.1838,-9.1213,-3.9509,7.4080,19.3520,28.0732,34.6377,39.5862,60.7776,63.4486,59.2208,55.6841,45.7777,28.9853,16.5492,9.1431,4.7146,2.5764,1.3688,0.8404,0.5214,0.3938,0.3035,0.2714,0.2422,0.2328,0.2215,0.2176,0.2119,0.2095,0.2060,0.2039,0.2013,0.1994,0.1972,0.1954,0.1935,0.1918,0.1901,0.1884,0.1868,0.1853,0.1838,0.1823,0.1809,0.1795,0.1781,0.1768,0.1755,0.1742,0.1729,0.1717,0.1705,0.1694,0.1682,0.1671,0.1660,0.1649,0.1639,0.1628,0.1616,0.1606,0.1603,0.1595,0.1580,0.1570,0.1566,0.1558,0.1544,0.1534,0.1530,0.1523,0.1509,0.1500,0.1495,0.1488,0.1481,0.1474,0.1466,0.1459,0.1452,0.1444,0.1437
51,1,11,0,0,18,461.436830,0.1430,0.1423,0.1416,0.1409,0.1402,0.1395,0.1388,0.1382,0.1375,0.1369,0.1362,0.1356,0.1350,0.1344,0.1337,-338.9748,-383.2241,-391.7392,-359.2273,-215.7613,93.9980,484.3027,840.5347,1298.2836,1849.7500,2116.2122,1550.4590,1110.1709,800.1466,619.4212,505.6371,427.9936,367.9777,337.5784,365.6611,440.9582,514.4242,522.2983,462.5170,386.5897,316.8538,250.3069,192.3934,150.0010,123.5503,112.6450,115.2819,127.2229,141.9976,155.8568,170.6224,187.9996,201.2812,203.0827,190.5812,170.7944,161.9556,169.0758,181.4848,192.3332,206.3535,230.4191,259.2842,277.4271,276.8067,265.1107,253.5817,248.7219,258.3137,276.9404,287.0303,296.7560,315.5920,331.1180,339.8817,342.6190,335.6499,325.2081,317.8424,304.6281,279.6367,256.1693,228.5216,193.6937,177.1049,175.0564,167.4144,154.7766,146.9839,145.9146,147.8186,152.1088,159.5510,169.7328,176.6401,172.7338,160.4924,146.8316,135.5420,129.4862,128.4071,126.6811,117.7811,103.2784,90.2425,82.8346,81.9037,81.8797,73.3877,58.0815,45.9099,38.4508,31.9696,26.0331,21.0590,16.8723,13.4640,10.7060,8.5102,6.7706,5.4031,4.3309,3.4924,2.8375,2.3254,1.9252,1.6121,1.3669,1.1722,1.0176,0.8943,0.7962,0.7172,0.6537,0.6017,0.5594,0.5242,0.4951,0.4703,0.4496,0.4316,0.4162,0.4025,0.3907,0.3799,0.3705,0.3617,0.3539,0.3465,0.3399,0.3335,0.3278,0.3221,0.3171,0.3120,0.3074,0.3028,0.2986,0.2944,0.2906,0.2866,0.2831,0.2794,0.2761,0.2727,0.2696,0.2663,0.2634,0.2604,0.2576,0.2547,0.2521,0.2494,0.2469,0.2443,0.2420,0.2395,0.2372,0.2348,0.2327,0.2304,0.2284,0.2262,0.2243,0.2222,0.2204,0.2184,0.2166,0.2146,0.2130,0.2111,0.2095,0.2077,0.2061,0.2044,0.2029,0.2012,0.1997,0.1981,0.1967,0.1952,0.1938,0.1923,0.1910,0.1895,0.1883,0.1869,0.1857,0.1843,0.1831,0.1818,0.1807,0.1794,0.1783,0.1859,203.7388,190.2574,197.3310,231.4164,301.4272,419.1416,576.7816,757.2094,959.4449,1150.2166,1042.9487,1372.3910,1764.5178,1957.7031,1790.1365,1285.1790,733.6973,447.5683,352.2511,291.5530,234.2337,185.6579,161.8587,139.9299,101.1843,61.7391,40.1627,31.7297,26.3670,22.1705,18.5943,15.5838,13.0207,10.8713,9.0609,7.5521,6.2897,5.2452,4.3824,3.6675,3.0768,2.5925,2.1906,1.8607,1.5881,1.3638,1.1786,1.0261,0.8999,0.7955,0.7089,0.6370,0.5785,0.5326,0.4899,0.4507,0.4164,0.3903,0.3717,0.3550,0.3401,0.3236,0.3108,0.3047,0.2975,0.2912,0.2849,0.2794,0.2740,0.2692,0.2645,0.2604,0.2562,0.2526,0.2489,0.2458,0.2424,0.2395,0.2364,0.2338,0.2309,0.2285,0.2258,0.2236,0.2212,0.2190,0.2166,0.2146,0.2125,0.2106,0.2084,0.2067,0.2047,0.2031,0.2011,0.1996,0.1977,0.1962,0.1945,0.1726,0.9373,0.0703,0.2387,2.9326,11.9678,30.1525,51.2487,70.0834,87.4598,102.3501,110.1477,108.4473,104.6835,104.1259,99.8625,90.4959,86.3850,90.9860,101.1425,96.1618,66.4977,38.0275,25.6363,21.4096,18.4991,15.9340,13.5787,11.4911,9.6576,8.0825,6.7379,5.6049,4.6540,3.8624,3.2048,2.6615,2.2131,1.8442,1.5411,1.2924,1.0886,0.9216,0.7849,0.6730,0.5814,0.5064,0.4450,0.3947,0.3534,0.3195,0.2917,0.2687,0.2498,0.2342,0.2213,0.2105,0.2015,0.1940,0.1877,0.1824,0.1779,0.1739,0.1706,0.1677,0.1652,0.1629,0.1610,0.1591,0.1576,0.1560,0.1547,0.1534,0.1523,0.1511,0.1501,0.1490,0.1481,0.1471,0.1463,0.1454,0.1446,0.1437,0.1429,0.1421,0.1412
52,1,5,0,0,21,528.600919,0.1405,0.1402,0.1396,0.1390,0.1383,0.1377,0.1370,0.1363,0.1356,0.1350,0.1343,0.1337,0.1331,0.1325,0.1358,-339.5962,-384.1653,-392.8220,-360.2805,-216.4190,94.8694,487.8288,846.8495,1306.7639,1859.8898,2142.6152,1594.1746,1165.7170,868.2784,709.3745,632.4480,584.6617,523.7362,484.1367,531.3083,637.7186,720.7591,723.3590,658.9933,587.3242,537.0417,505.0958,487.1804,475.7776,455.5020,410.9844,354.0707,303.5245,259.3578,229.7097,226.2706,236.6162,242.4604,245.8271,253.9384,266.2916,280.0799,288.1662,289.4095,289.9220,292.0996,283.1202,263.5090,258.6574,270.2175,280.5596,278.0988,264.1080,253.4668,252.7367,255.3784,259.3646,264.4025,272.8422,287.3823,300.2945,307.1146,318.0735,342.7532,373.7414,390.8060,384.5216,369.1344,343.2088,299.7559,265.3576,252.9828,249.9994,251.7222,258.7909,269.3271,275.0268,264.0096,235.5825,201.4169,177.1833,169.7302,170.9943,173.6705,180.1216,194.9110,214.1561,225.6354,222.8382,208.5977,189.6620,175.1297,172.1045,162.8020,132.0244,96.4615,68.8600,49.0579,35.9201,27.2201,20.8353,16.1563,12.5949,9.9099,7.8503,6.2814,5.0744,4.1478,3.4302,2.8737,2.4383,2.0960,1.8244,1.6076,1.4331,1.2910,1.1737,1.0764,0.9951,0.9265,0.8682,0.8181,0.7747,0.7369,0.7036,0.6744,0.6481,0.6248,0.6036,0.5846,0.5671,0.5513,0.5366,0.5232,0.5106,0.4991,0.4883,0.4782,0.4687,0.4598,0.4513,0.4435,0.4358,0.4288,0.4219,0.4154,0.4091,0.4033,0.3975,0.3921,0.3868,0.3818,0.3768,0.3722,0.3675,0.3632,0.3589,0.3548,0.3507,0.3469,0.3430,0.3394,0.3357,0.3323,0.3288,0.3256,0.3223,0.3192,0.3160,0.3131,0.3100,0.3072,0.3043,0.3017,0.2989,0.2963,0.2936,0.2912,0.2886,0.2862,0.2838,0.2815,0.2791,0.2769,0.2746,0.2725,0.2703,0.2682,0.2661,0.2641,0.2620,0.2601,0.2581,0.2563,0.2543,0.2525,0.2507,0.2489,0.2471,0.2384,203.6506,190.3080,197.3729,231.4475,301.4568,419.2066,576.9261,757.4832,959.9724,1151.1522,1044.2145,1366.5103,1745.1366,1929.1389,1766.5959,1269.6163,719.2538,432.0488,333.6674,266.7399,202.9452,147.8975,116.0547,92.5029,65.3883,41.0390,27.3070,21.2450,17.3008,14.3460,11.9272,9.9602,8.3191,6.9682,5.8407,4.9096,4.1318,3.4898,2.9627,2.5285,2.1651,1.8653,1.6158,1.4103,1.2391,1.0973,0.9791,0.8809,0.7986,0.7296,0.6713,0.6222,0.5820,0.5508,0.5197,0.4897,0.4626,0.4419,0.4274,0.4138,0.4012,0.3864,0.3749,0.3694,0.3625,0.3563,0.3497,0.3440,0.3381,0.3327,0.3273,0.3226,0.3177,0.3133,0.3088,0.3049,0.3008,0.2971,0.2932,0.2899,0.2863,0.2831,0.2797,0.2768,0.2737,0.2708,0.2678,0.2652,0.2624,0.2598,0.2571,0.2547,0.2522,0.2500,0.2475,0.2454,0.2430,0.2410,0.2387,0.2173,-18.6857,-20.5067,-20.5492,-18.4204,-8.0769,14.6433,38.5332,55.9771,69.1075,79.0059,121.3795,126.7331,118.2785,111.2061,91.3943,57.8104,32.9392,18.1278,9.2718,4.9962,2.5819,1.5259,0.8887,0.6343,0.4545,0.3910,0.3335,0.3154,0.2934,0.2863,0.2758,0.2716,0.2653,0.2618,0.2573,0.2542,0.2506,0.2476,0.2445,0.2417,0.2388,0.2362,0.2336,0.2312,0.2287,0.2264,0.2241,0.2219,0.2198,0.2177,0.2157,0.2137,0.2118,0.2099,0.2081,0.2063,0.2045,0.2028,0.2012,0.1996,0.1980,0.1964,0.1949,0.1934,0.1919,0.1905,0.1891,0.1877,0.1859,0.1847,0.1846,0.1836,0.1814,0.1799,0.1798,0.1788,0.1766,0.1752,0.1747,0.1739,0.1729,0.1720,0.1709,0.1699,0.1689
53,1,15,0,0,28,557.530769,0.1679,0.1669,0.1659,0.1649,0.1639,0.1630,0.1620,0.1611,0.1602,0.1593,0.1584,0.1576,0.1567,0.1558,0.1549,-338.4526,-382.2146,-390.5977,-358.1245,-215.1043,93.0067,480.4760,833.4910,1288.4835,1840.6930,2107.2178,1530.9133,1087.2338,776.1131,589.6183,465.8646,385.8594,339.0210,324.2828,361.1076,458.1000,565.3242,587.0872,524.4962,451.8681,388.5188,324.3724,267.2438,225.4527,201.3364,197.2308,212.8721,242.8979,276.8112,308.2181,340.1594,375.7099,401.7892,404.3325,378.3661,338.9706,322.9551,338.5422,363.6182,385.6740,415.2117,465.1350,523.5356,559.0177,556.3182,531.2094,508.6235,502.8349,525.7574,564.7000,581.3075,589.6933,616.2316,641.7390,654.2184,644.4767,604.2428,554.4733,519.8904,501.5845,486.8288,475.2632,437.2538,359.9760,297.4691,263.8441,242.8519,226.7477,206.3671,189.3902,185.1962,192.0417,203.7887,214.7287,224.5881,236.8543,250.8649,256.5672,252.3012,253.4656,265.7518,277.6271,275.0861,251.2523,211.1447,173.5078,151.9154,141.0367,131.0447,121.2758,117.6608,114.1681,96.7316,70.5495,48.8520,34.2126,25.3404,19.7737,15.7990,12.7644,10.4028,8.5538,7.0938,5.9394,5.0172,4.2737,3.6749,3.1887,2.7906,2.4626,2.1901,1.9625,1.7710,1.6089,1.4707,1.3526,1.2508,1.1627,1.0861,1.0192,0.9604,0.9087,0.8629,0.8223,0.7859,0.7536,0.7242,0.6981,0.6741,0.6526,0.6326,0.6147,0.5979,0.5828,0.5685,0.5555,0.5431,0.5318,0.5210,0.5113,0.5017,0.4928,0.4840,0.4761,0.4682,0.4610,0.4538,0.4473,0.4407,0.4348,0.4287,0.4232,0.4175,0.4124,0.4071,0.4023,0.3973,0.3928,0.3881,0.3839,0.3795,0.3755,0.3712,0.3674,0.3634,0.3598,0.3560,0.3526,0.3489,0.3456,0.3422,0.3391,0.3357,0.3327,0.3295,0.3266,0.3235,0.3207,0.3178,0.3151,0.3122,0.3097,0.3069,0.3045,0.3018,0.2995,0.2969,0.2946,0.2921,0.2899,0.2875,0.2854,0.2830,0.2810,0.2928,203.3275,190.3120,197.4037,231.4801,301.4737,419.2433,577.2015,758.3304,961.5428,1153.3489,1045.4789,1362.6541,1734.6149,1911.2468,1737.9202,1226.0424,663.4160,372.3377,274.4680,211.8021,162.0057,123.4867,102.3007,85.1651,61.6768,39.1620,26.4362,20.8298,17.1371,14.2816,11.9153,9.9566,8.3163,6.9543,5.8171,4.8736,4.0888,3.4377,2.8972,2.4546,2.0901,1.7887,1.5377,1.3312,1.1596,1.0178,0.9000,0.8025,0.7213,0.6535,0.5967,0.5524,0.5146,0.4781,0.4461,0.4204,0.3959,0.3776,0.3652,0.3535,0.3427,0.3332,0.3245,0.3169,0.3098,0.3036,0.2977,0.2926,0.2875,0.2832,0.2788,0.2719,0.2671,0.2673,0.2652,0.2666,0.2651,0.2560,0.2508,0.2509,0.2492,0.2476,0.2455,0.2437,0.2415,0.2397,0.2375,0.2356,0.2335,0.2317,0.2297,0.2280,0.2260,0.2244,0.2224,0.2208,0.2190,0.2176,0.2158,0.1947,4.7724,5.3385,5.4291,6.2414,8.1735,11.5882,16.1617,21.2142,26.6182,31.5821,24.8847,22.6905,22.9180,24.3678,27.1635,30.9008,35.0802,41.0915,48.3903,46.9749,32.7496,18.7762,12.7425,10.6923,9.2805,8.0134,6.8497,5.8090,4.8966,4.1098,3.4391,2.8729,2.3982,2.0025,1.6741,1.4024,1.1784,0.9940,0.8426,0.7182,0.6163,0.5328,0.4645,0.4085,0.3627,0.3251,0.2943,0.2690,0.2483,0.2312,0.2172,0.2056,0.1961,0.1881,0.1815,0.1760,0.1714,0.1675,0.1642,0.1614,0.1590,0.1568,0.1550,0.1534,0.1520,0.1506,0.1495,0.1484,0.1474,0.1465,0.1456,0.1448,0.1441,0.1433,0.1426,0.1419,0.1412,0.1406,0.1399,0.1393,0.1387,0.1381,0.1375,0.1369,0.1364
54,0,11,0,0,18,364.053119,0.1358,0.1352,0.1347,0.1342,0.1336,0.1331,0.1325,0.1320,0.1315,0.1310,0.1305,0.1300,0.1295,0.1290,0.1305,-339.3383,-383.9665,-392.6318,-360.1142,-216.4032,94.3221,486.1249,844.0450,1303.5477,1851.0775,2097.8918,1535.4296,1095.7465,780.8234,588.7753,454.9160,351.6133,269.7509,222.5119,231.3972,271.5989,304.1292,316.9353,309.6256,279.4543,225.5177,160.6427,108.8526,77.9323,60.2183,49.7455,43.6517,40.0571,37.8909,36.5341,35.6532,35.0806,34.7705,34.8050,35.4399,37.0991,40.2834,45.4136,52.4919,60.7027,68.7744,76.1034,83.0795,90.6178,99.9560,111.1697,120.2650,123.7214,121.5497,114.1108,109.2523,115.7565,127.3393,136.7295,148.3789,164.0199,174.1399,167.0094,145.1235,125.2382,118.1418,121.0239,130.8795,147.6323,164.4887,181.0629,207.1098,235.2305,241.1097,214.9144,174.6696,144.4099,131.3189,130.1250,129.4165,117.9941,101.1193,90.2246,84.5338,81.0138,80.0099,81.3815,83.8504,85.0716,84.0149,80.9038,79.0267,80.2335,77.9879,67.4701,52.0213,37.4359,27.3371,21.4042,17.6004,14.8163,12.5909,10.7492,9.1946,7.8816,6.7656,5.8212,5.0184,4.3386,3.7606,3.2707,2.8538,2.4998,2.1979,1.9409,1.7211,1.5334,1.3724,1.2351,1.1165,1.0140,0.9252,0.8485,0.7819,0.7241,0.6737,0.6296,0.5910,0.5570,0.5271,0.5006,0.4771,0.4562,0.4375,0.4208,0.4057,0.3921,0.3798,0.3686,0.3584,0.3491,0.3405,0.3326,0.3253,0.3186,0.3123,0.3064,0.3009,0.2958,0.2909,0.2863,0.2820,0.2779,0.2740,0.2703,0.2668,0.2634,0.2601,0.2570,0.2540,0.2511,0.2483,0.2457,0.2431,0.2406,0.2381,0.2358,0.2335,0.2313,0.2291,0.2270,0.2249,0.2229,0.2210,0.2191,0.2172,0.2154,0.2136,0.2119,0.2102,0.2085,0.2069,0.2053,0.2037,0.2022,0.2007,0.1992,0.1977,0.1963,0.1949,0.1935,0.1922,0.1909,0.1895,0.1883,0.1870,0.1858,0.1845,0.1834,0.1809,204.1279,190.2711,197.3527,231.4494,301.4628,419.1407,576.6769,756.8889,958.5945,1148.3826,1037.5488,1361.5754,1747.3987,1934.5317,1760.7881,1245.3757,681.2556,389.0180,293.2651,236.3169,192.3141,159.8858,146.6209,131.3916,96.6685,59.0637,38.3417,30.4045,25.3970,21.4051,17.9802,15.0668,12.5834,10.4912,8.7302,7.2598,6.0334,5.0149,4.1702,3.4768,2.9066,2.4368,2.0483,1.7299,1.4672,1.2516,1.0740,0.9283,0.8082,0.7091,0.6272,0.5597,0.5056,0.4634,0.4237,0.3873,0.3556,0.3319,0.3157,0.3013,0.2885,0.2776,0.2681,0.2600,0.2527,0.2432,0.2362,0.2386,0.2367,0.2268,0.2210,0.2211,0.2191,0.2171,0.2148,0.2132,0.2110,0.2090,0.2068,0.2053,0.2034,0.2015,0.1996,0.1984,0.1967,0.1949,0.1931,0.1920,0.1904,0.1889,0.1874,0.1863,0.1849,0.1835,0.1820,0.1811,0.1797,0.1784,0.1770,0.1572,-0.6887,0.1769,0.1719,0.1681,0.1654,0.1632,0.1614,0.1599,0.1585,0.1572,0.1658,0.1548,0.1538,0.1528,0.1518,0.1508,0.1499,0.1490,0.1481,0.1473,0.1464,0.1456,0.1448,0.1440,0.1432,0.1425,0.1417,0.1410,0.1402,0.1395,0.1388,0.1381,0.1374,0.1367,0.1360,0.1354,0.1347,0.1340,0.1334,0.1328,0.1321,0.1315,0.1309,0.1303,0.1297,0.1291,0.1285,0.1279,0.1274,0.1268,0.1262,0.1257,0.1251,0.1246,0.1241,0.1235,0.1230,0.1225,0.1220,0.1215,0.1210,0.1205,0.1200,0.1195,0.1190,0.1185,0.1180,0.1176,0.1171,0.1166,0.1162,0.1157,0.1153,0.1148,0.1144,0.1140,0.1135,0.1131,0.1127,0.1122,0.1118,0.1114,0.1110,0.1106,0.1102
55,1,11,0,0,18,273.381013,0.1098,0.1094,0.1090,0.1086,0.1082,0.1078,0.1075,0.1071,0.1067,0.1063,0.1060,0.1056,0.1052,0.1049,0.1046,-339.3431,-384.0588,-392.7266,-360.2034,-216.4444,94.4467,486.5862,844.9919,1304.9786,1852.8158,2100.2634,1537.9441,1096.9604,780.5720,588.5939,455.8488,353.8142,272.4129,224.0098,225.8229,249.3239,262.1294,251.8777,216.9012,170.0832,126.7429,89.9667,59.4528,37.3146,22.5898,13.5650,8.2890,5.2534,3.4943,2.4496,1.8060,1.3922,1.1111,0.9123,0.7678,0.6574,0.5701,0.5015,0.4483,0.4046,0.3665,0.3380,0.3157,0.2920,0.2739,0.2624,0.2515,0.2418,0.2333,0.2259,0.2193,0.2135,0.2082,0.2036,0.1994,0.1956,0.1919,0.1886,0.1856,0.1829,0.1801,0.1777,0.1754,0.1732,0.1709,0.1689,0.1670,0.1652,0.1632,0.1615,0.1599,0.1583,0.1567,0.1553,0.1540,0.1526,0.1511,0.1498,0.1485,0.1473,0.1459,0.1447,0.1436,0.1425,0.1413,0.1402,0.1392,0.1382,0.1370,0.1361,0.1352,0.1342,0.1332,0.1323,0.1315,0.1306,0.1296,0.1288,0.1281,0.1273,0.1264,0.1257,0.1250,0.1242,0.1234,0.1226,0.1220,0.1213,0.1205,0.1199,0.1193,0.1187,0.1179,0.1173,0.1167,0.1160,0.1153,0.1151,0.1147,0.1138,0.1130,0.1128,0.1124,0.1115,0.1108,0.1104,0.1100,0.1096,0.1090,0.1085,0.1081,0.1077,0.1071,0.1066,0.1062,0.1058,0.1052,0.1048,0.1044,0.1040,0.1034,0.1030,0.1026,0.1023,0.1017,0.1013,0.1010,0.1006,0.1001,0.0997,0.0994,0.0991,0.0986,0.0982,0.0978,0.0975,0.0971,0.0967,0.0965,0.0961,0.0956,0.0953,0.0951,0.0947,0.0943,0.0939,0.0936,0.0934,0.0930,0.0927,0.0924,0.0921,0.0917,0.0914,0.0911,0.0909,0.0905,0.0902,0.0899,0.0897,0.0893,0.0890,0.0887,0.0885,0.0881,0.0878,0.0876,0.0874,0.0870,0.0867,0.0865,0.0863,0.0860,0.0857,0.0865,204.1667,190.1545,197.2296,231.3147,301.3266,419.0403,576.6546,756.9881,958.9489,1149.2122,1037.4652,1342.8110,1694.4606,1852.6847,1674.1089,1159.8335,588.9872,293.0392,192.9747,128.5492,86.1750,57.9878,39.6955,27.6501,19.7331,14.3879,10.7397,8.1738,6.3422,4.9960,3.9936,3.2223,2.6258,2.1572,1.7862,1.4890,1.2494,1.0549,0.8962,0.7665,0.6598,0.5723,0.4995,0.4399,0.3900,0.3490,0.3144,0.2859,0.2617,0.2416,0.2243,0.2100,0.1976,0.1872,0.1780,0.1703,0.1634,0.1576,0.1524,0.1478,0.1436,0.1399,0.1365,0.1336,0.1307,0.1282,0.1258,0.1238,0.1216,0.1199,0.1180,0.1165,0.1147,0.1134,0.1118,0.1106,0.1092,0.1081,0.1067,0.1057,0.1045,0.1036,0.1024,0.1016,0.1004,0.0997,0.0986,0.0979,0.0969,0.0962,0.0953,0.0946,0.0937,0.0931,0.0922,0.0917,0.0909,0.0903,0.0895,0.0670,-0.4859,0.0890,0.0879,0.0871,0.0863,0.0857,0.0851,0.0845,0.0839,0.0833,0.0915,0.0824,0.0819,0.0814,0.0809,0.0804,0.0800,0.0795,0.0791,0.0787,0.0782,0.0778,0.0774,0.0770,0.0766,0.0763,0.0759,0.0755,0.0751,0.0748,0.0744,0.0741,0.0737,0.0734,0.0731,0.0727,0.0724,0.0721,0.0718,0.0715,0.0711,0.0708,0.0705,0.0703,0.0700,0.0697,0.0694,0.0691,0.0688,0.0686,0.0683,0.0680,0.0678,0.0675,0.0673,0.0670,0.0668,0.0665,0.0663,0.0660,0.0658,0.0656,0.0653,0.0651,0.0649,0.0646,0.0644,0.0642,0.0640,0.0638,0.0636,0.0633,0.0631,0.0629,0.0627,0.0625,0.0623,0.0621,0.0619,0.0617,0.0615,0.0613,0.0612,0.0610,0.0608
56,0,11,0,0,18,254.012384,0.0606,0.0604,0.0602,0.0601,0.0599,0.0597,0.0595,0.0594,0.0592,0.0590,0.0589,0.0587,0.0585,0.0584,0.0582,-339.1651,-383.6450,-392.2395,-359.7258,-216.1512,93.9741,484.7865,842.0503,1301.3723,1845.9684,2068.7664,1490.9576,1036.1832,701.9771,482.2091,303.6290,160.8591,73.0137,27.5438,6.2995,-2.6611,-5.8359,-6.4186,-5.9306,-5.0856,-4.1967,-3.3843,-2.6943,-2.1290,-1.6718,-1.3061,-1.0179,-0.7900,-0.6082,-0.4650,-0.3534,-0.2648,-0.1956,-0.1413,-0.0992,-0.0665,-0.0403,-0.0203,-0.0046,0.0075,0.0165,0.0253,0.0324,0.0334,0.0357,0.0409,0.0440,0.0461,0.0477,0.0490,0.0499,0.0505,0.0510,0.0513,0.0516,0.0518,0.0520,0.0522,0.0523,0.0524,0.0522,0.0522,0.0523,0.0523,0.0521,0.0520,0.0520,0.0520,0.0519,0.0519,0.0517,0.0516,0.0516,0.0515,0.0513,0.0512,0.0511,0.0511,0.0511,0.0510,0.0508,0.0507,0.0506,0.0506,0.0505,0.0505,0.0504,0.0503,0.0501,0.0501,0.0499,0.0498,0.0497,0.0498,0.0497,0.0496,0.0494,0.0494,0.0493,0.0492,0.0490,0.0490,0.0489,0.0489,0.0487,0.0487,0.0487,0.0486,0.0484,0.0483,0.0483,0.0483,0.0480,0.0479,0.0479,0.0479,0.0478,0.0477,0.0477,0.0477,0.0475,0.0473,0.0473,0.0472,0.0471,0.0471,0.0471,0.0470,0.0468,0.0467,0.0467,0.0466,0.0466,0.0466,0.0464,0.0463,0.0462,0.0462,0.0461,0.0461,0.0460,0.0460,0.0458,0.0457,0.0456,0.0456,0.0456,0.0455,0.0454,0.0453,0.0452,0.0452,0.0452,0.0451,0.0450,0.0448,0.0448,0.0448,0.0448,0.0447,0.0445,0.0445,0.0445,0.0444,0.0442,0.0442,0.0441,0.0441,0.0440,0.0440,0.0439,0.0438,0.0438,0.0438,0.0436,0.0435,0.0435,0.0434,0.0434,0.0434,0.0432,0.0432,0.0432,0.0431,0.0430,0.0429,0.0428,0.0428,0.0428,0.0428,0.0426,0.0425,0.0425,0.0425,0.0417,204.0433,190.1066,197.1823,231.2677,301.2807,418.9897,576.5748,756.8318,958.6013,1148.5125,1036.0999,1341.5463,1693.0624,1849.5868,1666.2035,1149.1348,580.9487,287.6740,188.4323,124.6896,83.1187,55.5509,37.7242,26.0330,18.3874,13.2533,9.7739,7.3440,5.6221,4.3655,3.4378,2.7287,2.1847,1.7611,1.4285,1.1643,0.9531,0.7831,0.6458,0.5346,0.4441,0.3710,0.3107,0.2623,0.2222,0.1900,0.1633,0.1419,0.1241,0.1099,0.0979,0.0885,0.0804,0.0742,0.0687,0.0646,0.0609,0.0581,0.0557,0.0538,0.0521,0.0508,0.0496,0.0487,0.0478,0.0472,0.0466,0.0463,0.0457,0.0455,0.0451,0.0450,0.0446,0.0446,0.0442,0.0442,0.0439,0.0440,0.0437,0.0437,0.0435,0.0435,0.0432,0.0433,0.0431,0.0431,0.0429,0.0429,0.0427,0.0428,0.0425,0.0426,0.0424,0.0424,0.0422,0.0423,0.0421,0.0421,0.0419,0.0190,-4.0697,-5.2043,-5.1269,-3.2454,3.8564,18.6245,35.1479,48.9290,60.8971,70.8252,85.3344,85.8160,81.8332,79.8693,72.8302,59.6957,51.3915,49.9801,52.8608,49.2830,33.8885,19.4251,12.9788,10.7678,9.2736,7.9787,6.7897,5.7430,4.8217,4.0333,3.3591,2.7922,2.3159,1.9198,1.5906,1.3187,1.0942,0.9097,0.7579,0.6335,0.5314,0.4479,0.3794,0.3234,0.2776,0.2400,0.2093,0.1841,0.1635,0.1465,0.1326,0.1211,0.1117,0.1039,0.0974,0.0921,0.0873,0.0837,0.0814,0.0789,0.0760,0.0740,0.0731,0.0718,0.0699,0.0687,0.0685,0.0677,0.0663,0.0656,0.0656,0.0651,0.0640,0.0634,0.0633,0.0630,0.0627,0.0623,0.0620,0.0616,0.0613,0.0609,0.0606,0.0603,0.0600
57,1,26,0,0,1,363.794773,0.0597,0.0594,0.0591,0.0588,0.0585,0.0583,0.0580,0.0577,0.0575,0.0572,0.0569,0.0567,0.0565,0.0562,0.0580,-339.3092,-383.6856,-392.2805,-359.7658,-216.1768,94.0454,485.0643,842.3803,1301.5087,1848.6757,2088.4980,1517.5793,1069.9644,746.1537,543.0189,391.8756,275.1411,196.4186,156.0459,161.4507,197.5655,226.5350,227.7676,218.7014,221.1463,233.0385,237.2995,213.9491,168.0320,126.4388,97.9758,78.3211,64.6630,55.0786,48.4555,43.8948,40.7840,38.6566,37.2249,36.3297,35.9889,36.4558,38.1408,41.4536,46.7824,54.0384,62.2443,70.1469,77.2857,84.1761,91.8103,101.3592,112.3623,120.4702,123.7524,122.5175,117.1596,116.0136,125.2456,137.2650,146.8120,159.7609,176.2410,185.9929,179.7979,161.8197,145.6159,136.7647,132.3288,133.0537,141.4278,150.2100,155.4090,164.0471,175.0122,174.8500,152.5818,117.1862,89.1832,74.4757,66.5749,61.1359,57.2271,54.5142,53.1150,53.3240,55.4180,59.4743,65.2158,71.2022,75.1045,76.1726,74.7780,74.4070,76.7021,75.0229,64.8830,49.8375,35.7843,26.1883,20.5708,16.9449,14.2710,12.1212,10.3361,8.8271,7.5516,6.4679,5.5515,4.7738,4.1167,3.5594,3.0884,2.6890,2.3512,2.0643,1.8212,1.6142,1.4384,1.2883,1.1605,1.0509,0.9571,0.8764,0.8071,0.7471,0.6953,0.6502,0.6110,0.5766,0.5466,0.5201,0.4967,0.4759,0.4574,0.4408,0.4260,0.4125,0.4004,0.3892,0.3792,0.3699,0.3614,0.3534,0.3461,0.3392,0.3329,0.3268,0.3212,0.3159,0.3109,0.3060,0.3015,0.2971,0.2930,0.2890,0.2852,0.2815,0.2780,0.2745,0.2713,0.2680,0.2650,0.2619,0.2591,0.2562,0.2536,0.2508,0.2483,0.2457,0.2433,0.2409,0.2386,0.2363,0.2341,0.2319,0.2298,0.2276,0.2257,0.2236,0.2217,0.2197,0.2179,0.2160,0.2143,0.2125,0.2108,0.2090,0.2074,0.2057,0.2042,0.2025,0.2010,0.1995,0.1980,0.1965,0.1951,0.1936,0.1923,0.1924,204.2973,190.3022,197.3728,231.4739,301.4957,419.1410,576.5063,756.3535,957.6006,1147.0065,1036.2369,1361.3589,1747.3063,1932.1185,1754.0144,1237.6896,676.7469,386.3919,291.0368,234.5613,191.0919,158.9821,145.9616,130.9910,96.6040,59.0850,38.1647,30.1864,25.2256,21.2756,17.8815,14.9903,12.5222,10.4411,8.6875,7.2223,5.9995,4.9847,4.1410,3.4463,2.8762,2.4064,2.0182,1.6975,1.4352,1.2230,1.0467,0.9020,0.7826,0.6866,0.6053,0.5355,0.4809,0.4347,0.3939,0.3613,0.3343,0.3123,0.2937,0.2783,0.2652,0.2543,0.2448,0.2368,0.2298,0.2239,0.2185,0.2141,0.2098,0.2063,0.1996,0.1960,0.1966,0.1963,0.1948,0.1936,0.1918,0.1904,0.1886,0.1872,0.1854,0.1841,0.1825,0.1813,0.1797,0.1785,0.1770,0.1758,0.1745,0.1698,0.1674,0.1703,0.1706,0.1746,0.1753,0.1671,0.1632,0.1654,0.1655,0.1461,-4.2710,-5.0791,-5.0066,-3.1273,3.9783,18.7546,35.2747,49.0495,61.0211,70.9395,85.4255,85.9175,81.9166,79.8306,72.7253,59.6729,51.4134,50.0142,52.8672,49.3176,33.8574,19.3399,13.0414,10.8850,9.3813,8.0807,6.8871,5.8382,4.9159,4.1265,3.4516,2.8842,2.4073,2.0107,1.6809,1.4085,1.1835,0.9985,0.8462,0.7212,0.6187,0.5346,0.4657,0.4092,0.3628,0.3248,0.2936,0.2679,0.2468,0.2294,0.2150,0.2031,0.1932,0.1850,0.1781,0.1723,0.1675,0.1633,0.1598,0.1567,0.1539,0.1516,0.1504,0.1487,0.1465,0.1449,0.1443,0.1432,0.1414,0.1403,0.1399,0.1391,0.1376,0.1366,0.1364,0.1357,0.1344,0.1335,0.1332,0.1326,0.1320,0.1314,0.1308,0.1301,0.1295
58,0,11,0,0,18,380.460468,0.1289,0.1283,0.1277,0.1271,0.1265,0.1259,0.1253,0.1248,0.1242,0.1237,0.1231,0.1226,0.1221,0.1215,0.1230,-339.5017,-384.1416,-392.8023,-360.2708,-216.4490,94.7049,487.4044,846.3618,1306.5802,1857.2662,2122.7783,1567.4119,1131.9735,824.4073,649.3962,545.0233,469.2732,396.6989,353.3358,380.8666,445.6418,486.8875,482.9049,441.8874,372.9849,289.7838,214.3247,162.0097,133.3725,120.4316,115.3918,112.4660,108.8891,104.0239,98.2880,92.4891,87.7249,85.0336,85.6687,90.5855,98.9524,108.4646,116.1728,118.6142,116.5885,115.9001,117.0998,116.9658,122.0401,139.0206,157.0704,163.8416,163.5827,167.1628,182.4404,206.6040,223.0237,219.3318,203.4948,187.7316,163.5048,136.0200,127.1547,126.0124,113.5243,95.7294,84.4898,80.0350,78.5057,79.0045,80.5027,81.3562,81.0500,80.1133,78.9315,78.5699,81.0539,86.4020,92.5346,96.5548,94.5497,85.7345,75.2178,66.9734,60.7956,56.4741,54.9578,57.9066,62.6134,61.8386,51.2953,38.7077,31.7812,26.7160,21.6225,17.3600,13.7069,10.7420,8.3484,6.4656,4.9955,3.8641,2.9983,2.3415,1.8454,1.4725,1.1933,0.9847,0.8293,0.7136,0.6277,0.5636,0.5160,0.4802,0.4533,0.4327,0.4169,0.4044,0.3945,0.3861,0.3792,0.3730,0.3675,0.3623,0.3576,0.3529,0.3486,0.3442,0.3401,0.3359,0.3318,0.3278,0.3239,0.3199,0.3161,0.3123,0.3086,0.3050,0.3014,0.2979,0.2944,0.2910,0.2878,0.2845,0.2814,0.2783,0.2753,0.2723,0.2694,0.2665,0.2638,0.2610,0.2584,0.2558,0.2533,0.2508,0.2484,0.2460,0.2437,0.2414,0.2392,0.2369,0.2348,0.2327,0.2307,0.2286,0.2267,0.2247,0.2229,0.2210,0.2192,0.2173,0.2156,0.2138,0.2122,0.2105,0.2089,0.2072,0.2057,0.2041,0.2026,0.2010,0.1996,0.1981,0.1967,0.1953,0.1939,0.1925,0.1912,0.1899,0.1886,0.1873,0.1860,0.1848,0.1836,0.1823,0.1812,0.1800,0.1789,0.1785,204.0934,190.2322,197.3015,231.3758,301.3850,419.1347,576.8427,757.3560,959.6896,1150.5558,1043.2003,1365.9443,1744.4449,1927.0350,1761.3903,1262.5134,713.5011,427.9222,330.2202,263.9807,200.8895,146.3307,114.7792,91.3852,64.3934,40.1854,26.5844,20.6200,16.7556,13.8653,11.4996,9.5765,7.9726,6.6538,5.5541,4.6471,3.8903,3.2668,2.7561,2.3363,1.9856,1.6969,1.4572,1.2604,1.0970,0.9622,0.8501,0.7575,0.6804,0.6159,0.5619,0.5198,0.4838,0.4488,0.4182,0.3935,0.3698,0.3521,0.3403,0.3290,0.3185,0.3091,0.3005,0.2931,0.2861,0.2765,0.2695,0.2717,0.2696,0.2591,0.2526,0.2518,0.2492,0.2468,0.2439,0.2413,0.2383,0.2358,0.2329,0.2305,0.2278,0.2255,0.2229,0.2208,0.2184,0.2163,0.2138,0.2119,0.2098,0.2080,0.2059,0.2041,0.2021,0.2004,0.1984,0.1969,0.1951,0.1936,0.1918,0.1707,-0.6898,0.1905,0.1852,0.1811,0.1779,0.1754,0.1733,0.1714,0.1696,0.1680,0.1767,0.1650,0.1637,0.1624,0.1611,0.1599,0.1587,0.1575,0.1564,0.1553,0.1542,0.1532,0.1521,0.1511,0.1501,0.1491,0.1482,0.1472,0.1463,0.1454,0.1444,0.1436,0.1427,0.1418,0.1410,0.1401,0.1393,0.1385,0.1377,0.1369,0.1361,0.1354,0.1346,0.1338,0.1331,0.1324,0.1317,0.1309,0.1302,0.1296,0.1289,0.1282,0.1275,0.1269,0.1262,0.1256,0.1249,0.1243,0.1237,0.1231,0.1225,0.1219,0.1213,0.1207,0.1201,0.1196,0.1190,0.1184,0.1179,0.1173,0.1168,0.1163,0.1157,0.1152,0.1147,0.1142,0.1137,0.1132,0.1127,0.1122,0.1117,0.1112,0.1107,0.1103,0.1098
59,0,11,0,0,18,277.807103,0.1093,0.1089,0.1084,0.1080,0.1075,0.1071,0.1066,0.1062,0.1058,0.1054,0.1049,0.1045,0.1041,0.1037,0.1033,-338.9337,-383.2226,-391.7432,-359.2324,-215.7953,93.8333,483.8934,840.0565,1298.0376,1847.0876,2096.9607,1524.2365,1076.4470,755.6627,558.0414,416.2083,311.5850,242.1940,207.4998,216.4738,266.0948,328.5206,350.8835,321.2038,272.9390,220.0469,162.0397,109.2433,69.5579,42.5280,25.7237,15.7899,10.0163,6.6322,4.5976,3.3277,2.4990,1.9335,1.5323,1.2386,1.0154,0.8442,0.7131,0.6103,0.5296,0.4650,0.4105,0.3653,0.3297,0.3009,0.2777,0.2587,0.2429,0.2298,0.2189,0.2096,0.2018,0.1950,0.1892,0.1840,0.1796,0.1755,0.1720,0.1687,0.1658,0.1630,0.1606,0.1581,0.1539,0.1509,0.1512,0.1481,0.1463,0.1469,0.1465,0.1457,0.1447,0.1457,0.1453,0.1398,0.1371,0.1374,0.1369,0.1357,0.1348,0.1341,0.1333,0.1319,0.1309,0.1302,0.1294,0.1282,0.1272,0.1263,0.1254,0.1242,0.1233,0.1227,0.1221,0.1211,0.1203,0.1195,0.1187,0.1177,0.1169,0.1164,0.1159,0.1150,0.1143,0.1136,0.1129,0.1121,0.1116,0.1110,0.1104,0.1097,0.1090,0.1084,0.1079,0.1073,0.1067,0.1062,0.1059,0.1052,0.1045,0.1040,0.1038,0.1031,0.1024,0.1019,0.1015,0.1009,0.1006,0.1002,0.0998,0.0991,0.0987,0.0983,0.0980,0.0974,0.0969,0.0966,0.0962,0.0957,0.0953,0.0950,0.0946,0.0941,0.0937,0.0933,0.0930,0.0925,0.0922,0.0919,0.0916,0.0910,0.0907,0.0904,0.0901,0.0896,0.0893,0.0890,0.0888,0.0883,0.0880,0.0877,0.0874,0.0870,0.0867,0.0864,0.0861,0.0857,0.0855,0.0852,0.0849,0.0845,0.0842,0.0839,0.0838,0.0834,0.0831,0.0829,0.0826,0.0822,0.0820,0.0818,0.0815,0.0812,0.0809,0.0807,0.0806,0.0802,0.0799,0.0797,0.0796,0.0792,0.0789,0.0787,0.0785,0.0812,204.1000,190.1547,197.2285,231.3144,301.3264,419.0360,576.6497,757.0090,959.1022,1149.6682,1038.6232,1344.1830,1695.7467,1853.0348,1672.1874,1156.8707,587.3286,292.5824,192.8339,128.5117,86.3260,58.2585,40.0272,28.0016,20.0793,14.7122,11.0326,8.4315,6.5665,5.1890,4.1581,3.3613,2.7421,2.2540,1.8659,1.5540,1.3018,1.0965,0.9288,0.7914,0.6782,0.5853,0.5079,0.4445,0.3913,0.3476,0.3108,0.2804,0.2546,0.2333,0.2149,0.1998,0.1865,0.1756,0.1659,0.1578,0.1505,0.1445,0.1391,0.1343,0.1300,0.1263,0.1228,0.1198,0.1169,0.1145,0.1121,0.1101,0.1080,0.1063,0.1044,0.1030,0.1013,0.1000,0.0985,0.0974,0.0960,0.0950,0.0937,0.0928,0.0916,0.0908,0.0896,0.0889,0.0878,0.0871,0.0862,0.0855,0.0846,0.0840,0.0831,0.0825,0.0817,0.0812,0.0803,0.0799,0.0791,0.0786,0.0779,0.0548,-0.4357,0.0776,0.0766,0.0758,0.0751,0.0745,0.0739,0.0734,0.0729,0.0723,0.0808,0.0715,0.0711,0.0706,0.0702,0.0698,0.0694,0.0690,0.0686,0.0682,0.0678,0.0675,0.0671,0.0668,0.0664,0.0661,0.0658,0.0654,0.0651,0.0648,0.0645,0.0642,0.0639,0.0636,0.0633,0.0630,0.0627,0.0624,0.0622,0.0619,0.0616,0.0614,0.0611,0.0609,0.0606,0.0604,0.0601,0.0599,0.0596,0.0594,0.0592,0.0589,0.0587,0.0585,0.0583,0.0581,0.0578,0.0576,0.0574,0.0572,0.0570,0.0568,0.0566,0.0564,0.0562,0.0560,0.0558,0.0556,0.0555,0.0553,0.0551,0.0549,0.0547,0.0546,0.0544,0.0542,0.0540,0.0539,0.0537,0.0535,0.0534,0.0532,0.0530,0.0529,0.0527
