cycle,net,t_ns_from_window_start,rise
0,ys0_0,0.3740,0
0,ys1_0,0.3740,0
0,as1_4_q,0.3815,0
0,p11_4_q,0.3815,0
0,r_4_q,0.3912,0
0,r_3_q,0.3912,0
0,ys0_1,0.3958,1
0,ys0_3,0.3958,1
0,ys1_4,0.3959,1
0,xs1_1_q,0.4021,0
0,p01_3_q,0.4075,1
0,p01_0_q,0.4126,1
0,p01_2_q,0.4126,1
0,p01_4_q,0.4127,1
0,p10_2_q,0.4128,1
0,as0_1_q,0.4132,1
0,as1_2_q,0.4132,1
0,as1_1_q,0.4132,1
0,xs0_0_q,0.4133,1
0,p11_0_q,0.4133,1
0,p11_1_q,0.4133,1
0,xs1_2_q,0.4147,1
0,xs1_3_q,0.4639,1
0,ts0_3,0.4656,0
0,bs1_2,0.4811,0
0,p10_4,0.4896,0
0,p01_4,0.4896,0
0,p01_3,0.4896,0
0,p10_3,0.4896,0
0,as0_0,0.4920,0
0,bs1_4,0.5014,0
0,p11_1,0.5051,0
0,p11_0,0.5175,0
0,ts1_4,0.5257,1
0,ts1_1,0.5428,1
0,ts0_0,0.5451,1
0,ts1_0,0.5488,1
0,ts0_4,0.5572,1
0,ts1_2,0.5616,1
0,ts0_2,0.5617,1
0,p11_2,0.5718,1
0,bs0_2,0.5851,0
0,ys1_3_d,0.5875,0
0,ys1_0_d,0.5888,1
0,m10_3,0.5930,1
0,m01_2,0.5945,1
0,p00_0,0.6311,1
0,ys0_2_d,0.6324,1
0,bs0_4,0.6338,0
0,bs1_0,0.6421,0
0,p01_2,0.6438,0
0,as1_4,0.6582,1
0,bs1_3,0.6765,1
0,ys0_3_d,0.6897,0
0,p10_3,0.6903,1
0,bs1_4,0.6961,1
0,bs0_3,0.7099,1
0,ys0_0_d,0.7328,1
0,ys1_1_d,0.7603,0
0,p11_3,0.7747,1
0,p11_4,0.7755,1
0,ys1_3_d,0.7850,1
0,ys0_3_d,0.7968,1
0,m01_3,0.7986,1
0,p01_3,0.8964,1
1,ys1_2,0.3740,0
1,ys0_4,0.3740,0
1,ys1_1,0.3740,0
1,p01_4_q,0.3796,0
1,p01_2_q,0.3796,0
1,p10_4_q,0.3798,0
1,as1_1_q,0.3814,0
1,p11_1_q,0.3815,0
1,p11_0_q,0.3815,0
1,as0_0_q,0.3815,0
1,r_0_q,0.3926,0
1,xs0_4_q,0.3944,0
1,ys0_0,0.3958,1
1,ys1_0,0.3958,1
1,ys0_2,0.3958,1
1,xs1_3_q,0.4029,0
1,as1_4_q,0.4131,1
1,p00_0_q,0.4131,1
1,p11_2_q,0.4132,1
1,as1_3_q,0.4132,1
1,p11_3_q,0.4132,1
1,p11_4_q,0.4144,1
1,r_3_q,0.4329,1
1,xs1_4_q,0.4401,1
1,r_1_q,0.4445,1
1,xs0_3_q,0.4567,1
1,ts0_0,0.4750,0
1,ts1_3,0.4759,0
1,bs1_3,0.4768,0
1,ts1_2,0.4774,0
1,ts0_4,0.4807,0
1,ts0_2,0.4821,0
1,p10_0,0.4830,1
1,bs1_4,0.4846,0
1,p10_3,0.4888,0
1,p01_3,0.4892,0
1,p01_0,0.4902,0
1,ts1_0,0.4959,0
1,ts1_1,0.4980,0
1,p11_3,0.5066,0
1,bs0_0,0.5122,0
1,m10_3,0.5177,0
1,p11_2,0.5191,0
1,as1_0,0.5301,0
1,m01_2,0.5305,0
1,bs1_4,0.5367,1
1,p10_1,0.5529,1
1,p01_1,0.5529,1
1,p00_2,0.5642,1
1,as0_0,0.5730,1
1,p00_3,0.5781,0
1,m10_2,0.5852,1
1,bs0_3,0.5864,0
1,m01_3,0.5892,0
1,p10_3,0.5923,1
1,bs0_1,0.6128,1
1,bs0_4,0.6142,1
1,bs1_2,0.6145,1
1,p01_2,0.6326,1
1,p10_2,0.6342,0
1,m10_0,0.6550,0
1,p11_4,0.6569,0
1,p01_3,0.6878,1
1,ys0_3_d,0.6950,0
1,bs1_0,0.6961,1
1,p00_0,0.7010,0
1,m10_4,0.7154,1
1,p10_0,0.7611,0
1,ys1_0_d,0.7753,0
1,ys1_1_d,0.8117,1
1,p10_4,0.8139,1
2,ys1_0,0.3740,0
2,ys0_3,0.3740,0
2,p01_0_q,0.3806,0
2,p10_2_q,0.3806,0
2,p00_0_q,0.3810,0
2,p11_2_q,0.3810,0
2,xs0_2_q,0.3813,0
2,xs0_0_q,0.3815,0
2,as1_0_q,0.3815,0
2,p00_3_q,0.3815,0
2,xs1_0_q,0.3815,0
2,p11_3_q,0.3815,0
2,as1_3_q,0.3815,0
2,xs1_2_q,0.3815,0
2,p11_4_q,0.3816,0
2,r_1_q,0.3912,0
2,r_3_q,0.3912,0
2,r_2_q,0.3926,0
2,ys1_1,0.3958,1
2,ys0_4,0.3958,1
2,ys1_2,0.3958,1
2,xs0_3_q,0.4027,0
2,xs0_1_q,0.4038,0
2,p10_4_q,0.4068,1
2,p01_2_q,0.4112,1
2,p00_2_q,0.4117,1
2,p10_1_q,0.4125,1
2,p01_1_q,0.4128,1
2,as0_0_q,0.4130,1
2,as0_3_q,0.4133,1
2,r_0_q,0.4442,1
2,xs1_1_q,0.4550,1
2,xs1_3_q,0.4586,1
2,p10_2,0.4827,1
2,p10_1,0.4896,0
2,p10_3,0.4896,0
2,p01_1,0.4897,0
2,p01_3,0.4897,0
2,p01_2,0.4902,0
2,as0_0,0.5109,0
2,bs1_0,0.5124,0
2,ts1_3,0.5127,1
2,p00_2,0.5207,0
2,bs1_3,0.5253,1
2,ts0_3,0.5261,1
2,as0_4,0.5315,0
2,m10_2,0.5321,0
2,p00_3,0.5365,1
2,ts1_1,0.5488,1
2,p01_0,0.5521,1
2,p10_0,0.5525,1
2,bs0_3,0.5548,1
2,m01_3,0.5577,1
2,m01_1,0.5579,1
2,as1_4,0.5597,0
2,p11_1,0.5604,1
2,ts0_1,0.5613,1
2,p11_2,0.5642,1
2,as1_0,0.5670,1
2,p11_3,0.5733,1
2,m01_2,0.5865,1
2,bs1_2,0.5964,0
2,ys1_1_d,0.6161,0
2,m10_4,0.6234,0
2,ys1_0_d,0.6237,1
2,p00_3,0.6269,0
2,p10_2,0.6318,0
2,p01_3,0.6539,1
2,p01_1,0.6541,1
2,p11_3,0.6576,0
2,m01_0,0.6610,1
2,ys0_3_d,0.6765,1
2,p01_2,0.6841,1
2,p11_0,0.6854,1
2,m01_3,0.6874,0
2,p01_0,0.7063,0
2,m01_4,0.7135,1
2,bs0_2,0.7234,1
2,p10_4,0.7294,0
2,bs1_0,0.7394,1
2,ys0_3_d,0.7428,0
2,ys0_2_d,0.7642,0
2,p01_3,0.7852,0
2,ys1_0_d,0.7967,0
2,p01_4,0.8117,1
2,ys1_1_d,0.8543,1
3,ys1_2,0.3740,0
3,ys0_2,0.3740,0
3,p10_4_q,0.3796,0
3,p01_3_q,0.3796,0
3,p10_3_q,0.3796,0
3,p10_1_q,0.3798,0
3,as0_0_q,0.3814,0
3,as0_3_q,0.3815,0
3,as0_1_q,0.3815,0
3,as1_4_q,0.3815,0
3,as0_4_q,0.3815,0
3,p00_2_q,0.3815,0
3,r_0_q,0.3926,0
3,xs1_4_q,0.3930,0
3,xs1_3_q,0.4014,0
3,xs1_1_q,0.4021,0
3,p10_0_q,0.4107,1
3,p11_0_q,0.4112,1
3,xs0_0_q,0.4119,1
3,xs0_2_q,0.4122,1
3,p01_4_q,0.4126,1
3,p11_2_q,0.4130,1
3,as1_3_q,0.4131,1
3,as1_0_q,0.4131,1
3,as1_1_q,0.4132,1
3,p11_1_q,0.4144,1
3,xs1_2_q,0.4147,1
3,xs1_0_q,0.4148,1
3,r_2_q,0.4383,1
3,r_4_q,0.4384,1
3,r_3_q,0.4442,1
3,xs0_4_q,0.4459,1
3,xs0_3_q,0.4666,1
3,xs0_1_q,0.4696,1
3,ts1_4,0.4797,0
3,ts0_3,0.4807,0
3,ts1_3,0.4821,0
3,p01_0,0.4827,1
3,p10_0,0.4902,0
3,bs1_0,0.4940,0
3,p01_2,0.4967,0
3,p01_4,0.4970,0
3,bs0_3,0.5003,0
3,bs0_4,0.5030,0
3,bs1_4,0.5045,0
3,p11_1,0.5051,0
3,ts0_2,0.5051,1
3,p11_0,0.5175,0
3,p11_2,0.5196,0
3,m01_0,0.5289,0
3,m01_2,0.5310,0
3,p10_2,0.5447,1
3,p10_4,0.5451,1
3,ts0_4,0.5493,1
3,p10_3,0.5521,1
3,p01_3,0.5525,1
3,ts1_2,0.5542,1
3,p00_0,0.5773,1
3,p00_2,0.5774,1
3,bs0_0,0.5804,1
3,bs0_2,0.5962,0
3,m10_2,0.5976,1
3,m10_0,0.5982,1
3,m01_1,0.6021,0
3,ys0_3_d,0.6046,1
3,p01_2,0.6128,1
3,bs1_2,0.6211,1
3,p01_0,0.6285,0
3,p10_2,0.6309,0
3,ys0_2_d,0.6432,1
3,ys0_1_d,0.6568,0
3,ys1_1_d,0.6570,0
3,ys1_3_d,0.6899,0
3,bs0_3,0.6921,1
3,p10_0,0.6956,1
3,ys0_3_d,0.6958,0
3,p01_1,0.7094,0
3,ys0_3_d,0.7342,1
4,ys0_4,0.3740,0
4,ys1_1,0.3740,0
4,ys0_1,0.3740,0
4,ys1_4,0.3740,0
4,ys1_3,0.3740,0
4,p01_1_q,0.3796,0
4,p01_4_q,0.3796,0
4,as1_1_q,0.3814,0
4,p11_2_q,0.3814,0
4,p11_1_q,0.3815,0
4,as1_3_q,0.3815,0
4,p11_0_q,0.3815,0
4,r_4_q,0.3922,0
4,ys1_2,0.3958,1
4,ys0_2,0.3958,1
4,ys0_3,0.3958,1
4,xs0_1_q,0.4040,0
4,xs0_3_q,0.4041,0
4,p10_4_q,0.4126,1
4,p10_3_q,0.4127,1
4,p01_3_q,0.4127,1
4,p00_0_q,0.4131,1
4,as0_3_q,0.4131,1
4,as0_1_q,0.4131,1
4,p00_2_q,0.4131,1
4,r_0_q,0.4383,1
4,r_1_q,0.4442,1
4,xs1_1_q,0.4579,1
4,xs1_3_q,0.4629,1
4,ts0_2,0.4716,0
4,ts0_4,0.4797,0
4,ts0_1,0.4807,0
4,p01_4,0.4820,1
4,p10_4,0.4898,0
4,p10_0,0.4967,0
4,ts1_1,0.4986,0
4,ts1_2,0.4992,0
4,bs1_3,0.5003,0
4,p00_2,0.5208,0
4,p00_0,0.5210,0
4,ts1_0,0.5248,1
4,bs1_1,0.5272,1
4,m10_0,0.5325,0
4,m10_2,0.5332,0
4,p01_0,0.5441,1
4,ts1_3,0.5444,1
4,ts1_4,0.5493,1
4,p10_1,0.5522,1
4,ts0_0,0.5536,1
4,ts0_3,0.5572,1
4,as1_2,0.5578,0
4,m01_1,0.5590,1
4,p11_0,0.5626,1
4,p01_1,0.5644,1
4,p01_1,0.5651,0
4,bs1_1,0.5672,0
4,p11_1,0.5710,1
4,m01_0,0.5842,1
4,as0_4,0.5869,1
4,as0_2,0.5875,1
4,m01_2,0.5913,1
4,bs0_0,0.6006,0
4,ys1_3_d,0.6049,1
4,p01_0,0.6126,0
4,p10_0,0.6159,1
4,p10_2,0.6355,1
4,bs1_2,0.6366,0
4,p01_2,0.6395,0
4,p11_1,0.6570,0
4,as1_4,0.6575,1
4,m01_1,0.6856,0
4,ys0_1_d,0.6935,1
4,bs1_3,0.6939,1
4,bs1_0,0.6962,1
4,bs1_4,0.7004,1
4,p00_3,0.7083,1
4,p00_1,0.7094,1
4,bs0_4,0.7099,1
4,m01_2,0.7157,0
4,m01_4,0.7263,0
4,m10_3,0.7314,1
4,m10_1,0.7318,1
4,bs0_2,0.7352,1
4,p11_4,0.7749,1
4,p11_3,0.7756,1
4,ys0_2_d,0.7761,0
4,p10_1,0.7797,0
4,p10_3,0.7807,0
4,p01_1,0.7852,1
4,m01_3,0.7978,1
4,ys0_3_d,0.8065,0
4,ys1_1_d,0.8113,1
4,p01_2,0.8138,1
4,p01_4,0.8339,0
4,p01_3,0.8477,0
5,ys0_3,0.3740,0
5,ys1_2,0.3740,0
5,ys0_2,0.3740,0
5,p10_3_q,0.3797,0
5,p01_3_q,0.3798,0
5,p10_4_q,0.3798,0
5,as0_1_q,0.3814,0
5,as0_3_q,0.3815,0
5,p00_0_q,0.3815,0
5,p00_2_q,0.3815,0
5,as1_2_q,0.3815,0
5,xs0_2_q,0.3815,0
5,r_0_q,0.3926,0
5,r_1_q,0.3926,0
5,ys1_3,0.3958,1
5,ys0_1,0.3958,1
5,ys1_1,0.3958,1
5,ys1_4,0.3958,1
5,ys0_4,0.3958,1
5,xs1_3_q,0.4027,0
5,p01_1_q,0.4112,1
5,p00_1_q,0.4117,1
5,p10_2_q,0.4126,1
5,as1_3_q,0.4131,1
5,p11_0_q,0.4131,1
5,as1_4_q,0.4131,1
5,as0_4_q,0.4131,1
5,as1_1_q,0.4132,1
5,as0_2_q,0.4132,1
5,p11_3_q,0.4144,1
5,p11_4_q,0.4144,1
5,p00_3_q,0.4144,1
5,xs0_1_q,0.4566,1
5,ts1_0,0.4717,0
5,bs1_3,0.4768,0
5,p10_1,0.4827,1
5,p01_0,0.4827,1
5,bs0_4,0.4847,0
5,bs0_2,0.4870,0
5,p01_1,0.4902,0
5,p10_0,0.4902,0
5,ts0_0,0.4959,0
5,bs0_3,0.4986,0
5,ts0_2,0.5053,1
5,p11_3,0.5078,0
5,m10_3,0.5189,0
5,as1_4,0.5298,0
5,bs1_2,0.5301,1
5,bs0_4,0.5368,1
5,ys0_2_d,0.5437,1
5,ts1_2,0.5617,1
5,p00_0,0.5643,1
5,p00_1,0.5782,0
5,m10_0,0.5852,1
5,p10_3,0.6204,1
5,p11_4,0.6291,0
5,m01_3,0.6529,0
5,p10_0,0.6827,1
5,p01_3,0.7551,1
6,p01_1_q,0.3806,0
6,p00_1_q,0.3810,0
6,p11_4_q,0.3814,0
6,as1_4_q,0.3815,0
6,as1_3_q,0.3815,0
6,p11_3_q,0.3816,0
6,r_2_q,0.3912,0
6,r_3_q,0.3912,0
6,ys1_2,0.3958,1
6,ys0_2,0.3958,1
6,xs0_1_q,0.4031,0
6,p10_3_q,0.4068,1
6,p01_3_q,0.4075,1
6,p01_0_q,0.4109,1
6,p00_0_q,0.4112,1
6,p10_1_q,0.4126,1
6,as0_1_q,0.4131,1
6,xs0_2_q,0.4146,1
6,r_4_q,0.4442,1
6,xs0_3_q,0.4590,1
6,ts0_3,0.4679,0
6,bs0_1,0.4764,0
6,p01_2,0.4896,0
6,p10_2,0.4896,0
6,p10_3,0.4896,0
6,p01_3,0.4896,0
6,ts1_4,0.4991,0
6,bs1_4,0.5051,0
6,p00_0,0.5192,0
6,bs1_3,0.5266,1
6,m10_0,0.5307,0
6,p00_1,0.5342,1
6,ts1_1,0.5452,1
6,p10_4,0.5522,1
6,p01_4,0.5525,1
6,as0_4,0.5639,0
6,bs1_3,0.5680,0
6,p00_3,0.5814,0
6,ys0_1_d,0.5921,0
6,ys1_0_d,0.5937,1
6,p10_0,0.6383,0
6,bs0_2,0.6410,1
6,bs1_0,0.6462,0
6,ys0_2_d,0.6829,0
6,m01_4,0.7276,1
6,ys0_3_d,0.7556,1
6,ys1_1_d,0.7634,0
6,ys1_0_d,0.7674,0
6,p01_4,0.7760,0
7,ys0_2,0.3740,0
7,ys1_4,0.3740,0
7,ys0_1,0.3740,0
7,ys1_1,0.3740,0
7,p10_3_q,0.3796,0
7,p01_2_q,0.3796,0
7,p10_2_q,0.3796,0
7,p01_3_q,0.3803,0
7,p00_3_q,0.3812,0
7,p10_0_q,0.3812,0
7,as0_4_q,0.3815,0
7,as0_1_q,0.3815,0
7,p00_0_q,0.3815,0
7,xs0_2_q,0.3815,0
7,r_4_q,0.3926,0
7,ys0_3,0.3958,1
7,xs1_1_q,0.4027,0
7,xs0_3_q,0.4037,0
7,p10_4_q,0.4126,1
7,p00_1_q,0.4130,1
7,as0_3_q,0.4131,1
7,r_0_q,0.4383,1
7,r_1_q,0.4386,1
7,r_2_q,0.4445,1
7,xs0_1_q,0.4565,1
7,ts1_3,0.4807,0
7,ts1_2,0.4821,0
7,p01_4,0.4827,1
7,ts0_2,0.4834,0
7,p10_4,0.4902,0
7,p01_0,0.4966,0
7,p10_1,0.4977,0
7,ts0_0,0.5051,1
7,ts1_0,0.5090,1
7,m10_1,0.5178,0
7,p11_0,0.5190,0
7,m01_0,0.5304,0
7,p10_0,0.5441,1
7,p01_1,0.5452,1
7,p01_2,0.5529,1
7,p10_2,0.5529,1
7,bs0_3,0.5543,1
7,ts0_1,0.5545,1
7,ts1_4,0.5576,1
7,p00_0,0.5643,1
7,p10_1,0.5773,1
7,p00_1,0.5782,0
7,as1_2,0.5843,1
7,m10_0,0.5843,1
7,as0_4,0.5849,1
7,bs1_2,0.5900,0
7,p01_0,0.6115,1
7,p10_0,0.6127,0
7,bs1_1,0.6130,1
7,ys0_3_d,0.6175,0
7,bs1_4,0.6843,1
7,ys1_3_d,0.6946,0
7,p00_3,0.7042,1
7,bs1_3,0.7106,1
7,ys1_1_d,0.7240,1
7,m01_4,0.7241,0
7,bs0_0,0.7693,1
7,ys1_3_d,0.7913,1
7,ys1_0_d,0.7983,1
7,p01_4,0.8304,0
7,ys0_0_d,0.8480,0
7,ys0_1_d,0.8855,1
8,ys0_3,0.3740,0
8,ys1_2,0.3740,0
8,ys0_0,0.3740,0
8,p10_4_q,0.3796,0
8,as0_3_q,0.3815,0
8,p11_0_q,0.3815,0
8,as1_1_q,0.3815,0
8,xs1_0_q,0.3815,0
8,xs0_0_q,0.3815,0
8,p00_1_q,0.3816,0
8,r_0_q,0.3926,0
8,ys0_1,0.3958,1
8,ys1_1,0.3958,1
8,ys1_4,0.3958,1
8,ys1_0,0.3958,1
8,p01_1_q,0.4069,1
8,p10_2_q,0.4126,1
8,p01_2_q,0.4128,1
8,p00_3_q,0.4130,1
8,p00_0_q,0.4131,1
8,as0_4_q,0.4131,1
8,as0_1_q,0.4131,1
8,xs0_2_q,0.4132,1
8,as1_2_q,0.4133,1
8,r_4_q,0.4442,1
8,xs1_3_q,0.4639,1
8,ts0_0,0.4717,0
8,ts1_4,0.4807,0
8,p10_0,0.4827,1
8,p01_0,0.4902,0
8,as0_2,0.4918,0
8,ts1_0,0.4967,0
8,bs0_3,0.4988,0
8,bs1_1,0.5004,0
8,as1_0,0.5103,0
8,ts0_3,0.5416,1
8,ts1_2,0.5493,1
8,p10_4,0.5521,1
8,p01_4,0.5525,1
8,ts0_2,0.5608,1
8,bs1_2,0.5653,1
8,as0_0,0.5694,1
8,p11_2,0.5718,1
8,bs1_3,0.5866,0
8,m10_3,0.5938,1
8,ys0_3_d,0.6030,1
8,bs1_4,0.6059,0
8,ys1_1_d,0.6097,0
8,m10_0,0.6207,0
8,bs0_2,0.6365,0
8,m01_2,0.6550,1
8,as1_4,0.6582,1
8,bs1_1,0.6908,1
8,p10_3,0.6920,1
8,ys0_2_d,0.6959,1
8,p00_0,0.6986,0
8,ys1_0_d,0.7031,0
8,p01_2,0.7044,0
8,p10_0,0.7263,0
8,ys0_3_d,0.7392,0
8,p11_3,0.7746,1
8,ys1_1_d,0.7978,1
8,m01_3,0.7986,1
8,m10_4,0.8036,1
8,p10_4,0.8526,0
8,p01_3,0.8964,1
9,ys1_0,0.3740,0
9,ys1_4,0.3740,0
9,p01_2_q,0.3796,0
9,p01_0_q,0.3806,0
9,p00_0_q,0.3810,0
9,as0_2_q,0.3815,0
9,as1_0_q,0.3815,0
9,r_1_q,0.3912,0
9,r_4_q,0.3926,0
9,r_2_q,0.3926,0
9,xs0_4_q,0.3930,0
9,ys1_2,0.3958,1
9,ys0_2,0.3958,1
9,xs1_3_q,0.4029,0
9,xs0_1_q,0.4041,0
9,p01_3_q,0.4075,1
9,p10_3_q,0.4112,1
9,p11_3_q,0.4117,1
9,p01_4_q,0.4128,1
9,p11_2_q,0.4131,1
9,as0_0_q,0.4132,1
9,as1_4_q,0.4133,1
9,as1_3_q,0.4133,1
9,r_3_q,0.4329,1
9,xs1_4_q,0.4455,1
9,xs0_3_q,0.4566,1
9,xs1_1_q,0.4578,1
9,ts0_3,0.4694,0
9,ts1_2,0.4733,0
9,ts0_2,0.4821,0
9,p10_4,0.4827,1
9,p01_2,0.4827,1
9,p10_3,0.4889,0
9,p01_3,0.4892,0
9,p10_1,0.4896,0
9,p01_1,0.4897,0
9,p01_4,0.4902,0
9,p10_2,0.4902,0
9,bs0_0,0.4937,0
9,p11_3,0.5066,0
9,as0_0,0.5161,0
9,m10_3,0.5178,0
9,p11_2,0.5197,0
9,m01_2,0.5303,0
9,bs1_3,0.5553,1
9,ts0_4,0.5564,1
9,as1_2,0.5573,0
9,m01_1,0.5581,1
9,p00_2,0.5638,1
9,p11_1,0.5714,1
9,p00_3,0.5781,0
9,bs1_4,0.5794,1
9,bs1_0,0.5801,1
9,as0_2,0.5847,1
9,bs1_1,0.5861,0
9,m01_3,0.5892,0
9,p10_3,0.5924,1
9,bs0_1,0.6120,1
9,ys0_0_d,0.6150,1
9,ys1_3_d,0.6186,0
9,p01_2,0.6300,0
9,as1_0,0.6367,1
9,m10_4,0.6398,0
9,p01_1,0.6545,1
9,p11_1,0.6556,0
9,m01_0,0.6672,1
9,m01_1,0.6842,0
9,p01_3,0.6878,1
9,p00_1,0.7044,1
9,p00_2,0.7078,0
9,bs0_3,0.7099,1
9,m10_1,0.7271,1
9,p10_4,0.7458,0
9,p11_4,0.7539,1
9,p11_0,0.7544,1
9,p01_0,0.7652,1
9,p01_1,0.7808,0
9,ys0_3_d,0.8214,1
9,p10_1,0.8252,1
10,ys1_3,0.3740,0
10,p01_4_q,0.3796,0
10,p01_1_q,0.3797,0
10,p10_2_q,0.3806,0
10,p11_2_q,0.3810,0
10,xs1_2_q,0.3814,0
10,as1_3_q,0.3815,0
10,as1_2_q,0.3815,0
10,as0_1_q,0.3815,0
10,p11_3_q,0.3815,0
10,p00_3_q,0.3815,0
10,as0_0_q,0.3815,0
10,xs0_2_q,0.3815,0
10,xs1_4_q,0.3933,0
10,ys1_4,0.3958,1
10,ys0_0,0.3958,1
10,ys0_3,0.3958,1
10,xs1_1_q,0.4028,0
10,xs0_3_q,0.4030,0
10,xs0_0_q,0.4121,1
10,p01_0_q,0.4126,1
10,as0_2_q,0.4131,1
10,p11_0_q,0.4131,1
10,as1_1_q,0.4131,1
10,as0_3_q,0.4131,1
10,as1_0_q,0.4132,1
10,p11_4_q,0.4133,1
10,p00_1_q,0.4144,1
10,xs1_0_q,0.4148,1
10,r_4_q,0.4442,1
10,xs0_4_q,0.4497,1
10,xs1_3_q,0.4561,1
10,xs0_1_q,0.4565,1
10,ts0_4,0.4797,0
10,bs1_0,0.4939,0
10,bs1_3,0.4967,0
10,bs0_1,0.4989,0
10,ts1_3,0.5051,1
10,m10_1,0.5199,0
10,p11_0,0.5213,0
10,m01_0,0.5329,0
10,ts0_3,0.5341,1
10,p00_3,0.5346,1
10,ts1_0,0.5418,1
10,ts0_0,0.5451,1
10,ts1_4,0.5490,1
10,p01_4,0.5521,1
10,p10_4,0.5525,1
10,m01_3,0.5563,1
10,bs1_1,0.5579,1
10,p11_3,0.5619,1
10,p00_0,0.5643,1
10,bs0_0,0.5729,1
10,p00_1,0.5782,0
10,m10_3,0.5838,1
10,m10_0,0.5855,1
10,ys1_3_d,0.5989,1
10,p01_3,0.6060,0
10,ys1_0_d,0.6154,1
10,p10_1,0.6274,0
10,bs0_4,0.6290,0
10,bs1_4,0.6316,0
10,p10_3,0.6338,0
10,p01_0,0.6402,0
10,p10_0,0.6831,1
10,bs1_3,0.6940,1
10,ys1_0_d,0.7293,0
10,ys1_3_d,0.7447,0
11,ys1_4,0.3740,0
11,ys0_4,0.3740,0
11,p10_1_q,0.3796,0
11,p01_0_q,0.3798,0
11,p10_3_q,0.3798,0
11,p01_3_q,0.3798,0
11,p00_1_q,0.3815,0
11,as1_1_q,0.3815,0
11,as0_3_q,0.3815,0
11,p11_0_q,0.3816,0
11,xs1_3_q,0.4027,0
11,p10_0_q,0.4069,1
11,p10_4_q,0.4075,1
11,p01_4_q,0.4126,1
11,as0_1_q,0.4131,1
11,as1_3_q,0.4131,1
11,p11_3_q,0.4144,1
11,p00_3_q,0.4144,1
11,p00_0_q,0.4144,1
11,xs0_3_q,0.4586,1
11,ts1_4,0.4641,0
11,ts1_1,0.4826,0
11,ts0_1,0.4967,0
11,bs1_1,0.4988,0
11,bs0_3,0.5003,0
11,p11_3,0.5078,0
11,m10_3,0.5190,0
11,as1_4,0.5298,0
11,ts0_4,0.5493,1
11,bs0_1,0.5541,1
11,as0_4,0.5632,0
11,p00_3,0.5805,0
11,m01_3,0.5835,0
11,ys0_3_d,0.6098,0
11,bs0_0,0.6142,0
11,p10_3,0.6206,1
11,p11_4,0.6291,0
11,ys1_1_d,0.6581,0
11,bs1_0,0.6614,1
11,p01_3,0.6835,1
11,bs0_3,0.6909,1
11,ys1_1_d,0.7015,1
11,m01_4,0.7272,1
11,ys0_0_d,0.7294,0
11,p01_4,0.7766,0
11,ys1_0_d,0.7821,1
11,ys0_3_d,0.7977,1
12,ys0_0,0.3740,0
12,p01_4_q,0.3796,0
12,as1_3_q,0.3814,0
12,p11_4_q,0.3815,0
12,xs1_0_q,0.3815,0
12,as1_4_q,0.3815,0
12,xs0_0_q,0.3815,0
12,as0_4_q,0.3815,0
12,p00_3_q,0.3816,0
12,p11_3_q,0.3816,0
12,r_3_q,0.3912,0
12,r_4_q,0.3926,0
12,ys1_0,0.3958,1
12,xs0_1_q,0.4027,0
12,xs0_3_q,0.4037,0
12,p01_3_q,0.4068,1
12,p10_3_q,0.4068,1
12,as0_3_q,0.4131,1
12,r_0_q,0.4383,1
12,xs1_3_q,0.4629,1
12,xs1_1_q,0.4637,1
12,ts0_4,0.4797,0
12,p01_4,0.4827,1
12,p10_3,0.4896,0
12,p01_3,0.4896,0
12,p10_4,0.4902,0
12,p10_0,0.4967,0
12,ts1_4,0.5054,1
12,as1_0,0.5101,0
12,p00_0,0.5205,0
12,as0_2,0.5313,0
12,m10_0,0.5337,0
12,bs1_4,0.5351,1
12,p00_1,0.5366,1
12,p01_0,0.5445,1
12,bs0_4,0.5474,1
12,as0_0,0.5696,1
12,as0_4,0.5830,1
12,m01_0,0.5917,1
12,ys1_0_d,0.6042,0
12,p10_0,0.6177,1
12,p01_0,0.6226,0
12,p00_1,0.6264,0
12,m01_4,0.6353,0
12,as1_4,0.6559,1
12,as1_2,0.6588,1
12,ys0_0_d,0.6617,1
12,m01_2,0.6815,1
12,m01_0,0.6914,0
12,p00_3,0.7034,1
12,m10_3,0.7258,1
12,p01_4,0.7412,0
12,p11_3,0.7726,1
12,p11_2,0.7767,1
12,p11_1,0.7767,1
12,p01_2,0.7783,1
12,p01_0,0.7890,1
12,m01_3,0.7954,1
12,m01_1,0.7991,1
12,m10_4,0.8019,1
12,p10_3,0.8243,1
12,p01_3,0.8941,1
12,p01_1,0.8962,1
12,p10_4,0.8998,1
13,ys1_0,0.3740,0
13,as0_3_q,0.3815,0
13,as0_2_q,0.3815,0
13,as0_1_q,0.3815,0
13,as1_0_q,0.3815,0
13,p00_0_q,0.3816,0
13,r_0_q,0.3912,0
13,ys0_0,0.3958,1
13,ys1_4,0.3958,1
13,ys0_4,0.3958,1
13,xs1_1_q,0.4021,0
13,xs1_3_q,0.4029,0
13,p01_0_q,0.4068,1
13,xs1_0_q,0.4120,1
13,xs0_2_q,0.4124,1
13,p01_2_q,0.4126,1
13,p01_1_q,0.4127,1
13,p11_2_q,0.4131,1
13,as1_1_q,0.4131,1
13,p00_3_q,0.4131,1
13,p11_3_q,0.4131,1
13,as1_3_q,0.4131,1
13,as0_4_q,0.4131,1
13,as1_2_q,0.4131,1
13,as1_4_q,0.4131,1
13,xs0_0_q,0.4132,1
13,as0_0_q,0.4133,1
13,p11_1_q,0.4133,1
13,xs1_2_q,0.4147,1
13,r_2_q,0.4386,1
13,xs1_4_q,0.4486,1
13,xs0_3_q,0.4591,1
13,xs0_1_q,0.4705,1
13,ts1_3,0.4716,0
13,bs1_3,0.4761,0
13,ts0_3,0.4771,0
13,bs0_4,0.4815,0
13,bs1_4,0.4825,0
13,p01_0,0.4896,0
13,p10_0,0.4896,0
13,as0_0,0.4918,0
13,p01_2,0.4975,0
13,bs0_3,0.4989,0
13,bs0_1,0.5006,0
13,p11_1,0.5051,0
13,p11_3,0.5067,0
13,bs1_0,0.5096,0
13,m10_3,0.5179,0
13,p11_2,0.5191,0
13,m01_2,0.5305,0
13,p10_2,0.5445,1
13,ts1_1,0.5478,1
13,ts0_2,0.5493,1
13,ts1_2,0.5541,1
13,ts0_1,0.5626,1
13,as0_4,0.5650,0
13,p00_2,0.5668,1
13,p00_3,0.5813,0
13,ys1_3_d,0.5824,1
13,m10_2,0.5870,1
13,m01_3,0.5917,0
13,m01_1,0.6031,0
13,ys0_0_d,0.6099,0
13,p01_2,0.6106,1
13,p10_2,0.6165,0
13,p10_3,0.6253,0
13,m10_4,0.6297,0
13,p00_0,0.6338,1
13,ys0_3_d,0.6480,0
13,ys0_1_d,0.6591,0
13,ys1_1_d,0.6775,0
13,bs0_1,0.6928,1
13,p01_3,0.6993,0
13,p01_1,0.7104,0
13,p10_4,0.7374,0
13,bs1_0,0.7393,1
13,ys0_1_d,0.7867,1
13,ys1_1_d,0.8365,1
13,ys1_0_d,0.8602,1
14,ys1_4,0.3740,0
14,ys0_4,0.3740,0
14,ys0_0,0.3740,0
14,ys0_3,0.3740,0
14,p01_1_q,0.3795,0
14,p10_4_q,0.3795,0
14,p10_0_q,0.3796,0
14,p01_0_q,0.3797,0
14,p10_3_q,0.3806,0
14,p01_3_q,0.3806,0
14,p11_3_q,0.3810,0
14,p00_3_q,0.3810,0
14,xs1_0_q,0.3813,0
14,as1_1_q,0.3814,0
14,as0_0_q,0.3814,0
14,p11_2_q,0.3814,0
14,p11_1_q,0.3815,0
14,as1_3_q,0.3815,0
14,as0_4_q,0.3815,0
14,xs0_0_q,0.3815,0
14,r_2_q,0.3926,0
14,xs1_4_q,0.3937,0
14,ys1_0,0.3958,1
14,ys1_3,0.3958,1
14,xs0_3_q,0.4037,0
14,as0_3_q,0.4131,1
14,as0_1_q,0.4131,1
14,p00_2_q,0.4131,1
14,p00_0_q,0.4144,1
14,r_1_q,0.4439,1
14,r_0_q,0.4445,1
14,xs1_3_q,0.4557,1
14,ts0_2,0.4716,0
14,ts1_0,0.4826,0
14,p10_2,0.4827,1
14,ts0_1,0.4833,0
14,ts1_4,0.4834,0
14,p01_2,0.4902,0
14,ts1_1,0.4967,0
14,ts1_2,0.4992,0
14,p00_2,0.5206,0
14,bs1_1,0.5267,1
14,m10_2,0.5321,0
14,bs0_4,0.5474,1
14,p10_1,0.5518,1
14,p01_1,0.5518,1
14,p10_0,0.5529,1
14,p01_0,0.5529,1
14,bs0_3,0.5540,1
14,m01_3,0.5571,1
14,p11_2,0.5600,1
14,p11_3,0.5605,1
14,bs1_1,0.5681,0
14,as0_0,0.5691,1
14,m01_2,0.5822,1
14,as0_4,0.5842,1
14,bs1_0,0.6152,0
14,bs1_4,0.6232,1
14,p10_2,0.6316,0
14,p01_3,0.6546,1
14,ys0_3_d,0.6646,1
14,ys0_0_d,0.6647,1
14,p01_2,0.6789,1
14,p00_0,0.6984,0
14,p00_3,0.7040,1
14,m10_4,0.7140,1
14,ys1_1_d,0.7141,0
14,m10_3,0.7264,1
14,p10_4,0.8115,1
14,p10_3,0.8241,1
15,ys1_1,0.3740,0
15,xs0_2_q,0.3813,0
15,as0_3_q,0.3815,0
15,xs1_2_q,0.3815,0
15,p00_2_q,0.3815,0
15,p00_0_q,0.3816,0
15,r_0_q,0.3912,0
15,ys0_0,0.3958,1
15,ys0_3,0.3958,1
15,ys0_4,0.3958,1
15,ys1_4,0.3958,1
15,xs1_3_q,0.4029,0
15,xs0_1_q,0.4038,0
15,p01_0_q,0.4068,1
15,p10_3_q,0.4108,1
15,p01_3_q,0.4108,1
15,p11_3_q,0.4112,1
15,p00_3_q,0.4112,1
15,p10_1_q,0.4126,1
15,p10_0_q,0.4127,1
15,p01_1_q,0.4128,1
15,p10_4_q,0.4128,1
15,p11_2_q,0.4131,1
15,as0_0_q,0.4131,1
15,as1_3_q,0.4131,1
15,as0_4_q,0.4131,1
15,xs0_0_q,0.4132,1
15,r_3_q,0.4329,1
15,r_2_q,0.4383,1
15,xs1_4_q,0.4454,1
15,xs0_3_q,0.4590,1
15,bs0_4,0.4815,0
15,p10_3,0.4889,0
15,p01_3,0.4892,0
15,p10_0,0.4896,0
15,p01_0,0.4896,0
15,as0_0,0.4918,0
15,p01_2,0.4967,0
15,bs0_3,0.4988,0
15,p11_3,0.5066,0
15,as1_2,0.5102,0
15,ts0_2,0.5128,1
15,m10_3,0.5178,0
15,p11_2,0.5205,0
15,m01_2,0.5304,0
15,ts1_0,0.5446,1
15,p10_2,0.5448,1
15,ts1_2,0.5540,1
15,ts1_1,0.5581,1
15,ts1_4,0.5608,1
15,ts0_1,0.5614,1
15,as0_4,0.5652,0
15,p00_2,0.5672,1
15,p00_3,0.5815,0
15,m01_3,0.5918,0
15,p10_3,0.5925,1
15,bs0_1,0.5930,0
15,ys0_0_d,0.6064,0
15,ys0_3_d,0.6073,0
15,p01_2,0.6112,1
15,m10_4,0.6298,0
15,bs1_4,0.6308,0
15,as1_0,0.6341,1
15,p01_3,0.6905,1
15,bs1_1,0.7060,1
15,ys0_1_d,0.7192,0
15,p10_4,0.7375,0
15,p11_4,0.7504,1
15,m01_4,0.7779,1
15,bs1_0,0.7857,1
15,ys1_0_d,0.7934,0
15,ys1_0_d,0.8202,1
15,p01_4,0.8753,1
16,ys1_4,0.3740,0
16,ys0_4,0.3740,0
16,ys0_0,0.3740,0
16,ys0_3,0.3740,0
16,ys0_1,0.3740,0
16,p01_0_q,0.3795,0
16,p10_0_q,0.3796,0
16,p10_4_q,0.3797,0
16,as1_3_q,0.3814,0
16,as0_0_q,0.3814,0
16,as1_2_q,0.3815,0
16,as0_1_q,0.3815,0
16,as0_4_q,0.3815,0
16,p11_3_q,0.3815,0
16,p00_3_q,0.3815,0
16,xs0_0_q,0.3815,0
16,p11_2_q,0.3816,0
16,xs1_4_q,0.3929,0
16,p10_2_q,0.4069,1
16,p01_4_q,0.4128,1
16,as0_3_q,0.4130,1
16,p00_2_q,0.4131,1
16,xs1_2_q,0.4131,1
16,as1_0_q,0.4132,1
16,p11_4_q,0.4144,1
16,r_4_q,0.4384,1
16,ts0_2,0.4775,0
16,ts1_0,0.4821,0
16,ts0_0,0.4833,0
16,bs1_0,0.4958,0
16,p01_4,0.4970,0
16,ts1_3,0.5050,1
16,as1_0,0.5133,0
16,ts0_3,0.5251,1
16,bs1_3,0.5252,1
16,as1_4,0.5280,0
16,p10_4,0.5451,1
16,ts0_4,0.5607,1
16,as0_0,0.5703,1
16,ys1_3_d,0.5920,0
16,as1_2,0.5946,1
16,p11_4,0.5950,0
16,bs0_0,0.5952,1
16,ys1_1_d,0.5996,1
16,bs1_4,0.6147,1
16,m01_4,0.6360,0
16,p00_4,0.6925,1
16,ys0_1_d,0.7046,1
16,ys0_0_d,0.7095,1
16,bs0_2,0.7171,1
16,m10_2,0.7330,1
16,m01_1,0.7336,1
16,p01_4,0.7355,1
16,ys0_2_d,0.7591,0
16,p10_2,0.7823,0
16,p01_1,0.7830,0
16,ys0_3_d,0.8316,1
17,ys1_3,0.3740,0
17,ys0_2,0.3740,0
17,p10_2_q,0.3796,0
17,p01_1_q,0.3796,0
17,as1_4_q,0.3815,0
17,as1_0_q,0.3815,0
17,p11_4_q,0.3816,0
17,r_3_q,0.3912,0
17,ys0_0,0.3958,1
17,ys0_1,0.3958,1
17,ys0_3,0.3958,1
17,ys1_4,0.3958,1
17,ys1_1,0.3958,1
17,p10_4_q,0.4068,1
17,xs0_2_q,0.4122,1
17,as0_0_q,0.4131,1
17,as1_2_q,0.4131,1
17,p00_4_q,0.4132,1
17,xs0_0_q,0.4132,1
17,xs1_0_q,0.4133,1
17,xs0_1_q,0.4695,1
17,ts0_4,0.4751,0
17,ts0_1,0.4799,0
17,ts1_2,0.4807,0
17,bs1_2,0.4833,0
17,p01_3,0.4896,0
17,p10_3,0.4896,0
17,as0_0,0.4918,0
17,bs1_4,0.5028,0
17,ys1_3_d,0.5793,1
17,bs1_0,0.5813,1
17,bs1_1,0.5865,0
17,as1_0,0.5967,1
17,m01_1,0.6023,0
17,bs0_3,0.6112,1
17,p00_4,0.6183,0
17,p00_0,0.6339,1
17,ys0_3_d,0.6745,0
17,p01_1,0.7038,1
17,m01_4,0.7356,1
17,m10_0,0.7365,1
17,p01_4,0.7852,0
17,p10_0,0.8348,1
18,ys0_3,0.3740,0
18,ys1_4,0.3740,0
18,ys1_2,0.3740,0
18,p01_3_q,0.3796,0
18,p10_3_q,0.3796,0
18,p01_4_q,0.3806,0
18,p00_4_q,0.3810,0
18,as0_0_q,0.3815,0
18,xs1_2_q,0.3815,0
18,r_1_q,0.3912,0
18,r_4_q,0.3926,0
18,ys1_3,0.3958,1
18,xs0_3_q,0.4037,0
18,xs0_1_q,0.4040,0
18,p01_1_q,0.4126,1
18,p10_0_q,0.4128,1
18,as0_1_q,0.4132,1
18,as1_0_q,0.4132,1
18,p00_0_q,0.4133,1
18,r_3_q,0.4445,1
18,xs1_1_q,0.4552,1
18,xs1_3_q,0.4631,1
18,ts0_3,0.4807,0
18,ts1_3,0.4826,0
18,p01_4,0.4827,1
18,p10_1,0.4896,0
18,p01_1,0.4897,0
18,p10_4,0.4902,0
18,bs1_0,0.4938,0
18,bs0_0,0.5137,0
18,p00_2,0.5206,0
18,p00_0,0.5210,0
18,m10_2,0.5322,0
18,m10_0,0.5326,0
18,ts0_1,0.5477,1
18,p01_3,0.5529,1
18,p10_3,0.5529,1
18,ts0_0,0.5547,1
18,ts1_0,0.5562,1
18,m01_1,0.5564,1
18,bs0_1,0.5567,1
18,p11_0,0.5601,1
18,p11_1,0.5603,1
18,p11_2,0.5694,1
18,m01_0,0.5831,1
18,as0_4,0.5844,1
18,as0_2,0.5873,1
18,m01_2,0.5913,1
18,bs0_2,0.5949,0
18,ys1_1_d,0.6078,0
18,ys1_0_d,0.6195,0
18,bs1_2,0.6226,1
18,ys0_0_d,0.6291,0
18,p10_2,0.6346,1
18,p10_0,0.6396,0
18,p01_2,0.6396,0
18,ys0_2_d,0.6411,1
18,p01_1,0.6525,1
18,as1_4,0.6560,1
18,p01_0,0.6810,1
18,ys0_3_d,0.6846,1
18,ys1_3_d,0.6906,0
18,p00_3,0.7041,1
18,p00_1,0.7087,1
18,m01_2,0.7154,0
18,bs0_4,0.7226,1
18,m01_4,0.7238,0
18,bs1_4,0.7259,1
18,m10_3,0.7262,1
18,m10_1,0.7319,1
18,bs0_0,0.7332,1
18,p11_3,0.7727,1
18,p11_4,0.7733,1
18,p10_3,0.7746,0
18,m01_3,0.7953,1
18,ys0_1_d,0.8100,0
18,p01_2,0.8135,1
18,p10_1,0.8296,1
18,p01_4,0.8301,0
18,ys1_0_d,0.8385,1
18,p01_3,0.8447,0
19,ys1_3,0.3740,0
19,ys0_1,0.3740,0
19,ys0_0,0.3740,0
19,ys1_1,0.3740,0
19,p10_0_q,0.3798,0
19,p10_4_q,0.3798,0
19,as0_1_q,0.3814,0
19,xs1_0_q,0.3815,0
19,as0_3_q,0.3815,0
19,p00_2_q,0.3815,0
19,p00_0_q,0.3816,0
19,r_2_q,0.3912,0
19,xs0_4_q,0.3944,0
19,ys0_3,0.3958,1
19,ys1_2,0.3958,1
19,ys1_4,0.3958,1
19,ys0_2,0.3958,1
19,ys0_4,0.3958,1
19,xs1_3_q,0.4027,0
19,p01_0_q,0.4069,1
19,p10_2_q,0.4113,1
19,p11_2_q,0.4117,1
19,as1_4_q,0.4131,1
19,as1_3_q,0.4131,1
19,p00_1_q,0.4132,1
19,p11_1_q,0.4132,1
19,as0_4_q,0.4132,1
19,as1_1_q,0.4133,1
19,p11_3_q,0.4133,1
19,p00_3_q,0.4133,1
19,as0_2_q,0.4133,1
19,p11_4_q,0.4144,1
19,p11_0_q,0.4144,1
19,r_1_q,0.4329,1
19,xs0_3_q,0.4566,1
19,ts0_1,0.4733,0
19,ts1_1,0.4758,0
19,bs1_3,0.4768,0
19,bs1_4,0.4814,0
19,bs0_4,0.4837,0
19,p10_1,0.4892,0
19,p01_1,0.4892,0
19,p01_2,0.4896,0
19,p10_2,0.4897,0
19,bs0_3,0.4991,0
19,ts0_2,0.5058,1
19,p11_3,0.5078,0
19,as1_0,0.5099,0
19,m10_3,0.5189,0
19,p11_2,0.5203,0
19,as1_4,0.5301,0
19,ts1_3,0.5425,1
19,bs1_1,0.5548,1
19,ts0_3,0.5555,1
19,as0_0,0.5751,1
19,p00_3,0.5780,0
19,ys0_0_d,0.5800,1
19,m01_3,0.5826,0
19,m10_2,0.5844,1
19,ys1_3_d,0.5882,1
19,ys1_0_d,0.5883,0
19,p11_4,0.5951,0
19,bs0_0,0.6002,0
19,p11_0,0.6089,0
19,p10_3,0.6204,1
19,bs1_2,0.6332,0
19,ys0_3_d,0.6670,0
19,p10_2,0.6818,1
19,p01_3,0.6825,1
19,bs1_0,0.6858,1
19,ys0_1_d,0.6932,1
19,ys0_0_d,0.7030,0
19,m01_0,0.7149,0
19,ys1_3_d,0.7352,0
19,ys1_0_d,0.8009,1
19,p01_0,0.8224,0
20,ys1_4,0.3740,0
20,ys0_4,0.3740,0
20,ys1_2,0.3740,0
20,ys0_3,0.3740,0
20,p01_0_q,0.3796,0
20,p01_2_q,0.3796,0
20,p10_1_q,0.3812,0
20,p01_1_q,0.3812,0
20,p11_4_q,0.3814,0
20,p11_0_q,0.3814,0
20,as1_0_q,0.3815,0
20,as1_3_q,0.3815,0
20,as1_4_q,0.3815,0
20,p11_2_q,0.3815,0
20,xs0_2_q,0.3815,0
20,p00_3_q,0.3816,0
20,p11_3_q,0.3816,0
20,r_1_q,0.3932,0
20,ys0_1,0.3958,1
20,xs0_3_q,0.4030,0
20,p10_3_q,0.4069,1
20,p01_3_q,0.4069,1
20,as0_3_q,0.4131,1
20,xs1_0_q,0.4131,1
20,as0_0_q,0.4132,1
20,xs0_4_q,0.4401,1
20,r_0_q,0.4439,1
20,xs0_1_q,0.4564,1
20,ts0_2,0.4807,0
20,p10_1,0.4822,1
20,p01_1,0.4822,1
20,ts0_0,0.4826,0
20,ts1_1,0.4892,1
20,ts1_0,0.4991,0
20,ts1_4,0.4991,0
20,ts1_2,0.5128,1
20,ts0_1,0.5205,1
20,bs1_3,0.5267,1
20,m10_2,0.5309,0
20,as0_0,0.5319,0
20,p00_3,0.5345,1
20,bs1_4,0.5386,1
20,p01_0,0.5518,1
20,p10_0,0.5518,1
20,bs0_3,0.5539,1
20,bs1_4,0.5591,0
20,bs1_3,0.5673,0
20,p00_1,0.5782,0
20,bs0_1,0.5864,0
20,m01_1,0.5894,0
20,bs1_1,0.5928,0
20,as1_0,0.5965,1
20,bs0_4,0.6351,1
20,p10_2,0.6385,0
20,ys0_3_d,0.6641,1
20,p00_0,0.6732,1
20,m01_0,0.6937,1
20,p01_1,0.6956,0
20,ys0_1_d,0.6969,0
20,ys1_1_d,0.7055,1
20,p11_0,0.7139,1
20,m10_0,0.7366,1
20,p01_0,0.7411,0
20,ys0_0_d,0.7490,1
20,p10_0,0.7858,0
21,ys0_1,0.3740,0
21,p10_2_q,0.3796,0
21,as0_0_q,0.3814,0
21,as0_3_q,0.3815,0
21,p00_1_q,0.3815,0
21,r_3_q,0.3912,0
21,xs0_4_q,0.3939,0
21,ys0_3,0.3958,1
21,ys0_4,0.3958,1
21,ys0_0,0.3958,1
21,ys1_1,0.3958,1
21,xs1_1_q,0.4031,0
21,p10_1_q,0.4075,1
21,p11_0_q,0.4131,1
21,p00_3_q,0.4131,1
21,as1_0_q,0.4132,1
21,xs0_2_q,0.4132,1
21,as0_1_q,0.4133,1
21,p00_0_q,0.4133,1
21,xs1_2_q,0.4147,1
21,xs1_4_q,0.4377,1
21,r_1_q,0.4383,1
21,r_2_q,0.4442,1
21,r_4_q,0.4442,1
21,ts1_1,0.4642,0
21,xs1_3_q,0.4657,1
21,ts0_3,0.4750,0
21,ts1_2,0.4821,0
21,p01_3,0.4896,0
21,p10_3,0.4896,0
21,as0_2,0.4919,0
21,p10_1,0.4968,0
21,bs0_3,0.4988,0
21,ts0_1,0.4991,0
21,p11_1,0.5063,0
21,m10_1,0.5182,0
21,p11_0,0.5197,0
21,as0_4,0.5297,0
21,m01_0,0.5301,0
21,as1_0,0.5335,0
21,ts0_0,0.5429,1
21,p01_1,0.5449,1
21,p01_2,0.5522,1
21,p10_4,0.5522,1
21,p10_2,0.5525,1
21,p01_4,0.5525,1
21,ts1_0,0.5540,1
21,bs0_1,0.5541,1
21,as0_0,0.5707,1
21,p11_2,0.5730,1
21,p10_1,0.5797,1
21,bs1_1,0.6117,1
21,bs0_4,0.6271,0
21,bs0_2,0.6289,1
21,p01_0,0.6319,1
21,p00_3,0.6419,0
21,m01_2,0.6544,1
21,m10_0,0.6589,0
21,ys0_1_d,0.6636,1
21,ys0_2_d,0.6698,0
21,ys1_1_d,0.6758,0
21,p00_4,0.6956,1
21,p00_0,0.6981,0
21,p01_2,0.6989,0
21,bs1_4,0.7170,1
21,ys0_0_d,0.7364,0
21,p10_0,0.7609,1
21,ys1_0_d,0.7862,0
22,ys1_1,0.3740,0
22,ys0_4,0.3740,0
22,ys0_0,0.3740,0
22,ys0_2,0.3740,0
22,ys1_0,0.3740,0
22,p10_3_q,0.3796,0
22,p01_3_q,0.3806,0
22,p00_3_q,0.3810,0
22,xs1_0_q,0.3813,0
22,xs0_2_q,0.3813,0
22,as0_2_q,0.3814,0
22,as1_0_q,0.3814,0
22,p11_1_q,0.3815,0
22,as1_1_q,0.3815,0
22,as0_4_q,0.3815,0
22,xs1_2_q,0.3815,0
22,xs0_0_q,0.3815,0
22,p00_0_q,0.3816,0
22,p11_0_q,0.3816,0
22,r_4_q,0.3912,0
22,r_0_q,0.3912,0
22,xs1_4_q,0.3936,0
22,ys0_1,0.3958,1
22,ys1_4,0.3958,1
22,xs0_1_q,0.4038,0
22,p01_0_q,0.4068,1
22,p10_0_q,0.4069,1
22,p01_4_q,0.4109,1
22,p10_2_q,0.4110,1
22,p00_4_q,0.4113,1
22,p11_2_q,0.4116,1
22,p01_1_q,0.4126,1
22,p10_4_q,0.4126,1
22,as0_0_q,0.4131,1
22,as1_3_q,0.4132,1
22,xs0_4_q,0.4362,1
22,xs1_1_q,0.4552,1
22,ts1_3,0.4821,0
22,p01_4,0.4896,0
22,p10_4,0.4896,0
22,p10_0,0.4896,0
22,p01_0,0.4896,0
22,bs1_1,0.5002,0
22,ts1_1,0.5053,1
22,bs0_2,0.5136,0
22,bs0_4,0.5475,1
22,m01_1,0.5588,1
22,p11_1,0.5602,1
22,ys0_2_d,0.5608,1
22,ts1_4,0.5617,1
22,ts0_1,0.5624,1
22,as1_4,0.5866,1
22,ys1_1_d,0.6032,1
22,p01_1,0.6081,0
22,ys0_3_d,0.6121,0
22,as0_4,0.6291,1
22,bs1_2,0.6355,1
22,ys0_0_d,0.6714,1
22,p11_3,0.7043,1
22,m10_4,0.7265,1
22,m01_3,0.7273,1
22,ys1_3_d,0.7486,1
22,p00_3,0.7503,1
22,p00_4,0.7573,0
22,m10_3,0.7725,1
22,p10_4,0.8248,1
22,p01_3,0.8250,1
22,p10_3,0.8706,1
23,ys0_3,0.3740,0
23,p01_1_q,0.3796,0
23,p10_0_q,0.3796,0
23,p01_0_q,0.3796,0
23,p01_4_q,0.3806,0
23,p00_4_q,0.3810,0
23,as0_1_q,0.3815,0
23,r_1_q,0.3926,0
23,xs0_4_q,0.3929,0
23,ys0_0,0.3958,1
23,ys1_1,0.3958,1
23,ys0_4,0.3958,1
23,ys0_2,0.3958,1
23,ys1_2,0.3958,1
23,ys1_3,0.3958,1
23,p01_3_q,0.4108,1
23,p00_3_q,0.4112,1
23,p10_3_q,0.4112,1
23,p11_3_q,0.4117,1
23,xs0_2_q,0.4122,1
23,xs1_0_q,0.4130,1
23,as1_1_q,0.4131,1
23,as0_4_q,0.4131,1
23,p11_1_q,0.4131,1
23,as1_4_q,0.4131,1
23,xs1_2_q,0.4132,1
23,r_4_q,0.4386,1
23,xs0_1_q,0.4690,1
23,ts1_1,0.4733,0
23,ts0_0,0.4798,0
23,ts1_0,0.4798,0
23,ts0_1,0.4821,0
23,p01_1,0.4827,1
23,as1_2,0.4900,0
23,p10_1,0.4902,0
23,p10_4,0.4978,0
23,bs0_1,0.4990,0
23,as0_0,0.5157,0
23,as0_4,0.5293,0
23,p01_4,0.5453,1
23,bs1_1,0.5537,1
23,m01_1,0.5777,0
23,as1_0,0.5952,1
23,bs1_0,0.5980,0
23,p11_2,0.6018,0
23,p11_1,0.6150,0
23,m10_4,0.6396,0
23,p00_3,0.6416,0
23,p00_0,0.6453,1
23,m10_3,0.6532,0
23,bs0_0,0.6596,1
23,m01_0,0.6651,1
23,p01_1,0.6800,0
23,ys1_0_d,0.7045,1
23,p11_4,0.7138,1
23,p11_0,0.7139,1
23,ys0_0_d,0.7361,0
23,m10_0,0.7375,1
23,p10_4,0.7391,1
23,m01_4,0.7407,1
23,p10_3,0.7608,0
23,p01_0,0.7636,1
23,p01_4,0.7890,0
23,p10_0,0.8357,1
24,ys0_0,0.3740,0
24,p10_1_q,0.3806,0
24,p11_1_q,0.3810,0
24,p10_3_q,0.3812,0
24,as0_4_q,0.3815,0
24,as0_0_q,0.3815,0
24,as1_2_q,0.3815,0
24,p11_2_q,0.3815,0
24,p00_3_q,0.3815,0
24,r_2_q,0.3926,0
24,ys1_0,0.3958,1
24,xs1_3_q,0.4020,0
24,p01_0_q,0.4110,1
24,p10_0_q,0.4112,1
24,p00_0_q,0.4116,1
24,p11_0_q,0.4117,1
24,as0_1_q,0.4131,1
24,as1_0_q,0.4131,1
24,p11_4_q,0.4132,1
24,r_0_q,0.4329,1
24,r_3_q,0.4383,1
24,xs1_4_q,0.4401,1
24,r_1_q,0.4442,1
24,ts1_4,0.4752,0
24,p01_2,0.4832,1
24,ts1_3,0.4890,1
24,p01_0,0.4892,0
24,p10_0,0.4892,0
24,p10_2,0.4902,0
24,p01_3,0.4970,0
24,bs0_4,0.5050,0
24,p11_3,0.5054,0
24,bs0_0,0.5117,0
24,ts1_2,0.5131,1
24,ts0_3,0.5248,1
24,m01_2,0.5290,0
24,as1_0,0.5318,0
24,p10_3,0.5450,1
24,p10_1,0.5521,1
24,p01_1,0.5525,1
24,bs0_1,0.5570,1
24,bs1_1,0.5936,0
24,bs1_0,0.6096,1
24,bs1_3,0.6117,1
24,p01_2,0.6284,0
24,p11_0,0.6460,0
24,m10_0,0.6572,0
24,p11_4,0.6592,0
24,m01_4,0.6709,0
24,ys1_3_d,0.6755,0
24,ys1_0_d,0.6806,0
24,bs0_2,0.7166,1
24,p10_0,0.7568,1
24,ys0_2_d,0.7591,0
24,p01_4,0.7728,1
24,ys0_3_d,0.8318,1
25,ys1_0,0.3740,0
25,ys1_3,0.3740,0
25,ys0_4,0.3740,0
25,ys0_2,0.3740,0
25,p01_3_q,0.3796,0
25,p10_2_q,0.3796,0
25,p01_0_q,0.3812,0
25,xs1_0_q,0.3813,0
25,as1_3_q,0.3815,0
25,as1_0_q,0.3815,0
25,xs0_2_q,0.3815,0
25,p11_4_q,0.3815,0
25,p11_0_q,0.3815,0
25,p11_3_q,0.3816,0
25,r_1_q,0.3912,0
25,r_4_q,0.3912,0
25,r_3_q,0.3922,0
25,xs1_4_q,0.3936,0
25,ys0_3,0.3958,1
25,p10_3_q,0.4068,1
25,p10_1_q,0.4124,1
25,p01_4_q,0.4126,1
25,p01_1_q,0.4128,1
25,xs0_4_q,0.4443,1
25,ts0_3,0.4807,0
25,p01_3,0.4820,1
25,ts1_2,0.4821,0
25,p01_1,0.4896,0
25,p10_1,0.4896,0
25,p10_4,0.4896,0
25,p01_4,0.4896,0
25,p10_3,0.4898,0
25,ts1_4,0.5053,1
25,ts0_0,0.5087,1
25,bs1_0,0.5119,0
25,ts1_0,0.5127,1
25,as1_4,0.5288,0
25,ts1_1,0.5488,1
25,ts0_1,0.5563,1
25,ts0_4,0.5572,1
25,as0_2,0.5695,1
25,bs0_2,0.5931,0
25,bs1_4,0.6035,0
25,bs1_1,0.6121,1
25,ys1_0_d,0.6247,1
25,as0_0,0.6386,1
25,ys0_2_d,0.6404,1
25,as0_4,0.6407,1
25,m01_3,0.6516,0
25,bs0_4,0.6829,1
25,ys1_0_d,0.7013,0
25,ys0_3_d,0.7038,0
25,bs0_3,0.7105,1
25,m10_1,0.7140,1
25,bs1_0,0.7443,1
25,p01_3,0.7592,0
25,p00_3,0.7621,1
25,bs0_0,0.7674,1
25,p00_0,0.7680,0
25,ys0_3_d,0.7739,1
25,m01_0,0.7792,0
25,p10_1,0.8123,1
25,ys1_1_d,0.8137,0
25,ys1_0_d,0.8363,1
25,ys0_1_d,0.8410,0
25,p01_0,0.8809,1
26,ys1_1,0.3740,0
26,ys0_1,0.3740,0
26,ys1_4,0.3740,0
26,p10_3_q,0.3796,0
26,p01_4_q,0.3796,0
26,p01_1_q,0.3796,0
26,p10_4_q,0.3796,0
26,as1_4_q,0.3815,0
26,p00_0_q,0.3816,0
26,r_0_q,0.3912,0
26,ys0_4,0.3958,1
26,ys1_0,0.3958,1
26,ys0_2,0.3958,1
26,xs1_1_q,0.4031,0
26,xs0_1_q,0.4031,0
26,p01_0_q,0.4068,1
26,xs1_0_q,0.4130,1
26,as0_0_q,0.4131,1
26,as0_4_q,0.4132,1
26,p00_3_q,0.4133,1
26,as0_2_q,0.4133,1
26,xs0_2_q,0.4146,1
26,r_1_q,0.4386,1
26,r_2_q,0.4442,1
26,ts0_1,0.4799,0
26,ts1_3,0.4807,0
26,ts0_4,0.4807,0
26,ts1_4,0.4807,0
26,bs0_4,0.4835,0
26,p01_0,0.4896,0
26,p10_0,0.4896,0
26,p10_1,0.4977,0
26,m10_1,0.5180,0
26,p00_1,0.5342,1
26,bs1_4,0.5348,1
26,p01_1,0.5452,1
26,p10_2,0.5522,1
26,p01_2,0.5525,1
26,ts0_3,0.5556,1
26,p10_1,0.5779,1
26,ys0_0_d,0.5811,1
26,as1_2,0.5816,1
26,bs1_3,0.5860,0
26,bs0_3,0.5863,0
26,bs1_2,0.5909,0
26,as1_0,0.5935,1
26,ys1_0_d,0.6039,0
26,ys0_3_d,0.7044,0
26,m01_1,0.7179,1
26,p01_1,0.7664,0
27,ys1_0,0.3740,0
27,ys0_4,0.3740,0
27,ys0_3,0.3740,0
27,ys1_2,0.3740,0
27,p01_0_q,0.3796,0
27,p10_0_q,0.3796,0
27,as0_1_q,0.3815,0
27,as1_1_q,0.3815,0
27,ys1_4,0.3958,1
27,ys0_0,0.3958,1
27,p10_2_q,0.4126,1
27,p01_2_q,0.4126,1
27,as1_0_q,0.4132,1
27,xs0_0_q,0.4132,1
27,as1_2_q,0.4133,1
27,p00_1_q,0.4133,1
27,r_3_q,0.4442,1
27,r_0_q,0.4445,1
27,xs1_1_q,0.4584,1
27,xs0_3_q,0.4592,1
27,ts1_0,0.4807,0
27,ts0_0,0.4826,0
27,as0_0,0.4919,0
27,bs1_0,0.4950,0
27,bs1_1,0.5005,0
27,bs0_1,0.5007,0
27,ts0_1,0.5428,1
27,ts1_2,0.5492,1
27,ts0_2,0.5493,1
27,p10_3,0.5522,1
27,p01_3,0.5525,1
27,p10_0,0.5529,1
27,p01_0,0.5529,1
27,as1_2,0.5557,0
27,p11_0,0.5641,1
27,as0_4,0.5649,0
27,p11_1,0.5765,1
27,bs1_2,0.5771,1
27,p00_3,0.5817,0
27,m10_1,0.5860,1
27,bs1_4,0.5930,0
27,ys0_1_d,0.6055,1
27,ys1_0_d,0.6177,1
27,bs0_4,0.6229,1
27,p10_1,0.6355,0
27,p11_1,0.6469,0
27,bs0_0,0.6485,0
27,m01_0,0.6543,1
27,ys1_0_d,0.6654,0
27,bs1_1,0.6902,1
27,ys1_3_d,0.6909,1
27,bs0_1,0.6941,1
27,m01_1,0.6965,0
27,p01_0,0.6987,0
27,m01_4,0.7295,1
27,p01_1,0.7980,1
27,ys1_1_d,0.7980,1
27,p01_4,0.8270,1
28,ys1_4,0.3740,0
28,p10_1_q,0.3796,0
28,as1_2_q,0.3815,0
28,as0_4_q,0.3815,0
28,xs0_2_q,0.3815,0
28,as0_0_q,0.3815,0
28,xs1_2_q,0.3815,0
28,p00_3_q,0.3816,0
28,xs0_4_q,0.3943,0
28,ys0_4,0.3958,1
28,ys1_2,0.3958,1
28,ys0_1,0.3958,1
28,ys1_1,0.3958,1
28,ys1_3,0.3958,1
28,p01_3_q,0.4068,1
28,p01_1_q,0.4075,1
28,p10_0_q,0.4112,1
28,p11_0_q,0.4117,1
28,p10_3_q,0.4126,1
28,p01_4_q,0.4128,1
28,as1_1_q,0.4131,1
28,as0_3_q,0.4133,1
28,xs1_4_q,0.4385,1
28,ts0_1,0.4693,0
28,bs1_1,0.4763,0
28,ts1_1,0.4826,0
28,bs0_4,0.5026,0
28,bs1_2,0.5039,0
28,as0_2,0.5112,0
28,as1_0,0.5295,0
28,ts1_3,0.5489,1
28,ts0_4,0.5612,1
28,as1_2,0.5659,1
28,as0_0,0.5727,1
28,as0_4,0.5864,1
28,ys1_3_d,0.6014,0
28,ys1_1_d,0.6102,0
28,ys0_0_d,0.6231,0
28,p00_1,0.6236,0
28,as1_4,0.6281,1
28,m10_1,0.6353,0
28,p00_2,0.6386,1
28,p11_0,0.6432,0
28,bs1_0,0.6634,1
28,m01_4,0.6661,0
28,p11_1,0.6838,1
28,m10_2,0.7058,1
28,m01_1,0.7066,1
28,bs1_2,0.7105,1
28,m01_0,0.7127,0
28,p10_1,0.7373,1
28,p10_2,0.7554,0
28,p01_1,0.7557,0
28,ys1_1_d,0.7607,1
28,p01_4,0.7721,0
28,m10_4,0.7762,1
28,ys1_0_d,0.7851,1
28,p01_0,0.8143,1
28,ys1_3_d,0.8239,1
28,p10_4,0.8747,1
29,ys0_4,0.3740,0
29,ys0_0,0.3740,0
29,p01_4_q,0.3796,0
29,p10_2_q,0.3796,0
29,p01_1_q,0.3803,0
29,p00_1_q,0.3812,0
29,xs1_0_q,0.3813,0
29,as0_2_q,0.3815,0
29,as1_0_q,0.3815,0
29,p11_0_q,0.3815,0
29,r_3_q,0.3912,0
29,r_1_q,0.3926,0
29,xs1_4_q,0.3936,0
29,ys1_0,0.3958,1
29,xs1_1_q,0.4017,0
29,xs0_3_q,0.4027,0
29,p10_1_q,0.4110,1
29,p11_1_q,0.4116,1
29,xs0_2_q,0.4122,1
29,p01_0_q,0.4128,1
29,p10_4_q,0.4128,1
29,as0_0_q,0.4129,1
29,as0_4_q,0.4130,1
29,as1_2_q,0.4131,1
29,p00_2_q,0.4132,1
29,as1_4_q,0.4132,1
29,r_4_q,0.4384,1
29,xs0_1_q,0.4695,1
29,ts0_2,0.4734,0
29,bs1_2,0.4810,0
29,ts0_4,0.4821,0
29,ts1_2,0.4826,0
29,p01_1,0.4827,1
29,p10_3,0.4896,0
29,p01_3,0.4897,0
29,p10_1,0.4902,0
29,p10_4,0.4970,0
29,p11_1,0.5066,0
29,bs1_0,0.5133,0
29,p00_2,0.5207,0
29,as1_2,0.5293,0
29,as1_4,0.5298,0
29,as0_4,0.5312,0
29,m10_2,0.5334,0
29,ts1_0,0.5356,1
29,p00_3,0.5366,1
29,p01_4,0.5451,1
29,ts1_4,0.5572,1
29,ts0_0,0.5609,1
29,bs0_2,0.5615,1
29,m01_3,0.5625,1
29,bs0_1,0.5862,0
29,ys1_3_d,0.5873,0
29,m01_1,0.5901,0
29,ys0_2_d,0.6038,0
29,bs0_0,0.6097,1
29,bs1_1,0.6134,1
29,m01_3,0.6148,0
29,bs0_3,0.6169,1
29,p00_3,0.6262,0
29,p10_2,0.6356,1
29,m10_4,0.6401,0
29,ys1_0_d,0.6479,0
29,p00_4,0.6587,1
29,p01_1,0.6930,0
29,bs1_3,0.7088,1
29,ys0_0_d,0.7222,1
29,p10_4,0.7394,1
29,ys1_3_d,0.8195,1
30,ys1_0,0.3740,0
30,ys1_2,0.3740,0
30,ys0_2,0.3740,0
30,p10_3_q,0.3795,0
30,p01_3_q,0.3796,0
30,p10_1_q,0.3806,0
30,p11_1_q,0.3810,0
30,as1_4_q,0.3814,0
30,as0_4_q,0.3814,0
30,as1_1_q,0.3815,0
30,as0_3_q,0.3815,0
30,as1_2_q,0.3815,0
30,p00_2_q,0.3815,0
30,r_4_q,0.3912,0
30,ys0_0,0.3958,1
30,xs0_1_q,0.4041,0
30,p01_4_q,0.4110,1
30,p00_4_q,0.4116,1
30,xs1_2_q,0.4124,1
30,p10_2_q,0.4126,1
30,xs1_0_q,0.4130,1
30,as0_1_q,0.4132,1
30,xs0_4_q,0.4376,1
30,xs0_3_q,0.4674,1
30,xs1_1_q,0.4682,1
30,ts0_3,0.4807,0
30,ts1_3,0.4833,0
30,p01_4,0.4896,0
30,p10_4,0.4896,0
30,bs0_3,0.5000,0
30,bs1_1,0.5004,0
30,as0_0,0.5319,0
30,bs0_4,0.5347,1
30,ts0_2,0.5356,1
30,bs1_4,0.5470,1
30,ts1_2,0.5493,1
30,p00_2,0.5771,1
30,as0_2,0.5873,1
30,as1_0,0.5950,1
30,bs0_2,0.5961,0
30,ys0_0_d,0.6038,0
30,ys0_3_d,0.6041,1
30,ys1_1_d,0.6089,0
30,ys0_2_d,0.6431,1
30,p00_4,0.6601,0
30,ys1_0_d,0.6613,1
30,ys0_3_d,0.6769,0
30,bs1_1,0.6908,1
30,m01_0,0.6953,1
30,p00_2,0.7077,0
30,p00_1,0.7085,1
30,p11_0,0.7129,1
30,m10_1,0.7320,1
30,m01_4,0.7346,1
30,p01_0,0.7447,0
30,ys1_1_d,0.7983,1
30,p10_1,0.8298,1
30,p01_4,0.8330,1
31,ys0_0,0.3740,0
31,p01_0_q,0.3796,0
31,p10_4_q,0.3796,0
31,as0_1_q,0.3814,0
31,xs1_2_q,0.3815,0
31,xs0_2_q,0.3815,0
31,as0_0_q,0.3815,0
31,p00_4_q,0.3815,0
31,r_2_q,0.3912,0
31,ys1_0,0.3958,1
31,ys0_2,0.3958,1
31,ys0_4,0.3958,1
31,ys1_4,0.3958,1
31,xs0_3_q,0.4041,0
31,p10_1_q,0.4126,1
31,as0_3_q,0.4130,1
31,p00_1_q,0.4130,1
31,as1_0_q,0.4131,1
31,as1_1_q,0.4131,1
31,p11_0_q,0.4131,1
31,as0_2_q,0.4133,1
31,r_3_q,0.4442,1
31,xs1_3_q,0.4630,1
31,ts1_0,0.4734,0
31,bs1_1,0.4764,0
31,ts1_4,0.4807,0
31,ts0_0,0.4807,0
31,p10_2,0.4896,0
31,p01_2,0.4896,0
31,bs0_0,0.5095,0
31,as0_2,0.5110,0
31,bs0_1,0.5286,1
31,ts0_4,0.5333,1
31,ts0_1,0.5466,1
31,p10_3,0.5522,1
31,p01_3,0.5525,1
31,ts1_1,0.5621,1
31,as1_2,0.5671,1
31,as0_4,0.5857,1
31,bs1_3,0.5864,0
31,bs1_4,0.5896,0
31,bs0_4,0.5931,0
31,bs0_2,0.5931,1
31,ys0_0_d,0.6184,1
31,p00_1,0.6234,0
31,ys0_2_d,0.6350,0
31,m10_1,0.6351,0
31,ys1_1_d,0.6452,0
31,as1_4,0.6568,1
31,m01_2,0.6621,1
31,ys0_0_d,0.6682,0
31,p11_1,0.6848,1
31,p11_2,0.6866,1
31,ys1_3_d,0.6952,0
31,ys1_0_d,0.6966,0
31,p00_3,0.7069,1
31,ys0_3_d,0.7075,1
31,m01_1,0.7077,1
31,m01_4,0.7252,0
31,m10_3,0.7276,1
31,bs0_0,0.7381,1
31,p10_1,0.7430,0
31,p01_2,0.7597,1
31,p11_3,0.7735,1
31,p11_4,0.7741,1
31,p10_3,0.7760,0
31,m01_3,0.7968,1
31,p01_1,0.8052,1
31,ys0_1_d,0.8139,0
31,p01_4,0.8327,0
31,ys0_0_d,0.8405,1
31,p01_3,0.8462,0
32,ys0_2,0.3740,0
32,ys0_4,0.3740,0
32,ys1_0,0.3740,0
32,ys1_4,0.3740,0
32,ys0_1,0.3740,0
32,ys1_1,0.3740,0
32,ys1_3,0.3740,0
32,p01_4_q,0.3796,0
32,p10_1_q,0.3798,0
32,p10_2_q,0.3798,0
32,as0_3_q,0.3814,0
32,as0_2_q,0.3815,0
32,xs1_0_q,0.3815,0
32,p00_1_q,0.3816,0
32,xs0_4_q,0.3940,0
32,ys0_0,0.3958,1
32,ys0_3,0.3958,1
32,xs1_3_q,0.4027,0
32,p01_1_q,0.4069,1
32,xs0_2_q,0.4122,1
32,as1_2_q,0.4132,1
32,xs1_2_q,0.4132,1
32,as0_4_q,0.4133,1
32,as1_4_q,0.4133,1
32,p00_3_q,0.4133,1
32,p11_3_q,0.4133,1
32,p11_4_q,0.4133,1
32,as1_3_q,0.4133,1
32,p11_1_q,0.4144,1
32,p11_2_q,0.4145,1
32,xs0_3_q,0.4569,1
32,xs0_1_q,0.4697,1
32,ts0_4,0.4834,0
32,as1_2,0.4903,0
32,bs0_2,0.5034,0
32,p11_3,0.5078,0
32,as1_0,0.5092,0
32,m10_3,0.5189,0
32,p11_2,0.5206,0
32,as1_4,0.5300,0
32,m01_2,0.5318,0
32,ts0_3,0.5488,1
32,ys0_2_d,0.5488,1
32,ts1_3,0.5552,1
32,ts1_4,0.5552,1
32,p00_2,0.5646,1
32,bs0_4,0.5650,1
32,as0_0,0.5746,1
32,p00_0,0.5772,1
32,bs1_4,0.5775,1
32,p00_3,0.5785,0
32,m01_1,0.5787,0
32,m01_3,0.5829,0
32,p11_4,0.5949,0
32,p11_0,0.6085,0
32,p11_1,0.6155,0
32,p10_3,0.6204,1
32,ys0_0_d,0.6330,0
32,p01_2,0.6394,0
32,ys0_3_d,0.6629,0
32,p01_3,0.6829,1
32,p01_1,0.6845,0
32,p00_0,0.6913,0
32,ys1_0_d,0.6915,1
32,m01_0,0.7142,0
32,bs0_2,0.7168,1
32,ys0_2_d,0.7588,0
32,ys0_3_d,0.8160,1
32,p01_0,0.8162,1
33,ys0_0,0.3740,0
33,p01_1_q,0.3796,0
33,p01_2_q,0.3798,0
33,as1_3_q,0.3814,0
33,as1_4_q,0.3814,0
33,as1_2_q,0.3814,0
33,p11_4_q,0.3814,0
33,p11_1_q,0.3814,0
33,p11_2_q,0.3815,0
33,as1_0_q,0.3815,0
33,p11_0_q,0.3815,0
33,p11_3_q,0.3816,0
33,p00_3_q,0.3816,0
33,ys1_0,0.3958,1
33,ys0_4,0.3958,1
33,ys1_4,0.3958,1
33,xs0_1_q,0.4041,0
33,p10_3_q,0.4068,1
33,p01_3_q,0.4069,1
33,p01_0_q,0.4128,1
33,xs1_0_q,0.4131,1
33,as0_1_q,0.4131,1
33,as0_3_q,0.4132,1
33,as0_0_q,0.4132,1
33,p00_2_q,0.4144,1
33,xs0_4_q,0.4387,1
33,r_1_q,0.4439,1
33,r_2_q,0.4442,1
33,bs0_1,0.4766,0
33,ts0_1,0.4799,0
33,ts1_2,0.4985,0
33,ts1_1,0.4991,0
33,ts1_4,0.4992,0
33,ts1_0,0.5056,1
33,bs1_3,0.5242,1
33,as0_4,0.5282,0
33,as0_0,0.5302,0
33,ts0_0,0.5446,1
33,bs1_2,0.5484,1
33,p01_1,0.5518,1
33,p10_1,0.5518,1
33,p10_2,0.5522,1
33,p01_2,0.5525,1
33,bs0_3,0.5545,1
33,bs1_3,0.5674,0
33,ys0_1_d,0.5829,1
33,as0_2,0.5876,1
33,as1_0,0.5927,1
33,ys0_3_d,0.6178,0
33,bs1_1,0.6304,1
33,bs0_4,0.6326,0
33,ys1_3_d,0.6572,1
33,m01_0,0.6929,1
33,p11_0,0.7087,1
33,p00_1,0.7090,1
33,p00_2,0.7159,0
33,m10_1,0.7305,1
33,ys0_0_d,0.7314,1
33,m01_4,0.7335,1
33,ys1_1_d,0.7369,1
33,p01_0,0.7421,0
33,p10_1,0.7790,0
33,p01_4,0.8308,1
34,ys0_4,0.3740,0
34,ys0_3,0.3740,0
34,p01_0_q,0.3795,0
34,xs0_0_q,0.3814,0
34,as0_0_q,0.3815,0
34,as0_4_q,0.3815,0
34,as0_1_q,0.3815,0
34,xs1_0_q,0.3815,0
34,p00_2_q,0.3816,0
34,r_1_q,0.3926,0
34,r_0_q,0.3926,0
34,xs0_4_q,0.3936,0
34,ys0_0,0.3958,1
34,ys0_1,0.3958,1
34,ys1_3,0.3958,1
34,ys1_1,0.3958,1
34,ys1_2,0.3958,1
34,xs1_1_q,0.4031,0
34,p01_2_q,0.4068,1
34,p01_1_q,0.4110,1
34,p00_1_q,0.4116,1
34,p10_2_q,0.4126,1
34,p01_4_q,0.4128,1
34,p11_0_q,0.4131,1
34,as1_0_q,0.4131,1
34,as0_2_q,0.4132,1
34,xs1_4_q,0.4366,1
34,r_4_q,0.4386,1
34,xs0_1_q,0.4592,1
34,ts1_0,0.4733,0
34,p10_1,0.4827,1
34,p01_0,0.4827,1
34,ts0_0,0.4835,0
34,bs0_2,0.4875,0
34,p01_1,0.4902,0
34,p10_0,0.4902,0
34,p01_4,0.4978,0
34,bs0_0,0.5135,0
34,m10_1,0.5180,0
34,p11_0,0.5192,0
34,bs0_1,0.5285,1
34,m01_0,0.5306,0
34,ys0_2_d,0.5427,1
34,ts0_4,0.5446,1
34,ts1_2,0.5453,1
34,p10_4,0.5454,1
34,as0_2,0.5649,0
34,p00_0,0.5671,1
34,p00_1,0.5815,0
34,ys0_3_d,0.5858,1
34,as1_2,0.5862,1
34,m10_0,0.5877,1
34,as0_4,0.5879,1
34,bs1_4,0.5895,0
34,bs1_0,0.6125,1
34,p10_1,0.6156,0
34,bs0_3,0.6248,0
34,bs1_1,0.6258,0
34,as1_4,0.6260,1
34,p01_0,0.6301,0
34,ys0_0_d,0.6527,0
34,p10_0,0.6850,1
34,p00_2,0.7073,1
34,m10_2,0.7250,1
34,m01_4,0.7274,0
34,ys0_3_d,0.7340,0
34,p11_4,0.7418,1
34,p10_2,0.7745,0
34,p01_4,0.8274,1
35,ys0_0,0.3740,0
35,ys1_4,0.3740,0
35,p10_2_q,0.3795,0
35,p01_1_q,0.3806,0
35,p00_1_q,0.3810,0
35,as1_1_q,0.3815,0
35,as0_2_q,0.3815,0
35,p11_0_q,0.3815,0
35,r_4_q,0.3912,0
35,ys0_2,0.3958,1
35,xs0_3_q,0.4027,0
35,p10_4_q,0.4109,1
35,p11_4_q,0.4113,1
35,as0_1_q,0.4131,1
35,p00_2_q,0.4131,1
35,as0_4_q,0.4132,1
35,as1_2_q,0.4132,1
35,as1_4_q,0.4132,1
35,p00_0_q,0.4133,1
35,r_1_q,0.4442,1
35,xs1_3_q,0.4587,1
35,ts0_2,0.4716,0
35,bs1_2,0.4811,0
35,ts1_2,0.4835,0
35,p01_4,0.4896,0
35,p10_4,0.4896,0
35,p00_2,0.5207,0
35,as0_4,0.5312,0
35,m10_2,0.5324,0
35,ts1_0,0.5356,1
35,p00_3,0.5366,1
35,p01_1,0.5521,1
35,p10_1,0.5525,1
35,ts0_0,0.5552,1
35,m01_3,0.5585,1
35,as1_4,0.5595,0
35,bs0_2,0.5619,1
35,p11_2,0.5642,1
35,p11_3,0.5733,1
35,m01_2,0.5871,1
35,ys1_3_d,0.5873,0
35,ys0_2_d,0.6042,0
35,p01_3,0.6081,0
35,p00_3,0.6263,0
35,p10_2,0.6345,1
35,p01_2,0.6361,0
35,p11_3,0.6576,0
35,p11_4,0.6749,0
35,ys0_3_d,0.6767,1
35,m01_4,0.6807,1
35,m01_3,0.6874,0
35,p01_4,0.7781,1
35,p01_3,0.7859,1
36,ys0_2,0.3740,0
36,ys1_2,0.3740,0
36,ys1_3,0.3740,0
36,p01_2_q,0.3806,0
36,p10_4_q,0.3806,0
36,p00_2_q,0.3810,0
36,p11_4_q,0.3810,0
36,as1_4_q,0.3814,0
36,as0_4_q,0.3814,0
36,as0_3_q,0.3815,0
36,r_3_q,0.3912,0
36,ys0_3,0.3958,1
36,xs1_3_q,0.4017,0
36,xs0_1_q,0.4037,0
36,p10_2_q,0.4112,1
36,p11_2_q,0.4117,1
36,p01_1_q,0.4126,1
36,p10_1_q,0.4126,1
36,as1_3_q,0.4130,1
36,xs1_1_q,0.4579,1
36,xs0_3_q,0.4655,1
36,p10_3,0.4896,0
36,p01_3,0.4896,0
36,p11_2,0.5182,0
36,p00_0,0.5207,0
36,bs0_3,0.5255,1
36,m01_2,0.5290,0
36,m10_0,0.5323,0
36,bs1_4,0.5346,1
36,ts1_1,0.5452,1
36,bs0_4,0.5473,1
36,bs1_3,0.5558,1
36,ts0_1,0.5571,1
36,as1_2,0.5578,0
36,m01_1,0.5584,1
36,p11_0,0.5626,1
36,p11_1,0.5709,1
36,p00_2,0.5760,1
36,as1_4,0.5835,1
36,as0_2,0.5846,1
36,m01_0,0.5854,1
36,ys0_3_d,0.5899,0
36,ys1_0_d,0.6051,0
36,p01_1,0.6079,0
36,p01_2,0.6307,1
36,p10_0,0.6398,0
36,bs1_0,0.6464,0
36,p11_1,0.6572,0
36,ys0_0_d,0.6629,1
36,as0_4,0.6642,1
36,ys1_3_d,0.6668,1
36,p01_0,0.6830,1
36,m01_1,0.6855,0
36,p11_4,0.7007,1
36,p00_1,0.7042,1
36,p00_2,0.7046,0
36,m10_1,0.7267,1
36,ys1_0_d,0.7413,1
36,ys1_1_d,0.7636,0
36,bs0_0,0.7648,1
36,p10_1,0.7757,0
36,p01_1,0.7842,1
36,m01_4,0.8046,0
36,ys0_0_d,0.8164,0
36,ys0_1_d,0.8387,0
36,p01_4,0.9120,0
37,ys0_3,0.3740,0
37,ys0_1,0.3740,0
37,ys1_1,0.3740,0
37,p10_3_q,0.3795,0
37,p10_1_q,0.3796,0
37,p01_4_q,0.3796,0
37,p01_3_q,0.3796,0
37,p10_0_q,0.3798,0
37,as1_3_q,0.3815,0
37,as0_1_q,0.3815,0
37,as1_2_q,0.3815,0
37,xs1_2_q,0.3815,0
37,p11_2_q,0.3815,0
37,xs0_2_q,0.3815,0
37,p00_0_q,0.3816,0
37,r_1_q,0.3926,0
37,ys1_3,0.3958,1
37,ys1_4,0.3958,1
37,ys0_4,0.3958,1
37,p01_0_q,0.4068,1
37,p01_2_q,0.4124,1
37,p11_4_q,0.4130,1
37,as0_3_q,0.4131,1
37,as1_1_q,0.4131,1
37,as1_4_q,0.4131,1
37,p00_1_q,0.4131,1
37,as0_2_q,0.4131,1
37,as0_4_q,0.4131,1
37,p11_0_q,0.4144,1
37,r_0_q,0.4384,1
37,xs0_1_q,0.4565,1
37,ts0_1,0.4733,0
37,ts0_4,0.4797,0
37,ts0_3,0.4799,0
37,bs1_4,0.4814,0
37,ts1_1,0.4821,0
37,p10_1,0.4827,1
37,ts1_3,0.4833,0
37,bs0_4,0.4837,0
37,p01_1,0.4902,0
37,bs1_3,0.4968,0
37,p01_0,0.4970,0
37,bs0_1,0.4993,0
37,ts1_2,0.5340,1
37,p10_0,0.5442,1
37,ts1_4,0.5478,1
37,ts0_2,0.5502,1
37,p00_0,0.5643,1
37,as1_2,0.5670,1
37,p00_1,0.5782,0
37,ys0_0_d,0.5799,1
37,m10_0,0.5847,1
37,ys1_0_d,0.5879,0
37,bs0_0,0.6021,0
37,ys0_1_d,0.6035,1
37,p10_0,0.6135,0
37,ys1_3_d,0.6496,0
37,bs1_0,0.6779,1
37,p11_1,0.6850,1
37,bs1_3,0.6922,1
37,bs0_1,0.6939,1
37,ys0_0_d,0.7058,0
37,m10_2,0.7070,1
37,p10_2,0.7566,0
37,ys1_3_d,0.7908,1
37,ys1_0_d,0.7930,1
37,ys1_1_d,0.7946,1
38,ys1_4,0.3740,0
38,ys0_4,0.3740,0
38,p10_2_q,0.3796,0
38,p01_0_q,0.3798,0
38,p01_1_q,0.3806,0
38,p00_1_q,0.3810,0
38,r_0_q,0.3937,0
38,ys0_1,0.3958,1
38,ys1_1,0.3958,1
38,xs0_3_q,0.4027,0
38,xs1_1_q,0.4031,0
38,p10_1_q,0.4112,1
38,p11_1_q,0.4117,1
38,xs0_0_q,0.4131,1
38,as0_1_q,0.4131,1
38,as1_2_q,0.4131,1
38,xs0_2_q,0.4132,1
38,xs1_0_q,0.4132,1
38,p00_0_q,0.4144,1
38,xs1_2_q,0.4146,1
38,r_1_q,0.4386,1
38,r_4_q,0.4442,1
38,xs1_3_q,0.4586,1
38,bs0_1,0.4764,0
38,ts1_2,0.4822,0
38,p01_0,0.4826,1
38,p10_0,0.4829,1
38,as0_2,0.4919,0
38,as1_0,0.4930,0
38,p10_1,0.4977,0
38,p11_1,0.5063,0
38,m10_1,0.5182,0
38,p11_0,0.5196,0
38,m01_0,0.5301,0
38,as0_4,0.5306,0
38,m10_2,0.5323,0
38,p00_3,0.5368,1
38,p01_1,0.5452,1
38,p10_4,0.5522,1
38,p01_4,0.5525,1
38,m01_3,0.5588,1
38,as1_4,0.5604,0
38,p11_2,0.5641,1
38,bs1_2,0.5642,1
38,p11_3,0.5727,1
38,p10_1,0.5781,1
38,ys0_1_d,0.5916,0
38,as0_0,0.5981,1
38,p11_4,0.6114,0
38,bs1_1,0.6126,1
38,m10_0,0.6166,0
38,p00_3,0.6252,0
38,p01_0,0.6315,0
38,ys1_3_d,0.6322,0
38,p10_2,0.6341,1
38,m01_2,0.6548,1
38,p01_3,0.6565,1
38,p11_3,0.6595,0
38,ys1_1_d,0.6759,0
38,m01_3,0.6877,0
38,p01_2,0.7039,0
38,p10_0,0.7225,0
38,p00_4,0.7238,1
38,p00_0,0.7268,0
38,p01_3,0.7852,0
39,ys1_1,0.3740,0
39,ys0_1,0.3740,0
39,ys1_3,0.3740,0
39,p01_2_q,0.3796,0
39,xs0_2_q,0.3813,0
39,p00_0_q,0.3814,0
39,p11_0_q,0.3815,0
39,xs0_0_q,0.3815,0
39,as1_1_q,0.3815,0
39,as0_3_q,0.3815,0
39,as0_2_q,0.3815,0
39,as1_0_q,0.3815,0
39,p11_1_q,0.3815,0
39,as1_4_q,0.3815,0
39,as0_4_q,0.3815,0
39,p11_4_q,0.3816,0
39,xs1_4_q,0.3943,0
39,ys1_2,0.3958,1
39,xs0_1_q,0.4038,0
39,p10_4_q,0.4068,1
39,p10_2_q,0.4110,1
39,p01_4_q,0.4110,1
39,p11_2_q,0.4116,1
39,p00_4_q,0.4116,1
39,p01_1_q,0.4126,1
39,as1_3_q,0.4131,1
39,as0_0_q,0.4133,1
39,r_0_q,0.4439,1
39,xs1_1_q,0.4578,1
39,xs0_3_q,0.4655,1
39,bs1_3,0.4767,0
39,ts0_2,0.4826,0
39,ts0_0,0.4991,0
39,ts1_0,0.4993,0
39,bs0_3,0.4999,0
39,bs1_1,0.5000,0
39,ts1_1,0.5049,1
39,bs0_2,0.5067,0
39,as0_0,0.5111,0
39,bs1_4,0.5389,1
39,p01_0,0.5517,1
39,p10_0,0.5518,1
39,ys0_2_d,0.5543,1
39,as1_2,0.5554,0
39,bs1_4,0.5593,0
39,m01_1,0.5613,1
39,ts0_1,0.5628,1
39,as1_0,0.5701,1
39,p11_1,0.5736,1
39,p00_2,0.5767,1
39,as1_4,0.5856,1
39,ys1_3_d,0.5867,1
39,ys1_1_d,0.6031,1
39,p01_1,0.6112,0
39,bs0_1,0.6131,1
39,p00_4,0.6232,0
39,p11_1,0.6490,0
39,m01_0,0.6614,1
39,as0_4,0.6649,1
39,p11_2,0.6708,0
39,m01_1,0.6810,0
39,p11_0,0.6879,1
39,p11_3,0.7033,1
39,p01_0,0.7068,0
39,m01_4,0.7090,1
39,ys0_1_d,0.7209,1
39,p11_4,0.7211,1
39,m01_4,0.7695,0
39,p01_1,0.7790,1
39,m10_3,0.8092,1
39,p10_3,0.9068,1
40,as0_0_q,0.3814,0
40,as0_1_q,0.3815,0
40,as1_2_q,0.3815,0
40,p11_2_q,0.3815,0
40,p00_4_q,0.3815,0
40,xs1_0_q,0.3815,0
40,r_1_q,0.3912,0
40,r_4_q,0.3912,0
40,ys0_1,0.3958,1
40,ys1_1,0.3958,1
40,ys1_3,0.3958,1
40,ys0_2,0.3958,1
40,xs1_1_q,0.4017,0
40,xs1_3_q,0.4029,0
40,p10_0_q,0.4109,1
40,p10_3_q,0.4111,1
40,p11_0_q,0.4113,1
40,p11_3_q,0.4116,1
40,as0_3_q,0.4130,1
40,as1_1_q,0.4130,1
40,p11_4_q,0.4131,1
40,as1_4_q,0.4132,1
40,as0_4_q,0.4132,1
40,as1_0_q,0.4132,1
40,p00_2_q,0.4133,1
40,xs1_4_q,0.4378,1
40,xs0_4_q,0.4443,1
40,xs0_1_q,0.4650,1
40,ts1_4,0.4756,0
40,p10_1,0.4896,0
40,p01_4,0.4896,0
40,p10_4,0.4896,0
40,p01_1,0.4896,0
40,bs1_0,0.4941,0
40,bs0_1,0.4968,0
40,bs1_2,0.5039,0
40,p11_3,0.5066,0
40,p11_0,0.5176,0
40,m10_3,0.5180,0
40,m01_0,0.5291,0
40,m01_2,0.5305,0
40,ts0_4,0.5334,1
40,ts1_2,0.5334,1
40,as0_4,0.5370,0
40,ts0_2,0.5490,1
40,bs1_4,0.5597,1
40,bs0_0,0.5705,1
40,p00_0,0.5751,1
40,bs0_4,0.5767,1
40,as1_2,0.5839,1
40,m10_0,0.5966,1
40,bs1_3,0.6118,1
40,ys1_3_d,0.6162,0
40,ys1_1_d,0.6209,0
40,p10_3,0.6256,0
40,p01_0,0.6311,1
40,p01_2,0.6326,1
40,as0_0,0.6371,1
40,p10_0,0.6455,0
40,ys1_3_d,0.6620,1
40,as0_2,0.6648,1
40,bs0_1,0.6953,1
40,m01_4,0.6988,1
40,m10_2,0.7230,1
40,ys0_1_d,0.7613,0
40,p00_4,0.7618,1
40,p00_0,0.7650,0
40,p10_2,0.7723,0
40,m10_4,0.7816,1
40,p00_2,0.7940,0
40,p01_4,0.7966,1
40,p10_4,0.8796,1
41,ys0_1,0.3740,0
41,ys1_1,0.3740,0
41,ys1_2,0.3740,0
41,p10_2_q,0.3796,0
41,p01_1_q,0.3796,0
41,p10_1_q,0.3796,0
41,p10_0_q,0.3806,0
41,p10_3_q,0.3806,0
41,p11_0_q,0.3810,0
41,p11_3_q,0.3810,0
41,as1_1_q,0.3814,0
41,as0_4_q,0.3815,0
41,as1_3_q,0.3815,0
41,p00_2_q,0.3816,0
41,r_0_q,0.3926,0
41,r_2_q,0.3927,0
41,xs0_4_q,0.3932,0
41,ys0_4,0.3958,1
41,ys1_4,0.3958,1
41,xs0_1_q,0.4031,0
41,p01_2_q,0.4068,1
41,p01_0_q,0.4125,1
41,as1_2_q,0.4128,1
41,as0_2_q,0.4131,1
41,p00_4_q,0.4131,1
41,as0_1_q,0.4131,1
41,as0_0_q,0.4131,1
41,xs1_0_q,0.4132,1
41,xs0_2_q,0.4147,1
41,xs0_0_q,0.4148,1
41,r_4_q,0.4329,1
41,r_3_q,0.4439,1
41,r_1_q,0.4445,1
41,xs1_1_q,0.4587,1
41,ts0_4,0.4752,0
41,bs0_1,0.4764,0
41,ts0_1,0.4799,0
41,ts1_1,0.4827,0
41,p10_0,0.4827,1
41,p10_2,0.4827,1
41,ts1_2,0.4835,0
41,p10_4,0.4892,0
41,p01_4,0.4892,0
41,p01_0,0.4902,0
41,p01_2,0.4902,0
41,as1_0,0.4905,0
41,bs1_3,0.4998,0
41,bs0_4,0.5043,0
41,m10_0,0.5301,0
41,p00_1,0.5342,1
41,ts0_0,0.5501,1
41,p10_1,0.5517,1
41,p01_3,0.5518,1
41,p10_3,0.5518,1
41,m01_1,0.5576,1
41,bs1_2,0.5599,1
41,as1_2,0.5601,0
41,p11_1,0.5736,1
41,ys0_1_d,0.5823,1
41,as0_4,0.5841,1
41,m10_1,0.5861,1
41,bs0_2,0.5893,1
41,ys0_0_d,0.5940,1
41,bs0_3,0.6115,1
41,p10_1,0.6121,0
41,p11_4,0.6161,0
41,p10_0,0.6285,0
41,m01_4,0.6292,0
41,ys0_2_d,0.6319,0
41,p11_1,0.6587,0
41,bs1_0,0.6823,1
41,m10_2,0.6871,0
41,m01_1,0.6892,0
41,bs0_4,0.7027,1
41,p00_4,0.7128,0
41,p01_4,0.7289,1
41,ys1_0_d,0.7598,0
41,ys0_0_d,0.7615,0
41,p01_1,0.7882,1
41,p10_2,0.7935,0
41,ys1_1_d,0.7976,1
42,ys0_2,0.3740,0
42,ys1_0,0.3740,0
42,p01_2_q,0.3795,0
42,p01_0_q,0.3796,0
42,p10_4_q,0.3806,0
42,p11_4_q,0.3810,0
42,xs0_2_q,0.3815,0
42,as1_2_q,0.3815,0
42,as1_0_q,0.3815,0
42,as0_1_q,0.3815,0
42,xs1_2_q,0.3815,0
42,p00_4_q,0.3815,0
42,r_3_q,0.3912,0
42,r_1_q,0.3926,0
42,ys0_1,0.3958,1
42,ys1_1,0.3958,1
42,ys1_2,0.3958,1
42,p01_1_q,0.4112,1
42,p00_1_q,0.4117,1
42,p10_3_q,0.4124,1
42,p01_3_q,0.4128,1
42,as0_4_q,0.4131,1
42,as1_1_q,0.4132,1
42,ts0_0,0.4798,0
42,p10_1,0.4827,1
42,ts0_2,0.4833,0
42,p01_3,0.4896,0
42,p10_3,0.4896,0
42,p01_1,0.4902,0
42,bs1_2,0.5026,0
42,as0_2,0.5110,0
42,bs1_0,0.5121,0
42,ts0_4,0.5128,1
42,ts0_3,0.5446,1
42,ts1_3,0.5499,1
42,bs1_1,0.5573,1
42,as1_2,0.5659,1
42,bs0_3,0.5927,0
42,ys1_3_d,0.5998,0
42,ys1_0_d,0.6206,1
42,p00_1,0.6233,0
42,m10_1,0.6351,0
42,bs0_2,0.6379,0
42,p00_2,0.6385,1
42,p11_1,0.6838,1
42,ys0_2_d,0.6990,1
42,m10_2,0.7059,1
42,m01_1,0.7068,1
42,bs1_2,0.7127,1
42,p10_1,0.7412,0
42,p10_2,0.8036,1
42,p01_1,0.8050,1
42,ys1_3_d,0.8262,1
43,p01_3_q,0.3795,0
43,p10_3_q,0.3796,0
43,as0_2_q,0.3815,0
43,p00_1_q,0.3815,0
43,ys1_0,0.3958,1
43,ys0_2,0.3958,1
43,xs1_1_q,0.4021,0
43,xs0_3_q,0.4027,0
43,p10_2_q,0.4128,1
43,xs0_2_q,0.4131,1
43,as1_2_q,0.4131,1
43,p00_2_q,0.4133,1
43,p11_1_q,0.4133,1
43,xs1_2_q,0.4147,1
43,r_2_q,0.4386,1
43,r_0_q,0.4442,1
43,ts1_3,0.4798,0
43,ts0_3,0.4834,0
43,p10_2,0.4975,0
43,p11_1,0.5051,0
43,ts0_1,0.5127,1
43,p00_2,0.5206,0
43,as0_4,0.5312,0
43,m10_2,0.5322,0
43,p00_3,0.5366,1
43,ts1_2,0.5446,1
43,p01_2,0.5453,1
43,p01_0,0.5522,1
43,p10_0,0.5525,1
43,ts1_1,0.5547,1
43,ts0_2,0.5550,1
43,m01_3,0.5572,1
43,as0_2,0.5983,1
43,bs0_0,0.6138,0
43,p10_2,0.6141,1
43,bs1_1,0.6250,0
43,p00_3,0.6262,0
43,p01_3,0.6552,1
43,p00_4,0.6587,1
43,bs0_1,0.7093,1
43,p00_1,0.7197,1
43,ys0_0_d,0.7378,1
43,bs1_0,0.7543,1
43,ys1_0_d,0.8302,0
44,ys1_0,0.3740,0
44,xs1_0_q,0.3813,0
44,p11_1_q,0.3815,0
44,xs0_2_q,0.3815,0
44,as0_4_q,0.3815,0
44,as1_1_q,0.3815,0
44,as0_3_q,0.3815,0
44,xs1_2_q,0.3815,0
44,xs0_0_q,0.3815,0
44,p00_2_q,0.3816,0
44,r_0_q,0.3912,0
44,r_4_q,0.3922,0
44,xs1_4_q,0.3937,0
44,ys0_0,0.3958,1
44,p01_2_q,0.4069,1
44,p01_0_q,0.4126,1
44,p10_0_q,0.4126,1
44,p01_3_q,0.4128,1
44,p00_4_q,0.4131,1
44,as0_2_q,0.4131,1
44,p00_1_q,0.4131,1
44,xs0_4_q,0.4353,1
44,r_3_q,0.4386,1
44,xs1_1_q,0.4555,1
44,xs0_3_q,0.4677,1
44,ts0_1,0.4750,0
44,ts0_4,0.4776,0
44,p10_4,0.4824,1
44,p10_0,0.4896,0
44,p01_0,0.4896,0
44,p01_4,0.4898,0
44,ts1_1,0.4967,0
44,p01_3,0.4978,0
44,bs0_4,0.5042,0
44,as0_2,0.5111,0
44,bs1_1,0.5252,1
44,as1_4,0.5302,0
44,ts1_0,0.5451,1
44,p10_3,0.5453,1
44,ts0_0,0.5489,1
44,p11_1,0.5608,1
44,ts0_3,0.5613,1
44,m01_3,0.5903,0
44,ys1_1_d,0.5924,0
44,m10_2,0.5993,1
44,ys0_0_d,0.6057,0
44,bs1_0,0.6138,0
44,p00_1,0.6234,0
44,bs1_4,0.6326,0
44,m10_4,0.6406,0
44,p00_2,0.6413,1
44,p10_2,0.6486,0
44,bs0_0,0.6628,1
44,ys1_1_d,0.6675,1
44,p01_3,0.6869,1
44,bs0_4,0.7187,1
44,ys0_1_d,0.7388,0
44,p10_4,0.7477,0
45,ys0_0,0.3740,0
45,ys0_1,0.3740,0
45,ys1_4,0.3740,0
45,p10_0_q,0.3795,0
45,p01_0_q,0.3796,0
45,p10_2_q,0.3796,0
45,p01_4_q,0.3812,0
45,as0_2_q,0.3814,0
45,as1_4_q,0.3815,0
45,p00_1_q,0.3815,0
45,xs0_4_q,0.3930,0
45,xs0_3_q,0.4035,0
45,p10_3_q,0.4128,1
45,as0_3_q,0.4131,1
45,p11_1_q,0.4131,1
45,xs0_2_q,0.4131,1
45,as1_1_q,0.4131,1
45,p00_2_q,0.4131,1
45,xs1_2_q,0.4132,1
45,xs0_0_q,0.4148,1
45,r_1_q,0.4383,1
45,r_4_q,0.4442,1
45,r_0_q,0.4445,1
45,xs1_3_q,0.4633,1
45,ts0_2,0.4733,0
45,ts1_2,0.4797,0
45,ts0_0,0.4807,0
45,ts1_0,0.4835,0
45,as1_2,0.4904,0
45,p01_1,0.4970,0
45,ts0_1,0.5126,1
45,ts0_4,0.5185,1
45,p00_2,0.5224,0
45,m10_2,0.5331,0
45,ts1_3,0.5445,1
45,p10_1,0.5450,1
45,p01_4,0.5521,1
45,p10_4,0.5525,1
45,p10_0,0.5529,1
45,p01_0,0.5529,1
45,ts1_1,0.5544,1
45,bs0_2,0.5622,1
45,bs0_1,0.5859,0
45,bs0_4,0.5914,0
45,m01_2,0.5921,1
45,as0_2,0.5984,1
45,ys0_2_d,0.6043,0
45,p11_1,0.6158,0
45,bs0_0,0.6159,0
45,m01_1,0.6273,0
45,bs1_2,0.6306,0
45,p10_2,0.6339,1
45,p01_2,0.6405,0
45,as1_4,0.6563,1
45,ys0_3_d,0.6772,1
45,p00_1,0.7196,1
45,p01_1,0.7268,1
45,m01_2,0.7295,0
45,ys1_3_d,0.7400,0
45,m10_1,0.7411,1
45,bs1_0,0.7590,1
45,p11_3,0.7730,1
45,p10_1,0.7894,0
45,m10_4,0.7958,1
45,m01_3,0.7959,1
45,p01_2,0.8279,1
45,ys1_1_d,0.8347,0
45,p10_4,0.8448,0
45,p01_3,0.8455,0
45,ys1_0_d,0.8801,1
46,ys0_2,0.3740,0
46,ys1_1,0.3740,0
46,ys1_2,0.3740,0
46,ys0_4,0.3740,0
46,ys1_3,0.3740,0
46,p01_3_q,0.3796,0
46,xs1_2_q,0.3813,0
46,as0_3_q,0.3814,0
46,p11_1_q,0.3815,0
46,xs0_0_q,0.3815,0
46,as1_2_q,0.3815,0
46,p00_2_q,0.3815,0
46,xs0_2_q,0.3815,0
46,r_1_q,0.3926,0
46,ys1_0,0.3958,1
46,ys0_3,0.3958,1
46,xs1_3_q,0.4019,0
46,xs1_1_q,0.4027,0
46,p01_4_q,0.4075,1
46,p01_0_q,0.4127,1
46,p10_2_q,0.4127,1
46,p10_0_q,0.4128,1
46,as1_3_q,0.4131,1
46,p11_3_q,0.4131,1
46,as1_4_q,0.4131,1
46,as0_2_q,0.4131,1
46,p00_1_q,0.4131,1
46,xs1_4_q,0.4454,1
46,xs0_1_q,0.4562,1
46,xs0_3_q,0.4647,1
46,ts0_4,0.4694,0
46,ts0_1,0.4750,0
46,ts1_3,0.4774,0
46,ts0_3,0.4798,0
46,p10_1,0.4827,1
46,p01_1,0.4902,0
46,ts1_1,0.4967,0
46,p11_3,0.5054,0
46,as0_0,0.5111,0
46,m10_1,0.5194,0
46,ts0_2,0.5257,1
46,ts1_2,0.5446,1
46,bs1_3,0.5558,1
46,ts0_0,0.5572,1
46,ts1_0,0.5609,1
46,p00_1,0.5776,0
46,m01_3,0.5989,0
46,bs1_0,0.6162,0
46,p10_1,0.6173,0
46,p00_4,0.6232,0
46,bs1_1,0.6244,0
46,m10_4,0.6349,0
46,as1_0,0.6371,1
46,p00_0,0.6403,1
46,ys1_3_d,0.6611,1
46,as0_4,0.6645,1
46,bs0_0,0.6736,1
46,bs0_1,0.6793,1
46,p01_3,0.7004,1
46,ys1_0_d,0.7346,0
46,p10_4,0.7366,1
46,bs0_4,0.7406,1
46,p11_4,0.7556,1
46,m10_0,0.7778,1
46,p10_0,0.8273,0
47,ys1_0,0.3740,0
47,p10_0_q,0.3796,0
47,p01_1_q,0.3806,0
47,p00_1_q,0.3810,0
47,as1_3_q,0.3815,0
47,as0_0_q,0.3815,0
47,as1_1_q,0.3815,0
47,p00_4_q,0.3815,0
47,p11_3_q,0.3815,0
47,ys1_3,0.3958,1
47,ys0_4,0.3958,1
47,xs0_1_q,0.4027,0
47,xs0_3_q,0.4028,0
47,p10_4_q,0.4107,1
47,p11_4_q,0.4112,1
47,p01_3_q,0.4127,1
47,as0_3_q,0.4131,1
47,as0_4_q,0.4131,1
47,p00_0_q,0.4131,1
47,as0_1_q,0.4132,1
47,as1_0_q,0.4133,1
47,xs1_3_q,0.4582,1
47,xs1_1_q,0.4637,1
47,ts0_0,0.4717,0
47,bs0_1,0.4763,0
47,ts1_0,0.4821,0
47,bs1_3,0.4997,0
47,p00_0,0.5208,0
47,bs0_0,0.5218,0
47,bs1_1,0.5232,1
47,ts1_3,0.5248,1
47,as0_4,0.5312,0
47,as0_2,0.5313,0
47,m10_0,0.5324,0
47,ts0_4,0.5339,1
47,p00_1,0.5366,1
47,p00_3,0.5366,1
47,ts0_3,0.5446,1
47,as1_4,0.5580,0
47,m01_3,0.5586,1
47,p11_0,0.5708,1
47,p11_3,0.5724,1
47,m01_0,0.5935,1
47,p01_3,0.6082,0
47,ys1_3_d,0.6082,0
47,p00_3,0.6262,0
47,p00_1,0.6264,0
47,bs1_0,0.6273,1
47,ys0_0_d,0.6275,1
47,bs1_4,0.6343,1
47,p10_0,0.6345,1
47,bs0_2,0.6356,0
47,p01_0,0.6423,0
47,p11_3,0.6556,0
47,as1_2,0.6585,1
47,p11_4,0.6729,0
47,m01_4,0.6805,1
47,m01_2,0.6815,1
47,m01_3,0.6851,0
47,bs1_2,0.6926,1
47,ys0_2_d,0.6953,1
47,p01_4,0.7298,0
47,p01_2,0.7308,0
47,ys0_3_d,0.7477,0
47,p11_2,0.7762,1
47,p11_1,0.7765,1
47,p01_3,0.7835,1
47,m01_1,0.7991,1
47,ys1_3_d,0.8033,1
47,p01_1,0.8967,1
48,ys0_3,0.3740,0
48,p01_2_q,0.3796,0
48,p01_4_q,0.3796,0
48,p01_0_q,0.3806,0
48,p00_0_q,0.3810,0
48,as0_3_q,0.3814,0
48,as0_4_q,0.3814,0
48,as1_4_q,0.3815,0
48,as0_2_q,0.3815,0
48,as0_1_q,0.3815,0
48,p11_4_q,0.3815,0
48,r_3_q,0.3912,0
48,r_0_q,0.3926,0
48,ys1_2,0.3958,1
48,ys0_2,0.3958,1
48,ys0_0,0.3958,1
48,ys1_4,0.3958,1
48,xs1_1_q,0.4017,0
48,p10_0_q,0.4110,1
48,p11_0_q,0.4116,1
48,p01_1_q,0.4126,1
48,as1_3_q,0.4130,1
48,p11_1_q,0.4131,1
48,as1_1_q,0.4131,1
48,xs0_0_q,0.4131,1
48,p11_2_q,0.4131,1
48,as1_2_q,0.4132,1
48,xs1_0_q,0.4132,1
48,r_1_q,0.4384,1
48,xs0_3_q,0.4655,1
48,xs0_1_q,0.4657,1
48,ts1_2,0.4717,0
48,bs1_2,0.4812,0
48,p01_0,0.4827,1
48,ts0_2,0.4834,0
48,ts0_4,0.4835,0
48,p01_3,0.4896,0
48,p10_3,0.4896,0
48,p10_0,0.4902,0
48,as1_0,0.4908,0
48,p01_1,0.4970,0
48,bs1_4,0.5055,0
48,p11_1,0.5066,0
48,bs0_4,0.5104,0
48,p11_0,0.5196,0
48,as1_2,0.5278,0
48,m01_0,0.5303,0
48,ts1_4,0.5334,1
48,ts1_1,0.5419,1
48,p10_1,0.5451,1
48,ts0_1,0.5572,1
48,bs0_2,0.5675,1
48,p00_0,0.5764,1
48,p00_2,0.5766,1
48,m01_1,0.5885,0
48,ys1_0_d,0.5938,1
48,as0_0,0.5981,1
48,ys1_3_d,0.6017,0
48,ys0_0_d,0.6073,0
48,ys0_2_d,0.6084,0
48,m01_4,0.6274,0
48,p11_2,0.6274,0
48,p01_0,0.6299,0
48,bs1_0,0.6435,0
48,as0_2,0.6641,1
48,as0_4,0.6648,1
48,ys0_3_d,0.6742,1
48,p01_1,0.6851,1
48,p00_0,0.7215,0
48,p01_4,0.7292,1
48,ys1_1_d,0.7497,1
48,ys1_0_d,0.7629,0
48,bs0_0,0.7703,1
48,p00_2,0.7927,0
48,m01_2,0.8043,0
48,m10_3,0.8090,1
48,ys0_1_d,0.8872,1
48,ys0_0_d,0.8934,1
48,p01_2,0.9059,1
48,p10_3,0.9067,1
49,ys1_2,0.3740,0
49,ys0_2,0.3740,0
49,ys1_4,0.3740,0
49,ys0_4,0.3740,0
49,ys1_3,0.3740,0
49,p01_3_q,0.3796,0
49,p10_0_q,0.3806,0
49,p11_0_q,0.3810,0
49,as1_1_q,0.3814,0
49,p11_2_q,0.3815,0
49,as1_0_q,0.3815,0
49,as1_2_q,0.3815,0
49,p11_1_q,0.3816,0
49,r_4_q,0.3912,0
49,xs1_4_q,0.3942,0
49,ys0_3,0.3958,1
49,ys1_1,0.3958,1
49,ys0_1,0.3958,1
49,xs1_3_q,0.4024,0
49,p10_1_q,0.4068,1
49,p01_4_q,0.4128,1
49,p01_2_q,0.4128,1
49,as0_4_q,0.4131,1
49,as0_1_q,0.4131,1
49,as0_2_q,0.4131,1
49,as0_3_q,0.4131,1
49,as0_0_q,0.4132,1
49,r_3_q,0.4386,1
49,xs0_4_q,0.4388,1
49,ts0_3,0.4798,0
49,p01_4,0.4896,0
49,p10_4,0.4896,0
49,bs0_0,0.4942,0
49,p10_3,0.4976,0
49,ts1_2,0.5053,1
49,m10_3,0.5199,0
49,as0_4,0.5285,0
49,as0_0,0.5303,0
49,p01_3,0.5452,1
49,bs1_2,0.5481,1
49,bs0_4,0.5594,1
49,ts0_4,0.5608,1
49,ts0_2,0.5608,1
49,as1_0,0.5697,1
49,bs1_0,0.5778,1
49,p10_3,0.5831,1
49,ys1_1_d,0.6547,0
49,ys0_1_d,0.6596,0
49,ys1_3_d,0.6626,1
49,p00_0,0.6712,1
49,ys1_0_d,0.6992,1
49,m10_0,0.7077,1
49,m01_4,0.7172,1
49,p10_0,0.8057,1
49,p01_4,0.8153,1
50,ys1_1,0.3740,0
50,ys0_1,0.3740,0
50,p10_4_q,0.3796,0
50,as1_3_q,0.3814,0
50,as0_4_q,0.3815,0
50,as0_0_q,0.3815,0
50,xs0_4_q,0.3937,0
50,ys1_3,0.3958,1
50,ys1_2,0.3958,1
50,ys0_4,0.3958,1
50,ys1_0,0.3958,1
50,xs0_1_q,0.4027,0
50,xs0_3_q,0.4035,0
50,p10_0_q,0.4126,1
50,p01_3_q,0.4127,1
50,p00_0_q,0.4130,1
50,as1_0_q,0.4132,1
50,xs1_2_q,0.4133,1
50,xs1_4_q,0.4384,1
50,ts1_4,0.4835,0
50,bs1_0,0.4953,0
50,bs0_4,0.5003,0
50,p00_0,0.5206,0
50,as1_0,0.5311,0
50,as0_2,0.5312,0
50,m10_0,0.5336,0
50,p00_1,0.5366,1
50,ts0_3,0.5446,1
50,ts0_0,0.5476,1
50,ts1_0,0.5570,1
50,as0_0,0.5717,1
50,as1_2,0.5922,1
50,bs0_0,0.5940,1
50,ys1_1_d,0.5984,1
50,ys1_0_d,0.6199,0
50,p00_1,0.6263,0
50,as1_4,0.6287,1
50,bs0_2,0.6357,0
50,p10_0,0.6414,0
50,m01_4,0.6691,0
50,p00_4,0.6926,1
50,ys0_2_d,0.6954,1
50,bs0_4,0.7105,1
50,ys0_1_d,0.7108,1
50,bs1_4,0.7267,1
50,m01_1,0.7281,1
50,ys0_3_d,0.7476,0
50,m01_3,0.7679,1
50,p01_4,0.7769,0
50,m10_4,0.7771,1
50,p01_1,0.7777,0
50,ys0_0_d,0.7816,0
50,p01_3,0.8174,0
50,ys1_0_d,0.8394,1
50,p10_4,0.8754,1
51,ys0_3,0.3740,0
51,ys0_0,0.3740,0
51,p01_3_q,0.3795,0
51,p10_0_q,0.3796,0
51,p01_1_q,0.3796,0
51,p01_4_q,0.3797,0
51,as0_3_q,0.3814,0
51,as0_1_q,0.3815,0
51,p00_0_q,0.3815,0
51,xs0_0_q,0.3815,0
51,as0_2_q,0.3815,0
51,xs1_0_q,0.3815,0
51,as1_0_q,0.3815,0
51,ys0_1,0.3958,1
51,ys1_1,0.3958,1
51,ys1_4,0.3958,1
51,ys0_2,0.3958,1
51,p10_4_q,0.4128,1
51,as1_4_q,0.4131,1
51,as0_0_q,0.4131,1
51,as1_2_q,0.4132,1
51,xs0_2_q,0.4133,1
51,p00_4_q,0.4144,1
51,r_4_q,0.4384,1
51,r_0_q,0.4439,1
51,xs1_1_q,0.4580,1
51,ts1_0,0.4798,0
51,ts0_1,0.4799,0
51,bs1_2,0.4811,0
51,ts0_3,0.4834,0
51,ts0_0,0.4967,0
51,p10_4,0.4970,0
51,as0_0,0.5112,0
51,bs0_3,0.5239,1
51,bs0_1,0.5257,1
51,p01_4,0.5451,1
51,p01_0,0.5518,1
51,p10_0,0.5518,1
51,as1_2,0.5560,0
51,ts1_4,0.5566,1
51,as1_0,0.5670,1
51,p11_1,0.5731,1
51,bs1_0,0.5784,1
51,ys1_3_d,0.5874,0
51,ys0_1_d,0.5963,0
51,as0_2,0.5979,1
51,bs0_4,0.6073,0
51,p00_4,0.6236,0
51,m10_4,0.6350,0
51,ys0_3_d,0.6379,1
51,p11_1,0.6501,0
51,ys1_1_d,0.6527,0
51,ys1_0_d,0.6574,0
51,m01_0,0.6615,1
51,p11_4,0.6848,1
51,p11_0,0.6866,1
51,m01_1,0.6953,0
51,ys0_0_d,0.6960,1
51,p01_0,0.7069,0
51,m01_4,0.7073,1
51,bs1_3,0.7083,1
51,p00_1,0.7190,1
51,p10_4,0.7348,1
51,m10_1,0.7401,1
51,p01_4,0.7551,0
51,p10_1,0.7891,0
51,p01_1,0.7975,1
51,ys1_3_d,0.8190,1
52,ys0_1,0.3740,0
52,ys1_1,0.3740,0
52,ys1_0,0.3740,0
52,ys1_2,0.3740,0
52,ys0_4,0.3740,0
52,p10_1_q,0.3796,0
52,p00_4_q,0.3815,0
52,xs0_2_q,0.3815,0
52,as0_0_q,0.3815,0
52,xs1_2_q,0.3815,0
52,as1_2_q,0.3815,0
52,r_2_q,0.3912,0
52,r_4_q,0.3926,0
52,r_1_q,0.3926,0
52,xs1_4_q,0.3932,0
52,ys0_0,0.3958,1
52,ys0_3,0.3958,1
52,p01_1_q,0.4110,1
52,p10_0_q,0.4112,1
52,p00_1_q,0.4116,1
52,p11_0_q,0.4117,1
52,xs0_0_q,0.4119,1
52,as1_0_q,0.4131,1
52,as0_2_q,0.4131,1
52,p11_4_q,0.4131,1
52,as1_1_q,0.4132,1
52,xs1_0_q,0.4148,1
52,xs0_4_q,0.4454,1
52,xs0_3_q,0.4649,1
52,ts1_4,0.4733,0
52,bs1_1,0.4763,0
52,ts1_1,0.4799,0
52,p01_4,0.4827,1
52,p10_1,0.4827,1
52,p01_2,0.4896,0
52,p10_2,0.4896,0
52,p10_4,0.4902,0
52,p01_1,0.4902,0
52,ts0_4,0.4967,0
52,as0_2,0.5110,0
52,bs0_0,0.5148,0
52,as1_4,0.5278,0
52,bs1_2,0.5346,1
52,as1_2,0.5667,1
52,bs0_2,0.5795,1
52,ys1_1_d,0.5822,1
52,bs1_3,0.5862,0
52,m01_3,0.5884,0
52,bs0_3,0.6025,0
52,ys0_1_d,0.6079,1
52,ys0_2_d,0.6194,0
52,p00_1,0.6233,0
52,p11_4,0.6270,0
52,ys0_0_d,0.6293,0
52,m10_1,0.6351,0
52,p00_2,0.6411,1
52,p11_1,0.6845,1
52,p01_3,0.6885,1
52,m01_1,0.7077,1
52,m10_2,0.7094,1
52,p10_1,0.7412,0
52,p01_1,0.8057,1
52,p10_2,0.8070,1
53,ys0_0,0.3740,0
53,ys0_2,0.3740,0
53,p01_2_q,0.3798,0
53,p10_4_q,0.3806,0
53,p11_4_q,0.3810,0
53,xs0_0_q,0.3813,0
53,as0_2_q,0.3815,0
53,as1_4_q,0.3815,0
53,p00_1_q,0.3815,0
53,xs1_0_q,0.3815,0
53,r_3_q,0.3912,0
53,r_0_q,0.3926,0
53,xs0_4_q,0.3936,0
53,ys0_1,0.3958,1
53,ys1_1,0.3958,1
53,ys1_2,0.3958,1
53,xs1_1_q,0.4017,0
53,p01_3_q,0.4126,1
53,p01_4_q,0.4126,1
53,as1_2_q,0.4131,1
53,as0_3_q,0.4133,1
53,p11_1_q,0.4133,1
53,p00_2_q,0.4144,1
53,xs1_4_q,0.4362,1
53,xs0_1_q,0.4650,1
53,bs1_2,0.4810,0
53,p01_0,0.4830,1
53,p01_3,0.4896,0
53,p10_3,0.4896,0
53,p10_0,0.4902,0
53,bs1_4,0.5053,0
53,p11_1,0.5066,0
53,bs0_2,0.5073,0
53,p11_0,0.5190,0
53,ts0_1,0.5248,1
53,as1_2,0.5287,0
53,m01_0,0.5304,0
53,ts1_1,0.5429,1
53,ts0_3,0.5487,1
53,ys0_2_d,0.5544,1
53,ts0_4,0.5621,1
53,p00_0,0.5754,1
53,ys1_3_d,0.5872,0
53,m01_1,0.5881,0
53,as0_4,0.5885,1
53,ys1_0_d,0.5939,1
53,m10_0,0.5962,1
53,as1_4,0.6248,1
53,p01_0,0.6301,0
53,m10_2,0.6391,0
53,bs1_0,0.6423,0
53,as0_2,0.6644,1
53,ys0_3_d,0.6876,0
53,p01_1,0.6939,0
53,p10_0,0.6940,1
53,bs0_2,0.7131,1
53,m01_4,0.7285,0
53,bs0_0,0.7310,1
53,p11_4,0.7408,1
53,p10_2,0.7466,0
53,ys0_2_d,0.7545,0
53,ys1_1_d,0.7593,0
53,ys1_0_d,0.7626,0
53,ys0_3_d,0.7802,1
53,p00_2,0.7935,0
53,ys0_1_d,0.8066,0
53,p01_4,0.8360,0
53,ys0_0_d,0.8522,1
54,ys0_1,0.3740,0
54,ys1_2,0.3740,0
54,ys1_1,0.3740,0
54,ys1_4,0.3740,0
54,ys1_3,0.3740,0
54,p10_3_q,0.3796,0
54,p01_4_q,0.3796,0
54,p10_2_q,0.3796,0
54,p01_3_q,0.3796,0
54,p01_1_q,0.3796,0
54,p11_1_q,0.3815,0
54,p00_2_q,0.3815,0
54,as1_1_q,0.3815,0
54,as1_2_q,0.3815,0
54,p11_0_q,0.3815,0
54,ys0_0,0.3958,1
54,as1_4_q,0.4130,1
54,p11_4_q,0.4130,1
54,p00_0_q,0.4131,1
54,as0_2_q,0.4131,1
54,as0_1_q,0.4131,1
54,xs0_2_q,0.4132,1
54,as0_4_q,0.4133,1
54,xs1_2_q,0.4133,1
54,r_0_q,0.4383,1
54,r_2_q,0.4442,1
54,bs0_1,0.4775,0
54,ts0_3,0.4798,0
54,ts0_1,0.4807,0
54,ts0_4,0.4821,0
54,ts1_3,0.4833,0
54,ts1_2,0.4834,0
54,as0_2,0.4918,0
54,ts0_2,0.4958,0
54,p10_0,0.4970,0
54,ts1_1,0.4981,0
54,ts1_0,0.5339,1
54,p01_0,0.5451,1
54,bs0_1,0.5483,1
54,p01_2,0.5522,1
54,p10_2,0.5526,1
54,ts1_4,0.5544,1
54,ts0_0,0.5547,1
54,as1_2,0.5948,1
54,bs0_0,0.6012,0
54,bs0_3,0.6118,1
54,p00_2,0.6308,1
54,ys0_3_d,0.6769,0
54,ys0_1_d,0.6899,1
54,bs1_0,0.6973,1
54,bs1_3,0.7074,1
54,ys0_0_d,0.7201,0
54,m10_2,0.7324,1
54,p10_2,0.7808,0
54,ys1_1_d,0.8134,1
54,ys1_3_d,0.8190,1
54,ys1_0_d,0.8191,1
55,ys0_0,0.3740,0
55,ys0_3,0.3740,0
55,p10_0_q,0.3796,0
55,as0_2_q,0.3815,0
55,xs0_2_q,0.3815,0
55,xs1_2_q,0.3815,0
55,r_0_q,0.3922,0
55,r_2_q,0.3926,0
55,xs1_4_q,0.3930,0
55,ys0_1,0.3958,1
55,ys1_1,0.3958,1
55,ys1_3,0.3958,1
55,ys1_0,0.3958,1
55,xs0_3_q,0.4027,0
55,p01_0_q,0.4076,1
55,p01_2_q,0.4109,1
55,p00_2_q,0.4112,1
55,as1_2_q,0.4131,1
55,r_4_q,0.4442,1
55,xs1_1_q,0.4553,1
55,xs1_3_q,0.4563,1
55,ts0_0,0.4673,0
55,p10_0,0.4820,1
55,ts1_0,0.4822,0
55,p10_2,0.4827,1
55,p01_0,0.4898,0
55,p01_2,0.4902,0
55,bs0_2,0.5073,0
55,as1_0,0.5140,0
55,p00_2,0.5205,0
55,as0_4,0.5312,0
55,m10_2,0.5322,0
55,p00_3,0.5366,1
55,p10_4,0.5522,1
55,p01_4,0.5525,1
55,ys0_2_d,0.5534,1
55,m01_3,0.5572,1
55,p11_1,0.5606,1
55,p11_2,0.5617,1
55,p11_3,0.5621,1
55,bs1_2,0.5642,1
55,as0_2,0.5665,1
55,m01_0,0.5825,1
55,m01_2,0.5827,1
55,ys0_3_d,0.5971,1
55,bs1_4,0.6223,1
55,m10_0,0.6250,0
55,bs0_4,0.6253,1
55,p11_4,0.6262,0
55,p00_3,0.6264,0
55,p10_2,0.6317,0
55,ys1_3_d,0.6321,0
55,p01_3,0.6552,1
55,p01_2,0.6786,1
55,p01_0,0.6794,1
55,m01_2,0.6895,0
55,ys1_0_d,0.6902,0
55,m10_1,0.7096,1
55,p10_0,0.7319,0
55,ys0_0_d,0.7391,1
55,p01_2,0.7835,0
55,p10_1,0.8066,1
56,ys1_0,0.3740,0
56,ys1_3,0.3740,0
56,p01_2_q,0.3806,0
56,p00_2_q,0.3810,0
56,as0_4_q,0.3815,0
56,as0_3_q,0.3815,0
56,as1_0_q,0.3815,0
56,p11_4_q,0.3816,0
56,r_4_q,0.3912,0
56,ys0_0,0.3958,1
56,ys0_3,0.3958,1
56,ys1_2,0.3958,1
56,ys1_4,0.3958,1
56,ys0_2,0.3958,1
56,ys0_4,0.3958,1
56,xs1_3_q,0.4019,0
56,xs0_1_q,0.4028,0
56,p10_4_q,0.4068,1
56,p10_1_q,0.4107,1
56,p11_1_q,0.4112,1
56,xs0_0_q,0.4119,1
56,xs1_0_q,0.4121,1
56,p01_4_q,0.4126,1
56,p01_3_q,0.4128,1
56,as0_2_q,0.4130,1
56,as1_3_q,0.4132,1
56,as1_1_q,0.4132,1
56,p11_2_q,0.4133,1
56,p11_3_q,0.4133,1
56,r_1_q,0.4384,1
56,r_3_q,0.4386,1
56,xs0_4_q,0.4459,1
56,xs1_4_q,0.4498,1
56,xs0_3_q,0.4664,1
56,bs1_3,0.4767,0
56,p01_4,0.4896,0
56,p10_4,0.4896,0
56,p10_1,0.4970,0
56,p01_3,0.4979,0
56,bs0_3,0.5007,0
56,bs0_4,0.5033,0
56,p11_3,0.5054,0
56,bs1_0,0.5134,0
56,p11_2,0.5178,0
56,p00_0,0.5207,0
56,as0_2,0.5311,0
56,p00_1,0.5367,1
56,ts1_3,0.5426,1
56,p10_3,0.5454,1
56,p01_1,0.5458,1
56,ts0_4,0.5493,1
56,ts1_2,0.5550,1
56,m01_1,0.5563,1
56,ts0_3,0.5609,1
56,p01_1,0.5691,0
56,ys1_3_d,0.5882,1
56,m10_2,0.5984,1
56,ys0_0_d,0.6002,0
56,m01_3,0.6013,0
56,ys1_0_d,0.6224,1
56,p00_1,0.6262,0
56,bs1_2,0.6333,0
56,m10_1,0.6550,0
56,p00_2,0.6604,1
56,ys1_1_d,0.6648,0
56,ys0_3_d,0.6744,0
56,bs0_3,0.6933,1
56,p10_2,0.6956,1
56,p01_3,0.6999,1
56,ys1_3_d,0.7353,0
56,p10_1,0.7544,1
56,ys0_3_d,0.7770,1
57,ys1_2,0.3740,0
57,ys0_0,0.3740,0
57,ys0_4,0.3740,0
57,ys1_1,0.3740,0
57,p10_4_q,0.3795,0
57,p01_4_q,0.3796,0
57,as0_2_q,0.3814,0
57,as0_1_q,0.3815,0
57,as1_3_q,0.3815,0
57,p00_0_q,0.3815,0
57,p11_3_q,0.3816,0
57,p11_2_q,0.3816,0
57,r_3_q,0.3912,0
57,xs0_4_q,0.3941,0
57,ys1_0,0.3958,1
57,xs0_3_q,0.4035,0
57,p10_3_q,0.4069,1
57,p10_2_q,0.4069,1
57,p00_2_q,0.4130,1
57,as0_3_q,0.4131,1
57,xs1_2_q,0.4132,1
57,xs0_2_q,0.4133,1
57,r_2_q,0.4384,1
57,xs1_3_q,0.4581,1
57,ts0_4,0.4797,0
57,ts1_4,0.4833,0
57,p10_3,0.4896,0
57,p01_3,0.4897,0
57,as1_2,0.4905,0
57,p10_2,0.4967,0
57,bs0_1,0.4970,0
57,p00_2,0.5223,0
57,ts0_0,0.5252,1
57,m10_2,0.5329,0
57,p01_2,0.5441,1
57,ts0_2,0.5477,1
57,bs0_2,0.5493,1
57,as1_4,0.5565,0
57,m01_3,0.5596,1
57,p11_3,0.5734,1
57,as0_0,0.5744,1
57,m01_2,0.5844,1
57,ys0_2_d,0.5903,0
57,as0_2,0.5994,1
57,ys0_1_d,0.6054,0
57,p01_2,0.6128,0
57,p11_1,0.6159,0
57,p10_2,0.6162,1
57,ys0_3_d,0.6248,0
57,m01_1,0.6275,0
57,p11_3,0.6504,0
57,p01_3,0.6559,1
57,m01_3,0.6816,0
57,bs0_1,0.6909,1
57,p00_4,0.6958,1
57,bs0_4,0.7021,1
57,m01_0,0.7142,0
57,p00_1,0.7205,1
57,p01_1,0.7293,1
57,m01_2,0.7325,0
57,m10_1,0.7423,1
57,p01_3,0.7782,0
57,p10_1,0.7913,0
57,ys0_1_d,0.7986,1
57,ys0_0_d,0.8162,1
57,p01_0,0.8218,0
57,p01_2,0.8315,1
58,ys0_3,0.3740,0
58,ys0_2,0.3740,0
58,p10_3_q,0.3795,0
58,p01_3_q,0.3796,0
58,p01_0_q,0.3796,0
58,p10_1_q,0.3806,0
58,p11_1_q,0.3810,0
58,xs1_0_q,0.3813,0
58,as0_3_q,0.3815,0
58,as1_4_q,0.3815,0
58,as1_2_q,0.3815,0
58,xs0_0_q,0.3815,0
58,p00_2_q,0.3816,0
58,xs1_4_q,0.3936,0
58,ys0_0,0.3958,1
58,ys0_4,0.3958,1
58,xs1_1_q,0.4031,0
58,p01_2_q,0.4069,1
58,p01_1_q,0.4113,1
58,p00_1_q,0.4117,1
58,as0_2_q,0.4131,1
58,as1_3_q,0.4131,1
58,as0_0_q,0.4133,1
58,p00_4_q,0.4133,1
58,xs0_4_q,0.4362,1
58,r_4_q,0.4445,1
58,xs0_1_q,0.4589,1
58,ts0_3,0.4799,0
58,ts0_0,0.4807,0
58,ts1_3,0.4835,0
58,bs0_3,0.4967,0
58,bs1_4,0.5028,0
58,m10_1,0.5180,0
58,ts0_4,0.5489,1
58,p01_4,0.5529,1
58,p10_4,0.5529,1
58,bs1_3,0.5550,1
58,as0_2,0.5639,0
58,p00_1,0.5812,0
58,as1_2,0.5857,1
58,as1_4,0.5865,1
58,bs0_4,0.5900,0
58,ys0_3_d,0.5924,1
58,ys1_0_d,0.5996,0
58,bs0_0,0.6133,1
58,p10_1,0.6196,1
58,as0_4,0.6292,1
58,ys1_3_d,0.6594,1
58,ys0_1_d,0.6865,0
58,bs0_3,0.6941,1
58,p11_2,0.7027,1
58,p11_3,0.7044,1
58,m10_4,0.7261,1
58,m01_3,0.7271,1
58,m01_2,0.7281,1
58,ys0_3_d,0.7471,0
58,p00_3,0.7505,1
58,p00_4,0.7574,0
58,m10_3,0.7727,1
58,p10_4,0.7745,0
58,p01_2,0.7775,0
58,p01_3,0.8244,1
58,p10_3,0.8708,1
59,ys0_4,0.3740,0
59,ys1_0,0.3740,0
59,ys1_4,0.3740,0
59,ys0_1,0.3740,0
59,p01_2_q,0.3796,0
59,as0_2_q,0.3815,0
59,as1_1_q,0.3815,0
59,xs1_2_q,0.3815,0
59,xs0_2_q,0.3815,0
59,p00_1_q,0.3815,0
59,p00_4_q,0.3816,0
59,r_4_q,0.3926,0
59,r_2_q,0.3926,0
59,ys1_3,0.3958,1
59,xs1_3_q,0.4027,0
59,p01_4_q,0.4069,1
59,p01_3_q,0.4110,1
59,p10_3_q,0.4112,1
59,p00_3_q,0.4116,1
59,p11_3_q,0.4117,1
59,p10_1_q,0.4126,1
59,xs1_0_q,0.4131,1
59,as1_4_q,0.4131,1
59,as0_1_q,0.4131,1
59,p11_2_q,0.4131,1
59,as1_2_q,0.4131,1
59,xs0_0_q,0.4132,1
59,as0_4_q,0.4133,1
59,r_3_q,0.4329,1
59,xs0_3_q,0.4591,1
59,ts1_2,0.4775,0
59,ts0_2,0.4797,0
59,p01_2,0.4827,1
59,p10_4,0.4827,1
59,p10_3,0.4889,0
59,p01_3,0.4892,0
59,p01_4,0.4902,0
59,p10_2,0.4902,0
59,as0_0,0.4917,0
59,p11_3,0.5078,0
59,bs0_2,0.5085,0
59,as1_2,0.5099,0
59,ts0_1,0.5128,1
59,m10_3,0.5190,0
59,p11_2,0.5219,0
59,as1_4,0.5293,0
59,m01_2,0.5316,0
59,ys0_2_d,0.5548,1
59,ts1_1,0.5572,1
59,bs1_2,0.5645,1
59,bs0_4,0.5651,1
59,as0_4,0.5653,0
59,p00_2,0.5667,1
59,as0_2,0.5679,1
59,bs1_4,0.5772,1
59,p00_3,0.5816,0
59,m01_3,0.5839,0
59,p10_3,0.5954,1
59,as1_0,0.5962,1
59,ys0_3_d,0.5985,1
59,m10_4,0.6029,0
59,bs0_0,0.6161,0
59,p00_0,0.6304,1
59,p01_2,0.6315,0
59,ys1_3_d,0.6325,0
59,p01_3,0.6805,1
59,p00_2,0.6854,0
59,ys1_0_d,0.7025,1
59,p10_4,0.7061,0
59,ys0_1_d,0.7223,1
59,m10_0,0.7344,1
59,m01_4,0.7501,1
59,bs1_0,0.7779,1
59,ys1_0_d,0.8110,0
59,p10_0,0.8320,1
59,p01_4,0.8476,1
59,ys1_1_d,0.8939,1
60,ys1_3,0.3740,0
60,p10_2_q,0.3806,0
60,p11_2_q,0.3810,0
60,as1_2_q,0.3814,0
60,xs1_0_q,0.3815,0
60,as0_4_q,0.3815,0
60,as1_4_q,0.3815,0
60,as1_3_q,0.3815,0
60,as0_0_q,0.3815,0
60,p11_3_q,0.3815,0
60,xs0_0_q,0.3815,0
60,p00_3_q,0.3815,0
60,r_1_q,0.3912,0
60,ys0_1,0.3958,1
60,ys1_4,0.3958,1
60,ys0_4,0.3958,1
60,ys0_3,0.3958,1
60,ys0_2,0.3958,1
60,ys1_1,0.3958,1
60,ys1_2,0.3958,1
60,xs0_1_q,0.4027,0
60,p10_0_q,0.4126,1
60,as0_2_q,0.4130,1
60,as0_3_q,0.4131,1
60,as1_0_q,0.4132,1
60,p00_0_q,0.4133,1
60,r_4_q,0.4383,1
60,r_0_q,0.4384,1
60,r_2_q,0.4442,1
60,xs1_1_q,0.4638,1
60,bs0_3,0.4765,0
60,p01_1,0.4896,0
60,p10_1,0.4896,0
60,bs1_0,0.4933,0
60,p10_0,0.4967,0
60,p01_4,0.4970,0
60,bs1_3,0.4990,0
60,bs0_4,0.5003,0
60,bs1_4,0.5049,0
60,ts1_3,0.5052,1
60,as1_0,0.5099,0
60,p00_0,0.5206,0
60,as0_2,0.5313,0
60,ts0_3,0.5334,1
60,m10_0,0.5336,0
60,p00_1,0.5366,1
60,p01_0,0.5446,1
60,p10_4,0.5451,1
60,ts1_0,0.5488,1
60,ts0_0,0.5488,1
60,p10_2,0.5521,1
60,p01_2,0.5525,1
60,as0_0,0.5685,1
60,bs0_0,0.5805,1
60,m01_0,0.5914,1
60,ys1_3_d,0.6018,1
60,ys1_1_d,0.6073,0
60,p10_0,0.6176,1
60,ys0_3_d,0.6203,0
60,p01_0,0.6222,0
60,p00_1,0.6264,0
60,m01_4,0.6328,0
60,ys0_1_d,0.6557,0
60,as1_2,0.6573,1
60,p00_2,0.6588,1
60,m01_0,0.6889,0
60,p00_4,0.6902,1
60,bs1_4,0.7031,1
60,bs0_4,0.7112,1
60,p01_4,0.7323,1
60,p11_1,0.7740,1
60,ys0_0_d,0.7826,0
60,p01_0,0.7864,1
60,m10_2,0.7969,1
60,m01_1,0.7973,1
60,ys1_0_d,0.8159,1
60,p10_2,0.8460,0
60,p01_1,0.8954,1
61,ys0_1,0.3740,0
61,ys0_3,0.3740,0
61,ys1_1,0.3740,0
61,ys0_0,0.3740,0
61,p10_1_q,0.3797,0
61,as0_2_q,0.3814,0
61,as0_1_q,0.3815,0
61,as1_0_q,0.3815,0
61,p00_0_q,0.3816,0
61,r_3_q,0.3912,0
61,r_4_q,0.3912,0
61,r_2_q,0.3926,0
61,xs0_4_q,0.3931,0
61,ys1_3,0.3958,1
61,ys1_0,0.3958,1
61,xs0_3_q,0.4034,0
61,p01_0_q,0.4069,1
61,p01_2_q,0.4110,1
61,p00_2_q,0.4116,1
61,xs1_0_q,0.4119,1
61,p10_4_q,0.4128,1
61,as1_2_q,0.4131,1
61,p00_4_q,0.4132,1
61,as1_1_q,0.4132,1
61,as0_0_q,0.4132,1
61,xs0_2_q,0.4133,1
61,p11_1_q,0.4144,1
61,xs0_0_q,0.4148,1
61,xs1_4_q,0.4473,1
61,ts0_4,0.4757,0
61,bs1_2,0.4810,0
61,p10_2,0.4827,1
61,p01_4,0.4896,0
61,p10_4,0.4896,0
61,p10_3,0.4896,0
61,p01_3,0.4896,0
61,p01_2,0.4902,0
61,bs0_0,0.4948,0
61,bs0_1,0.5000,0
61,p00_2,0.5227,0
61,m10_2,0.5343,0
61,bs1_1,0.5537,1
61,ts1_4,0.5563,1
61,bs0_2,0.5608,1
61,ys1_3_d,0.5873,0
61,bs1_0,0.5986,1
61,as0_2,0.5994,1
61,ys0_2_d,0.6031,0
61,bs0_3,0.6163,1
61,ys0_0_d,0.6169,1
61,p10_2,0.6347,0
61,as1_4,0.6381,1
61,ys1_0_d,0.6747,0
61,bs1_3,0.7080,1
61,p00_1,0.7207,1
61,m10_1,0.7428,1
61,m01_3,0.7763,1
61,m10_4,0.7764,1
61,ys1_3_d,0.8186,1
61,p10_1,0.8408,1
61,p01_3,0.8746,1
61,p10_4,0.8747,1
62,ys1_0,0.3740,0
62,ys1_2,0.3740,0
62,ys0_2,0.3740,0
62,p10_3_q,0.3796,0
62,p01_2_q,0.3806,0
62,p00_2_q,0.3810,0
62,p01_4_q,0.3812,0
62,as0_3_q,0.3814,0
62,xs0_0_q,0.3815,0
62,xs1_0_q,0.3815,0
62,r_0_q,0.3912,0
62,ys0_0,0.3958,1
62,xs1_1_q,0.4031,0
62,p10_1_q,0.4075,1
62,as0_2_q,0.4132,1
62,p00_1_q,0.4132,1
62,as1_4_q,0.4132,1
62,xs1_2_q,0.4147,1
62,r_3_q,0.4386,1
62,r_2_q,0.4442,1
62,xs1_3_q,0.4581,1
62,xs0_1_q,0.4589,1
62,ts1_1,0.4656,0
62,ts0_1,0.4758,0
62,ts1_3,0.4826,0
62,bs1_4,0.4833,0
62,bs0_2,0.4874,0
62,ts0_4,0.4892,1
62,p01_0,0.4896,0
62,p10_0,0.4896,0
62,p01_3,0.4978,0
62,p11_1,0.5063,0
62,as0_0,0.5110,0
62,m10_1,0.5175,0
62,ys0_2_d,0.5426,1
62,p10_3,0.5453,1
62,p01_2,0.5521,1
62,p10_2,0.5525,1
62,as1_4,0.5583,0
62,p11_2,0.5633,1
62,as0_2,0.5639,0
62,as1_0,0.5674,1
62,p11_3,0.5719,1
62,ys1_0_d,0.5795,1
62,p00_1,0.5812,0
62,ys0_3_d,0.5859,1
62,m01_1,0.5916,0
62,bs1_0,0.5929,0
62,bs1_2,0.6227,1
62,m10_4,0.6228,0
62,p00_4,0.6232,0
62,p10_1,0.6250,0
62,p00_0,0.6405,1
62,p11_3,0.6565,0
62,bs0_0,0.6781,1
62,ys1_1_d,0.6859,1
62,ys1_3_d,0.6906,0
62,ys1_0_d,0.6947,0
62,m01_3,0.6981,0
62,p01_1,0.6993,0
62,m01_4,0.7084,1
62,m10_0,0.7095,1
62,m01_2,0.7280,1
62,p10_4,0.7288,0
62,ys0_0_d,0.7559,0
62,p01_2,0.7764,0
62,ys0_1_d,0.7941,1
62,p01_3,0.7981,1
62,p01_4,0.8062,1
62,p10_0,0.8071,1
63,ys0_0,0.3740,0
63,ys1_3,0.3740,0
63,ys1_4,0.3740,0
63,p10_4_q,0.3796,0
63,p01_0_q,0.3798,0
63,p10_1_q,0.3803,0
63,p01_1_q,0.3806,0
63,p00_1_q,0.3810,0
63,p11_1_q,0.3812,0
63,as0_0_q,0.3814,0
63,as1_1_q,0.3815,0
63,as1_4_q,0.3815,0
63,as0_2_q,0.3815,0
63,p00_4_q,0.3816,0
63,r_3_q,0.3912,0
63,xs1_4_q,0.3927,0
63,ys1_2,0.3958,1
63,ys0_2,0.3958,1
63,ys0_1,0.3958,1
63,ys1_1,0.3958,1
63,ys0_3,0.3958,1
63,xs1_3_q,0.4014,0
63,p01_4_q,0.4068,1
63,p10_2_q,0.4107,1
63,p11_2_q,0.4112,1
63,p10_3_q,0.4127,1
63,as1_0_q,0.4130,1
63,as0_1_q,0.4131,1
63,as1_3_q,0.4131,1
63,p00_0_q,0.4144,1
63,r_4_q,0.4384,1
63,xs0_4_q,0.4440,1
63,ts1_4,0.4797,0
63,p10_3,0.4896,0
63,p01_3,0.4896,0
63,p01_4,0.4970,0
63,bs1_1,0.4999,0
63,as1_0,0.5144,0
63,p11_2,0.5196,0
63,bs0_0,0.5201,0
63,m01_2,0.5311,0
63,ts1_3,0.5446,1
63,p10_4,0.5451,1
63,bs1_4,0.5457,1
63,bs0_2,0.5495,1
63,bs0_1,0.5574,1
63,ys0_2_d,0.5905,0
63,bs1_0,0.6086,1
63,ys0_3_d,0.6209,0
63,m10_0,0.6249,0
63,ys0_0_d,0.6285,1
63,bs1_2,0.6326,0
63,p01_2,0.6329,1
63,m01_4,0.6374,0
63,as0_0,0.6380,1
63,as0_4,0.6395,1
63,ys1_3_d,0.7313,1
63,p10_0,0.7324,0
63,p01_4,0.7372,1
63,p00_3,0.7610,1
63,p00_0,0.7672,0
64,ys0_3,0.3740,0
64,ys1_2,0.3740,0
64,ys0_2,0.3740,0
64,p10_3_q,0.3796,0
64,p10_0_q,0.3796,0
64,p01_3_q,0.3798,0
64,as1_3_q,0.3815,0
64,p00_0_q,0.3815,0
64,as1_0_q,0.3815,0
64,p11_2_q,0.3815,0
64,r_4_q,0.3912,0
64,r_2_q,0.3912,0
64,ys1_3,0.3958,1
64,ys0_0,0.3958,1
64,ys1_4,0.3958,1
64,p10_4_q,0.4126,1
64,p01_2_q,0.4126,1
64,as0_0_q,0.4131,1
64,as0_4_q,0.4132,1
64,xs0_0_q,0.4132,1
64,xs1_0_q,0.4133,1
64,p00_3_q,0.4144,1
64,r_1_q,0.4439,1
64,xs1_3_q,0.4637,1
64,ts1_0,0.4807,0
64,ts1_3,0.4821,0
64,bs0_4,0.4854,0
64,p01_4,0.4896,0
64,p10_4,0.4896,0
64,p10_2,0.4896,0
64,p01_2,0.4896,0
64,as0_0,0.4919,0
64,ts0_0,0.4959,0
64,bs1_3,0.5003,0
64,bs1_0,0.5119,0
64,ts1_2,0.5248,1
64,bs0_4,0.5353,1
64,ts0_2,0.5452,1
64,ts1_4,0.5492,1
64,p01_1,0.5518,1
64,p10_1,0.5518,1
64,p11_2,0.5714,1
64,bs1_4,0.5928,0
64,m01_2,0.5932,1
64,m10_3,0.5935,1
64,as1_0,0.5948,1
64,bs0_0,0.6083,1
64,ys1_1_d,0.6127,0
64,bs1_2,0.6136,1
64,ys1_0_d,0.6217,1
64,bs0_1,0.6258,0
64,p00_0,0.6310,1
64,as1_4,0.6581,1
64,ys1_0_d,0.6613,0
64,bs1_1,0.6750,1
64,ys0_0_d,0.6855,0
64,p01_2,0.6906,1
64,p10_3,0.6916,1
64,bs1_3,0.6938,1
64,m10_0,0.7332,1
64,ys1_3_d,0.7565,0
64,p11_3,0.7761,1
64,ys1_1_d,0.7799,1
64,p11_4,0.7833,1
64,m01_3,0.7987,1
64,p10_0,0.8305,1
64,p01_3,0.8964,1
65,ys0_0,0.3740,0
65,ys1_3,0.3740,0
65,ys1_4,0.3740,0
65,p01_4_q,0.3796,0
65,p10_4_q,0.3798,0
65,p10_2_q,0.3798,0
65,as0_0_q,0.3815,0
65,r_1_q,0.3912,0
65,xs0_4_q,0.3944,0
65,ys1_2,0.3958,1
65,xs1_3_q,0.4029,0
65,p01_3_q,0.4075,1
65,p10_3_q,0.4112,1
65,p11_3_q,0.4117,1
65,p01_1_q,0.4125,1
65,p10_1_q,0.4126,1
65,p10_0_q,0.4128,1
65,as1_0_q,0.4131,1
65,p00_0_q,0.4131,1
65,as1_3_q,0.4131,1
65,as1_4_q,0.4132,1
65,p11_2_q,0.4144,1
65,p11_4_q,0.4144,1
65,r_2_q,0.4386,1
65,xs1_4_q,0.4401,1
65,xs0_3_q,0.4567,1
65,ts0_3,0.4656,0
65,bs1_3,0.4766,0
65,ts0_4,0.4807,0
65,p10_1,0.4896,0
65,p01_1,0.4896,0
65,p01_2,0.4975,0
65,p11_3,0.5066,0
65,bs0_0,0.5120,0
65,m10_3,0.5178,0
65,p11_2,0.5191,0
65,as1_0,0.5301,0
65,m01_2,0.5304,0
65,ts0_0,0.5418,1
65,p10_2,0.5444,1
65,ts0_1,0.5488,1
65,ts1_0,0.5614,1
65,ts1_1,0.5622,1
65,p00_2,0.5643,1
65,as0_0,0.5730,1
65,p00_3,0.5782,0
65,m10_2,0.5843,1
65,bs0_2,0.5860,0
65,bs0_3,0.5861,0
65,ys1_3_d,0.5863,1
65,m01_3,0.5894,0
65,p01_2,0.6105,1
65,p10_2,0.6126,0
65,ys0_1_d,0.6154,0
65,p10_3,0.6252,0
65,ys0_0_d,0.6257,1
65,bs0_4,0.6316,0
65,ys0_2_d,0.6334,1
65,m10_0,0.6550,0
65,p11_4,0.6570,0
65,p01_3,0.6970,0
65,p00_0,0.7010,0
65,m10_4,0.7154,1
65,bs0_0,0.7410,1
65,p10_0,0.7626,0
65,p10_4,0.8138,1
65,ys0_1_d,0.8565,1
66,ys0_4,0.3740,0
66,p10_1_q,0.3795,0
66,p10_0_q,0.3796,0
66,p01_1_q,0.3796,0
66,p01_3_q,0.3803,0
66,p10_3_q,0.3806,0
66,p11_3_q,0.3810,0
66,p00_3_q,0.3812,0
66,as1_0_q,0.3814,0
66,p11_2_q,0.3815,0
66,p00_0_q,0.3815,0
66,as1_3_q,0.3815,0
66,p11_4_q,0.3816,0
66,xs1_4_q,0.3940,0
66,ys0_0,0.3958,1
66,ys1_3,0.3958,1
66,ys0_2,0.3958,1
66,xs0_3_q,0.4029,0
66,xs0_1_q,0.4037,0
66,p10_4_q,0.4068,1
66,as0_0_q,0.4131,1
66,p00_2_q,0.4132,1
66,as0_3_q,0.4133,1
66,r_4_q,0.4386,1
66,xs0_4_q,0.4401,1
66,r_1_q,0.4445,1
66,xs1_3_q,0.4563,1
66,xs1_1_q,0.4578,1
66,ts0_2,0.4751,0
66,ts0_1,0.4799,0
66,ts1_0,0.4821,0
66,ts1_1,0.4833,0
66,ts1_2,0.4966,0
66,p10_4,0.4978,0
66,ts0_0,0.4980,0
66,p00_2,0.5192,0
66,bs1_3,0.5251,1
66,m10_2,0.5316,0
66,as0_0,0.5319,0
66,p00_3,0.5345,1
66,p01_4,0.5453,1
66,p10_1,0.5529,1
66,bs0_3,0.5546,1
66,m01_3,0.5562,1
66,as1_2,0.5573,0
66,m01_1,0.5588,1
66,p11_3,0.5623,1
66,as1_0,0.5708,1
66,p11_1,0.5714,1
66,p11_2,0.5805,1
66,m01_2,0.5839,1
66,m10_3,0.5842,1
66,as0_2,0.5846,1
66,ys1_3_d,0.5895,0
66,bs1_1,0.6023,0
66,bs0_1,0.6108,1
66,p01_2,0.6321,0
66,p10_2,0.6338,1
66,bs1_4,0.6352,1
66,p11_2,0.6364,0
66,bs0_4,0.6373,1
66,p01_3,0.6531,1
66,p11_1,0.6556,0
66,ys0_3_d,0.6651,1
66,m10_4,0.6714,0
66,ys0_1_d,0.6761,0
66,p10_3,0.6816,1
66,m01_1,0.6847,0
66,p11_4,0.6869,1
66,p11_0,0.6885,1
66,m01_0,0.6952,1
66,p00_1,0.7043,1
66,ys0_0_d,0.7066,0
66,ys1_1_d,0.7105,0
66,m01_2,0.7142,0
66,m10_1,0.7265,1
66,ys1_0_d,0.7488,1
66,p10_4,0.7713,1
66,p10_1,0.7744,0
66,p01_1,0.7844,1
66,p01_0,0.7936,1
66,p01_2,0.8126,1
67,ys0_0,0.3740,0
67,ys1_3,0.3740,0
67,ys0_1,0.3740,0
67,ys1_1,0.3740,0
67,as0_3_q,0.3815,0
67,as0_0_q,0.3815,0
67,as0_1_q,0.3815,0
67,xs1_0_q,0.3815,0
67,p00_2_q,0.3815,0
67,as1_2_q,0.3815,0
67,xs0_0_q,0.3815,0
67,r_1_q,0.3926,0
67,ys0_4,0.3958,1
67,ys1_4,0.3958,1
67,ys0_3,0.3958,1
67,ys1_0,0.3958,1
67,p10_3_q,0.4107,1
67,p01_3_q,0.4108,1
67,p01_1_q,0.4110,1
67,p11_3_q,0.4112,1
67,p00_3_q,0.4112,1
67,p00_1_q,0.4116,1
67,p01_4_q,0.4126,1
67,p01_0_q,0.4126,1
67,p10_2_q,0.4126,1
67,as1_3_q,0.4131,1
67,p11_4_q,0.4131,1
67,as1_0_q,0.4131,1
67,as1_1_q,0.4133,1
67,as0_2_q,0.4133,1
67,p11_0_q,0.4133,1
67,r_3_q,0.4329,1
67,ts1_4,0.4716,0
67,p10_1,0.4827,1
67,p01_3,0.4892,0
67,p10_3,0.4892,0
67,p01_1,0.4902,0
67,bs0_3,0.5004,0
67,ts0_2,0.5052,1
67,bs1_2,0.5054,0
67,as1_0,0.5101,0
67,bs0_0,0.5147,0
67,ts1_0,0.5429,1
67,ts0_0,0.5451,1
67,ts0_4,0.5492,1
67,ts1_2,0.5621,1
67,as0_0,0.5682,1
67,bs0_2,0.5749,1
67,ys1_3_d,0.5948,1
67,ys0_1_d,0.6083,1
67,p11_0,0.6092,0
67,ys0_2_d,0.6153,0
67,p11_4,0.6216,0
67,bs1_0,0.6243,1
67,ys0_0_d,0.6255,1
67,bs1_4,0.6265,0
67,bs0_4,0.6370,0
67,bs0_3,0.6934,1
67,m01_0,0.7079,0
67,m10_4,0.7116,1
67,ys0_0_d,0.7341,0
67,ys1_1_d,0.7396,1
67,ys0_3_d,0.7583,0
67,p10_4,0.7609,0
67,p01_0,0.8155,0
68,ys0_3,0.3740,0
68,ys1_4,0.3740,0
68,ys0_4,0.3740,0
68,ys0_2,0.3740,0
68,ys1_2,0.3740,0
68,p01_0_q,0.3796,0
68,p10_4_q,0.3806,0
68,p11_4_q,0.3810,0
68,p01_3_q,0.3812,0
68,p10_3_q,0.3812,0
68,p01_1_q,0.3812,0
68,p11_0_q,0.3815,0
68,as1_0_q,0.3815,0
68,xs0_2_q,0.3815,0
68,xs1_2_q,0.3815,0
68,r_2_q,0.3912,0
68,xs0_4_q,0.3930,0
68,r_3_q,0.3932,0
68,ys0_1,0.3958,1
68,ys1_1,0.3958,1
68,ys1_3,0.3958,1
68,xs1_3_q,0.4029,0
68,p10_1_q,0.4126,1
68,as0_0_q,0.4130,1
68,xs1_4_q,0.4455,1
68,xs0_3_q,0.4565,1
68,ts0_0,0.4821,0
68,p10_3,0.4822,1
68,p01_3,0.4822,1
68,p01_2,0.4896,0
68,p10_2,0.4896,0
68,ts0_3,0.4968,1
68,ts1_0,0.4980,0
68,p11_3,0.5066,0
68,ts1_3,0.5087,1
68,as0_2,0.5113,0
68,bs1_0,0.5134,0
68,as0_0,0.5160,0
68,m10_3,0.5177,0
68,ts0_1,0.5183,1
68,ts1_1,0.5477,1
68,as1_2,0.5671,1
68,p00_3,0.5780,0
68,bs0_2,0.5889,0
68,m01_3,0.5892,0
68,p10_3,0.6172,0
68,ys1_1_d,0.6185,0
68,p00_1,0.6237,0
68,bs1_4,0.6298,1
68,bs0_4,0.6346,1
68,m10_1,0.6354,0
68,as1_0,0.6361,1
68,m10_4,0.6398,0
68,p00_2,0.6405,1
68,ys0_2_d,0.6470,1
68,m01_0,0.6650,1
68,bs1_2,0.6718,1
68,p11_1,0.6848,1
68,ys0_3_d,0.6901,1
68,p01_3,0.6956,0
68,m01_1,0.7080,1
68,m10_2,0.7088,1
68,bs1_0,0.7351,1
68,ys1_3_d,0.7405,0
68,p10_4,0.7415,1
68,p10_1,0.7433,0
68,ys0_0_d,0.7484,1
68,p11_4,0.7535,1
68,p11_0,0.7535,1
68,p01_0,0.7626,1
68,p01_1,0.8059,1
68,p10_2,0.8066,1
68,ys1_0_d,0.8119,0
68,ys1_1_d,0.8494,1
69,ys1_3,0.3740,0
69,ys1_0,0.3740,0
69,p10_1_q,0.3798,0
69,p01_2_q,0.3798,0
69,as0_0_q,0.3814,0
69,p00_3_q,0.3815,0
69,as1_3_q,0.3815,0
69,p11_3_q,0.3815,0
69,as0_2_q,0.3815,0
69,p00_1_q,0.3816,0
69,r_4_q,0.3912,0
69,ys0_3,0.3958,1
69,ys0_4,0.3958,1
69,ys1_2,0.3958,1
69,ys1_4,0.3958,1
69,ys0_2,0.3958,1
69,ys0_0,0.3958,1
69,p01_1_q,0.4068,1
69,p10_4_q,0.4107,1
69,p11_4_q,0.4112,1
69,p01_0_q,0.4127,1
69,p11_0_q,0.4131,1
69,as1_0_q,0.4131,1
69,as0_3_q,0.4131,1
69,as1_2_q,0.4132,1
69,xs1_2_q,0.4132,1
69,xs1_0_q,0.4132,1
69,p00_2_q,0.4144,1
69,p11_1_q,0.4144,1
69,r_0_q,0.4384,1
69,r_2_q,0.4386,1
69,xs0_4_q,0.4446,1
69,xs0_1_q,0.4653,1
69,bs0_3,0.4765,0
69,bs1_2,0.4883,0
69,as1_0,0.4895,0
69,p10_4,0.4896,0
69,p01_4,0.4896,0
69,as1_2,0.4900,0
69,bs1_0,0.4941,0
69,ts1_3,0.4960,0
69,p01_0,0.4970,0
69,p10_2,0.4979,0
69,ts0_3,0.4992,0
69,bs1_3,0.4997,0
69,bs1_2,0.5295,1
69,as0_4,0.5377,0
69,ts1_0,0.5417,1
69,ts0_0,0.5445,1
69,p10_0,0.5451,1
69,p01_2,0.5453,1
69,p00_0,0.5757,1
69,m01_1,0.5767,0
69,bs0_0,0.5789,1
69,ys1_3_d,0.5915,1
69,p11_0,0.6017,0
69,ys1_1_d,0.6081,0
69,m10_2,0.6132,0
69,p11_1,0.6151,0
69,p11_4,0.6151,0
69,ys1_0_d,0.6170,1
69,bs0_4,0.6284,0
69,bs1_4,0.6315,0
69,as0_0,0.6347,1
69,ys0_1_d,0.6549,0
69,as0_2,0.6649,1
69,ys0_3_d,0.6675,0
69,p01_1,0.6824,0
69,p10_2,0.7123,1
69,ys1_0_d,0.7291,0
69,p00_4,0.7567,1
69,p00_0,0.7623,0
69,m01_0,0.7747,0
69,m10_4,0.7789,1
69,p00_2,0.7938,0
69,m10_1,0.8090,1
69,p01_0,0.8748,1
69,p10_4,0.8765,1
69,p10_1,0.9061,1
70,ys0_4,0.3740,0
70,ys1_4,0.3740,0
70,ys0_3,0.3740,0
70,ys0_1,0.3740,0
70,ys1_1,0.3740,0
70,p01_1_q,0.3796,0
70,p01_4_q,0.3798,0
70,as1_2_q,0.3815,0
70,as0_4_q,0.3815,0
70,xs1_0_q,0.3815,0
70,xs1_2_q,0.3815,0
70,p11_4_q,0.3815,0
70,as1_0_q,0.3815,0
70,p11_1_q,0.3816,0
70,p11_0_q,0.3816,0
70,p00_2_q,0.3816,0
70,r_2_q,0.3912,0
70,r_0_q,0.3912,0
70,xs0_4_q,0.3927,0
70,ys1_3,0.3958,1
70,xs0_1_q,0.4028,0
70,xs0_3_q,0.4035,0
70,p01_2_q,0.4068,1
70,p10_1_q,0.4068,1
70,p10_0_q,0.4069,1
70,as0_0_q,0.4131,1
70,as0_2_q,0.4132,1
70,as0_1_q,0.4132,1
70,p00_4_q,0.4145,1
70,xs1_3_q,0.4578,1
70,bs0_1,0.4767,0
70,ts0_1,0.4799,0
70,p10_2,0.4896,0
70,p01_0,0.4896,0
70,p10_0,0.4896,0
70,p01_2,0.4896,0
70,bs1_2,0.5025,0
70,as0_0,0.5154,0
70,ts1_4,0.5248,1
70,as0_2,0.5312,0
70,bs0_4,0.5346,1
70,p00_1,0.5367,1
70,as1_4,0.5576,0
70,m01_3,0.5605,1
70,as1_2,0.5650,1
70,as1_0,0.5673,1
70,p11_3,0.5721,1
70,ys0_1_d,0.5827,1
70,bs0_2,0.5921,1
70,bs1_0,0.5926,1
70,ys1_3_d,0.5989,0
70,ys0_0_d,0.6067,0
70,m10_4,0.6251,0
70,p00_1,0.6263,0
70,p00_4,0.6277,0
70,ys0_2_d,0.6340,0
70,p11_3,0.6550,0
70,m10_1,0.6553,0
70,p01_3,0.6578,1
70,m01_0,0.6645,1
70,bs1_3,0.6750,1
70,m01_2,0.6817,1
70,p11_1,0.6826,1
70,m01_3,0.6836,0
70,p11_2,0.6843,1
70,p11_0,0.6849,1
70,m01_1,0.7040,1
70,ys0_3_d,0.7064,1
70,m01_4,0.7082,1
70,ys1_1_d,0.7093,1
70,ys1_0_d,0.7162,1
70,p10_4,0.7311,0
70,p10_1,0.7625,0
70,p01_0,0.7627,1
70,p01_2,0.7793,1
70,p01_3,0.7801,0
70,ys1_3_d,0.7826,1
70,p01_1,0.8014,1
70,p01_4,0.8061,1
71,ys0_0,0.3740,0
71,ys1_2,0.3740,0
71,ys0_2,0.3740,0
71,p10_4_q,0.3796,0
71,p10_0_q,0.3797,0
71,p10_1_q,0.3798,0
71,p10_2_q,0.3798,0
71,as0_2_q,0.3815,0
71,as0_0_q,0.3815,0
71,as1_4_q,0.3815,0
71,as0_3_q,0.3815,0
71,as0_1_q,0.3815,0
71,p00_4_q,0.3816,0
71,xs1_4_q,0.3929,0
71,ys0_1,0.3958,1
71,ys0_3,0.3958,1
71,ys1_1,0.3958,1
71,ys0_4,0.3958,1
71,ys1_0,0.3958,1
71,p01_4_q,0.4068,1
71,xs0_0_q,0.4121,1
71,p01_1_q,0.4126,1
71,as1_2_q,0.4131,1
71,as1_3_q,0.4131,1
71,as1_0_q,0.4131,1
71,xs0_2_q,0.4133,1
71,p11_0_q,0.4144,1
71,p11_1_q,0.4144,1
71,p11_2_q,0.4144,1
71,r_2_q,0.4386,1
71,r_0_q,0.4386,1
71,xs0_4_q,0.4478,1
71,ts1_4,0.4797,0
71,bs1_0,0.4944,0
71,p01_2,0.4978,0
71,p01_0,0.4978,0
71,bs0_2,0.5058,0
71,bs0_0,0.5134,0
71,as1_0,0.5146,0
71,bs0_1,0.5285,1
71,bs0_3,0.5291,1
71,bs1_4,0.5324,1
71,p10_0,0.5453,1
71,p10_2,0.5453,1
71,ts0_1,0.5478,1
71,ys0_2_d,0.5517,1
71,bs1_2,0.5636,1
71,as1_4,0.5839,1
71,as0_2,0.5991,1
71,ys1_1_d,0.6090,0
71,p11_0,0.6140,0
71,ys0_0_d,0.6238,1
71,ys1_3_d,0.6344,0
71,m01_4,0.6377,0
71,as0_4,0.6423,1
71,p11_3,0.7000,1
71,p00_1,0.7203,1
71,m01_3,0.7225,1
71,bs0_0,0.7337,1
71,m01_2,0.7385,0
71,m10_1,0.7421,1
71,p01_4,0.7457,0
71,p00_3,0.7636,1
71,m10_3,0.7855,1
71,ys0_0_d,0.7878,0
71,ys0_1_d,0.8078,0
71,p01_3,0.8197,1
71,p01_2,0.8384,1
71,p10_1,0.8391,1
71,p10_3,0.8835,1
72,ys0_1,0.3740,0
72,ys1_1,0.3740,0
72,ys1_3,0.3740,0
72,p01_4_q,0.3796,0
72,p01_0_q,0.3796,0
72,xs0_0_q,0.3815,0
72,as1_0_q,0.3815,0
72,p11_0_q,0.3816,0
72,r_2_q,0.3912,0
72,ys1_2,0.3958,1
72,ys0_2,0.3958,1
72,ys1_4,0.3958,1
72,p10_0_q,0.4068,1
72,p10_1_q,0.4075,1
72,p10_2_q,0.4075,1
72,p10_3_q,0.4109,1
72,p01_3_q,0.4109,1
72,p11_3_q,0.4113,1
72,p00_3_q,0.4113,1
72,as0_2_q,0.4130,1
72,as0_4_q,0.4131,1
72,p00_1_q,0.4131,1
72,as1_4_q,0.4131,1
72,r_1_q,0.4329,1
72,r_3_q,0.4329,1
72,r_4_q,0.4439,1
72,xs1_4_q,0.4446,1
72,xs0_1_q,0.4591,1
72,ts1_2,0.4673,0
72,ts1_1,0.4689,0
72,ts0_1,0.4733,0
72,ts0_0,0.4798,0
72,ts0_4,0.4807,0
72,bs1_4,0.4816,0
72,p10_1,0.4892,0
72,p01_1,0.4892,0
72,p10_3,0.4892,0
72,p01_3,0.4892,0
72,p01_2,0.4896,0
72,p10_2,0.4896,0
72,as1_4,0.5346,0
72,p10_4,0.5518,1
72,p01_4,0.5518,1
72,as0_2,0.5643,0
72,p00_0,0.5666,1
72,as0_0,0.5703,1
72,bs0_2,0.5799,1
72,p00_1,0.5815,0
72,bs0_3,0.5866,0
72,m01_1,0.5918,0
72,bs0_0,0.6002,0
72,bs1_1,0.6056,1
72,ys1_0_d,0.6107,0
72,ys0_2_d,0.6188,0
72,as1_0,0.6375,1
72,p11_3,0.6595,0
72,m01_3,0.6711,0
72,p00_0,0.6887,0
72,p01_1,0.6901,1
72,ys0_1_d,0.6932,1
72,m10_1,0.7061,0
72,ys0_0_d,0.7064,1
72,m01_0,0.7104,0
72,ys1_1_d,0.7145,1
72,m01_2,0.7287,1
72,p11_0,0.7566,1
72,p01_3,0.7709,1
72,m10_0,0.7793,1
72,p10_1,0.8066,1
72,p01_0,0.8123,1
72,p01_2,0.8263,1
72,p10_0,0.8283,0
73,ys1_4,0.3740,0
73,ys0_2,0.3740,0
73,ys1_0,0.3740,0
73,p10_0_q,0.3797,0
73,p10_3_q,0.3806,0
73,p10_2_q,0.3807,0
73,p11_3_q,0.3810,0
73,xs0_2_q,0.3814,0
73,as0_2_q,0.3815,0
73,as1_4_q,0.3815,0
73,p00_1_q,0.3815,0
73,r_4_q,0.3912,0
73,r_3_q,0.3922,0
73,r_0_q,0.3926,0
73,xs1_4_q,0.3926,0
73,xs0_4_q,0.3933,0
73,ys0_1,0.3958,1
73,ys1_1,0.3958,1
73,ys0_0,0.3958,1
73,xs1_1_q,0.4017,0
73,xs1_3_q,0.4025,0
73,xs0_1_q,0.4039,0
73,p01_4_q,0.4127,1
73,p01_0_q,0.4127,1
73,p10_4_q,0.4128,1
73,as1_0_q,0.4131,1
73,as0_1_q,0.4131,1
73,as0_0_q,0.4132,1
73,p11_0_q,0.4144,1
73,xs0_0_q,0.4148,1
73,r_2_q,0.4386,1
73,xs0_3_q,0.4567,1
73,bs0_1,0.4765,0
73,p10_3,0.4820,1
73,p10_0,0.4827,1
73,p01_4,0.4896,0
73,p10_4,0.4896,0
73,p01_3,0.4898,0
73,p01_0,0.4902,0
73,ts1_2,0.4959,1
73,p01_2,0.4975,0
73,bs0_2,0.5065,0
73,p11_1,0.5066,0
73,as1_0,0.5170,0
73,m10_3,0.5193,0
73,p11_0,0.5202,0
73,p11_2,0.5215,0
73,as1_2,0.5283,0
73,m01_2,0.5322,0
73,ts0_1,0.5358,1
73,m10_0,0.5360,0
73,ts1_4,0.5445,1
73,ts0_0,0.5446,1
73,p10_2,0.5448,1
73,bs1_4,0.5466,1
73,ys0_2_d,0.5536,1
73,ts0_4,0.5571,1
73,p00_2,0.5646,1
73,bs1_1,0.5751,0
73,m01_1,0.5756,1
73,p00_3,0.5783,0
73,m01_1,0.6005,0
73,ys0_3_d,0.6053,0
73,bs1_0,0.6117,1
73,p01_2,0.6140,1
73,ys0_1_d,0.6153,0
73,p10_3,0.6192,0
73,bs1_3,0.6247,0
73,bs0_4,0.6305,0
73,p10_0,0.6363,0
73,bs0_3,0.7082,1
73,ys1_3_d,0.7382,1
73,ys0_0_d,0.7406,0
73,ys0_3_d,0.8184,1
74,ys0_0,0.3740,0
74,ys0_1,0.3740,0
74,ys0_4,0.3740,0
74,p10_4_q,0.3795,0
74,p01_0_q,0.3796,0
74,p01_4_q,0.3796,0
74,p01_3_q,0.3806,0
74,p00_3_q,0.3810,0
74,as1_0_q,0.3814,0
74,p11_0_q,0.3815,0
74,xs0_0_q,0.3815,0
74,p11_1_q,0.3815,0
74,as1_2_q,0.3815,0
74,as1_3_q,0.3815,0
74,as1_1_q,0.3815,0
74,as0_1_q,0.3815,0
74,p11_2_q,0.3816,0
74,r_2_q,0.3912,0
74,ys1_4,0.3958,1
74,ys0_2,0.3958,1
74,ys1_3,0.3958,1
74,p10_2_q,0.4068,1
74,xs0_2_q,0.4122,1
74,as0_3_q,0.4131,1
74,p00_2_q,0.4132,1
74,xs1_4_q,0.4431,1
74,r_4_q,0.4445,1
74,xs1_3_q,0.4637,1
74,xs0_1_q,0.4692,1
74,ts0_2,0.4772,0
74,ts0_4,0.4797,0
74,ts0_0,0.4821,0
74,ts1_4,0.4835,0
74,p10_2,0.4896,0
74,p01_2,0.4896,0
74,ts1_0,0.4967,0
74,bs1_2,0.5030,0
74,ts1_1,0.5055,1
74,as0_0,0.5111,0
74,bs1_1,0.5255,1
74,p10_4,0.5529,1
74,p01_4,0.5529,1
74,ys1_1_d,0.5921,0
74,m10_3,0.5937,1
74,m01_2,0.5939,1
74,bs1_4,0.6077,0
74,as1_0,0.6330,1
74,bs0_4,0.6349,1
74,p00_0,0.6410,1
74,ys1_3_d,0.6505,0
74,p10_3,0.6910,1
74,p01_2,0.6914,1
74,ys1_0_d,0.6962,1
74,ys0_0_d,0.7490,1
74,m10_0,0.7725,1
74,p10_0,0.8697,1
75,ys1_3,0.3740,0
75,ys1_4,0.3740,0
75,ys1_1,0.3740,0
75,ys1_2,0.3740,0
75,p10_2_q,0.3796,0
75,xs0_2_q,0.3813,0
75,as0_0_q,0.3815,0
75,xs1_4_q,0.3929,0
75,ys0_0,0.3958,1
75,ys0_4,0.3958,1
75,ys1_0,0.3958,1
75,xs1_3_q,0.4025,0
75,xs0_1_q,0.4038,0
75,xs0_0_q,0.4119,1
75,p10_3_q,0.4126,1
75,p10_0_q,0.4126,1
75,p01_4_q,0.4127,1
75,p10_4_q,0.4128,1
75,as1_3_q,0.4131,1
75,as0_1_q,0.4131,1
75,as1_0_q,0.4132,1
75,p00_0_q,0.4133,1
75,xs1_2_q,0.4133,1
75,xs1_0_q,0.4148,1
75,r_0_q,0.4386,1
75,xs0_4_q,0.4472,1
75,ts1_2,0.4807,0
75,bs1_0,0.4959,0
75,p10_0,0.4975,0
75,m10_3,0.5196,0
75,p00_0,0.5229,0
75,m01_2,0.5322,0
75,m10_0,0.5343,0
75,as0_4,0.5386,0
75,ts0_0,0.5428,1
75,ts0_4,0.5446,1
75,p01_0,0.5453,1
75,bs0_1,0.5522,1
75,ts1_3,0.5571,1
75,ts1_0,0.5578,1
75,ts1_4,0.5608,1
75,bs1_1,0.5862,0
75,as1_2,0.5949,1
75,bs0_0,0.5987,1
75,ys1_1_d,0.5994,1
75,p10_0,0.6184,1
75,ys1_0_d,0.6210,0
75,bs0_3,0.6249,0
75,bs0_4,0.6256,0
75,p10_3,0.6272,0
75,p01_2,0.6399,0
75,ys1_1_d,0.6764,0
75,m01_4,0.7002,1
75,bs1_4,0.7272,1
75,m10_2,0.7335,1
75,bs1_2,0.7336,1
75,m01_1,0.7338,1
75,ys0_3_d,0.7437,0
75,p01_4,0.7494,0
75,p01_1,0.7833,0
75,p10_2,0.8316,1
75,ys1_0_d,0.8399,1
75,ys1_3_d,0.8475,1
76,ys0_4,0.3740,0
76,ys0_3,0.3740,0
76,p01_4_q,0.3796,0
76,p10_3_q,0.3796,0
76,p01_1_q,0.3796,0
76,p01_2_q,0.3812,0
76,as0_1_q,0.3814,0
76,as1_3_q,0.3814,0
76,xs1_0_q,0.3815,0
76,as0_4_q,0.3815,0
76,xs1_2_q,0.3815,0
76,p00_0_q,0.3816,0
76,r_1_q,0.3926,0
76,xs0_4_q,0.3943,0
76,ys1_3,0.3958,1
76,ys1_2,0.3958,1
76,ys1_4,0.3958,1
76,p01_0_q,0.4068,1
76,p10_2_q,0.4127,1
76,xs0_2_q,0.4131,1
76,as1_2_q,0.4131,1
76,r_3_q,0.4442,1
76,xs1_1_q,0.4554,1
76,ts1_3,0.4798,0
76,ts0_1,0.4807,0
76,ts0_4,0.4821,0
76,p01_1,0.4827,1
76,ts0_2,0.4895,1
76,p10_1,0.4902,0
76,as1_0,0.5079,0
76,bs1_3,0.5253,1
76,bs0_4,0.5348,1
76,p01_3,0.5522,1
76,p10_3,0.5525,1
76,ts1_2,0.5572,1
76,p11_1,0.5609,1
76,as0_0,0.5732,1
76,m01_0,0.5823,1
76,as0_4,0.5858,1
76,ys1_3_d,0.5968,0
76,as0_2,0.5976,1
76,bs0_0,0.6012,0
76,bs0_3,0.6114,1
76,p01_0,0.6308,0
76,m01_4,0.6328,0
76,ys0_1_d,0.6943,1
76,m01_0,0.7001,0
76,bs1_1,0.7107,1
76,p00_1,0.7188,1
76,ys0_3_d,0.7220,1
76,p00_2,0.7258,0
76,p01_4,0.7349,1
76,m10_1,0.7419,1
76,p01_0,0.7975,1
76,ys1_1_d,0.8215,1
76,p10_1,0.8397,1
77,ys1_3,0.3740,0
77,p00_2_q,0.3815,0
77,as1_0_q,0.3815,0
77,r_0_q,0.3912,0
77,ys0_3,0.3958,1
77,ys0_4,0.3958,1
77,ys1_1,0.3958,1
77,ys0_1,0.3958,1
77,xs1_1_q,0.4031,0
77,p01_1_q,0.4113,1
77,p00_1_q,0.4117,1
77,xs1_0_q,0.4119,1
77,p01_3_q,0.4126,1
77,p01_4_q,0.4127,1
77,p10_3_q,0.4127,1
77,as0_2_q,0.4131,1
77,as0_4_q,0.4131,1
77,p11_1_q,0.4131,1
77,as1_1_q,0.4131,1
77,as0_0_q,0.4133,1
77,xs1_2_q,0.4146,1
77,r_2_q,0.4383,1
77,xs1_4_q,0.4468,1
77,xs0_1_q,0.4591,1
77,bs1_1,0.4764,0
77,ts1_1,0.4769,0
77,bs0_4,0.4812,0
77,p01_0,0.4896,0
77,p10_0,0.4896,0
77,ts0_2,0.4967,0
77,p10_2,0.4970,0
77,p11_1,0.5063,0
77,m10_1,0.5175,0
77,ts0_4,0.5445,1
77,ts1_3,0.5446,1
77,p01_2,0.5450,1
77,ts0_3,0.5620,1
77,as0_2,0.5644,0
77,p00_1,0.5816,0
77,m01_1,0.5920,0
77,bs0_1,0.6025,0
77,bs0_0,0.6106,1
77,bs0_3,0.6247,0
77,p10_1,0.6250,0
77,bs1_2,0.6333,0
77,as1_4,0.6384,1
77,ys1_1_d,0.6386,0
77,p01_1,0.6996,0
77,p00_2,0.7067,1
77,ys1_3_d,0.7323,1
77,ys0_3_d,0.7459,0
77,m10_4,0.7772,1
77,p10_4,0.8268,0
78,ys0_4,0.3740,0
78,ys0_3,0.3740,0
78,ys1_1,0.3740,0
78,ys1_2,0.3740,0
78,p10_2_q,0.3795,0
78,p10_4_q,0.3796,0
78,p01_0_q,0.3796,0
78,p10_0_q,0.3796,0
78,p01_1_q,0.3806,0
78,p10_1_q,0.3806,0
78,p00_1_q,0.3810,0
78,p11_1_q,0.3810,0
78,xs1_0_q,0.3813,0
78,xs0_2_q,0.3814,0
78,as0_2_q,0.3814,0
78,as1_1_q,0.3815,0
78,xs1_2_q,0.3815,0
78,xs0_0_q,0.3815,0
78,r_3_q,0.3912,0
78,r_2_q,0.3922,0
78,r_4_q,0.3926,0
78,xs1_4_q,0.3936,0
78,ys1_3,0.3958,1
78,xs0_1_q,0.4039,0
78,p01_2_q,0.4109,1
78,p00_2_q,0.4113,1
78,as1_4_q,0.4131,1
78,as0_1_q,0.4133,1
78,xs0_4_q,0.4364,1
78,r_1_q,0.4439,1
78,r_0_q,0.4445,1
78,xs1_1_q,0.4549,1
78,ts1_0,0.4798,0
78,ts1_4,0.4807,0
78,p10_2,0.4820,1
78,ts0_0,0.4826,0
78,p10_4,0.4827,1
78,ts1_2,0.4833,0
78,p10_3,0.4896,0
78,p01_3,0.4896,0
78,p01_2,0.4898,0
78,p01_4,0.4902,0
78,as0_4,0.5255,0
78,as1_4,0.5297,0
78,p10_1,0.5518,1
78,p10_0,0.5529,1
78,p01_0,0.5529,1
78,bs0_1,0.5555,1
78,p01_1,0.5564,1
78,m01_1,0.5590,1
78,p11_1,0.5594,1
78,bs0_2,0.5619,1
78,p01_1,0.5665,0
78,bs1_3,0.5864,0
78,ys0_2_d,0.6042,0
78,ys0_1_d,0.6187,0
78,bs0_4,0.6227,1
78,m10_4,0.6401,0
78,p00_4,0.6650,1
78,ys0_3_d,0.6767,1
78,ys0_0_d,0.6910,0
78,ys1_3_d,0.6958,0
78,p10_4,0.7460,0
79,ys1_3,0.3740,0
79,ys0_1,0.3740,0
79,ys0_0,0.3740,0
79,ys0_2,0.3740,0
79,p01_3_q,0.3796,0
79,p10_3_q,0.3796,0
79,p01_4_q,0.3798,0
79,p01_2_q,0.3812,0
79,as0_1_q,0.3814,0
79,as1_4_q,0.3815,0
79,as0_4_q,0.3815,0
79,r_1_q,0.3926,0
79,xs0_4_q,0.3929,0
79,ys0_3,0.3958,1
79,ys0_4,0.3958,1
79,xs1_1_q,0.4021,0
79,p10_1_q,0.4108,1
79,p11_1_q,0.4112,1
79,xs1_0_q,0.4119,1
79,p01_0_q,0.4126,1
79,p10_0_q,0.4126,1
79,p10_2_q,0.4128,1
79,as1_1_q,0.4131,1
79,p00_4_q,0.4145,1
79,xs1_2_q,0.4147,1
79,r_2_q,0.4385,1
79,xs1_4_q,0.4453,1
79,xs1_3_q,0.4631,1
79,xs0_1_q,0.4644,1
79,ts0_3,0.4807,0
79,ts1_3,0.4821,0
79,p01_1,0.4827,1
79,ts0_2,0.4892,1
79,p10_1,0.4901,0
79,p10_2,0.4978,0
79,bs1_4,0.5040,0
79,p11_1,0.5051,0
79,bs0_4,0.5052,0
79,as0_0,0.5156,0
79,p01_2,0.5447,1
79,ts1_0,0.5488,1
79,ts0_0,0.5489,1
79,ts1_2,0.5608,1
79,p11_2,0.5707,1
79,as0_4,0.5839,1
79,m01_2,0.5918,1
79,bs0_2,0.5932,0
79,ys0_0_d,0.5936,1
79,m01_1,0.5983,0
79,ys1_0_d,0.6015,0
79,p01_2,0.6233,0
79,p00_4,0.6299,0
79,bs1_2,0.6342,1
79,ys0_2_d,0.6404,1
79,p00_0,0.6449,1
79,as0_2,0.6631,1
79,ys0_3_d,0.6916,0
79,bs0_4,0.6985,1
79,p01_1,0.7033,0
79,bs1_4,0.7104,1
79,m10_3,0.7279,1
79,ys1_3_d,0.7480,1
79,ys0_0_d,0.7561,0
79,p00_2,0.7920,0
79,m01_2,0.8026,0
79,ys1_0_d,0.8237,1
79,p10_3,0.8258,1
79,p01_2,0.9020,1
80,ys0_3,0.3740,0
80,p10_2_q,0.3797,0
80,p10_1_q,0.3806,0
80,p11_1_q,0.3810,0
80,xs1_0_q,0.3813,0
80,as1_1_q,0.3814,0
80,p00_4_q,0.3815,0
80,as0_0_q,0.3815,0
80,p00_2_q,0.3816,0
80,r_2_q,0.3922,0
80,xs1_4_q,0.3934,0
80,ys1_3,0.3958,1
80,ys0_2,0.3958,1
80,ys1_2,0.3958,1
80,xs1_3_q,0.4025,0
80,p01_2_q,0.4068,1
80,p10_3_q,0.4127,1
80,as0_4_q,0.4131,1
80,as0_1_q,0.4131,1
80,p00_0_q,0.4131,1
80,xs0_2_q,0.4132,1
80,as0_2_q,0.4133,1
80,as1_3_q,0.4133,1
80,p11_2_q,0.4144,1
80,r_3_q,0.4386,1
80,r_1_q,0.4442,1
80,r_4_q,0.4442,1
80,xs1_1_q,0.4584,1
80,ts0_0,0.4717,0
80,bs0_1,0.4765,0
80,p10_2,0.4820,1
80,p01_2,0.4898,0
80,as0_2,0.4919,0
80,p10_3,0.4977,0
80,ts0_4,0.4980,0
80,bs0_0,0.5133,0
80,m10_3,0.5194,0
80,p11_2,0.5212,0
80,bs1_1,0.5244,1
80,ts1_3,0.5445,1
80,p01_3,0.5452,1
80,p10_1,0.5520,1
80,p01_4,0.5522,1
80,p01_1,0.5525,1
80,p10_4,0.5525,1
80,bs1_3,0.5555,1
80,as1_2,0.5619,0
80,p11_1,0.5689,1
80,p10_3,0.5815,1
80,m01_0,0.5857,1
80,bs0_2,0.5918,1
80,ys0_0_d,0.6189,1
80,bs1_2,0.6281,0
80,p00_2,0.6311,1
80,bs0_3,0.6333,1
80,ys0_2_d,0.6345,0
80,p01_0,0.6352,0
80,ys1_1_d,0.6360,1
80,p11_1,0.6663,0
80,m10_2,0.6881,0
80,p10_2,0.7960,0
81,ys1_2,0.3740,0
81,ys0_2,0.3740,0
81,p01_2_q,0.3798,0
81,p01_0_q,0.3812,0
81,xs0_2_q,0.3813,0
81,as1_3_q,0.3815,0
81,p11_2_q,0.3815,0
81,as0_2_q,0.3815,0
81,xs1_2_q,0.3815,0
81,as1_2_q,0.3815,0
81,r_4_q,0.3912,0
81,r_0_q,0.3926,0
81,ys0_0,0.3958,1
81,ys1_1,0.3958,1
81,xs0_3_q,0.4028,0
81,xs0_1_q,0.4037,0
81,xs1_0_q,0.4119,1
81,p10_1_q,0.4126,1
81,p01_3_q,0.4126,1
81,p10_4_q,0.4126,1
81,p01_4_q,0.4126,1
81,p01_1_q,0.4126,1
81,as1_1_q,0.4131,1
81,xs0_0_q,0.4133,1
81,p00_2_q,0.4144,1
81,r_2_q,0.4442,1
81,xs1_4_q,0.4453,1
81,xs1_3_q,0.4635,1
81,bs1_1,0.4775,0
81,p01_0,0.4827,1
81,p10_4,0.4896,0
81,p01_4,0.4896,0
81,p10_0,0.4902,0
81,ts1_2,0.4959,0
81,ts0_0,0.4968,1
81,bs1_3,0.5005,0
81,bs0_2,0.5088,0
81,p00_2,0.5207,0
81,p00_0,0.5227,0
81,as0_4,0.5306,0
81,bs1_2,0.5321,1
81,p00_3,0.5369,1
81,ts0_4,0.5451,1
81,ts0_3,0.5486,1
81,bs1_1,0.5490,1
81,ts1_4,0.5492,1
81,p01_2,0.5513,1
81,p10_2,0.5525,1
81,ys0_2_d,0.5555,1
81,ts0_1,0.5571,1
81,ts1_1,0.5574,1
81,as1_2,0.5647,1
81,bs0_4,0.5814,0
81,m01_2,0.5930,1
81,as0_0,0.5969,1
81,ys0_3_d,0.5992,1
81,p01_2,0.6221,0
81,p00_3,0.6252,0
81,bs0_3,0.6253,0
81,p11_1,0.6825,1
81,p11_2,0.6843,1
81,ys0_0_d,0.6937,0
81,bs1_3,0.6938,1
81,bs0_2,0.7021,1
81,m01_1,0.7037,1
81,p00_4,0.7209,1
81,m01_0,0.7363,0
81,ys0_2_d,0.7429,0
81,p01_1,0.7531,0
81,ys1_3_d,0.7574,0
81,bs1_0,0.7668,1
81,bs0_0,0.7744,1
81,ys1_1_d,0.8413,0
81,ys1_0_d,0.8426,0
81,p01_0,0.8427,0
81,ys0_0_d,0.8858,1
81,ys0_1_d,0.8914,1
82,ys1_1,0.3740,0
82,ys1_3,0.3740,0
82,ys0_4,0.3740,0
82,ys1_0,0.3740,0
82,p10_0_q,0.3796,0
82,p01_1_q,0.3796,0
82,p10_4_q,0.3796,0
82,p01_4_q,0.3797,0
82,p00_2_q,0.3814,0
82,p00_0_q,0.3815,0
82,as0_4_q,0.3815,0
82,as0_1_q,0.3815,0
82,as0_3_q,0.3815,0
82,xs0_0_q,0.3815,0
82,r_3_q,0.3912,0
82,r_2_q,0.3926,0
82,r_1_q,0.3926,0
82,xs1_4_q,0.3943,0
82,ys1_2,0.3958,1
82,ys0_3,0.3958,1
82,ys0_1,0.3958,1
82,p10_2_q,0.4109,1
82,p11_2_q,0.4112,1
82,xs0_2_q,0.4131,1
82,as1_3_q,0.4131,1
82,p11_1_q,0.4131,1
82,as0_0_q,0.4131,1
82,as1_2_q,0.4131,1
82,xs1_2_q,0.4132,1
82,p00_4_q,0.4144,1
82,xs0_4_q,0.4366,1
82,r_0_q,0.4442,1
82,ts1_1,0.4733,0
82,ts1_4,0.4797,0
82,ts0_1,0.4799,0
82,ts1_0,0.4807,0
82,p01_1,0.4827,1
82,p01_2,0.4827,1
82,bs1_2,0.4828,0
82,p10_3,0.4896,0
82,p01_3,0.4896,0
82,as1_2,0.4901,0
82,p10_2,0.4901,0
82,p10_1,0.4902,0
82,ts0_2,0.4992,0
82,ts0_0,0.4992,0
82,bs0_3,0.5250,1
82,bs0_1,0.5273,1
82,bs0_4,0.5385,1
82,p10_0,0.5521,1
82,p01_0,0.5525,1
82,bs0_4,0.5594,0
82,bs0_1,0.5677,0
82,as1_0,0.5701,1
82,ys1_3_d,0.5816,1
82,as1_4,0.5867,1
82,ys0_3_d,0.5894,0
82,bs1_4,0.5913,0
82,as0_2,0.5981,1
82,bs1_0,0.5998,0
82,p11_2,0.6021,0
82,p11_1,0.6153,0
82,m01_1,0.6269,0
82,as0_4,0.6305,1
82,p11_0,0.6872,1
82,ys1_1_d,0.6929,1
82,p11_3,0.7063,1
82,p00_1,0.7193,1
82,p11_4,0.7254,1
82,m10_4,0.7284,1
82,m01_3,0.7292,1
82,p01_1,0.7330,0
82,m01_2,0.7375,0
82,m10_1,0.7414,1
82,p00_3,0.7515,1
82,p00_4,0.7586,0
82,m10_3,0.7736,1
82,p10_4,0.8262,1
82,p01_3,0.8265,1
82,p10_1,0.8391,1
82,p01_2,0.8440,0
82,p10_3,0.8720,1
83,ys0_3,0.3740,0
83,ys1_2,0.3740,0
83,ys1_4,0.3740,0
83,p10_2_q,0.3806,0
83,p11_2_q,0.3810,0
83,xs1_2_q,0.3813,0
83,p00_4_q,0.3815,0
83,as1_2_q,0.3815,0
83,p11_1_q,0.3815,0
83,xs0_2_q,0.3815,0
83,xs1_0_q,0.3815,0
83,xs0_4_q,0.3930,0
83,ys1_3,0.3958,1
83,ys1_1,0.3958,1
83,xs1_1_q,0.4027,0
83,xs1_3_q,0.4029,0
83,p10_4_q,0.4112,1
83,p10_0_q,0.4113,1
83,p11_4_q,0.4117,1
83,p11_0_q,0.4117,1
83,p01_0_q,0.4126,1
83,as0_2_q,0.4131,1
83,p00_3_q,0.4132,1
83,as0_4_q,0.4132,1
83,p11_3_q,0.4132,1
83,as1_0_q,0.4132,1
83,as1_4_q,0.4133,1
83,p00_1_q,0.4133,1
83,r_3_q,0.4329,1
83,xs1_4_q,0.4378,1
83,r_1_q,0.4383,1
83,r_4_q,0.4386,1
83,r_2_q,0.4442,1
83,xs0_1_q,0.4565,1
83,xs0_3_q,0.4567,1
83,ts0_3,0.4718,0
83,ts1_3,0.4772,0
83,p10_3,0.4889,0
83,p01_3,0.4892,0
83,ts0_4,0.4967,0
83,p10_1,0.4968,0
83,p10_4,0.4978,0
83,p11_3,0.5065,0
83,as0_0,0.5160,0
83,m10_3,0.5177,0
83,m10_1,0.5197,0
83,p11_0,0.5209,0
83,ts1_1,0.5359,1
83,ts0_1,0.5429,1
83,p01_1,0.5449,1
83,p01_4,0.5453,1
83,p10_2,0.5521,1
83,p01_2,0.5525,1
83,ts0_0,0.5619,1
83,bs1_4,0.5776,1
83,p00_1,0.5782,0
83,p00_3,0.5783,0
83,p10_1,0.5841,1
83,m10_0,0.5854,1
83,m01_3,0.5894,0
83,p10_3,0.5921,1
83,bs0_3,0.6023,0
83,p10_0,0.6348,0
83,m10_4,0.6397,0
83,bs0_0,0.6423,0
83,p00_0,0.6450,1
83,p01_3,0.6880,1
83,ys1_0_d,0.6921,1
83,ys0_3_d,0.7034,1
83,p10_4,0.7392,1
83,ys0_1_d,0.7593,0
83,ys0_0_d,0.7725,0
84,ys0_1,0.3740,0
84,ys0_0,0.3740,0
84,p10_0_q,0.3806,0
84,p11_0_q,0.3810,0
84,as1_3_q,0.3815,0
84,as1_1_q,0.3815,0
84,as0_0_q,0.3815,0
84,p00_3_q,0.3815,0
84,p11_3_q,0.3815,0
84,p00_1_q,0.3816,0
84,r_2_q,0.3912,0
84,r_1_q,0.3912,0
84,r_4_q,0.3912,0
84,r_3_q,0.3912,0
84,xs1_4_q,0.3933,0
84,ys0_3,0.3958,1
84,ys1_4,0.3958,1
84,ys1_0,0.3958,1
84,xs0_3_q,0.4030,0
84,p01_1_q,0.4068,1
84,xs0_0_q,0.4121,1
84,p10_2_q,0.4124,1
84,p01_4_q,0.4126,1
84,p01_2_q,0.4126,1
84,xs1_2_q,0.4131,1
84,p00_0_q,0.4131,1
84,as0_1_q,0.4132,1
84,xs0_2_q,0.4132,1
84,as0_3_q,0.4133,1
84,xs1_0_q,0.4148,1
84,xs0_4_q,0.4497,1
84,xs1_3_q,0.4559,1
84,ts0_0,0.4751,0
84,p10_2,0.4896,0
84,p10_1,0.4896,0
84,p01_1,0.4896,0
84,p10_4,0.4896,0
84,p01_4,0.4896,0
84,p01_2,0.4896,0
84,p10_3,0.4896,0
84,p01_3,0.4897,0
84,as0_2,0.4918,0
84,bs1_1,0.4994,0
84,bs1_3,0.4999,0
84,ts0_3,0.5127,1
84,ts1_3,0.5248,1
84,p00_3,0.5346,1
84,ts1_2,0.5502,1
84,m01_3,0.5554,1
84,p11_3,0.5611,1
84,ts0_2,0.5617,1
84,ts0_4,0.5621,1
84,m10_3,0.5824,1
84,bs0_0,0.5907,1
84,as1_2,0.5950,1
84,bs0_2,0.6033,0
84,ys1_3_d,0.6085,0
84,ys1_1_d,0.6088,0
84,bs0_4,0.6382,1
84,p01_3,0.6506,1
84,m01_2,0.6546,1
84,ys0_2_d,0.6630,1
84,p10_3,0.6791,1
84,bs1_1,0.6925,1
84,bs1_2,0.6925,1
84,ys0_1_d,0.7096,1
84,p11_2,0.7127,1
84,ys0_3_d,0.7206,0
84,p01_2,0.7528,1
84,ys1_1_d,0.7997,1
84,ys1_3_d,0.8032,1
85,ys0_3,0.3740,0
85,p01_4_q,0.3795,0
85,p01_1_q,0.3796,0
85,p10_1_q,0.3796,0
85,p10_2_q,0.3798,0
85,p10_4_q,0.3812,0
85,as0_3_q,0.3814,0
85,xs1_2_q,0.3815,0
85,as0_2_q,0.3815,0
85,xs0_2_q,0.3815,0
85,ys0_1,0.3958,1
85,ys1_2,0.3958,1
85,ys0_4,0.3958,1
85,ys0_2,0.3958,1
85,xs1_3_q,0.4027,0
85,as1_3_q,0.4130,1
85,p00_3_q,0.4131,1
85,p11_3_q,0.4131,1
85,as1_2_q,0.4131,1
85,p11_2_q,0.4144,1
85,r_2_q,0.4386,1
85,r_4_q,0.4445,1
85,r_1_q,0.4445,1
85,xs0_3_q,0.4591,1
85,ts1_3,0.4716,0
85,ts0_3,0.4773,0
85,ts0_1,0.4807,0
85,ts1_1,0.4822,0
85,ts0_4,0.4835,0
85,p01_2,0.4975,0
85,p11_3,0.5078,0
85,as1_2,0.5099,0
85,ts1_4,0.5183,1
85,m10_3,0.5191,0
85,p11_2,0.5219,0
85,as1_4,0.5299,0
85,m01_2,0.5316,0
85,p10_2,0.5450,1
85,p01_1,0.5529,1
85,p10_4,0.5529,1
85,p01_4,0.5529,1
85,p10_1,0.5529,1
85,as0_4,0.5650,0
85,p00_2,0.5667,1
85,as0_2,0.5678,1
85,p00_3,0.5816,0
85,m01_3,0.5842,0
85,bs0_0,0.5994,0
85,p01_2,0.6129,1
85,p10_3,0.6265,0
85,p11_4,0.6291,0
85,bs1_0,0.6668,1
85,p00_2,0.6852,0
85,p01_3,0.6900,0
85,ys0_1_d,0.7010,0
85,ys0_0_d,0.7088,1
85,m01_4,0.7289,1
85,ys1_1_d,0.7404,0
85,ys1_0_d,0.7417,0
85,p01_4,0.7773,0
86,ys0_1,0.3740,0
86,ys1_0,0.3740,0
86,ys1_1,0.3740,0
86,p10_3_q,0.3806,0
86,p01_3_q,0.3806,0
86,p11_3_q,0.3810,0
86,p00_3_q,0.3810,0
86,xs0_0_q,0.3813,0
86,as1_2_q,0.3814,0
86,as1_3_q,0.3814,0
86,as0_4_q,0.3815,0
86,as1_4_q,0.3815,0
86,xs1_0_q,0.3815,0
86,p11_2_q,0.3816,0
86,p11_4_q,0.3816,0
86,r_2_q,0.3912,0
86,r_1_q,0.3912,0
86,r_0_q,0.3926,0
86,r_4_q,0.3926,0
86,xs0_4_q,0.3936,0
86,ys0_0,0.3958,1
86,xs0_1_q,0.4031,0
86,p10_4_q,0.4068,1
86,p10_2_q,0.4068,1
86,xs1_2_q,0.4122,1
86,p01_1_q,0.4127,1
86,p10_1_q,0.4127,1
86,as0_2_q,0.4129,1
86,as0_3_q,0.4132,1
86,xs0_2_q,0.4146,1
86,xs1_4_q,0.4365,1
86,xs1_1_q,0.4684,1
86,p01_4,0.4827,1
86,p10_0,0.4832,1
86,p10_2,0.4896,0
86,p01_2,0.4896,0
86,p01_1,0.4896,0
86,p10_1,0.4896,0
86,p10_4,0.4902,0
86,p01_0,0.4902,0
86,bs0_4,0.5035,0
86,bs1_4,0.5046,0
86,bs1_2,0.5104,0
86,p00_0,0.5192,0
86,bs1_3,0.5289,1
86,m10_0,0.5306,0
86,p00_1,0.5342,1
86,ts1_1,0.5446,1
86,bs0_3,0.5520,1
86,ts0_1,0.5572,1
86,p11_0,0.5732,1
86,as0_4,0.5879,1
86,ys1_0_d,0.5929,1
86,m10_1,0.5948,1
86,m01_0,0.5955,1
86,bs0_2,0.5981,1
86,ys0_0_d,0.6005,0
86,as1_4,0.6258,1
86,p10_0,0.6303,0
86,ys0_2_d,0.6384,0
86,bs1_0,0.6473,0
86,p10_1,0.6926,1
86,p01_0,0.6933,1
86,m01_4,0.7274,0
86,p11_4,0.7418,1
86,ys1_1_d,0.7534,1
86,ys1_0_d,0.7675,0
86,bs0_0,0.7744,1
86,p01_4,0.8338,0
86,ys0_1_d,0.8914,1
86,ys0_0_d,0.8982,1
87,ys0_4,0.3740,0
87,ys1_2,0.3740,0
87,ys0_2,0.3740,0
87,ys1_4,0.3740,0
87,p01_2_q,0.3796,0
87,p10_2_q,0.3796,0
87,p10_4_q,0.3798,0
87,p01_1_q,0.3798,0
87,as0_1_q,0.3814,0
87,xs0_2_q,0.3815,0
87,p00_0_q,0.3815,0
87,xs1_4_q,0.3930,0
87,ys0_1,0.3958,1
87,ys1_1,0.3958,1
87,xs0_3_q,0.4028,0
87,as0_4_q,0.4130,1
87,as1_4_q,0.4131,1
87,p11_0_q,0.4131,1
87,as1_1_q,0.4131,1
87,p11_4_q,0.4144,1
87,p00_1_q,0.4144,1
87,xs1_3_q,0.4561,1
87,ts1_2,0.4797,0
87,ts0_2,0.4835,0
87,as0_2,0.5110,0
87,as1_0,0.5148,0
87,as0_4,0.5312,0
87,ts0_0,0.5340,1
87,p00_3,0.5367,1
87,ts1_0,0.5544,1
87,m01_3,0.5570,1
87,p11_3,0.5618,1
87,p11_0,0.6142,0
87,p00_1,0.6233,0
87,p00_3,0.6263,0
87,p11_4,0.6267,0
87,m10_1,0.6349,0
87,p01_3,0.6545,1
87,m01_2,0.6619,1
87,p10_1,0.7426,0
87,p01_2,0.7596,1
88,p10_1_q,0.3795,0
88,xs1_2_q,0.3813,0
88,as0_4_q,0.3814,0
88,p00_1_q,0.3815,0
88,p11_0_q,0.3815,0
88,p11_4_q,0.3815,0
88,as0_3_q,0.3815,0
88,as0_2_q,0.3815,0
88,as1_0_q,0.3815,0
88,xs1_3_q,0.4017,0
88,xs1_1_q,0.4018,0
88,xs0_0_q,0.4119,1
88,p01_3_q,0.4125,1
88,p01_2_q,0.4128,1
88,p11_3_q,0.4131,1
88,as1_3_q,0.4131,1
88,r_0_q,0.4383,1
88,xs0_4_q,0.4473,1
88,xs0_1_q,0.4651,1
88,bs1_3,0.4776,0
88,ts1_1,0.4834,0
88,ts1_4,0.4959,0
88,p01_0,0.4967,0
88,ts0_1,0.4967,0
88,ts1_0,0.4981,0
88,bs0_3,0.4987,0
88,p11_3,0.5066,0
88,bs0_2,0.5068,0
88,as1_4,0.5275,0
88,m01_2,0.5305,0
88,m01_0,0.5312,0
88,bs0_4,0.5346,1
88,p10_0,0.5450,1
88,bs1_3,0.5488,1
88,ts0_3,0.5494,1
88,ts1_3,0.5537,1
88,ys0_2_d,0.5549,1
88,ts0_2,0.5567,1
88,p00_0,0.5756,1
88,ys0_0_d,0.6070,0
88,p01_0,0.6129,1
88,bs0_0,0.6156,0
88,p01_2,0.6381,0
88,as0_4,0.6424,1
88,m01_3,0.6503,0
88,bs1_4,0.6511,1
88,ys0_0_d,0.6623,1
88,as0_2,0.6651,1
88,bs0_1,0.7114,1
88,bs0_2,0.7138,1
88,bs1_2,0.7191,1
88,ys0_2_d,0.7559,0
88,p01_3,0.7579,0
88,p00_3,0.7637,1
88,ys1_0_d,0.7646,1
88,ys1_3_d,0.7882,0
88,ys0_3_d,0.8279,1
89,ys1_3,0.3740,0
89,p01_2_q,0.3796,0
89,p01_3_q,0.3798,0
89,xs0_0_q,0.3813,0
89,p11_3_q,0.3815,0
89,as1_3_q,0.3815,0
89,as1_1_q,0.3815,0
89,as1_4_q,0.3815,0
89,r_0_q,0.3912,0
89,xs0_4_q,0.3936,0
89,ys0_4,0.3958,1
89,ys1_2,0.3958,1
89,ys1_4,0.3958,1
89,ys1_0,0.3958,1
89,ys0_3,0.3958,1
89,xs0_1_q,0.4027,0
89,p10_0_q,0.4125,1
89,as0_1_q,0.4131,1
89,as0_4_q,0.4131,1
89,as0_2_q,0.4131,1
89,p00_0_q,0.4131,1
89,p00_3_q,0.4144,1
89,xs1_4_q,0.4435,1
89,r_3_q,0.4439,1
89,r_2_q,0.4442,1
89,r_1_q,0.4442,1
89,r_4_q,0.4442,1
89,xs1_1_q,0.4634,1
89,xs1_3_q,0.4649,1
89,ts0_0,0.4717,0
89,ts0_2,0.4797,0
89,bs0_2,0.4856,0
89,p10_0,0.4896,0
89,p01_0,0.4896,0
89,ts1_3,0.4966,0
89,bs1_3,0.4988,0
89,bs1_1,0.4991,0
89,bs1_4,0.5026,0
89,p00_0,0.5207,0
89,as0_4,0.5310,0
89,as0_2,0.5312,0
89,p00_1,0.5366,1
89,ys0_2_d,0.5422,1
89,ts1_0,0.5500,1
89,p10_3,0.5512,1
89,p01_3,0.5518,1
89,p10_1,0.5518,1
89,p01_1,0.5522,1
89,p10_2,0.5522,1
89,p10_4,0.5522,1
89,p01_2,0.5525,1
89,p01_4,0.5525,1
89,m01_0,0.5925,1
89,ys0_3_d,0.5945,0
89,ys1_0_d,0.6002,0
89,ys1_3_d,0.6034,1
89,ys1_1_d,0.6079,0
89,bs1_2,0.6089,0
89,p00_1,0.6264,0
89,as1_0,0.6338,1
89,p00_3,0.6434,0
89,as1_2,0.6582,1
89,m01_2,0.6811,1
89,p01_0,0.6896,1
89,ys1_3_d,0.6916,0
89,bs1_4,0.7128,1
89,p01_2,0.7279,0
89,p11_0,0.7520,1
89,p11_2,0.7759,1
89,p11_1,0.7762,1
89,m01_4,0.7762,1
89,m01_1,0.7985,1
89,p01_4,0.8252,0
89,ys1_0_d,0.8262,1
89,p01_1,0.8475,0
90,ys0_3,0.3740,0
90,ys1_2,0.3740,0
90,ys1_1,0.3740,0
90,p10_0_q,0.3798,0
90,as0_4_q,0.3814,0
90,as0_1_q,0.3815,0
90,p00_0_q,0.3815,0
90,as0_2_q,0.3815,0
90,p00_3_q,0.3816,0
90,r_1_q,0.3926,0
90,r_4_q,0.3926,0
90,xs1_4_q,0.3926,0
90,ys0_2,0.3958,1
90,xs1_3_q,0.4015,0
90,xs1_1_q,0.4021,0
90,p01_3_q,0.4068,1
90,p10_2_q,0.4112,1
90,p10_1_q,0.4112,1
90,p11_2_q,0.4117,1
90,p11_1_q,0.4117,1
90,xs0_2_q,0.4124,1
90,p10_4_q,0.4126,1
90,p10_3_q,0.4127,1
90,as1_1_q,0.4130,1
90,as1_3_q,0.4131,1
90,as1_0_q,0.4131,1
90,as1_2_q,0.4133,1
90,p11_0_q,0.4144,1
90,xs1_2_q,0.4147,1
90,r_0_q,0.4386,1
90,xs0_3_q,0.4651,1
90,xs0_1_q,0.4707,1
90,p01_1,0.4827,1
90,p01_4,0.4827,1
90,p10_1,0.4901,0
90,p10_4,0.4902,0
90,p01_0,0.4975,0
90,bs0_1,0.4988,0
90,p11_1,0.5051,0
90,ts0_0,0.5052,1
90,as1_0,0.5143,0
90,p11_0,0.5187,0
90,p11_2,0.5195,0
90,m01_0,0.5289,0
90,m01_2,0.5310,0
90,p10_0,0.5451,1
90,bs1_1,0.5524,1
90,ts1_4,0.5615,1
90,ts1_3,0.5624,1
90,bs0_2,0.5632,1
90,p00_2,0.5755,1
90,p00_0,0.5788,1
90,m10_2,0.5967,1
90,m01_1,0.6035,0
90,ys0_2_d,0.6059,0
90,p01_0,0.6068,1
90,ys0_1_d,0.6075,0
90,bs1_0,0.6291,1
90,p01_2,0.6330,1
90,m01_4,0.6372,0
90,p10_2,0.6457,0
90,as0_4,0.6646,1
90,ys0_3_d,0.6784,1
90,ys1_0_d,0.7034,0
90,p01_1,0.7086,0
90,p01_4,0.7433,0
91,ys0_2,0.3740,0
91,ys1_0,0.3740,0
91,ys0_1,0.3740,0
91,p10_4_q,0.3795,0
91,p10_2_q,0.3806,0
91,p10_1_q,0.3806,0
91,p11_2_q,0.3810,0
91,p11_1_q,0.3810,0
91,as1_1_q,0.3814,0
91,as1_3_q,0.3814,0
91,as1_0_q,0.3814,0
91,p11_0_q,0.3816,0
91,r_2_q,0.3926,0
91,ys0_3,0.3958,1
91,p10_0_q,0.4068,1
91,p01_2_q,0.4112,1
91,p00_2_q,0.4117,1
91,xs1_0_q,0.4121,1
91,as0_1_q,0.4130,1
91,xs0_0_q,0.4131,1
91,as0_3_q,0.4131,1
91,as0_4_q,0.4131,1
91,p00_0_q,0.4131,1
91,r_4_q,0.4442,1
91,r_1_q,0.4442,1
91,xs1_4_q,0.4478,1
91,ts0_0,0.4716,0
91,p10_2,0.4827,1
91,ts1_4,0.4835,0
91,p01_2,0.4902,0
91,bs1_1,0.5064,0
91,bs1_0,0.5205,0
91,p10_1,0.5521,1
91,p10_4,0.5521,1
91,p01_4,0.5525,1
91,p01_1,0.5525,1
91,bs0_1,0.5539,1
91,bs0_3,0.5543,1
91,as0_0,0.5977,1
91,ys0_3_d,0.6175,0
91,ys1_0_d,0.6309,1
91,as1_4,0.6401,1
91,ys0_1_d,0.6645,1
91,p00_0,0.7264,0
91,m10_4,0.7911,1
91,p10_4,0.8400,0
92,ys0_3,0.3740,0
92,p01_2_q,0.3812,0
92,xs1_0_q,0.3813,0
92,p00_0_q,0.3815,0
92,xs0_0_q,0.3815,0
92,r_0_q,0.3912,0
92,r_3_q,0.3912,0
92,r_4_q,0.3926,0
92,xs1_4_q,0.3937,0
92,ys0_1,0.3958,1
92,ys1_0,0.3958,1
92,xs0_3_q,0.4030,0
92,xs0_1_q,0.4041,0
92,p10_1_q,0.4126,1
92,p10_2_q,0.4126,1
92,p01_1_q,0.4127,1
92,p01_4_q,0.4128,1
92,as1_4_q,0.4132,1
92,as0_0_q,0.4133,1
92,xs0_4_q,0.4379,1
92,r_2_q,0.4386,1
92,xs1_3_q,0.4563,1
92,xs1_1_q,0.4577,1
92,bs1_4,0.4812,0
92,p10_4,0.4827,1
92,p10_0,0.4896,0
92,p01_0,0.4896,0
92,p10_3,0.4896,0
92,p01_3,0.4897,0
92,p01_4,0.4902,0
92,ts0_2,0.4968,1
92,p10_2,0.4975,0
92,ts0_0,0.5127,1
92,p00_2,0.5192,0
92,m10_2,0.5315,0
92,p00_3,0.5345,1
92,p01_2,0.5443,1
92,ts0_4,0.5446,1
92,m01_3,0.5553,1
92,as1_2,0.5570,0
92,ts1_1,0.5571,1
92,ts1_2,0.5571,1
92,m01_1,0.5590,1
92,p11_3,0.5623,1
92,ts0_1,0.5628,1
92,p11_1,0.5711,1
92,bs0_1,0.5757,0
92,p11_2,0.5816,1
92,m01_2,0.5830,1
92,m10_3,0.5837,1
92,as0_2,0.5874,1
92,ys1_0_d,0.5874,0
92,bs0_4,0.5987,0
92,p01_1,0.6087,0
92,p01_2,0.6105,0
92,p10_2,0.6130,1
92,bs0_3,0.6248,0
92,p11_2,0.6351,0
92,p01_3,0.6504,1
92,p11_1,0.6555,0
92,p10_3,0.6808,1
92,m01_1,0.6840,0
92,ys0_1_d,0.7056,0
92,p00_1,0.7087,1
92,bs1_1,0.7091,1
92,ys0_0_d,0.7139,0
92,m01_2,0.7181,0
92,m10_1,0.7317,1
92,ys0_3_d,0.7377,1
92,p10_1,0.7806,0
92,bs1_0,0.7820,1
92,p01_1,0.7826,1
92,p01_2,0.8170,1
92,ys1_0_d,0.9020,1
93,ys0_1,0.3740,0
93,ys1_4,0.3740,0
93,ys0_4,0.3740,0
93,ys0_0,0.3740,0
93,p01_4_q,0.3795,0
93,p10_1_q,0.3796,0
93,p10_0_q,0.3796,0
93,p01_0_q,0.3796,0
93,as1_2_q,0.3815,0
93,as0_3_q,0.3815,0
93,xs0_2_q,0.3815,0
93,as0_1_q,0.3815,0
93,xs1_2_q,0.3815,0
93,p00_2_q,0.3816,0
93,r_1_q,0.3926,0
93,ys0_3,0.3958,1
93,p01_2_q,0.4068,1
93,p10_4_q,0.4128,1
93,xs1_0_q,0.4130,1
93,p11_3_q,0.4131,1
93,as1_3_q,0.4131,1
93,p00_3_q,0.4131,1
93,as1_1_q,0.4131,1
93,as0_2_q,0.4131,1
93,p00_1_q,0.4132,1
93,xs0_0_q,0.4132,1
93,r_4_q,0.4386,1
93,r_0_q,0.4445,1
93,ts0_3,0.4718,0
93,ts0_1,0.4751,0
93,bs1_1,0.4762,0
93,ts1_3,0.4774,0
93,ts1_1,0.4807,0
93,ts0_0,0.4821,0
93,ts1_0,0.4826,0
93,p10_1,0.4827,1
93,ts0_4,0.4835,0
93,p01_1,0.4902,0
93,as0_0,0.4918,0
93,p10_4,0.4978,0
93,as0_2,0.5110,0
93,bs0_1,0.5241,1
93,p01_4,0.5453,1
93,p10_0,0.5529,1
93,p01_0,0.5529,1
93,ts1_4,0.5608,1
93,as1_2,0.5660,1
93,ys1_1_d,0.5879,1
93,as1_0,0.5950,1
93,bs1_0,0.6024,0
93,bs1_4,0.6223,1
93,p00_1,0.6233,0
93,m10_4,0.6298,0
93,bs0_4,0.6334,1
93,m10_1,0.6351,0
93,m01_0,0.6516,1
93,m01_2,0.6602,1
93,p11_1,0.6839,1
93,p11_2,0.6840,1
93,bs0_0,0.6908,1
93,ys1_1_d,0.6926,0
93,p01_0,0.6957,0
93,m01_1,0.7069,1
93,p01_2,0.7095,0
93,p11_0,0.7117,1
93,p11_4,0.7117,1
93,p10_4,0.7293,1
93,p10_1,0.7412,0
93,p01_1,0.8051,1
94,p01_2_q,0.3796,0
94,xs0_0_q,0.3813,0
94,as0_2_q,0.3815,0
94,as0_0_q,0.3815,0
94,p00_1_q,0.3815,0
94,r_4_q,0.3912,0
94,xs0_4_q,0.3936,0
94,ys0_4,0.3958,1
94,ys1_4,0.3958,1
94,xs1_1_q,0.4017,0
94,xs1_3_q,0.4029,0
94,p10_0_q,0.4112,1
94,p11_0_q,0.4117,1
94,p01_4_q,0.4127,1
94,as1_2_q,0.4131,1
94,p11_2_q,0.4132,1
94,p11_4_q,0.4132,1
94,p11_1_q,0.4133,1
94,as1_0_q,0.4133,1
94,r_3_q,0.4328,1
94,xs1_4_q,0.4401,1
94,xs0_1_q,0.4651,1
94,ts1_4,0.4751,0
94,ts1_2,0.4757,0
94,ts0_2,0.4807,0
94,p10_3,0.4888,0
94,p01_3,0.4891,0
94,p01_4,0.4896,0
94,p10_4,0.4896,0
94,ts0_1,0.5051,1
94,bs0_2,0.5065,0
94,p11_3,0.5066,0
94,p11_1,0.5066,0
94,m10_3,0.5179,0
94,p11_2,0.5196,0
94,p11_0,0.5201,0
94,as1_2,0.5293,0
94,as1_0,0.5304,0
94,m01_2,0.5305,0
94,m01_0,0.5305,0
94,as0_4,0.5312,0
94,ys0_2_d,0.5536,1
94,ts1_1,0.5559,1
94,ts0_4,0.5567,1
94,bs1_2,0.5740,1
94,p00_0,0.5756,1
94,bs0_1,0.5863,0
94,m01_1,0.5884,0
94,p10_3,0.5929,1
94,ys0_3_d,0.6052,0
94,bs1_1,0.6124,1
94,bs1_3,0.6132,1
94,p01_2,0.6323,1
94,p01_0,0.6323,1
94,p00_3,0.6436,0
94,p11_4,0.6577,0
94,as0_2,0.6651,1
94,ys0_1_d,0.6876,1
94,p01_1,0.6942,0
94,bs0_3,0.7078,1
94,ys1_1_d,0.7203,1
94,ys0_3_d,0.8180,1
95,p01_4_q,0.3796,0
95,p01_1_q,0.3796,0
95,p10_4_q,0.3806,0
95,p01_3_q,0.3806,0
95,p11_4_q,0.3810,0
95,p00_3_q,0.3811,0
95,as1_3_q,0.3814,0
95,as1_2_q,0.3814,0
95,as1_0_q,0.3814,0
95,p11_1_q,0.3814,0
95,as1_1_q,0.3815,0
95,as0_4_q,0.3815,0
95,p11_3_q,0.3815,0
95,p11_2_q,0.3815,0
95,xs1_0_q,0.3815,0
95,p11_0_q,0.3815,0
95,r_0_q,0.3912,0
95,r_2_q,0.3912,0
95,ys0_1,0.3958,1
95,ys0_2,0.3958,1
95,ys1_1,0.3958,1
95,ys1_2,0.3958,1
95,xs0_1_q,0.4031,0
95,p01_0_q,0.4110,1
95,p00_0_q,0.4116,1
95,xs1_2_q,0.4124,1
95,p01_2_q,0.4128,1
95,as0_2_q,0.4128,1
95,xs0_0_q,0.4130,1
95,as0_1_q,0.4132,1
95,xs0_2_q,0.4147,1
95,r_4_q,0.4445,1
95,xs1_3_q,0.4579,1
95,xs1_1_q,0.4692,1
95,ts0_4,0.4807,0
95,ts0_1,0.4807,0
95,p10_0,0.4896,0
95,p10_2,0.4896,0
95,p01_2,0.4896,0
95,p01_0,0.4896,0
95,ts1_1,0.4991,0
95,ts1_2,0.5053,1
95,ts1_3,0.5056,1
95,bs0_4,0.5058,0
95,bs1_3,0.5067,0
95,ts1_0,0.5126,1
95,p00_0,0.5191,0
95,p00_1,0.5342,1
95,p10_4,0.5529,1
95,p01_4,0.5529,1
95,as1_4,0.5557,0
95,ts0_2,0.5612,1
95,as1_0,0.5676,1
95,p11_3,0.5728,1
95,bs0_2,0.5805,1
95,bs0_3,0.5866,0
95,ys0_0_d,0.5946,1
95,m01_0,0.5955,1
95,m10_1,0.5960,1
95,bs1_4,0.5980,0
95,bs0_0,0.5990,0
95,as0_0,0.5995,1
95,ys1_3_d,0.6088,1
95,ys0_2_d,0.6193,0
95,p11_3,0.6490,0
95,p11_0,0.6875,1
95,p01_0,0.6928,1
95,p10_1,0.6938,1
95,m01_3,0.6942,0
95,ys0_0_d,0.6992,0
95,ys0_1_d,0.7076,0
95,m01_4,0.7078,1
95,ys1_0_d,0.7098,0
95,p00_4,0.7207,1
95,m01_0,0.7298,0
95,p01_4,0.7558,0
95,p01_3,0.7962,1
95,p01_0,0.8275,0
96,ys0_1,0.3740,0
96,ys0_2,0.3740,0
96,ys1_4,0.3740,0
96,ys0_4,0.3740,0
96,ys1_0,0.3740,0
96,p01_2_q,0.3795,0
96,p10_2_q,0.3796,0
96,p10_0_q,0.3798,0
96,p01_0_q,0.3806,0
96,p00_0_q,0.3810,0
96,as0_1_q,0.3814,0
96,as1_4_q,0.3815,0
96,xs1_4_q,0.3932,0
96,ys1_3,0.3958,1
96,p01_3_q,0.4126,1
96,p10_4_q,0.4126,1
96,p10_1_q,0.4126,1
96,as1_3_q,0.4131,1
96,as1_1_q,0.4131,1
96,as1_0_q,0.4131,1
96,p00_1_q,0.4133,1
96,as0_0_q,0.4133,1
96,p00_4_q,0.4133,1
96,p11_0_q,0.4144,1
96,xs1_0_q,0.4148,1
96,r_1_q,0.4384,1
96,xs0_4_q,0.4386,1
96,r_0_q,0.4442,1
96,r_2_q,0.4445,1
96,ts1_2,0.4798,0
96,ts0_2,0.4835,0
96,p10_1,0.4970,0
96,as0_0,0.5313,0
96,p01_1,0.5451,1
96,ts0_3,0.5452,1
96,bs1_4,0.5472,1
96,p10_0,0.5521,1
96,p01_0,0.5525,1
96,p10_2,0.5529,1
96,p01_2,0.5529,1
96,ts0_4,0.5554,1
96,ts0_1,0.5560,1
96,ts1_4,0.5616,1
96,ts1_1,0.5624,1
96,as1_4,0.5847,1
96,as0_4,0.6310,1
96,bs0_2,0.6366,0
96,p00_4,0.6608,0
96,ys1_0_d,0.6713,1
96,m01_0,0.6935,1
96,ys0_2_d,0.6958,1
96,p11_4,0.7023,1
96,p11_3,0.7024,1
96,bs0_3,0.7106,1
96,m01_3,0.7249,1
96,p01_0,0.7408,0
96,p00_3,0.7527,1
96,m01_4,0.7707,0
96,p01_3,0.7744,0
96,m10_3,0.7746,1
96,p10_3,0.8247,0
96,p01_4,0.8723,1
97,p10_1_q,0.3796,0
97,p01_3_q,0.3798,0
97,p10_3_q,0.3798,0
97,as0_0_q,0.3815,0
97,xs1_2_q,0.3815,0
97,xs0_0_q,0.3815,0
97,xs1_0_q,0.3815,0
97,p00_4_q,0.3816,0
97,r_2_q,0.3912,0
97,r_4_q,0.3912,0
97,r_0_q,0.3926,0
97,ys1_0,0.3958,1
97,ys1_4,0.3958,1
97,ys0_2,0.3958,1
97,xs1_3_q,0.4029,0
97,p01_4_q,0.4069,1
97,p10_0_q,0.4075,1
97,p01_1_q,0.4075,1
97,p10_2_q,0.4127,1
97,p01_2_q,0.4127,1
97,as0_4_q,0.4131,1
97,p11_4_q,0.4131,1
97,as1_4_q,0.4132,1
97,p11_3_q,0.4144,1
97,p00_3_q,0.4144,1
97,xs1_4_q,0.4378,1
97,ts1_0,0.4641,0
97,ts0_1,0.4692,0
97,ts1_4,0.4751,0
97,ts1_1,0.4821,0
97,p01_0,0.4827,1
97,p01_2,0.4896,0
97,p10_2,0.4896,0
97,p01_4,0.4896,0
97,p10_4,0.4896,0
97,p10_0,0.4902,0
97,p11_3,0.5066,0
97,m10_3,0.5177,0
97,ts1_2,0.5446,1
97,ts0_2,0.5568,1
97,as1_2,0.5652,1
97,as0_0,0.5688,1
97,bs0_4,0.5772,1
97,bs1_3,0.6111,1
97,p10_3,0.6192,1
97,bs1_1,0.6251,0
97,bs1_0,0.6629,1
97,ys1_3_d,0.6745,0
97,p11_1,0.6816,1
97,ys0_0_d,0.6906,1
97,m01_1,0.7042,1
97,m01_0,0.7087,0
97,bs0_1,0.7099,1
97,m10_4,0.7130,1
97,ys1_0_d,0.7360,0
97,p01_1,0.7536,0
97,p10_4,0.8110,1
97,p01_0,0.8151,0
97,ys0_1_d,0.8210,1
98,ys1_0,0.3740,0
98,ys1_3,0.3740,0
98,p01_4_q,0.3796,0
98,p01_2_q,0.3796,0
98,p10_2_q,0.3796,0
98,p10_0_q,0.3807,0
98,p01_1_q,0.3807,0
98,as1_3_q,0.3815,0
98,p11_3_q,0.3816,0
98,xs1_4_q,0.3930,0
98,ys0_1,0.3958,1
98,ys0_4,0.3958,1
98,ys0_0,0.3958,1
98,p10_3_q,0.4068,1
98,as0_0_q,0.4130,1
98,xs1_2_q,0.4132,1
98,as1_2_q,0.4132,1
98,p11_1_q,0.4133,1
98,xs1_3_q,0.4562,1
98,ts0_4,0.4807,0
98,ts0_2,0.4807,0
98,ts1_2,0.4821,0
98,bs1_2,0.4836,0
98,as1_2,0.4878,0
98,ts1_0,0.4960,1
98,bs1_3,0.4993,0
98,as1_0,0.5148,0
98,ts0_1,0.5178,1
98,ts1_1,0.5429,1
98,p11_3,0.5620,1
98,bs1_4,0.5831,0
98,m10_3,0.5838,1
98,bs0_1,0.5864,0
98,bs0_3,0.5864,0
98,p11_1,0.6126,0
98,bs1_1,0.6131,1
98,p11_0,0.6141,0
98,m01_1,0.6243,0
98,p11_4,0.6265,0
98,p10_3,0.6331,0
98,bs1_0,0.6409,0
98,ys1_0_d,0.6827,1
98,ys0_3_d,0.6959,0
98,ys0_1_d,0.6968,0
98,p01_1,0.7262,1
98,ys1_0_d,0.7364,0
99,ys0_1,0.3740,0
99,ys1_4,0.3740,0
99,ys1_2,0.3740,0
99,ys0_3,0.3740,0
99,p10_3_q,0.3797,0
99,p11_1_q,0.3814,0
99,p11_0_q,0.3815,0
99,as1_0_q,0.3815,0
99,as1_2_q,0.3815,0
99,p11_4_q,0.3815,0
99,r_1_q,0.3922,0
99,xs0_4_q,0.3929,0
99,r_3_q,0.3941,0
99,xs1_1_q,0.4031,0
99,p01_1_q,0.4075,1
99,as1_3_q,0.4130,1
99,p11_3_q,0.4144,1
99,r_4_q,0.4386,1
99,xs1_4_q,0.4446,1
99,xs0_1_q,0.4591,1
99,ts0_1,0.4674,0
99,p10_1,0.4825,1
99,p10_3,0.4834,1
99,p01_3,0.4838,1
99,p01_1,0.4898,0
99,p10_4,0.4978,0
99,ts1_0,0.4982,0
99,ts1_1,0.4992,0
99,as0_0,0.5157,0
99,m10_1,0.5179,0
99,as0_4,0.5297,0
99,ts1_4,0.5337,1
99,as1_4,0.5358,0
99,p01_4,0.5453,1
99,bs1_2,0.5465,1
99,as0_2,0.5645,0
99,p00_1,0.5817,0
99,as1_2,0.5854,1
99,m10_4,0.6145,0
99,p10_1,0.6176,0
99,as1_0,0.6337,1
99,p00_3,0.6420,0
99,p00_0,0.6449,1
99,bs1_4,0.6510,1
99,m10_3,0.6534,0
99,p11_3,0.6622,0
99,ys1_3_d,0.6631,1
99,bs0_0,0.6702,1
99,m01_3,0.6740,0
99,p11_2,0.7024,1
99,p10_4,0.7118,1
99,m01_2,0.7285,1
99,ys0_0_d,0.7479,0
99,p10_3,0.7602,0
99,ys1_0_d,0.7643,1
99,m01_4,0.7732,1
99,m10_0,0.7742,1
99,p01_3,0.7808,0
99,ys0_1_d,0.7861,1
99,p01_4,0.8218,0
99,p01_2,0.8262,1
99,p10_0,0.8726,1
