cycle,net,t_ns_from_window_start,rise
0,ys1_2,0.3740,0
0,ys0_4,0.3740,0
0,ys1_1,0.3740,0
0,r_4_q,0.3912,0
0,r_3_q,0.3912,0
0,ys0_0,0.3958,1
0,ys1_0,0.3958,1
0,ys0_2,0.3958,1
0,xs1_1_q,0.4097,0
0,xs0_0_q,0.4133,1
0,xs1_2_q,0.4144,1
0,xs1_3_q,0.4851,1
0,p10_4,0.4990,0
0,p01_4,0.4990,0
0,p10_3,0.4990,0
0,p01_3,0.5004,0
0,as0_0,0.5043,0
0,p11_1,0.5295,0
0,p11_0,0.5424,0
0,bs1_1,0.5691,1
0,bs1_3,0.5735,0
0,ts1_4,0.6015,0
0,ts0_4,0.6026,0
0,ts1_3,0.6046,0
0,m10_3,0.6185,1
0,p11_2,0.6190,1
0,m01_2,0.6198,1
0,ts0_3,0.6304,1
0,ts1_1,0.6477,0
0,bs0_0,0.6601,0
0,ts1_0,0.6603,0
0,bs1_3,0.6687,1
0,p00_0,0.6729,1
0,p01_2,0.6803,0
0,ys1_1_d,0.6805,1
0,ts1_2,0.6816,0
0,bs0_3,0.7083,0
0,as1_4,0.7270,1
0,ts0_0,0.7354,0
0,bs1_2,0.7434,1
0,p10_3,0.7587,1
0,ys0_1_d,0.7619,0
0,ys0_0_d,0.7750,0
0,bs1_1,0.7894,0
0,ts0_2,0.7922,0
0,bs0_2,0.8016,1
0,ys1_3_d,0.8130,0
0,bs1_0,0.8288,1
0,ys0_2_d,0.8426,0
0,p11_4,0.8733,1
0,p11_3,0.8739,1
0,m01_3,0.8744,1
0,bs0_4,0.8851,1
0,ys1_0_d,0.9022,0
0,bs0_1,0.9206,1
0,ys0_0_d,0.9975,1
0,ts1_4,1.0039,1
0,p01_3,1.0046,1
0,ys0_1_d,1.0320,1
0,ts0_3,1.0805,0
0,bs1_3,1.0823,0
0,ys1_3_d,1.1930,1
0,bs0_2,1.2027,0
0,ys0_2_d,1.2500,1
0,ys0_3_d,1.3012,0
1,ys1_0,0.3740,0
1,ys0_3,0.3740,0
1,r_0_q,0.3927,0
1,xs0_4_q,0.3944,0
1,ys1_1,0.3958,1
1,ys0_4,0.3958,1
1,ys1_2,0.3958,1
1,xs1_3_q,0.4105,0
1,r_3_q,0.4329,1
1,xs1_4_q,0.4402,1
1,r_1_q,0.4445,1
1,xs0_3_q,0.4777,1
1,p01_0,0.5015,0
1,p01_3,0.5041,0
1,p10_3,0.5044,0
1,p10_0,0.5270,1
1,p11_3,0.5309,0
1,m10_3,0.5311,0
1,as1_0,0.5434,0
1,m01_2,0.5440,0
1,p11_2,0.5441,0
1,bs1_3,0.5703,1
1,p10_1,0.5949,1
1,p01_1,0.5961,1
1,p10_3,0.6074,1
1,m10_2,0.6122,1
1,p00_2,0.6126,1
1,m01_3,0.6131,0
1,p00_3,0.6132,0
1,as0_0,0.6167,1
1,ts0_0,0.6191,1
1,ys1_3_d,0.6348,0
1,ts0_3,0.6381,1
1,bs0_3,0.6386,1
1,ts1_3,0.6661,1
1,ts1_0,0.6684,1
1,p10_2,0.6763,0
1,m10_0,0.6770,0
1,p11_4,0.6910,0
1,ts1_2,0.6921,1
1,bs1_0,0.6985,0
1,p01_2,0.7006,1
1,bs0_4,0.7038,0
1,p01_3,0.7316,1
1,ts1_1,0.7408,1
1,bs1_2,0.7486,0
1,ys0_3_d,0.7499,1
1,ts0_1,0.7567,1
1,bs1_4,0.7572,0
1,ts1_2,0.7573,0
1,p00_0,0.7585,0
1,m10_4,0.7670,1
1,p10_0,0.7923,0
1,ys1_1_d,0.7997,0
1,ts1_4,0.8087,0
1,ys0_0_d,0.8185,0
1,bs0_2,0.8296,1
1,ys1_3_d,0.8447,1
1,ys0_2_d,0.8701,0
1,ts0_0,0.8727,0
1,ys0_3_d,0.8750,0
1,ts1_0,0.8928,0
1,p10_4,0.9052,1
1,bs1_3,0.9138,0
1,bs1_0,0.9363,1
1,ys1_3_d,1.0176,0
1,bs0_4,1.0200,1
1,bs1_4,1.0432,1
1,ys1_1_d,1.0521,1
1,ts1_4,1.0556,1
1,ys0_0_d,1.1340,1
1,bs1_3,1.2081,1
1,ys1_3_d,1.3187,1
2,ys1_2,0.3740,0
2,ys0_2,0.3740,0
2,xs0_2_q,0.3814,0
2,xs0_0_q,0.3815,0
2,xs1_0_q,0.3815,0
2,xs1_2_q,0.3815,0
2,r_1_q,0.3912,0
2,r_3_q,0.3912,0
2,r_2_q,0.3927,0
2,xs0_3_q,0.4104,0
2,xs0_1_q,0.4118,0
2,r_0_q,0.4442,1
2,xs1_1_q,0.4754,1
2,xs1_3_q,0.4796,1
2,p10_1,0.4990,0
2,p10_3,0.4990,0
2,p01_3,0.4990,0
2,p01_1,0.4991,0
2,p01_2,0.5013,0
2,as0_0,0.5196,0
2,p10_2,0.5276,1
2,bs0_3,0.5444,0
2,m10_2,0.5458,0
2,bs0_1,0.5459,0
2,p00_2,0.5459,0
2,as0_4,0.5531,0
2,bs1_3,0.5664,0
2,m01_3,0.5698,1
2,m01_1,0.5711,1
2,p00_3,0.5713,1
2,p01_0,0.5941,1
2,p10_0,0.5960,1
2,ts1_1,0.6014,0
2,as1_4,0.6024,0
2,ts1_3,0.6029,0
2,ts0_1,0.6054,0
2,p11_1,0.6067,1
2,m01_2,0.6121,1
2,as1_0,0.6138,1
2,p11_2,0.6138,1
2,p11_3,0.6165,1
2,bs1_1,0.6401,1
2,p10_2,0.6462,0
2,m10_4,0.6467,0
2,ys0_3_d,0.6470,1
2,p00_3,0.6601,0
2,m01_0,0.6765,1
2,ys0_1_d,0.6779,0
2,bs0_4,0.6857,0
2,ys1_3_d,0.6887,0
2,p01_3,0.6989,1
2,ts1_1,0.7044,1
2,ys1_1_d,0.7059,0
2,p01_1,0.7085,1
2,p01_0,0.7210,0
2,p11_3,0.7293,0
2,ts1_0,0.7300,1
2,ts1_3,0.7320,1
2,ts0_0,0.7419,1
2,ts1_2,0.7427,1
2,m01_3,0.7465,0
2,p01_2,0.7474,1
2,p11_0,0.7591,1
2,p10_4,0.7630,0
2,m01_4,0.7635,1
2,ts1_0,0.7844,0
2,ys0_0_d,0.7866,0
2,bs1_1,0.7991,0
2,ts0_0,0.8015,0
2,bs1_0,0.8066,0
2,ts1_3,0.8261,0
2,p01_3,0.8529,0
2,ts0_1,0.8589,1
2,ts1_4,0.8682,0
2,ts0_2,0.9001,1
2,bs1_4,0.9056,0
2,p01_4,0.9061,1
2,ys1_0_d,0.9336,1
2,ts0_3,0.9565,0
2,bs1_2,0.9624,1
2,ys1_0_d,0.9760,0
2,bs1_3,0.9985,1
2,bs0_1,1.0524,1
2,ts0_4,1.0593,1
2,bs0_2,1.0690,0
2,bs0_0,1.0814,1
2,ys0_2_d,1.1161,1
2,ys0_3_d,1.1679,0
2,ys0_0_d,1.2048,1
2,bs0_3,1.2101,1
2,ys0_3_d,1.3089,1
3,ys0_4,0.3740,0
3,ys1_1,0.3740,0
3,ys0_1,0.3740,0
3,ys1_4,0.3740,0
3,ys1_3,0.3740,0
3,r_0_q,0.3927,0
3,xs1_4_q,0.3931,0
3,ys1_2,0.3958,1
3,ys0_2,0.3958,1
3,ys0_3,0.3958,1
3,xs1_3_q,0.4092,0
3,xs1_1_q,0.4096,0
3,xs0_0_q,0.4119,1
3,xs0_2_q,0.4124,1
3,xs1_2_q,0.4144,1
3,xs1_0_q,0.4148,1
3,r_2_q,0.4383,1
3,r_4_q,0.4384,1
3,r_3_q,0.4442,1
3,xs0_4_q,0.4460,1
3,xs0_3_q,0.4904,1
3,xs0_1_q,0.4904,1
3,p10_0,0.5014,0
3,p01_2,0.5099,0
3,p01_4,0.5103,0
3,p01_0,0.5272,1
3,p11_1,0.5295,0
3,m01_0,0.5423,0
3,p11_0,0.5423,0
3,bs1_3,0.5437,0
3,m01_2,0.5451,0
3,p11_2,0.5454,0
3,bs1_1,0.5683,1
3,p10_2,0.5733,1
3,bs0_1,0.5786,0
3,bs0_3,0.5795,0
3,p10_4,0.5887,1
3,p10_3,0.5944,1
3,p01_3,0.5960,1
3,ts0_4,0.6215,0
3,p00_2,0.6236,1
3,m10_0,0.6237,1
3,m10_2,0.6237,1
3,m01_1,0.6253,0
3,p00_0,0.6269,1
3,p01_0,0.6420,0
3,ys1_3_d,0.6461,1
3,p01_2,0.6478,1
3,ts1_1,0.6480,0
3,p10_2,0.6602,0
3,ys1_1_d,0.6788,1
3,ys0_1_d,0.6910,1
3,ts0_2,0.6974,0
3,ys0_3_d,0.7119,0
3,bs0_3,0.7147,1
3,ts0_0,0.7319,1
3,ts1_3,0.7360,1
3,ts1_4,0.7413,1
3,p01_1,0.7422,0
3,ts0_3,0.7509,1
3,p10_0,0.7608,1
3,ts1_2,0.7722,0
3,ys0_3_d,0.7749,1
3,bs1_2,0.8240,0
3,bs1_0,0.8330,1
3,bs0_1,0.8333,1
3,ts0_1,0.8456,0
3,bs1_1,0.8770,0
3,ys0_1_d,0.8929,0
3,bs0_4,0.8944,1
3,bs1_3,0.8962,1
3,ts1_0,0.9143,1
3,bs0_2,0.9269,1
3,ys1_0_d,0.9529,1
3,bs0_0,0.9636,0
3,ys0_2_d,0.9677,0
3,ys0_3_d,0.9951,0
3,ys0_1_d,1.0528,1
3,bs1_4,1.0751,1
3,ys1_0_d,1.1375,0
4,ys0_3,0.3740,0
4,ys1_2,0.3740,0
4,ys0_2,0.3740,0
4,r_4_q,0.3922,0
4,ys0_1,0.3958,1
4,ys1_1,0.3958,1
4,ys1_3,0.3958,1
4,ys0_4,0.3958,1
4,ys1_4,0.3958,1
4,xs0_1_q,0.4116,0
4,xs0_3_q,0.4117,0
4,r_0_q,0.4383,1
4,r_1_q,0.4442,1
4,xs1_1_q,0.4789,1
4,xs1_3_q,0.4840,1
4,p10_4,0.4991,0
4,p10_0,0.5099,0
4,p01_4,0.5266,1
4,bs0_3,0.5452,0
4,bs0_1,0.5458,0
4,p00_2,0.5461,0
4,m10_0,0.5462,0
4,p00_0,0.5463,0
4,m10_2,0.5466,0
4,m01_1,0.5702,1
4,bs1_3,0.5716,0
4,p01_0,0.5731,1
4,p10_1,0.5927,1
4,as1_2,0.6016,0
4,ts1_4,0.6017,0
4,p11_0,0.6100,1
4,m01_0,0.6111,1
4,m01_2,0.6170,1
4,p11_1,0.6187,1
4,p11_2,0.6341,1
4,bs1_1,0.6381,1
4,p01_0,0.6426,0
4,as0_2,0.6437,1
4,as0_4,0.6439,1
4,ys0_3_d,0.6478,1
4,p10_0,0.6535,1
4,ys0_1_d,0.6545,0
4,bs1_3,0.6733,1
4,ts0_4,0.6769,1
4,p01_2,0.6808,0
4,ts0_2,0.6900,1
4,p11_2,0.7006,0
4,ys1_1_d,0.7012,0
4,p10_2,0.7015,1
4,ts1_0,0.7100,0
4,as1_4,0.7275,1
4,p11_1,0.7286,0
4,m01_1,0.7465,0
4,ts0_0,0.7537,0
4,ts0_2,0.7653,0
4,bs0_2,0.7690,0
4,m01_2,0.7800,0
4,bs1_2,0.7847,1
4,m01_4,0.7853,0
4,p00_3,0.7936,1
4,p00_1,0.7938,1
4,m10_1,0.7942,1
4,m10_3,0.7945,1
4,ts1_2,0.8143,1
4,ys0_2_d,0.8302,1
4,bs0_3,0.8309,1
4,ts0_3,0.8533,0
4,ys1_3_d,0.8544,0
4,p10_1,0.8555,0
4,p10_3,0.8555,0
4,ts1_1,0.8583,1
4,p11_4,0.8730,1
4,m01_3,0.8742,1
4,p11_3,0.8759,1
4,bs1_1,0.8879,0
4,p01_1,0.9005,1
4,p01_4,0.9025,0
4,p01_2,0.9166,1
4,p01_3,0.9336,0
4,ts1_1,0.9435,0
4,ys1_1_d,0.9988,1
4,bs0_2,1.0002,1
4,ts1_4,1.0036,1
4,ts0_4,1.0060,0
4,ys0_2_d,1.0451,0
4,ts0_3,1.0521,1
4,ts0_2,1.0697,1
4,bs1_3,1.0819,0
4,bs0_2,1.0843,0
4,bs0_3,1.1099,0
4,ys0_2_d,1.1434,1
4,ys1_3_d,1.1924,1
4,ys0_3_d,1.2110,0
4,bs0_1,1.2230,1
4,ys0_1_d,1.3343,1
5,xs0_2_q,0.3815,0
5,r_0_q,0.3927,0
5,r_1_q,0.3927,0
5,ys1_2,0.3958,1
5,ys0_2,0.3958,1
5,xs1_3_q,0.4103,0
5,xs0_1_q,0.4773,1
5,p01_1,0.5011,0
5,p10_0,0.5014,0
5,p10_1,0.5271,1
5,p01_0,0.5272,1
5,m10_3,0.5323,0
5,p11_3,0.5324,0
5,as1_4,0.5515,0
5,bs0_1,0.5659,0
5,bs1_3,0.5713,1
5,m10_0,0.6108,1
5,p00_1,0.6122,0
5,p00_0,0.6140,1
5,ts1_0,0.6147,1
5,ts0_1,0.6304,1
5,ys1_3_d,0.6360,0
5,p10_3,0.6578,1
5,p11_4,0.6680,0
5,ts1_1,0.6685,1
5,m01_3,0.6808,0
5,ys0_1_d,0.6847,0
5,ts0_1,0.7001,0
5,p10_0,0.7386,1
5,bs1_0,0.7690,0
5,ts1_4,0.7853,0
5,ts1_0,0.8049,0
5,p01_3,0.8142,1
5,ys1_1_d,0.8863,0
5,bs1_3,0.8901,0
5,ts0_3,0.8932,0
5,ys1_0_d,0.8942,1
5,bs1_4,0.9279,0
5,ys1_3_d,0.9907,1
5,ys1_0_d,1.0157,0
5,bs0_2,1.0690,1
5,ys0_2_d,1.1108,0
5,ys0_3_d,1.1836,1
6,ys0_2,0.3740,0
6,ys1_4,0.3740,0
6,ys0_1,0.3740,0
6,ys1_1,0.3740,0
6,r_2_q,0.3912,0
6,r_3_q,0.3912,0
6,ys0_3,0.3958,1
6,xs0_1_q,0.4106,0
6,xs0_2_q,0.4144,1
6,r_4_q,0.4442,1
6,xs0_3_q,0.4802,1
6,p10_2,0.4990,0
6,p10_3,0.4990,0
6,p01_2,0.4991,0
6,p01_3,0.5004,0
6,p00_0,0.5441,0
6,m10_0,0.5441,0
6,p00_1,0.5686,1
6,bs0_1,0.5695,1
6,p10_4,0.5944,1
6,p01_4,0.5960,1
6,ts1_3,0.6026,0
6,ts1_2,0.6040,0
6,ts0_2,0.6047,0
6,as0_4,0.6080,0
6,p00_3,0.6164,0
6,ts0_3,0.6179,1
6,bs0_3,0.6415,1
6,p10_0,0.6627,0
6,ts0_0,0.6727,1
6,ys0_1_d,0.6831,1
6,bs0_1,0.6929,0
6,bs0_2,0.7082,0
6,ts0_1,0.7097,1
6,bs1_2,0.7118,0
6,ts0_3,0.7144,0
6,bs1_1,0.7347,1
6,ts0_4,0.7364,1
6,ts1_4,0.7487,1
6,bs0_2,0.7531,1
6,m01_4,0.7811,1
6,ys0_1_d,0.7883,0
6,bs0_3,0.7926,0
6,ts1_0,0.7927,1
6,ys1_3_d,0.8089,0
6,p01_4,0.8402,0
6,ys1_1_d,0.8456,1
6,bs1_3,0.8992,1
6,bs0_0,0.9165,1
6,ts0_4,0.9469,0
6,bs1_4,0.9685,1
6,ys0_0_d,0.9952,0
6,ys1_3_d,1.0084,1
6,ys0_1_d,1.0316,1
6,bs0_3,1.0737,1
6,ys1_0_d,1.0827,1
6,ys0_3_d,1.1363,0
7,ys0_3,0.3740,0
7,ys1_2,0.3740,0
7,ys0_0,0.3740,0
7,xs0_2_q,0.3815,0
7,r_4_q,0.3927,0
7,ys0_1,0.3958,1
7,ys1_1,0.3958,1
7,ys1_4,0.3958,1
7,ys1_0,0.3958,1
7,xs1_1_q,0.4103,0
7,xs0_3_q,0.4113,0
7,r_0_q,0.4383,1
7,r_1_q,0.4386,1
7,r_2_q,0.4445,1
7,xs0_1_q,0.4774,1
7,p10_4,0.4995,0
7,p01_0,0.5099,0
7,p10_1,0.5111,0
7,p01_4,0.5272,1
7,m10_1,0.5312,0
7,bs1_1,0.5433,0
7,m01_0,0.5441,0
7,p11_0,0.5443,0
7,bs0_3,0.5448,0
7,p10_0,0.5728,1
7,p01_1,0.5756,1
7,p01_2,0.5959,1
7,p10_2,0.5960,1
7,p10_1,0.5965,1
7,ts1_4,0.6031,0
7,m10_0,0.6110,1
7,p00_0,0.6114,1
7,p00_1,0.6132,0
7,bs0_1,0.6386,1
7,as1_2,0.6420,1
7,as0_4,0.6423,1
7,p10_0,0.6425,0
7,p01_0,0.6466,1
7,ys0_3_d,0.6473,1
7,ys1_1_d,0.6525,0
7,ts0_4,0.6777,1
7,ys0_1_d,0.7014,0
7,ts0_0,0.7056,0
7,bs1_3,0.7087,0
7,ts0_2,0.7363,1
7,ts1_2,0.7489,1
7,ts1_0,0.7546,0
7,m01_4,0.7842,0
7,p00_3,0.7915,1
7,bs0_1,0.7929,0
7,bs1_2,0.8127,1
7,bs0_3,0.8298,1
7,bs1_4,0.8639,0
7,ys0_3_d,0.8920,0
7,p01_4,0.9003,0
7,bs1_1,0.9021,1
7,ys0_1_d,0.9041,1
7,ts0_3,0.9210,1
7,ys1_0_d,0.9607,0
7,ts0_4,1.0038,0
7,bs0_2,1.0082,0
7,ys1_1_d,1.0131,1
7,ys0_2_d,1.0667,1
7,ys0_3_d,1.1066,1
7,bs0_3,1.1076,0
7,ys0_3_d,1.2012,0
8,ys1_0,0.3740,0
8,ys1_4,0.3740,0
8,xs1_0_q,0.3815,0
8,xs0_0_q,0.3815,0
8,r_0_q,0.3927,0
8,ys1_2,0.3958,1
8,ys0_2,0.3958,1
8,xs0_2_q,0.4132,1
8,r_4_q,0.4442,1
8,xs1_3_q,0.4853,1
8,p01_0,0.5014,0
8,as0_2,0.5039,0
8,as1_0,0.5193,0
8,p10_0,0.5271,1
8,p10_4,0.5952,1
8,p01_4,0.5960,1
8,as0_0,0.6133,1
8,ts0_0,0.6192,1
8,p11_2,0.6206,1
8,m10_3,0.6207,1
8,m10_0,0.6353,0
8,bs1_3,0.6466,1
8,m01_2,0.6769,1
8,ts1_0,0.6795,1
8,ts1_2,0.6814,0
8,bs0_4,0.7062,0
8,ys1_3_d,0.7102,0
8,bs0_2,0.7115,1
8,bs1_0,0.7302,1
8,as1_4,0.7309,1
8,ts1_4,0.7356,1
8,p01_2,0.7373,0
8,bs0_0,0.7437,0
8,p10_0,0.7479,0
8,ts0_4,0.7506,1
8,ys0_2_d,0.7537,0
8,p00_0,0.7555,0
8,p10_3,0.7629,1
8,bs1_3,0.7885,0
8,bs1_1,0.7944,0
8,ys0_3_d,0.8259,1
8,ts1_0,0.8419,0
8,ts0_2,0.8492,0
8,ys1_0_d,0.8517,1
8,ys0_1_d,0.8642,0
8,ts0_0,0.8695,0
8,p11_3,0.8766,1
8,m01_3,0.8772,1
8,m10_4,0.8821,1
8,ys1_3_d,0.8991,1
8,bs0_3,0.9023,1
8,p10_4,0.9425,0
8,ys0_3_d,0.9461,0
8,bs0_1,0.9762,1
8,bs1_4,0.9769,1
8,p01_3,1.0073,1
8,bs0_4,1.0124,1
8,ys1_0_d,1.0401,0
8,ts1_4,1.0536,0
8,ts0_3,1.0830,0
8,ys0_1_d,1.0857,1
8,ys0_0_d,1.1255,1
8,bs1_3,1.1815,1
8,bs0_2,1.2069,0
8,ys1_3_d,1.2444,0
8,ys0_2_d,1.2531,1
8,ys0_3_d,1.2949,1
9,ys1_3,0.3740,0
9,r_1_q,0.3912,0
9,r_4_q,0.3927,0
9,r_2_q,0.3927,0
9,xs0_4_q,0.3930,0
9,ys1_4,0.3958,1
9,ys0_0,0.3958,1
9,ys0_3,0.3958,1
9,xs1_3_q,0.4105,0
9,xs0_1_q,0.4117,0
9,r_3_q,0.4330,1
9,xs1_4_q,0.4456,1
9,xs0_3_q,0.4774,1
9,xs1_1_q,0.4790,1
9,p10_1,0.4990,0
9,p01_1,0.4991,0
9,p01_4,0.4995,0
9,p10_2,0.5014,0
9,p01_3,0.5042,0
9,p10_3,0.5044,0
9,as0_0,0.5248,0
9,p10_4,0.5272,1
9,p01_2,0.5275,1
9,p11_3,0.5310,0
9,m10_3,0.5311,0
9,bs1_3,0.5436,0
9,m01_2,0.5439,0
9,p11_2,0.5445,0
9,bs0_1,0.5452,0
9,bs0_3,0.5656,0
9,m01_1,0.5701,1
9,as1_2,0.6012,0
9,ts1_1,0.6015,0
9,ts0_4,0.6020,0
9,ts0_1,0.6053,0
9,p10_3,0.6076,1
9,m01_3,0.6121,0
9,p00_3,0.6122,0
9,p00_2,0.6140,1
9,p11_1,0.6165,1
9,m10_2,0.6190,1
9,ts0_3,0.6385,1
9,as0_2,0.6406,1
9,p01_2,0.6436,0
9,ys1_3_d,0.6461,1
9,m10_4,0.6540,0
9,bs1_1,0.6554,1
9,ts1_3,0.6613,1
9,ys0_1_d,0.6718,0
9,ts1_4,0.6779,1
9,m01_0,0.6826,1
9,as1_0,0.6826,1
9,bs0_3,0.6858,1
9,p01_1,0.7075,1
9,m10_2,0.7153,0
9,ys1_1_d,0.7182,0
9,p11_1,0.7284,0
9,p01_3,0.7307,1
9,ts0_3,0.7402,0
9,ts1_1,0.7416,1
9,m01_1,0.7460,0
9,ts0_2,0.7486,1
9,p10_2,0.7554,1
9,ts0_3,0.7608,1
9,p10_4,0.7681,0
9,p00_2,0.7802,0
9,p10_2,0.7938,0
9,m10_1,0.7940,1
9,p00_1,0.7965,1
9,ts1_1,0.8223,0
9,p01_0,0.8240,1
9,p11_4,0.8285,1
9,p11_0,0.8291,1
9,bs1_3,0.8293,1
9,p01_1,0.8491,0
9,ts0_2,0.8831,0
9,ys1_3_d,0.8922,0
9,bs0_1,0.9030,1
9,p10_1,0.9312,1
9,bs0_1,0.9566,0
9,ts1_0,0.9588,1
9,ts0_0,0.9652,1
9,ts0_1,0.9665,1
9,bs1_4,1.0454,0
9,bs0_4,1.0509,0
9,ts1_1,1.0722,1
9,ys1_0_d,1.1442,1
9,bs1_0,1.1712,0
9,bs0_0,1.1744,1
9,ys1_1_d,1.2760,1
9,ys1_0_d,1.2890,0
9,ys0_1_d,1.2913,1
10,ys1_4,0.3740,0
10,ys0_4,0.3740,0
10,xs1_2_q,0.3814,0
10,xs0_2_q,0.3815,0
10,xs1_4_q,0.3932,0
10,xs0_3_q,0.4106,0
10,xs1_1_q,0.4109,0
10,xs0_0_q,0.4121,1
10,xs1_0_q,0.4148,1
10,r_4_q,0.4442,1
10,xs0_4_q,0.4498,1
10,xs1_3_q,0.4768,1
10,xs0_1_q,0.4773,1
10,m10_1,0.5334,0
10,bs0_3,0.5438,0
10,bs1_1,0.5452,0
10,p11_0,0.5466,0
10,m01_0,0.5466,0
10,bs1_3,0.5631,0
10,m01_3,0.5691,1
10,p00_3,0.5692,1
10,p10_4,0.5839,1
10,p01_4,0.5952,1
10,p11_3,0.6090,1
10,m10_3,0.6091,1
10,m10_0,0.6118,1
10,p00_0,0.6125,1
10,p00_1,0.6128,0
10,p01_3,0.6279,0
10,bs0_1,0.6379,1
10,p10_1,0.6504,0
10,ys0_3_d,0.6525,0
10,ys1_1_d,0.6544,0
10,ts1_4,0.6584,0
10,p01_0,0.6629,0
10,ts1_0,0.6652,0
10,p10_3,0.6685,0
10,ys1_3_d,0.6753,1
10,ys0_1_d,0.7010,0
10,ts0_1,0.7295,0
10,ts0_4,0.7481,1
10,p10_0,0.7483,1
10,ts1_1,0.7552,0
10,bs1_3,0.7894,1
10,bs1_4,0.8152,1
10,ys1_3_d,0.8452,0
10,bs0_0,0.8479,0
10,ts1_0,0.8858,1
10,bs0_3,0.9012,1
10,bs1_4,0.9272,0
10,ys0_1_d,0.9385,1
10,bs1_0,0.9566,1
10,ys0_0_d,0.9631,0
10,ys1_0_d,1.0009,1
10,ys0_3_d,1.0121,1
10,ys1_1_d,1.0720,1
11,ys0_0,0.3740,0
11,ys1_0,0.3958,1
11,xs1_3_q,0.4103,0
11,xs0_3_q,0.4795,1
11,m10_3,0.5324,0
11,p11_3,0.5324,0
11,bs1_3,0.5449,0
11,as1_4,0.5515,0
11,bs0_3,0.5672,0
11,as0_4,0.6052,0
11,m01_3,0.6074,0
11,p00_3,0.6148,0
11,ys1_3_d,0.6474,1
11,p10_3,0.6578,1
11,p11_4,0.6676,0
11,ys0_3_d,0.6862,0
11,bs1_4,0.7172,1
11,p01_3,0.7316,1
11,m01_4,0.7783,1
11,ys1_0_d,0.7864,0
11,bs0_4,0.8025,1
11,ts1_4,0.8122,1
11,p01_4,0.8387,0
11,ys0_0_d,0.9167,1
11,ts0_4,0.9511,0
11,bs1_3,0.9661,1
11,ys1_3_d,1.0296,0
11,bs0_3,1.0794,1
11,ys0_3_d,1.1894,1
12,ys1_0,0.3740,0
12,xs1_0_q,0.3815,0
12,xs0_0_q,0.3815,0
12,r_3_q,0.3912,0
12,r_4_q,0.3927,0
12,ys0_0,0.3958,1
12,ys0_4,0.3958,1
12,ys1_4,0.3958,1
12,xs0_1_q,0.4104,0
12,xs0_3_q,0.4113,0
12,r_0_q,0.4383,1
12,xs1_3_q,0.4840,1
12,xs1_1_q,0.4846,1
12,p10_3,0.4990,0
12,p01_3,0.4990,0
12,p10_4,0.4995,0
12,p10_0,0.5099,0
12,as1_0,0.5193,0
12,p01_4,0.5273,1
12,bs0_1,0.5447,0
12,bs0_3,0.5448,0
12,p00_0,0.5461,0
12,m10_0,0.5470,0
12,as0_2,0.5527,0
12,bs1_3,0.5710,0
12,p00_1,0.5716,1
12,p01_0,0.5733,1
12,ts1_4,0.6020,0
12,ts1_3,0.6027,0
12,ts0_3,0.6048,0
12,as0_0,0.6151,1
12,m01_0,0.6181,1
12,as0_4,0.6405,1
12,bs1_1,0.6470,1
12,p10_0,0.6473,1
12,m01_4,0.6484,0
12,p01_0,0.6523,0
12,ys0_1_d,0.6534,0
12,ys0_3_d,0.6554,0
12,p00_1,0.6580,0
12,bs1_0,0.6613,0
12,bs1_3,0.6765,1
12,ts0_4,0.6778,1
12,m01_2,0.7088,1
12,as1_4,0.7217,1
12,as1_2,0.7264,1
12,m01_0,0.7437,0
12,bs0_4,0.7612,0
12,p01_4,0.7626,0
12,ts0_0,0.7628,0
12,ys1_0_d,0.7708,1
12,p00_3,0.7891,1
12,m10_3,0.7891,1
12,bs0_4,0.7923,1
12,bs0_3,0.8294,1
12,bs1_4,0.8430,0
12,p01_2,0.8498,1
12,ts0_4,0.8602,0
12,p11_3,0.8660,1
12,m01_3,0.8675,1
12,p11_2,0.8738,1
12,m01_1,0.8745,1
12,p11_1,0.8745,1
12,m10_4,0.8746,1
12,p01_0,0.8802,1
12,bs0_0,0.8994,1
12,ts0_3,0.9294,1
12,p10_3,0.9418,1
12,ys0_3_d,0.9421,1
12,bs0_3,0.9481,0
12,ys1_0_d,0.9515,0
12,ys0_0_d,0.9800,0
12,p01_3,0.9965,1
12,ts0_2,1.0029,1
12,ts1_2,1.0037,1
12,ys0_1_d,1.0153,1
12,p01_1,1.0156,1
12,ts1_1,1.0166,1
12,p10_4,1.0174,1
12,ts0_0,1.0219,1
12,ts0_3,1.0401,0
12,ys0_3_d,1.0580,0
12,bs1_1,1.0825,0
12,bs0_4,1.1021,0
12,bs0_1,1.1541,1
12,ts0_1,1.1566,1
12,ts1_4,1.1594,1
12,ys0_0_d,1.1986,1
12,bs1_0,1.2169,1
12,ys0_1_d,1.2228,0
12,bs1_3,1.2390,0
12,bs0_0,1.2490,0
12,ys0_1_d,1.3131,1
12,ys1_0_d,1.3383,1
12,ys1_3_d,1.3506,1
12,ys0_0_d,1.3693,0
13,ys1_4,0.3740,0
13,ys0_4,0.3740,0
13,ys0_0,0.3740,0
13,ys0_3,0.3740,0
13,r_0_q,0.3912,0
13,ys1_0,0.3958,1
13,ys1_3,0.3958,1
13,xs1_1_q,0.4097,0
13,xs1_3_q,0.4105,0
13,xs1_0_q,0.4119,1
13,xs0_2_q,0.4126,1
13,xs0_0_q,0.4132,1
13,xs1_2_q,0.4144,1
13,r_2_q,0.4384,1
13,xs1_4_q,0.4487,1
13,xs0_3_q,0.4801,1
13,xs0_1_q,0.4913,1
13,p10_0,0.4990,0
13,p01_0,0.4990,0
13,as0_0,0.5039,0
13,p01_2,0.5099,0
13,p11_1,0.5294,0
13,p11_3,0.5310,0
13,m10_3,0.5311,0
13,m01_2,0.5441,0
13,p11_2,0.5443,0
13,bs1_1,0.5689,1
13,bs1_3,0.5704,1
13,p10_2,0.5728,1
13,bs0_1,0.5794,0
13,ts0_0,0.6038,0
13,ts1_0,0.6045,0
13,as0_4,0.6084,0
13,m10_2,0.6136,1
13,p00_2,0.6137,1
13,m01_3,0.6154,0
13,p00_3,0.6162,0
13,m01_1,0.6262,0
13,ys1_1_d,0.6333,0
13,ys1_3_d,0.6349,0
13,bs0_3,0.6402,1
13,p01_2,0.6460,1
13,ts1_1,0.6462,0
13,p10_2,0.6463,0
13,p10_3,0.6504,0
13,m10_4,0.6514,0
13,ts1_3,0.6671,1
13,p00_0,0.6768,1
13,ts0_2,0.7048,0
13,bs0_0,0.7210,1
13,ts1_3,0.7255,0
13,p01_3,0.7350,0
13,p01_1,0.7431,0
13,bs1_4,0.7448,1
13,ys0_3_d,0.7508,1
13,ts1_2,0.7587,0
13,ts0_3,0.7629,1
13,bs1_0,0.7648,0
13,p10_4,0.7685,0
13,ts0_3,0.8021,0
13,ts0_0,0.8084,1
13,ys0_0_d,0.8409,1
13,bs0_1,0.8414,1
13,ts0_1,0.8474,0
13,ys1_1_d,0.8555,1
13,bs1_1,0.8630,0
13,ts1_4,0.8722,0
13,ys0_1_d,0.9064,0
13,bs0_0,0.9538,0
13,ys1_1_d,0.9569,0
13,bs0_4,0.9673,1
13,bs1_3,0.9776,0
13,ys0_1_d,1.0380,1
13,ys1_3_d,1.0782,1
14,ys1_1,0.3740,0
14,xs1_0_q,0.3813,0
14,xs0_0_q,0.3815,0
14,r_2_q,0.3927,0
14,xs1_4_q,0.3937,0
14,ys0_0,0.3958,1
14,ys0_3,0.3958,1
14,ys0_4,0.3958,1
14,ys1_4,0.3958,1
14,xs0_3_q,0.4113,0
14,r_1_q,0.4439,1
14,r_0_q,0.4445,1
14,xs1_3_q,0.4765,1
14,p01_2,0.5014,0
14,p10_2,0.5273,1
14,bs0_3,0.5447,0
14,m10_2,0.5457,0
14,p00_2,0.5458,0
14,m01_3,0.5700,1
14,p01_0,0.5834,1
14,p10_1,0.5946,1
14,p01_1,0.5956,1
14,p10_0,0.5960,1
14,p11_3,0.6092,1
14,m01_2,0.6093,1
14,p11_2,0.6113,1
14,as0_0,0.6139,1
14,bs1_3,0.6356,1
14,as0_4,0.6429,1
14,p10_2,0.6460,0
14,ys0_3_d,0.6533,0
14,ts0_0,0.6586,0
14,ys1_3_d,0.6986,0
14,p01_3,0.7112,1
14,ts1_0,0.7379,1
14,ts1_3,0.7391,1
14,p01_2,0.7445,1
14,ts1_1,0.7491,1
14,ts0_1,0.7556,1
14,p00_0,0.7565,0
14,ts1_2,0.7577,1
14,m10_4,0.7667,1
14,m10_3,0.7923,1
14,p00_3,0.7950,1
14,bs1_2,0.8216,0
14,bs1_4,0.8240,0
14,ts0_2,0.8852,1
14,ts0_0,0.8864,1
14,p10_4,0.9089,1
14,bs1_1,0.9091,1
14,ys1_3_d,0.9177,1
14,p10_3,0.9211,1
14,bs0_1,0.9650,0
14,bs0_4,0.9736,0
14,bs1_0,0.9759,1
14,ts1_3,0.9933,0
14,ts1_4,1.0508,1
14,ys0_0_d,1.0839,0
14,ys0_1_d,1.0842,0
14,bs1_3,1.1309,0
14,bs1_2,1.1389,1
15,ys1_4,0.3740,0
15,ys0_4,0.3740,0
15,ys0_0,0.3740,0
15,ys0_3,0.3740,0
15,ys0_1,0.3740,0
15,xs0_2_q,0.3814,0
15,xs1_2_q,0.3815,0
15,r_0_q,0.3912,0
15,xs1_3_q,0.4105,0
15,xs0_1_q,0.4117,0
15,xs0_0_q,0.4132,1
15,r_3_q,0.4330,1
15,r_2_q,0.4383,1
15,xs1_4_q,0.4455,1
15,xs0_3_q,0.4798,1
15,p10_0,0.4990,0
15,p01_0,0.4990,0
15,p10_3,0.5036,0
15,as0_0,0.5039,0
15,p01_3,0.5049,0
15,p01_2,0.5100,0
15,as1_2,0.5193,0
15,p11_3,0.5311,0
15,m10_3,0.5311,0
15,m01_2,0.5440,0
15,p11_2,0.5453,0
15,bs1_3,0.5703,1
15,bs0_1,0.5720,1
15,p10_2,0.5737,1
15,ts0_0,0.6037,0
15,ts1_0,0.6040,0
15,p10_3,0.6059,1
15,as0_4,0.6079,0
15,p00_2,0.6137,1
15,m01_3,0.6150,0
15,p00_3,0.6158,0
15,ys1_3_d,0.6343,0
15,ts0_3,0.6393,1
15,bs0_3,0.6399,1
15,p01_2,0.6452,1
15,ts1_3,0.6466,1
15,m10_4,0.6513,0
15,as1_0,0.6778,1
15,ts0_2,0.7098,0
15,ts0_3,0.7293,0
15,p01_3,0.7356,1
15,bs1_4,0.7436,1
15,bs0_0,0.7486,1
15,ys0_3_d,0.7498,1
15,p10_4,0.7685,0
15,ts0_3,0.7814,1
15,bs1_0,0.8050,0
15,p11_4,0.8232,1
15,bs0_1,0.8248,0
15,m01_4,0.8296,1
15,bs0_2,0.8346,1
15,ys0_0_d,0.8689,1
15,ys0_2_d,0.8752,0
15,ys0_3_d,0.8818,0
15,ys0_1_d,0.9070,1
15,ys1_1_d,0.9138,1
15,p01_4,0.9712,1
15,ts0_4,1.1131,1
15,bs0_3,1.1926,0
15,ys0_3_d,1.3038,1
16,ys1_3,0.3740,0
16,ys0_2,0.3740,0
16,xs0_0_q,0.3815,0
16,xs1_4_q,0.3929,0
16,ys0_0,0.3958,1
16,ys0_1,0.3958,1
16,ys0_3,0.3958,1
16,ys1_4,0.3958,1
16,ys1_1,0.3958,1
16,xs1_2_q,0.4131,1
16,r_4_q,0.4384,1
16,p01_4,0.5104,0
16,as1_0,0.5222,0
16,as1_4,0.5370,0
16,p10_4,0.5760,1
16,as0_0,0.6139,1
16,p11_4,0.6183,0
16,ts0_4,0.6239,0
16,as1_2,0.6385,1
16,m01_4,0.6505,0
16,bs1_4,0.6704,0
16,bs1_0,0.7339,1
16,bs0_0,0.7445,0
16,bs1_2,0.7490,0
16,bs0_3,0.7540,1
16,p00_4,0.7631,1
16,m10_2,0.7831,1
16,m01_1,0.7840,1
16,p01_4,0.7983,1
16,ys1_1_d,0.8090,0
16,ys0_3_d,0.8173,0
16,p10_2,0.8436,0
16,p01_1,0.8446,0
16,ys1_3_d,0.8508,1
16,ys0_1_d,0.8651,0
16,ys0_0_d,0.8767,0
16,ts1_2,0.9541,0
16,ts0_1,0.9563,0
16,bs1_1,1.0597,0
16,bs0_0,1.1490,1
16,ys1_1_d,1.1600,1
16,ys0_1_d,1.2657,1
16,ys0_0_d,1.2724,1
17,ys0_3,0.3740,0
17,ys1_4,0.3740,0
17,ys1_2,0.3740,0
17,r_3_q,0.3912,0
17,ys1_3,0.3958,1
17,xs0_2_q,0.4124,1
17,xs0_0_q,0.4132,1
17,xs1_0_q,0.4133,1
17,xs0_1_q,0.4905,1
17,p01_3,0.4990,0
17,p10_3,0.4990,0
17,as0_0,0.5041,0
17,ts0_3,0.6026,0
17,ts1_3,0.6045,0
17,m01_1,0.6261,0
17,as1_0,0.6405,1
17,p00_4,0.6517,0
17,bs0_1,0.6530,1
17,bs0_0,0.6594,0
17,p00_0,0.6780,1
17,bs0_2,0.7169,0
17,bs1_2,0.7445,1
17,ys0_2_d,0.7632,1
17,bs1_0,0.7654,0
17,p01_1,0.7720,1
17,ys0_0_d,0.7737,0
17,ts0_4,0.7843,1
17,m01_4,0.7857,1
17,m10_0,0.7866,1
17,ys0_3_d,0.8067,1
17,ys1_3_d,0.8125,0
17,ts0_0,0.8197,1
17,p01_4,0.8495,0
17,bs0_3,0.8665,0
17,ys1_1_d,0.8856,0
17,ys1_0_d,0.8972,0
17,ts0_1,0.9254,1
17,p10_0,0.9294,1
17,ts0_4,0.9506,0
17,ys0_3_d,0.9781,0
17,bs0_4,0.9932,1
17,bs0_3,1.0707,1
17,ts1_0,1.0826,1
17,bs0_0,1.1365,1
17,ys0_3_d,1.1790,1
17,ys0_1_d,1.2107,0
17,bs1_4,1.2581,1
17,ys1_0_d,1.3721,1
18,ys1_3,0.3740,0
18,ys0_1,0.3740,0
18,ys0_0,0.3740,0
18,ys1_1,0.3740,0
18,xs1_2_q,0.3815,0
18,r_1_q,0.3912,0
18,r_4_q,0.3927,0
18,ys0_3,0.3958,1
18,ys1_2,0.3958,1
18,ys1_4,0.3958,1
18,ys0_2,0.3958,1
18,ys0_4,0.3958,1
18,xs0_3_q,0.4113,0
18,xs0_1_q,0.4116,0
18,r_3_q,0.4445,1
18,xs1_1_q,0.4761,1
18,xs1_3_q,0.4842,1
18,p10_1,0.4990,0
18,p01_1,0.4991,0
18,p10_4,0.4995,0
18,p01_4,0.5272,1
18,bs0_3,0.5451,0
18,bs0_1,0.5458,0
18,p00_2,0.5458,0
18,m10_2,0.5459,0
18,p00_0,0.5462,0
18,m10_0,0.5462,0
18,m01_1,0.5696,1
18,bs1_3,0.5715,0
18,p10_3,0.5960,1
18,p01_3,0.5960,1
18,ts1_4,0.6020,0
18,ts0_1,0.6028,0
18,ts1_1,0.6038,0
18,p11_1,0.6077,1
18,p11_0,0.6088,1
18,m01_0,0.6100,1
18,p11_2,0.6161,1
18,m01_2,0.6171,1
18,bs1_1,0.6361,1
18,as0_4,0.6422,1
18,as0_2,0.6454,1
18,ys0_1_d,0.6483,1
18,ys0_3_d,0.6537,0
18,p10_0,0.6622,0
18,ts0_0,0.6625,0
18,bs1_3,0.6739,1
18,ts0_4,0.6776,1
18,p01_2,0.6811,0
18,ts0_2,0.6903,1
18,ts1_1,0.7015,1
18,p10_2,0.7027,1
18,p01_1,0.7069,1
18,as1_4,0.7226,1
18,bs0_0,0.7239,0
18,ts1_3,0.7381,1
18,p01_0,0.7470,1
18,ys1_1_d,0.7488,1
18,ts0_3,0.7594,1
18,ts0_2,0.7655,0
18,m01_2,0.7821,0
18,m01_4,0.7853,0
18,p00_3,0.7915,1
18,m10_3,0.7921,1
18,m10_1,0.7980,1
18,p00_1,0.7995,1
18,ts0_3,0.8187,0
18,bs1_2,0.8259,0
18,ys0_1_d,0.8282,0
18,bs0_3,0.8299,1
18,ys0_0_d,0.8325,1
18,bs1_4,0.8336,0
18,p10_3,0.8521,0
18,p11_4,0.8681,1
18,m01_3,0.8684,1
18,p11_3,0.8687,1
18,ts0_0,0.8877,1
18,p01_4,0.9015,0
18,p01_2,0.9188,1
18,ys1_3_d,0.9221,1
18,p10_1,0.9281,1
18,p01_3,0.9283,0
18,ys1_0_d,0.9468,0
18,ys0_3_d,0.9556,1
18,bs0_4,0.9777,0
18,bs0_2,0.9843,1
18,ys0_3_d,0.9933,0
18,ts1_4,0.9987,1
18,ts1_1,1.0043,0
18,ts0_4,1.0050,0
18,ys0_2_d,1.0264,0
18,ts0_3,1.0474,1
18,ts0_2,1.0720,1
18,bs1_3,1.0773,0
18,bs0_2,1.0865,0
18,ys0_0_d,1.0867,0
18,bs0_3,1.1088,0
18,ys0_2_d,1.1532,1
18,ys1_3_d,1.1945,0
18,bs1_0,1.1951,1
18,bs0_1,1.2260,1
18,ys1_1_d,1.2705,0
18,ys1_0_d,1.3158,1
18,ys0_1_d,1.3378,1
19,ys1_4,0.3740,0
19,ys0_4,0.3740,0
19,ys1_2,0.3740,0
19,ys0_3,0.3740,0
19,xs1_0_q,0.3815,0
19,r_2_q,0.3912,0
19,xs0_4_q,0.3944,0
19,ys0_1,0.3958,1
19,xs1_3_q,0.4103,0
19,r_1_q,0.4329,1
19,xs0_3_q,0.4775,1
19,p01_2,0.4990,0
19,p10_2,0.5007,0
19,p10_1,0.5041,0
19,p01_1,0.5049,0
19,as1_0,0.5188,0
19,m10_3,0.5323,0
19,p11_3,0.5324,0
19,p11_2,0.5455,0
19,as1_4,0.5518,0
19,bs1_3,0.5708,1
19,ts0_2,0.6026,0
19,m01_3,0.6069,0
19,m10_2,0.6116,1
19,p00_3,0.6130,0
19,as0_0,0.6183,1
19,ts1_1,0.6222,1
19,p11_4,0.6255,0
19,p11_0,0.6349,0
19,bs0_3,0.6375,1
19,ts0_1,0.6464,1
19,p10_3,0.6576,1
19,ys1_3_d,0.6821,1
19,bs0_1,0.7082,0
19,bs1_4,0.7171,1
19,p01_3,0.7310,1
19,ts1_4,0.7413,0
19,p10_2,0.7468,1
19,ys0_3_d,0.7474,1
19,ts1_0,0.7537,0
19,m01_0,0.7622,0
19,ys1_0_d,0.7880,0
19,ys0_1_d,0.8194,0
19,bs1_4,0.8421,0
19,bs1_3,0.8451,0
19,p01_0,0.8790,0
19,ts1_2,0.8876,1
19,ys1_0_d,0.9245,1
19,ys1_3_d,0.9527,0
19,bs1_1,0.9672,0
19,ts0_0,0.9839,0
19,ys1_1_d,1.0803,1
19,bs0_4,1.1369,1
19,ys0_0_d,1.2509,1
20,ys0_1,0.3740,0
20,xs0_2_q,0.3815,0
20,r_1_q,0.3933,0
20,ys0_3,0.3958,1
20,ys0_4,0.3958,1
20,ys0_0,0.3958,1
20,ys1_1,0.3958,1
20,xs0_3_q,0.4106,0
20,xs1_0_q,0.4131,1
20,xs0_4_q,0.4402,1
20,r_0_q,0.4439,1
20,xs0_1_q,0.4773,1
20,p10_1,0.5142,1
20,p01_1,0.5142,1
20,bs0_3,0.5438,0
20,m10_2,0.5445,0
20,as0_0,0.5449,0
20,p00_3,0.5691,1
20,ts1_1,0.5900,0
20,ts0_1,0.5922,0
20,p10_0,0.5946,1
20,p01_0,0.5954,1
20,m01_1,0.6132,0
20,p00_1,0.6134,0
20,ts0_3,0.6316,0
20,bs0_1,0.6372,1
20,as1_0,0.6435,1
20,ys0_3_d,0.6523,0
20,p10_2,0.6617,0
20,ts0_1,0.6760,1
20,m01_0,0.7139,1
20,p00_0,0.7161,1
20,p01_1,0.7271,0
20,ts1_0,0.7477,1
20,p01_0,0.7652,0
20,ts1_2,0.7665,0
20,ys0_1_d,0.7673,1
20,p11_0,0.7884,1
20,m10_0,0.7900,1
20,bs0_2,0.7986,1
20,bs0_0,0.8164,1
20,ts1_0,0.8166,0
20,ts0_1,0.8200,0
20,ys0_1_d,0.8286,0
20,ys0_2_d,0.8404,0
20,p10_0,0.8483,0
20,ts0_0,0.8621,1
20,bs1_1,0.8964,1
20,bs0_0,0.9031,0
20,ys0_0_d,0.9043,0
20,ys0_3_d,0.9129,1
20,ts1_0,0.9188,1
20,ys0_0_d,0.9442,1
20,bs0_4,0.9443,0
20,ys1_1_d,0.9595,0
20,bs1_4,0.9877,1
20,ys0_1_d,0.9892,1
20,ys0_0_d,1.0398,0
20,ys1_0_d,1.0559,0
21,ys1_1,0.3740,0
21,ys0_4,0.3740,0
21,ys0_0,0.3740,0
21,ys0_2,0.3740,0
21,ys1_0,0.3740,0
21,r_3_q,0.3912,0
21,xs0_4_q,0.3939,0
21,ys0_1,0.3958,1
21,ys1_4,0.3958,1
21,xs1_1_q,0.4107,0
21,xs0_2_q,0.4132,1
21,xs1_2_q,0.4144,1
21,xs1_4_q,0.4379,1
21,r_1_q,0.4383,1
21,r_2_q,0.4442,1
21,r_4_q,0.4442,1
21,xs1_3_q,0.4898,1
21,p10_3,0.4990,0
21,p01_3,0.5009,0
21,as0_2,0.5041,0
21,p10_1,0.5119,0
21,p11_1,0.5306,0
21,m10_1,0.5316,0
21,as0_4,0.5384,0
21,bs1_1,0.5434,0
21,m01_0,0.5437,0
21,p11_0,0.5448,0
21,as1_0,0.5468,0
21,p01_1,0.5882,1
21,p10_1,0.5899,1
21,p10_4,0.5943,1
21,p10_2,0.5944,1
21,p01_2,0.5953,1
21,p01_4,0.5961,1
21,ts1_3,0.6040,0
21,ts0_3,0.6120,1
21,as0_0,0.6143,1
21,p11_2,0.6239,1
21,ts1_1,0.6445,1
21,ys1_1_d,0.6456,1
21,bs1_3,0.6472,1
21,ts1_0,0.6630,0
21,p00_3,0.6681,0
21,m01_2,0.6763,1
21,p01_0,0.6765,1
21,m10_0,0.6815,0
21,bs0_4,0.7188,1
21,p01_2,0.7200,0
21,ts1_4,0.7346,1
21,ts0_2,0.7381,1
21,ts0_1,0.7500,1
21,ts0_4,0.7507,1
21,p00_0,0.7565,0
21,bs1_2,0.7655,1
21,p00_4,0.7660,1
21,bs1_4,0.7737,0
21,ts0_3,0.7751,0
21,ts0_4,0.7815,0
21,bs1_3,0.7861,0
21,ts0_2,0.8036,0
21,p10_0,0.8238,1
21,ys0_0_d,0.8370,1
21,ys1_0_d,0.8617,1
21,ys1_3_d,0.8633,1
21,bs0_2,0.8874,0
21,ys0_2_d,0.9345,1
21,ts1_0,0.9773,1
21,ys0_3_d,0.9861,0
21,bs1_4,1.1400,1
21,ys1_0_d,1.2086,0
22,ys0_3,0.3740,0
22,xs1_0_q,0.3813,0
22,xs0_2_q,0.3814,0
22,xs1_2_q,0.3815,0
22,xs0_0_q,0.3815,0
22,r_4_q,0.3912,0
22,r_0_q,0.3912,0
22,xs1_4_q,0.3936,0
22,ys0_0,0.3958,1
22,ys1_1,0.3958,1
22,ys0_4,0.3958,1
22,ys0_2,0.3958,1
22,ys1_2,0.3958,1
22,ys1_3,0.3958,1
22,xs0_1_q,0.4117,0
22,xs0_4_q,0.4362,1
22,xs1_1_q,0.4755,1
22,p10_4,0.4990,0
22,p10_0,0.4990,0
22,p01_0,0.4990,0
22,p01_4,0.5009,0
22,bs0_1,0.5465,0
22,m01_1,0.5718,1
22,ts1_0,0.6025,0
22,ts0_0,0.6027,0
22,ts1_4,0.6040,0
22,p11_1,0.6079,1
22,ts0_4,0.6305,1
22,p01_1,0.6321,0
22,bs1_1,0.6340,1
22,as1_4,0.6341,1
22,ys0_1_d,0.6560,0
22,ts1_1,0.6688,0
22,as0_4,0.6758,1
22,ys1_1_d,0.6975,0
22,bs1_3,0.7341,1
22,ts0_1,0.7442,0
22,m10_4,0.7798,1
22,p11_3,0.7804,1
22,m01_3,0.7809,1
22,bs0_3,0.7845,1
22,bs1_0,0.7939,0
22,ys1_3_d,0.7974,0
22,p00_4,0.8178,0
22,m10_3,0.8258,1
22,p00_3,0.8258,1
22,ys1_1_d,0.8840,1
22,ys0_3_d,0.8967,1
22,ys1_0_d,0.9027,1
22,ts1_3,0.9086,1
22,p10_4,0.9220,1
22,p01_3,0.9321,1
22,ts0_4,0.9336,0
22,bs0_0,0.9395,1
22,p10_3,0.9550,1
22,ts1_3,0.9876,0
22,ys0_0_d,1.0172,0
22,bs0_3,1.0365,0
22,ys0_1_d,1.0554,1
22,ts1_4,1.0637,1
22,bs1_3,1.1431,0
22,ys0_3_d,1.1431,0
22,ys1_3_d,1.2527,1
23,ys0_0,0.3740,0
23,r_1_q,0.3927,0
23,xs0_4_q,0.3929,0
23,ys1_0,0.3958,1
23,xs0_2_q,0.4124,1
23,xs1_0_q,0.4130,1
23,xs1_2_q,0.4132,1
23,r_4_q,0.4386,1
23,xs0_1_q,0.4895,1
23,p10_1,0.5015,0
23,as1_2,0.5023,0
23,p10_4,0.5113,0
23,as0_0,0.5246,0
23,p01_1,0.5275,1
23,as0_4,0.5382,0
23,p01_4,0.5874,1
23,m01_1,0.6003,0
23,ts1_4,0.6249,0
23,ts1_1,0.6326,1
23,p11_2,0.6345,0
23,as1_0,0.6400,1
23,p11_1,0.6481,0
23,bs1_2,0.6483,0
23,bs0_1,0.6498,1
23,m10_4,0.6544,0
23,ts0_1,0.6633,1
23,p00_3,0.6678,0
23,m10_3,0.6679,0
23,bs0_4,0.6732,0
23,m01_0,0.6794,1
23,p00_0,0.6834,1
23,p01_1,0.7072,0
23,ys0_1_d,0.7206,0
23,ts0_4,0.7417,1
23,ts1_1,0.7473,0
23,bs1_3,0.7549,1
23,ys0_0_d,0.7626,1
23,ys1_3_d,0.7631,0
23,ts1_2,0.7678,1
23,p10_3,0.7865,0
23,p11_0,0.7899,1
23,p11_4,0.7901,1
23,m10_0,0.7914,1
23,p10_4,0.7933,1
23,m01_4,0.7935,1
23,ts0_1,0.7983,0
23,ys1_3_d,0.8004,1
23,ts0_3,0.8136,1
23,p01_0,0.8232,1
23,bs1_1,0.8484,0
23,p01_4,0.8533,0
23,bs0_3,0.8939,1
23,bs0_0,0.9140,0
23,ts1_3,0.9157,1
23,bs1_0,0.9197,1
23,p10_0,0.9322,1
23,ts0_4,0.9607,0
23,ys1_0_d,0.9944,0
23,ys0_1_d,1.0048,1
23,bs0_2,1.0123,1
23,ys0_0_d,1.0267,0
23,ys0_2_d,1.0533,0
23,bs0_3,1.0556,0
23,bs1_2,1.0795,1
23,ys0_3_d,1.1379,1
23,ys1_3_d,1.1482,0
24,ys1_0,0.3740,0
24,ys1_3,0.3740,0
24,ys0_4,0.3740,0
24,ys0_2,0.3740,0
24,r_2_q,0.3926,0
24,ys0_3,0.3958,1
24,xs1_3_q,0.4096,0
24,r_0_q,0.4329,1
24,r_3_q,0.4383,1
24,xs1_4_q,0.4402,1
24,r_1_q,0.4442,1
24,p10_2,0.4996,0
24,p10_0,0.5042,0
24,p01_0,0.5042,0
24,p01_3,0.5103,0
24,p01_2,0.5276,1
24,p11_3,0.5299,0
24,m01_2,0.5426,0
24,bs1_3,0.5430,0
24,as1_0,0.5450,0
24,p10_3,0.5721,1
24,p10_1,0.5941,1
24,p01_1,0.5959,1
24,ts1_2,0.6045,0
24,ts0_3,0.6225,0
24,ts1_0,0.6290,1
24,ts0_0,0.6412,1
24,p01_2,0.6425,0
24,ys1_3_d,0.6456,1
24,ts0_2,0.6696,1
24,m10_0,0.6792,0
24,p11_0,0.6792,0
24,p11_4,0.6934,0
24,m01_4,0.6935,0
24,bs1_0,0.7006,0
24,ts0_2,0.7134,0
24,bs1_4,0.7151,0
24,bs0_2,0.7348,0
24,bs1_1,0.7375,1
24,ts1_1,0.7398,1
24,ts0_1,0.7503,1
24,ys0_2_d,0.7820,1
24,p10_0,0.8011,1
24,bs0_4,0.8160,1
24,ys0_3_d,0.8334,0
24,ts1_4,0.8385,1
24,p01_4,0.8397,1
24,bs1_0,0.9298,1
24,bs0_0,0.9603,1
24,bs1_3,0.9925,1
24,ts0_4,0.9939,1
24,ys1_1_d,1.0057,0
24,ys0_1_d,1.0347,0
24,ys1_0_d,1.0483,1
24,ys1_3_d,1.0562,0
24,bs0_3,1.1482,1
24,ys0_3_d,1.2604,1
25,ys1_1,0.3740,0
25,ys0_1,0.3740,0
25,ys1_4,0.3740,0
25,xs1_0_q,0.3813,0
25,xs0_2_q,0.3814,0
25,r_1_q,0.3912,0
25,r_4_q,0.3912,0
25,r_3_q,0.3922,0
25,xs1_4_q,0.3936,0
25,ys1_0,0.3958,1
25,ys0_4,0.3958,1
25,ys0_2,0.3958,1
25,xs0_4_q,0.4443,1
25,p01_1,0.4990,0
25,p10_1,0.4990,0
25,p10_4,0.4990,0
25,p01_4,0.4990,0
25,p10_3,0.4992,0
25,p01_3,0.5267,1
25,as1_4,0.5378,0
25,ts1_4,0.6026,0
25,ts0_4,0.6026,0
25,ts1_1,0.6026,0
25,ts0_1,0.6027,0
25,ts1_3,0.6027,0
25,as0_2,0.6134,1
25,m01_3,0.6664,0
25,as0_0,0.6844,1
25,as0_4,0.6848,1
25,ts0_3,0.6915,1
25,bs1_4,0.7037,1
25,bs1_3,0.7078,0
25,bs0_3,0.7082,0
25,bs1_2,0.7128,0
25,bs1_0,0.7226,0
25,m10_1,0.7669,1
25,p01_3,0.7827,0
25,bs0_4,0.7996,0
25,ys1_1_d,0.8157,1
25,ys0_3_d,0.8205,0
25,p00_0,0.8272,0
25,m01_0,0.8272,0
25,p00_3,0.8343,1
25,ys0_0_d,0.9017,1
25,p10_1,0.9096,1
25,p01_0,0.9527,1
25,ts1_1,1.0636,1
25,bs1_0,1.2699,1
25,ys1_1_d,1.3443,0
25,ys1_0_d,1.3454,0
26,ys1_0,0.3740,0
26,ys0_4,0.3740,0
26,ys0_3,0.3740,0
26,ys1_2,0.3740,0
26,r_0_q,0.3912,0
26,ys1_4,0.3958,1
26,ys0_0,0.3958,1
26,xs1_1_q,0.4107,0
26,xs0_1_q,0.4107,0
26,xs1_0_q,0.4130,1
26,xs0_2_q,0.4143,1
26,r_1_q,0.4386,1
26,r_2_q,0.4442,1
26,p10_0,0.4990,0
26,p01_0,0.4990,0
26,p10_1,0.5112,0
26,m10_1,0.5315,0
26,bs0_1,0.5438,0
26,bs1_1,0.5441,0
26,p00_1,0.5681,1
26,p01_1,0.5910,1
26,p10_2,0.5952,1
26,p01_2,0.5957,1
26,p10_1,0.5972,1
26,ts1_0,0.6026,0
26,ts0_0,0.6045,0
26,as1_0,0.6373,1
26,as1_2,0.6392,1
26,ys1_1_d,0.6466,1
26,ys0_1_d,0.6467,1
26,bs1_4,0.7134,0
26,bs0_4,0.7445,1
26,ts1_2,0.7481,1
26,ts0_2,0.7487,1
26,bs1_0,0.7663,0
26,m01_1,0.7843,1
26,ys1_0_d,0.8032,1
26,ys0_0_d,0.8124,0
26,bs1_2,0.8287,1
26,p01_1,0.8440,0
26,ys1_0_d,0.8670,0
26,ys1_1_d,0.8942,0
26,bs1_1,0.9003,1
26,bs0_1,0.9021,1
26,ys1_3_d,0.9425,1
26,ys1_1_d,0.9622,1
26,ys0_1_d,0.9653,0
26,ts0_1,0.9659,1
26,bs0_0,1.0622,0
26,ys0_1_d,1.1648,1
26,ys0_0_d,1.1828,1
27,ys1_4,0.3740,0
27,ys0_4,0.3958,1
27,ys1_2,0.3958,1
27,ys1_1,0.3958,1
27,ys0_1,0.3958,1
27,ys1_3,0.3958,1
27,xs0_0_q,0.4132,1
27,r_3_q,0.4442,1
27,r_0_q,0.4445,1
27,xs1_1_q,0.4794,1
27,xs0_3_q,0.4804,1
27,as0_0,0.5041,0
27,bs1_1,0.5661,0
27,p01_3,0.5835,1
27,p10_0,0.5935,1
27,p10_3,0.5953,1
27,p01_0,0.5961,1
27,as1_2,0.5978,0
27,as0_4,0.6090,0
27,m10_1,0.6113,1
27,p11_0,0.6126,1
27,p00_3,0.6171,0
27,p11_1,0.6204,1
27,bs0_3,0.6409,1
27,m10_2,0.6449,1
27,p10_1,0.6702,0
27,m01_0,0.6758,1
27,ys1_1_d,0.6850,0
27,m10_2,0.6875,0
27,p01_0,0.7193,0
27,p11_1,0.7201,0
27,bs0_0,0.7282,1
27,ts1_3,0.7304,1
27,ts0_0,0.7323,1
27,m01_1,0.7500,0
27,ys0_3_d,0.7510,1
27,m01_4,0.7827,1
27,ys0_1_d,0.8028,0
27,ys0_0_d,0.8046,0
27,ts0_0,0.8053,0
27,ts1_1,0.8323,0
27,p01_1,0.8832,1
27,bs0_4,0.9165,0
27,p01_4,0.9249,1
27,ts0_1,0.9608,0
27,ys0_0_d,1.0025,1
27,bs1_0,1.0280,1
27,ts0_4,1.0668,1
27,bs0_0,1.0878,0
27,ys1_1_d,1.1443,1
27,bs0_3,1.1466,0
27,ys1_0_d,1.1508,1
27,ys0_1_d,1.1788,1
27,ys0_0_d,1.1982,0
27,ys0_3_d,1.2648,0
28,ys0_4,0.3740,0
28,ys0_0,0.3740,0
28,xs0_2_q,0.3815,0
28,xs1_2_q,0.3815,0
28,xs0_4_q,0.3943,0
28,ys1_0,0.3958,1
28,xs1_4_q,0.4385,1
28,as0_2,0.5200,0
28,as1_0,0.5429,0
28,as1_2,0.6095,1
28,as0_0,0.6182,1
28,as0_4,0.6304,1
28,p00_1,0.6494,0
28,m10_1,0.6497,0
28,as1_4,0.6729,1
28,p00_2,0.6744,1
28,p11_0,0.6767,0
28,m01_4,0.6928,0
28,bs1_0,0.6992,0
28,bs0_2,0.7141,1
28,bs1_2,0.7187,0
28,ts0_2,0.7353,0
28,p11_1,0.7548,1
28,m10_2,0.7554,1
28,ys0_2_d,0.7563,0
28,m01_1,0.7564,1
28,m01_0,0.7608,0
28,ts0_1,0.8006,1
28,ys1_1_d,0.8010,0
28,p10_1,0.8039,1
28,p01_4,0.8092,0
28,p10_2,0.8160,0
28,p01_1,0.8207,0
28,bs0_4,0.8232,1
28,ys0_3_d,0.8288,1
28,ts1_0,0.8305,1
28,ys1_3_d,0.8318,0
28,m10_4,0.8337,1
28,ys1_0_d,0.8401,0
28,bs0_1,0.8481,0
28,p01_0,0.9062,1
28,ts0_4,0.9141,0
28,ts0_1,0.9150,0
28,ts1_2,0.9284,0
28,ys0_0_d,0.9417,1
28,ys0_1_d,0.9617,0
28,p10_4,0.9764,1
28,bs0_3,1.0427,1
28,ts0_0,1.0474,1
28,bs1_1,1.0590,1
28,bs0_0,1.0887,1
28,ys0_3_d,1.1052,0
28,bs0_4,1.1290,0
28,ts1_4,1.1304,1
28,ys1_1_d,1.1705,1
28,ys0_1_d,1.2044,1
28,bs1_3,1.2846,1
28,ys1_3_d,1.3962,1
29,ys1_0,0.3740,0
29,ys1_2,0.3740,0
29,ys0_2,0.3740,0
29,xs1_0_q,0.3814,0
29,r_3_q,0.3912,0
29,r_1_q,0.3927,0
29,xs1_4_q,0.3936,0
29,ys0_0,0.3958,1
29,xs1_1_q,0.4094,0
29,xs0_3_q,0.4104,0
29,xs0_2_q,0.4124,1
29,r_4_q,0.4384,1
29,xs0_1_q,0.4907,1
29,p10_3,0.4990,0
29,p01_3,0.4990,0
29,p10_1,0.5014,0
29,p10_4,0.5104,0
29,p01_1,0.5272,1
29,p11_1,0.5312,0
29,as1_4,0.5387,0
29,bs1_1,0.5431,0
29,bs0_3,0.5445,0
29,p00_2,0.5459,0
29,m10_2,0.5468,0
29,as1_2,0.5510,0
29,as0_4,0.5526,0
29,p00_3,0.5715,1
29,p01_4,0.5887,1
29,ts1_3,0.6046,0
29,m01_1,0.6149,0
29,ts1_4,0.6226,0
29,ys0_3_d,0.6469,1
29,ys1_1_d,0.6515,0
29,m10_4,0.6546,0
29,bs0_1,0.6563,1
29,p00_3,0.6590,0
29,ts0_1,0.6683,1
29,ts0_2,0.6881,1
29,p10_2,0.6933,1
29,bs0_1,0.7063,0
29,p00_4,0.7076,1
29,bs1_4,0.7170,1
29,bs0_4,0.7190,1
29,p01_1,0.7238,0
29,bs1_3,0.7283,0
29,bs0_0,0.7694,0
29,ts0_3,0.7740,0
29,p10_4,0.7953,1
29,ts0_1,0.8163,0
29,ys1_0_d,0.8312,1
29,ys1_3_d,0.8367,0
29,ts1_2,0.8468,1
29,bs0_2,0.8868,0
29,bs0_0,0.9267,1
29,ys0_2_d,0.9339,1
29,ts1_4,0.9492,1
29,ys0_3_d,0.9854,0
29,ys0_0_d,0.9955,0
29,bs1_1,1.0001,1
29,bs1_3,1.1023,1
29,ys1_1_d,1.1113,1
29,ys1_3_d,1.2136,1
30,ys0_0,0.3740,0
30,r_4_q,0.3912,0
30,ys1_0,0.3958,1
30,ys0_2,0.3958,1
30,ys0_4,0.3958,1
30,ys1_4,0.3958,1
30,xs0_1_q,0.4115,0
30,xs1_2_q,0.4126,1
30,xs1_0_q,0.4130,1
30,xs0_4_q,0.4379,1
30,xs1_1_q,0.4888,1
30,xs0_3_q,0.4910,1
30,p10_4,0.4990,0
30,p01_4,0.5009,0
30,as0_0,0.5452,0
30,bs0_1,0.5720,1
30,bs1_1,0.5734,0
30,ts1_4,0.6026,0
30,p00_2,0.6256,1
30,ys0_1_d,0.6363,0
30,ts0_4,0.6384,1
30,as1_0,0.6386,1
30,as0_2,0.6450,1
30,ts0_2,0.6879,0
30,ys1_1_d,0.6910,0
30,p00_4,0.6942,0
30,bs0_0,0.7012,0
30,bs1_3,0.7082,0
30,m01_0,0.7168,1
30,p01_0,0.7772,0
30,p00_2,0.7803,0
30,m01_4,0.7863,1
30,p11_0,0.7865,1
30,ys0_1_d,0.7900,1
30,bs0_1,0.7959,0
30,p00_1,0.7968,1
30,m10_1,0.7981,1
30,ts0_4,0.8019,0
30,ys0_0_d,0.8099,1
30,ys1_3_d,0.8167,0
30,ts1_0,0.8476,0
30,bs0_2,0.8528,1
30,bs1_0,0.8680,1
30,ts0_0,0.8878,0
30,ys0_1_d,0.8897,0
30,ys0_2_d,0.8953,0
30,ts0_2,0.9165,1
30,p01_4,0.9254,1
30,bs0_3,0.9367,1
30,ts0_1,0.9386,1
30,p10_1,0.9398,1
30,ys1_0_d,0.9484,0
30,bs1_4,0.9629,0
30,ys1_1_d,0.9837,1
30,bs0_4,0.9979,0
30,ys1_0_d,1.0063,1
30,ts0_4,1.0647,1
30,bs0_1,1.0674,1
30,ts1_1,1.0803,1
30,ys0_0_d,1.1100,0
30,bs0_3,1.1318,0
30,bs0_0,1.1629,1
30,bs1_0,1.1713,0
30,ys0_3_d,1.2426,1
30,ys0_0_d,1.2628,1
30,ys1_1_d,1.2890,0
30,ys1_0_d,1.2989,0
31,ys0_2,0.3740,0
31,ys0_4,0.3740,0
31,ys1_0,0.3740,0
31,ys1_4,0.3740,0
31,ys0_1,0.3740,0
31,ys1_1,0.3740,0
31,ys1_3,0.3740,0
31,xs1_2_q,0.3814,0
31,xs0_2_q,0.3815,0
31,r_2_q,0.3912,0
31,ys0_0,0.3958,1
31,ys0_3,0.3958,1
31,xs0_3_q,0.4116,0
31,r_3_q,0.4442,1
31,xs1_3_q,0.4842,1
31,p10_2,0.4990,0
31,p01_2,0.4990,0
31,as0_2,0.5199,0
31,bs0_3,0.5719,1
31,p01_3,0.5953,1
31,p10_3,0.5954,1
31,ts0_2,0.6026,0
31,ts1_2,0.6045,0
31,as1_2,0.6101,1
31,ys0_3_d,0.6402,0
31,as0_4,0.6437,1
31,bs1_3,0.6441,1
31,p00_1,0.6495,0
31,m10_1,0.6497,0
31,bs0_2,0.6551,0
31,m01_2,0.6780,1
31,ys0_3_d,0.6997,1
31,ys0_2_d,0.7009,1
31,bs0_1,0.7082,0
31,as1_4,0.7251,1
31,bs1_1,0.7349,1
31,ts0_3,0.7437,1
31,ts1_3,0.7550,1
31,ys1_3_d,0.7554,1
31,m01_1,0.7588,1
31,p11_1,0.7592,1
31,p11_2,0.7598,1
31,ts0_1,0.7667,0
31,p10_1,0.7667,0
31,m01_4,0.7859,0
31,m10_3,0.7937,1
31,p00_3,0.7944,1
31,ys0_1_d,0.8106,1
31,p01_2,0.8202,1
31,bs0_4,0.8242,1
31,ts0_3,0.8273,0
31,ys1_1_d,0.8457,1
31,p10_3,0.8540,0
31,p11_4,0.8729,1
31,p11_3,0.8734,1
31,m01_3,0.8739,1
31,bs0_0,0.8879,0
31,ts1_2,0.8885,1
31,p01_1,0.8973,1
31,p01_4,0.9029,0
31,bs1_4,0.9155,1
31,p01_3,0.9337,0
31,bs1_1,0.9590,0
31,ts0_2,0.9739,1
31,ys0_1_d,0.9865,0
31,ts1_4,1.0034,1
31,ts0_4,1.0063,0
31,ys1_0_d,1.0295,1
31,ts0_1,1.0499,1
31,ts0_3,1.0602,1
31,ys1_1_d,1.0757,0
31,bs1_3,1.0821,0
31,bs0_3,1.1120,0
31,bs0_1,1.1249,1
31,ys1_3_d,1.1999,0
31,bs0_2,1.2317,1
31,ys0_2_d,1.2729,0
31,bs0_0,1.2758,1
31,ys0_0_d,1.3511,0
32,ys0_0,0.3740,0
32,xs1_0_q,0.3815,0
32,xs0_4_q,0.3940,0
32,ys1_0,0.3958,1
32,ys0_4,0.3958,1
32,ys1_4,0.3958,1
32,xs1_3_q,0.4103,0
32,xs0_2_q,0.4124,1
32,xs1_2_q,0.4132,1
32,xs0_3_q,0.4779,1
32,xs0_1_q,0.4907,1
32,as1_2,0.5025,0
32,as1_0,0.5182,0
32,m10_3,0.5323,0
32,p11_3,0.5324,0
32,p11_2,0.5448,0
32,m01_2,0.5455,0
32,as1_4,0.5518,0
32,bs1_3,0.5702,1
32,bs0_1,0.5792,0
32,m01_1,0.6015,0
32,m01_3,0.6074,0
32,p00_2,0.6135,1
32,p00_3,0.6137,0
32,as0_0,0.6188,1
32,p00_0,0.6244,1
32,p11_4,0.6252,0
32,p11_0,0.6343,0
32,bs0_3,0.6388,1
32,p11_1,0.6485,0
32,p10_3,0.6575,1
32,p01_2,0.6616,0
32,ts1_2,0.6622,0
32,bs1_4,0.6848,0
32,ys0_1_d,0.6932,1
32,ys0_3_d,0.7020,0
32,bs1_2,0.7033,1
32,p01_1,0.7165,0
32,p01_3,0.7315,1
32,ts1_4,0.7410,0
32,bs1_0,0.7437,1
32,p00_0,0.7462,0
32,ts0_0,0.7535,1
32,bs0_0,0.7547,0
32,m01_0,0.7603,0
32,ts1_1,0.7673,0
32,ts1_0,0.7723,1
32,bs1_1,0.7962,1
32,ts0_1,0.8196,0
32,bs1_3,0.8447,0
32,ts0_0,0.8494,0
32,bs1_0,0.8544,0
32,ys0_1_d,0.8731,0
32,p01_0,0.8856,1
32,ys0_0_d,0.8896,1
32,bs1_4,0.9315,1
32,ys1_3_d,0.9421,1
32,ys1_1_d,0.9436,1
32,bs0_0,0.9634,1
32,ts0_0,1.0037,1
32,ys0_0_d,1.0047,0
32,bs0_4,1.0699,0
32,ys0_1_d,1.0741,1
32,ys0_0_d,1.1611,1
33,ys0_4,0.3740,0
33,ys0_3,0.3740,0
33,ys0_0,0.3958,1
33,ys0_1,0.3958,1
33,ys1_3,0.3958,1
33,ys1_1,0.3958,1
33,ys1_2,0.3958,1
33,xs0_1_q,0.4116,0
33,xs1_0_q,0.4131,1
33,xs0_4_q,0.4387,1
33,r_1_q,0.4439,1
33,r_2_q,0.4442,1
33,as0_4,0.5408,0
33,as0_0,0.5434,0
33,bs0_1,0.5714,1
33,p01_2,0.5830,1
33,p10_2,0.5943,1
33,p10_1,0.5946,1
33,p01_1,0.5951,1
33,ys0_1_d,0.6364,0
33,as1_0,0.6367,1
33,as0_2,0.6443,1
33,ts0_2,0.6636,0
33,bs0_0,0.6990,0
33,m01_0,0.7136,1
33,bs0_4,0.7212,1
33,ts1_2,0.7361,1
33,ts0_1,0.7403,1
33,ts1_1,0.7583,1
33,bs0_2,0.7652,0
33,bs0_1,0.7728,0
33,p01_0,0.7740,0
33,p11_0,0.7830,1
33,m01_4,0.7844,1
33,p00_2,0.7856,0
33,ys0_1_d,0.7875,1
33,p00_1,0.7929,1
33,m10_1,0.7931,1
33,bs1_1,0.8161,0
33,ys0_2_d,0.8268,1
33,ts0_1,0.8270,0
33,ts1_0,0.8440,0
33,p10_1,0.8532,0
33,ys0_3_d,0.8697,1
33,ts0_0,0.8852,0
33,ys0_1_d,0.8919,0
33,ts0_2,0.9242,1
33,p01_4,0.9264,1
33,ys1_1_d,0.9369,0
33,ts1_1,0.9598,0
33,bs1_4,0.9605,0
33,bs0_4,0.9921,0
33,ys1_0_d,1.0578,0
33,ts0_4,1.0679,1
33,bs0_1,1.0757,1
33,ys0_0_d,1.0890,0
33,bs1_0,1.1471,1
33,bs0_3,1.1476,0
33,ys0_1_d,1.1864,1
33,ys1_0_d,1.2623,1
33,ys1_1_d,1.2637,1
33,ys0_3_d,1.2657,0
34,ys0_0,0.3740,0
34,ys1_4,0.3740,0
34,xs0_0_q,0.3814,0
34,xs1_0_q,0.3815,0
34,r_1_q,0.3927,0
34,r_0_q,0.3927,0
34,xs0_4_q,0.3936,0
34,ys0_2,0.3958,1
34,xs1_1_q,0.4106,0
34,xs1_4_q,0.4366,1
34,r_4_q,0.4386,1
34,xs0_1_q,0.4802,1
34,p01_1,0.5014,0
34,p10_0,0.5015,0
34,p01_4,0.5113,0
34,p10_1,0.5274,1
34,p01_0,0.5275,1
34,m10_1,0.5313,0
34,m01_0,0.5442,0
34,p11_0,0.5443,0
34,bs0_1,0.5685,0
34,bs1_1,0.5706,1
34,p10_4,0.5875,1
34,as0_2,0.6069,0
34,m10_0,0.6132,1
34,p00_1,0.6156,0
34,p00_0,0.6170,1
34,ts0_4,0.6249,0
34,p10_1,0.6280,0
34,ts0_1,0.6308,1
34,as0_4,0.6325,1
34,ys1_1_d,0.6351,0
34,as1_2,0.6430,1
34,p01_0,0.6439,0
34,as1_4,0.6714,1
34,ts1_1,0.6723,1
34,ys0_1_d,0.6871,0
34,ts1_1,0.6887,0
34,ts0_1,0.7058,0
34,ts1_4,0.7416,1
34,p10_0,0.7491,1
34,bs1_2,0.7508,0
34,bs0_3,0.7528,1
34,ts0_0,0.7584,1
34,m01_4,0.7748,0
34,p00_2,0.7800,1
34,m10_2,0.7878,1
34,p11_4,0.8168,1
34,bs0_2,0.8271,1
34,ts0_2,0.8429,0
34,bs1_4,0.8461,1
34,p10_2,0.8484,0
34,ts1_4,0.8587,0
34,ys1_3_d,0.8662,0
34,ys0_2_d,0.8673,0
34,ts1_0,0.8887,1
34,bs1_3,0.8942,1
34,bs1_4,0.9137,0
34,p01_4,0.9190,1
34,bs1_3,0.9332,0
34,ts1_2,0.9590,0
34,bs0_1,0.9765,1
34,ts0_4,1.0605,1
34,bs1_1,1.0646,0
34,ys0_1_d,1.0869,1
34,bs0_3,1.1396,0
34,ys1_1_d,1.1658,1
34,ys0_3_d,1.2503,1
35,ys0_2,0.3740,0
35,ys1_2,0.3740,0
35,ys1_3,0.3740,0
35,r_4_q,0.3912,0
35,ys0_3,0.3958,1
35,xs0_3_q,0.4103,0
35,r_1_q,0.4442,1
35,xs1_3_q,0.4796,1
35,p01_4,0.4991,0
35,p10_4,0.5008,0
35,p00_2,0.5460,0
35,m10_2,0.5460,0
35,as0_4,0.5527,0
35,m01_3,0.5705,1
35,bs0_3,0.5717,1
35,p00_3,0.5718,1
35,p01_1,0.5943,1
35,p10_1,0.5957,1
35,as1_4,0.6027,0
35,ts0_4,0.6048,0
35,p11_2,0.6119,1
35,m01_2,0.6131,1
35,p11_3,0.6196,1
35,p01_3,0.6290,0
35,ts1_4,0.6368,1
35,ys0_3_d,0.6379,0
35,p00_3,0.6584,0
35,p01_2,0.6774,0
35,ts0_2,0.6818,1
35,ts1_3,0.6883,0
35,bs0_3,0.6931,0
35,p10_2,0.7026,1
35,m01_4,0.7075,1
35,p11_3,0.7289,0
35,bs0_4,0.7322,1
35,ts1_1,0.7374,1
35,p11_4,0.7395,0
35,m01_3,0.7470,0
35,ts0_1,0.7481,1
35,ts0_3,0.7625,0
35,ts0_2,0.7647,0
35,bs1_4,0.7864,1
35,ys0_3_d,0.7893,1
35,ts1_3,0.8360,1
35,bs1_0,0.8383,0
35,ys0_0_d,0.8473,1
35,p01_4,0.8499,1
35,ts1_4,0.8522,0
35,bs0_2,0.8769,0
35,p01_3,0.8836,1
35,ys0_2_d,0.9240,1
35,bs0_0,0.9545,1
35,ys1_1_d,0.9558,0
35,ys0_3_d,0.9728,0
35,bs1_3,0.9806,1
35,ts0_4,1.0035,1
35,ys0_0_d,1.0087,0
35,ys0_1_d,1.0289,0
35,ts0_3,1.0359,1
35,ys1_3_d,1.0898,1
35,bs0_3,1.1552,1
35,bs0_2,1.2348,1
35,ys0_2_d,1.2752,0
36,ys0_3,0.3740,0
36,ys0_1,0.3740,0
36,ys1_1,0.3740,0
36,r_3_q,0.3912,0
36,ys1_3,0.3958,1
36,ys1_4,0.3958,1
36,ys0_4,0.3958,1
36,xs1_3_q,0.4094,0
36,xs0_1_q,0.4113,0
36,xs1_1_q,0.4790,1
36,xs0_3_q,0.4868,1
36,p10_3,0.4990,0
36,p01_3,0.4990,0
36,bs1_3,0.5421,0
36,m01_2,0.5427,0
36,p11_2,0.5430,0
36,bs0_1,0.5449,0
36,p00_0,0.5459,0
36,m10_0,0.5459,0
36,m01_1,0.5703,1
36,bs0_3,0.5780,0
36,as1_2,0.6013,0
36,ts0_3,0.6026,0
36,ts1_3,0.6038,0
36,p11_0,0.6114,1
36,m01_0,0.6122,1
36,p11_1,0.6179,1
36,p00_2,0.6226,1
36,p01_1,0.6305,0
36,bs1_1,0.6396,1
36,as1_4,0.6410,1
36,as0_2,0.6443,1
36,ys0_1_d,0.6475,1
36,ys1_3_d,0.6487,0
36,p10_0,0.6623,0
36,ts0_0,0.6634,0
36,ts1_2,0.6817,1
36,ts1_1,0.6855,0
36,ys0_3_d,0.6913,1
36,p01_2,0.6980,1
36,bs1_1,0.7057,0
36,p11_1,0.7283,0
36,as0_4,0.7331,1
36,ts0_1,0.7408,0
36,m01_1,0.7461,0
36,p01_0,0.7488,1
36,bs1_4,0.7574,0
36,p00_2,0.7794,0
36,p11_4,0.7860,1
36,p00_1,0.7914,1
36,m10_1,0.7927,1
36,ts1_1,0.8378,1
36,p10_1,0.8556,0
36,bs0_0,0.8594,0
36,m01_4,0.8757,0
36,ys1_0_d,0.8893,0
36,ts0_0,0.8905,1
36,p01_1,0.8959,1
36,ts0_2,0.9142,1
36,ts1_4,0.9275,1
36,ts1_1,0.9491,0
36,ys0_1_d,0.9601,0
36,ys0_0_d,0.9699,1
36,bs0_4,0.9850,0
36,p01_4,0.9926,0
36,bs0_1,1.0651,1
36,bs1_3,1.0805,1
36,ys0_0_d,1.0835,0
36,ts0_4,1.0980,0
36,bs1_0,1.1322,1
36,ys0_1_d,1.1754,1
36,ys1_3_d,1.1919,1
36,bs0_3,1.2270,1
36,ys1_1_d,1.2488,1
36,ys1_0_d,1.2549,1
36,ys0_3_d,1.2899,0
37,ys1_4,0.3740,0
37,ys0_4,0.3740,0
37,xs1_2_q,0.3815,0
37,xs0_2_q,0.3815,0
37,r_1_q,0.3927,0
37,ys0_1,0.3958,1
37,ys1_1,0.3958,1
37,r_0_q,0.4384,1
37,xs0_1_q,0.4773,1
37,p01_1,0.5011,0
37,p01_0,0.5103,0
37,p10_1,0.5271,1
37,bs0_1,0.5658,0
37,p10_0,0.5748,1
37,as1_2,0.6100,1
37,m10_0,0.6100,1
37,p00_0,0.6106,1
37,p00_1,0.6122,0
37,ts0_1,0.6304,1
37,p10_0,0.6380,0
37,ts1_1,0.6685,1
37,ys0_1_d,0.6847,0
37,ts0_1,0.7000,0
37,p11_1,0.7577,1
37,m10_2,0.7577,1
37,bs1_0,0.7701,0
37,bs1_2,0.7887,1
37,ts1_1,0.8035,0
37,p10_2,0.8183,0
37,ys1_3_d,0.8567,0
37,bs1_0,0.8838,1
37,ts1_2,0.9302,0
37,bs1_1,1.0600,1
37,ys1_1_d,1.1253,0
38,ys1_1,0.3740,0
38,ys0_1,0.3740,0
38,ys1_3,0.3740,0
38,r_0_q,0.3937,0
38,ys1_2,0.3958,1
38,xs0_3_q,0.4104,0
38,xs1_1_q,0.4107,0
38,xs0_0_q,0.4131,1
38,xs0_2_q,0.4132,1
38,xs1_0_q,0.4133,1
38,xs1_2_q,0.4143,1
38,r_1_q,0.4386,1
38,r_4_q,0.4442,1
38,xs1_3_q,0.4795,1
38,as0_2,0.5041,0
38,as1_0,0.5053,0
38,p10_1,0.5136,0
38,p01_0,0.5146,1
38,p10_0,0.5150,1
38,p11_1,0.5305,0
38,m10_1,0.5316,0
38,bs1_1,0.5431,0
38,m01_0,0.5437,0
38,p11_0,0.5439,0
38,bs0_3,0.5447,0
38,m10_2,0.5460,0
38,as0_4,0.5520,0
38,bs1_3,0.5658,0
38,m01_3,0.5706,1
38,p00_3,0.5722,1
38,p10_4,0.5830,1
38,p01_1,0.5871,1
38,p10_1,0.5893,1
38,ts0_0,0.5921,0
38,p01_4,0.5961,1
38,as1_4,0.6025,0
38,p11_2,0.6109,1
38,p11_3,0.6181,1
38,m10_0,0.6382,0
38,as0_0,0.6418,1
38,ys1_1_d,0.6457,1
38,p01_0,0.6473,0
38,ts1_1,0.6486,1
38,ys0_3_d,0.6496,1
38,p11_4,0.6502,0
38,bs0_2,0.6550,0
38,p00_3,0.6562,0
38,m01_2,0.6762,1
38,ys1_3_d,0.6780,1
38,ys0_2_d,0.7010,1
38,p10_2,0.7026,1
38,p01_3,0.7089,1
38,ts0_3,0.7172,1
38,p11_3,0.7283,0
38,p01_2,0.7362,0
38,ys0_3_d,0.7384,0
38,m01_3,0.7459,0
38,ts0_4,0.7482,1
38,ts1_3,0.7504,1
38,ts0_1,0.7509,1
38,p10_0,0.7524,0
38,ts0_0,0.7524,1
38,p00_0,0.7839,0
38,bs1_4,0.7839,1
38,p00_4,0.7959,1
38,ts1_3,0.8181,0
38,ts0_4,0.8274,0
38,ts0_2,0.8485,0
38,p01_3,0.8509,0
38,ys1_0_d,0.8538,0
38,ts1_0,0.8571,0
38,ts0_0,0.8890,0
38,bs0_2,0.8967,1
38,bs0_4,0.9300,1
38,ys0_2_d,0.9403,0
38,bs0_4,0.9477,0
38,ts0_3,0.9531,0
38,bs1_4,0.9536,0
38,bs0_1,0.9784,1
38,ys0_3_d,1.0148,1
38,ys1_0_d,1.0393,1
38,bs0_2,1.0475,0
38,ys0_1_d,1.0884,1
38,ys0_2_d,1.0962,1
38,ys0_3_d,1.1383,0
39,xs0_2_q,0.3814,0
39,xs0_0_q,0.3815,0
39,xs1_4_q,0.3943,0
39,ys0_1,0.3958,1
39,ys1_1,0.3958,1
39,ys1_3,0.3958,1
39,ys0_2,0.3958,1
39,xs0_1_q,0.4117,0
39,r_0_q,0.4439,1
39,xs1_1_q,0.4783,1
39,xs0_3_q,0.4866,1
39,as0_0,0.5199,0
39,bs0_1,0.5463,0
39,m01_1,0.5727,1
39,p01_0,0.5946,1
39,p10_0,0.5953,1
39,as1_2,0.5980,0
39,as1_0,0.6141,1
39,p11_1,0.6188,1
39,p00_2,0.6248,1
39,as1_4,0.6303,1
39,p01_1,0.6329,0
39,bs1_1,0.6366,1
39,bs0_3,0.6489,1
39,p00_4,0.6494,0
39,m01_0,0.6771,1
39,ts1_1,0.6850,0
39,ys0_1_d,0.6904,0
39,ys1_1_d,0.7052,0
39,p01_0,0.7215,0
39,p11_1,0.7220,0
39,bs0_0,0.7270,1
39,as0_4,0.7293,1
39,p11_2,0.7354,0
39,m01_1,0.7420,0
39,ts0_1,0.7452,0
39,bs1_2,0.7480,0
39,ts0_0,0.7520,1
39,m01_4,0.7593,1
39,ys0_3_d,0.7593,1
39,p11_0,0.7607,1
39,ts0_2,0.7660,1
39,p11_3,0.7781,1
39,ts0_4,0.7804,1
39,ts0_0,0.7957,0
39,p11_4,0.8013,1
39,ys0_1_d,0.8027,1
39,ts1_1,0.8229,1
39,p01_4,0.8255,0
39,bs0_0,0.8314,0
39,ys1_3_d,0.8452,0
39,m01_4,0.8478,0
39,bs0_3,0.8479,0
39,ys0_0_d,0.8483,1
39,ts1_4,0.8647,0
39,ts1_2,0.8676,1
39,p01_1,0.8811,1
39,m10_3,0.8838,1
39,bs1_4,0.8906,1
39,bs1_0,0.9160,0
39,p01_4,0.9166,1
39,bs0_1,0.9176,1
39,ts1_3,0.9183,1
39,bs0_4,0.9295,1
39,bs1_1,0.9456,0
39,ys0_3_d,0.9631,0
39,bs1_3,0.9978,1
39,p10_3,1.0125,1
39,ts0_1,1.0339,1
39,ts1_3,1.0692,0
39,bs1_2,1.1045,1
39,bs1_2,1.1496,0
39,ys1_3_d,1.2347,1
39,bs0_0,1.2404,1
39,ys0_1_d,1.3150,0
39,ys0_0_d,1.3157,0
40,ys0_1,0.3740,0
40,ys1_1,0.3740,0
40,ys1_2,0.3740,0
40,xs1_0_q,0.3815,0
40,r_1_q,0.3912,0
40,r_4_q,0.3912,0
40,ys0_4,0.3958,1
40,ys1_4,0.3958,1
40,xs1_1_q,0.4093,0
40,xs1_3_q,0.4106,0
40,xs1_4_q,0.4379,1
40,xs0_4_q,0.4443,1
40,xs0_1_q,0.4862,1
40,p10_1,0.4990,0
40,p01_1,0.4990,0
40,p01_4,0.4990,0
40,p10_4,0.5009,0
40,p11_3,0.5310,0
40,m10_3,0.5313,0
40,p11_0,0.5427,0
40,m01_0,0.5427,0
40,bs1_3,0.5429,0
40,m01_2,0.5440,0
40,as0_4,0.5498,0
40,bs1_1,0.5682,1
40,bs0_1,0.5770,0
40,ts0_1,0.6027,0
40,ts0_4,0.6040,0
40,ts1_1,0.6040,0
40,p00_0,0.6217,1
40,m10_0,0.6218,1
40,ts1_4,0.6241,1
40,as1_2,0.6392,1
40,p10_3,0.6508,0
40,ys1_3_d,0.6508,0
40,ys1_1_d,0.6773,1
40,p01_2,0.6777,1
40,ts1_0,0.6780,1
40,ts1_3,0.6829,1
40,as0_0,0.6832,1
40,p10_0,0.6859,0
40,ys0_1_d,0.6902,1
40,bs0_4,0.6972,0
40,p01_0,0.6977,1
40,ts1_3,0.7149,0
40,m01_4,0.7194,1
40,as0_2,0.7323,1
40,bs0_3,0.7336,1
40,ts0_2,0.7554,0
40,bs1_3,0.7717,1
40,bs1_4,0.7727,0
40,ts1_0,0.7764,0
40,ys0_0_d,0.7851,1
40,m10_2,0.7872,1
40,bs1_0,0.8034,1
40,bs1_4,0.8151,1
40,p00_0,0.8241,0
40,m10_4,0.8344,1
40,p00_4,0.8349,1
40,ys0_3_d,0.8425,1
40,p10_2,0.8477,0
40,ys1_1_d,0.8667,0
40,p01_4,0.8676,1
40,bs1_2,0.8684,1
40,p00_2,0.8747,0
40,bs0_1,0.8900,1
40,ys1_0_d,0.9008,0
40,bs0_2,0.9338,1
40,ys0_1_d,0.9514,0
40,ts1_2,0.9583,0
40,ts0_0,0.9630,1
40,p10_4,0.9653,1
40,ys0_2_d,0.9741,0
40,ys0_3_d,0.9860,0
40,ts0_2,1.0020,1
40,ts1_4,1.0412,0
40,bs0_1,1.0633,0
40,bs1_1,1.0639,0
40,bs0_4,1.1270,1
40,bs1_3,1.1568,0
40,ys1_1_d,1.1636,1
40,ys0_1_d,1.1747,1
40,ys0_0_d,1.1956,0
40,ys1_3_d,1.2573,1
41,ys0_2,0.3740,0
41,ys1_0,0.3740,0
41,r_0_q,0.3927,0
41,r_2_q,0.3927,0
41,xs0_4_q,0.3932,0
41,ys0_1,0.3958,1
41,ys1_1,0.3958,1
41,ys1_2,0.3958,1
41,xs0_1_q,0.4106,0
41,xs1_0_q,0.4132,1
41,xs0_2_q,0.4144,1
41,xs0_0_q,0.4148,1
41,r_4_q,0.4329,1
41,r_3_q,0.4439,1
41,r_1_q,0.4445,1
41,xs1_1_q,0.4800,1
41,p01_0,0.4996,0
41,p01_2,0.4996,0
41,as1_0,0.5029,0
41,p10_4,0.5041,0
41,p01_4,0.5049,0
41,p10_0,0.5272,1
41,p10_2,0.5280,1
41,m10_0,0.5435,0
41,p00_1,0.5682,1
41,m01_1,0.5687,1
41,bs0_1,0.5699,1
41,p10_1,0.5938,1
41,p10_3,0.5951,1
41,p01_3,0.5953,1
41,ts0_0,0.6029,0
41,as1_2,0.6044,0
41,ts0_2,0.6053,0
41,m10_1,0.6129,1
41,p11_1,0.6227,1
41,p10_1,0.6288,0
41,ts0_4,0.6298,1
41,as0_4,0.6321,1
41,ys0_1_d,0.6363,0
41,ts1_4,0.6415,1
41,p10_0,0.6424,0
41,p11_4,0.6493,0
41,m01_4,0.6500,0
41,bs1_0,0.6581,0
41,ts1_0,0.6693,1
41,ts1_2,0.6699,1
41,bs0_1,0.6940,0
41,ts0_1,0.7016,1
41,bs0_3,0.7081,0
41,ts1_0,0.7137,0
41,ts1_3,0.7299,1
41,p11_1,0.7307,0
41,ts0_3,0.7373,1
41,m10_2,0.7419,0
41,ts1_4,0.7498,0
41,m01_1,0.7501,0
41,ts1_1,0.7558,1
41,ys1_0_d,0.7678,1
41,p00_4,0.7735,0
41,p01_4,0.7799,1
41,ys0_1_d,0.7924,1
41,bs0_0,0.8018,0
41,ys1_1_d,0.8077,0
41,ts1_1,0.8181,0
41,ys0_3_d,0.8226,1
41,bs0_2,0.8333,0
41,p10_2,0.8580,0
41,p01_1,0.8796,1
41,ys0_2_d,0.8930,1
41,ys0_1_d,0.9064,0
41,ys0_0_d,0.9256,1
41,ys0_3_d,0.9328,0
41,ts0_1,0.9515,0
41,ts1_2,0.9617,0
41,bs1_1,1.0893,1
41,bs0_0,1.1458,1
41,ys1_1_d,1.1998,1
41,ys0_0_d,1.2221,0
41,ys0_1_d,1.2618,1
42,xs0_2_q,0.3815,0
42,xs1_2_q,0.3815,0
42,r_3_q,0.3912,0
42,r_1_q,0.3927,0
42,ys1_0,0.3958,1
42,ys0_2,0.3958,1
42,p01_3,0.4990,0
42,p10_3,0.4990,0
42,p01_1,0.5009,0
42,as0_2,0.5198,0
42,p10_1,0.5267,1
42,ts1_3,0.6021,0
42,ts0_3,0.6053,0
42,as1_2,0.6139,1
42,ts0_1,0.6183,1
42,p00_1,0.6492,0
42,m10_1,0.6494,0
42,p00_2,0.6746,1
42,ts1_1,0.6799,1
42,bs0_0,0.7152,0
42,ts0_1,0.7520,0
42,m10_2,0.7589,1
42,p11_1,0.7598,1
42,m01_1,0.7603,1
42,p10_1,0.7633,0
42,ts0_2,0.8170,1
42,bs0_0,0.8424,1
42,bs1_0,0.8863,1
42,p01_1,0.8992,1
42,p10_2,0.9007,1
42,ys1_1_d,0.9605,0
42,ys1_0_d,0.9619,0
42,bs0_1,0.9715,1
42,ts0_1,1.0388,1
42,ys0_1_d,1.0388,0
42,ts1_2,1.0422,1
42,bs1_1,1.1215,0
42,bs0_0,1.1226,0
42,ys0_1_d,1.2255,1
42,ys1_1_d,1.2306,1
42,ys0_0_d,1.2442,1
43,ys1_0,0.3740,0
43,ys0_0,0.3958,1
43,xs1_1_q,0.4097,0
43,xs0_3_q,0.4103,0
43,xs0_2_q,0.4131,1
43,xs1_2_q,0.4144,1
43,r_2_q,0.4386,1
43,r_0_q,0.4442,1
43,p10_2,0.5110,0
43,p11_1,0.5295,0
43,m10_2,0.5460,0
43,p00_2,0.5461,0
43,as0_4,0.5527,0
43,bs1_1,0.5682,1
43,m01_3,0.5701,1
43,p00_3,0.5720,1
43,bs0_3,0.5720,1
43,p01_2,0.5739,1
43,p01_0,0.5948,1
43,p10_0,0.5957,1
43,ys1_1_d,0.6332,0
43,as0_2,0.6414,1
43,p10_2,0.6421,1
43,ts1_1,0.6463,0
43,p00_3,0.6577,0
43,ys0_3_d,0.6841,1
43,bs0_4,0.6860,0
43,p00_4,0.7074,1
43,p01_3,0.7090,1
43,ts0_3,0.7334,1
43,ts1_0,0.7375,1
43,ts0_0,0.7419,1
43,bs1_0,0.7645,0
43,ts0_4,0.7689,0
43,ys0_0_d,0.7825,0
43,p00_1,0.7931,1
43,bs1_4,0.8266,0
43,ys1_1_d,0.8547,1
43,ts0_1,0.8558,0
43,ys1_0_d,0.8778,1
43,bs0_3,0.8808,0
43,ys1_0_d,0.8990,0
43,bs0_4,0.9078,1
43,ys0_3_d,0.9888,0
43,bs0_0,1.0502,1
43,ys0_1_d,1.1237,0
44,ys0_0,0.3740,0
44,ys0_1,0.3740,0
44,ys1_4,0.3740,0
44,xs1_0_q,0.3813,0
44,xs0_2_q,0.3815,0
44,xs1_2_q,0.3815,0
44,xs0_0_q,0.3815,0
44,r_0_q,0.3912,0
44,r_4_q,0.3923,0
44,xs1_4_q,0.3937,0
44,xs0_4_q,0.4355,1
44,r_3_q,0.4386,1
44,xs1_1_q,0.4762,1
44,xs0_3_q,0.4918,1
44,p10_0,0.4990,0
44,p01_0,0.4990,0
44,p01_4,0.5010,0
44,p01_3,0.5113,0
44,as0_2,0.5198,0
44,p10_4,0.5265,1
44,as1_4,0.5390,0
44,bs1_1,0.5620,0
44,p10_3,0.5884,1
44,ts0_0,0.6026,0
44,ts1_0,0.6052,0
44,p11_1,0.6076,1
44,m01_3,0.6104,0
44,ts0_3,0.6262,0
44,m10_2,0.6266,1
44,ts0_4,0.6393,1
44,p00_1,0.6494,0
44,m10_4,0.6549,0
44,p00_2,0.6793,1
44,ys1_1_d,0.6800,0
44,ts1_4,0.6801,1
44,p10_2,0.6870,0
44,bs0_4,0.7139,0
44,ts1_3,0.7300,1
44,ts0_2,0.7401,0
44,p01_3,0.7463,1
44,ts1_1,0.7496,1
44,p10_4,0.7703,0
44,ts0_1,0.7821,1
44,ts1_2,0.7991,0
44,ys0_0_d,0.8022,1
44,bs1_2,0.8161,0
44,bs1_3,0.8372,1
44,bs0_1,0.8529,0
44,ts1_4,0.8686,0
44,bs0_0,0.8859,0
44,ts0_3,0.8983,1
44,bs1_1,0.9253,1
44,bs1_3,0.9578,0
44,bs1_0,0.9727,1
44,ys0_0_d,1.0119,0
44,ys1_3_d,1.0657,0
44,bs0_2,1.0886,1
44,ys1_0_d,1.0933,1
44,ys0_2_d,1.1307,0
44,ys0_3_d,1.2034,1
45,ys0_2,0.3740,0
45,ys1_1,0.3740,0
45,ys1_2,0.3740,0
45,ys0_4,0.3740,0
45,ys1_3,0.3740,0
45,xs0_4_q,0.3930,0
45,ys1_0,0.3958,1
45,ys0_3,0.3958,1
45,xs0_3_q,0.4111,0
45,xs0_2_q,0.4131,1
45,xs1_2_q,0.4132,1
45,xs0_0_q,0.4148,1
45,r_1_q,0.4383,1
45,r_4_q,0.4442,1
45,r_0_q,0.4445,1
45,xs1_3_q,0.4845,1
45,as1_2,0.5027,0
45,p01_1,0.5103,0
45,m10_2,0.5469,0
45,p00_2,0.5478,0
45,bs0_3,0.5729,1
45,p10_1,0.5760,1
45,p01_4,0.5822,1
45,p10_4,0.5960,1
45,p10_0,0.5960,1
45,p01_0,0.5960,1
45,m01_2,0.6187,1
45,ts0_1,0.6238,0
45,ys0_3_d,0.6380,0
45,as0_2,0.6428,1
45,bs1_3,0.6428,1
45,m01_1,0.6491,0
45,p11_1,0.6492,0
45,ts0_4,0.6628,0
45,p01_2,0.6825,0
45,p10_2,0.6921,1
45,ts0_2,0.6961,1
45,bs1_2,0.7028,1
45,as1_4,0.7206,1
45,ts1_4,0.7365,1
45,ts0_0,0.7505,1
45,ts1_0,0.7527,1
45,bs0_2,0.7557,0
45,ts0_2,0.7643,0
45,bs0_3,0.7715,0
45,m01_2,0.7783,0
45,p01_1,0.7869,1
45,bs1_3,0.7900,0
45,m10_1,0.7914,1
45,p00_1,0.7922,1
45,bs0_0,0.8188,1
45,ys0_2_d,0.8191,1
45,ts1_2,0.8337,1
45,p10_1,0.8509,0
45,p11_3,0.8692,1
45,m10_4,0.8695,1
45,m01_3,0.8701,1
45,ys1_3_d,0.8957,1
45,bs1_1,0.9134,0
45,p01_2,0.9144,1
45,p10_4,0.9299,0
45,p01_3,0.9307,0
45,ts1_3,0.9307,0
45,bs0_4,0.9348,1
45,ys0_1_d,0.9374,1
45,ts1_1,0.9606,0
45,ys1_1_d,1.0261,1
45,ts1_4,1.0407,0
45,ts0_3,1.0429,0
45,bs1_2,1.0474,0
45,ts0_2,1.0673,1
45,bs1_0,1.0819,0
45,ys1_3_d,1.1462,0
45,bs1_3,1.1677,1
45,ys1_1_d,1.1777,0
45,ys1_0_d,1.1978,0
45,bs0_2,1.2081,1
45,bs0_1,1.2207,1
45,ys0_2_d,1.2499,0
45,ys1_3_d,1.2579,1
45,ys0_1_d,1.2842,0
45,ys0_3_d,1.3227,1
46,ys1_0,0.3740,0
46,xs1_2_q,0.3814,0
46,xs0_0_q,0.3815,0
46,xs0_2_q,0.3815,0
46,r_1_q,0.3927,0
46,ys1_3,0.3958,1
46,ys0_4,0.3958,1
46,xs1_3_q,0.4096,0
46,xs1_1_q,0.4106,0
46,xs1_4_q,0.4455,1
46,xs0_1_q,0.4769,1
46,xs0_3_q,0.4860,1
46,p01_1,0.5014,0
46,as0_0,0.5199,0
46,p10_1,0.5274,1
46,p11_3,0.5298,0
46,m10_1,0.5329,0
46,bs1_3,0.5424,0
46,bs0_1,0.5648,0
46,bs1_1,0.5722,1
46,p00_1,0.6115,0
46,ts0_1,0.6130,1
46,m01_3,0.6226,0
46,p10_1,0.6299,0
46,bs0_3,0.6478,1
46,m10_4,0.6498,0
46,p00_4,0.6498,0
46,ys1_3_d,0.6509,0
46,ts1_3,0.6752,1
46,ys0_1_d,0.6771,1
46,p00_0,0.6778,1
46,as1_0,0.6809,1
46,ys1_1_d,0.6846,1
46,ts0_1,0.7076,0
46,ys0_3_d,0.7105,0
46,as0_4,0.7349,1
46,ts0_0,0.7375,0
46,p01_3,0.7684,1
46,ts0_4,0.7809,1
46,p10_4,0.7947,1
46,bs0_0,0.8288,0
46,m10_0,0.8313,1
46,p11_4,0.8342,1
46,bs0_3,0.8480,0
46,bs1_2,0.8485,1
46,p10_0,0.8918,0
46,bs1_0,0.8938,1
46,ts0_3,0.9099,1
46,ys0_1_d,0.9300,0
46,ys0_0_d,0.9379,1
46,ys0_3_d,0.9607,1
46,ys1_3_d,0.9625,1
46,ys1_1_d,0.9679,0
46,ts1_0,1.0044,0
46,bs0_2,1.0054,0
46,ys1_0_d,1.0138,1
46,ys0_2_d,1.0649,1
46,ys0_3_d,1.1100,0
46,bs1_4,1.1421,1
46,ys1_0_d,1.2060,0
47,ys0_3,0.3740,0
47,ys1_2,0.3958,1
47,ys0_2,0.3958,1
47,ys0_0,0.3958,1
47,ys1_4,0.3958,1
47,xs0_1_q,0.4103,0
47,xs0_3_q,0.4103,0
47,xs1_3_q,0.4788,1
47,xs1_1_q,0.4848,1
47,p00_0,0.5458,0
47,m10_0,0.5459,0
47,as0_2,0.5526,0
47,as0_4,0.5527,0
47,m01_3,0.5705,1
47,p00_1,0.5715,1
47,bs0_3,0.5717,1
47,p00_3,0.5717,1
47,bs0_1,0.5719,1
47,bs1_1,0.5729,0
47,as1_4,0.6009,0
47,p11_0,0.6174,1
47,p11_3,0.6181,1
47,m01_0,0.6186,1
47,p01_3,0.6290,0
47,bs1_3,0.6371,1
47,p00_1,0.6581,0
47,p00_3,0.6587,0
47,ts0_0,0.6739,1
47,p01_0,0.6829,0
47,ts1_3,0.6843,0
47,ys0_1_d,0.6844,1
47,ys1_1_d,0.6856,1
47,ys0_3_d,0.6875,1
47,ys1_3_d,0.7005,0
47,p10_0,0.7022,1
47,m01_4,0.7075,1
47,m01_2,0.7089,1
47,p11_3,0.7266,0
47,as1_2,0.7283,1
47,p11_4,0.7374,0
47,m01_3,0.7446,0
47,bs0_2,0.7565,1
47,bs1_4,0.7584,0
47,ts0_3,0.7657,0
47,p01_4,0.7679,0
47,p01_2,0.7693,0
47,ts0_0,0.7743,0
47,ys0_3_d,0.7913,0
47,ys0_2_d,0.7970,0
47,ts1_3,0.8404,1
47,ys1_0_d,0.8470,1
47,bs0_2,0.8482,0
47,ts1_4,0.8695,1
47,p11_2,0.8738,1
47,p11_1,0.8746,1
47,m01_1,0.8748,1
47,ts0_4,0.8786,0
47,ts0_2,0.8799,0
47,p01_3,0.8811,1
47,bs0_4,0.8845,0
47,ys0_2_d,0.8977,1
47,ys0_3_d,0.9298,1
47,bs1_2,0.9326,0
47,ts1_2,0.9371,0
47,bs1_3,0.9473,0
47,ys0_0_d,0.9814,0
47,bs0_3,0.9841,0
47,bs0_1,0.9855,0
47,ts1_1,1.0042,1
47,p01_1,1.0168,1
47,ts0_3,1.0327,1
47,bs1_1,1.0729,1
47,ys0_3_d,1.0858,0
47,ys0_1_d,1.0931,0
47,bs1_0,1.1028,0
47,ts0_1,1.1700,1
47,bs0_2,1.2170,1
47,ys1_0_d,1.2291,0
47,ys0_2_d,1.2591,0
47,ys0_3_d,1.3314,1
47,bs0_0,1.3897,1
47,ys0_1_d,1.5066,1
47,ys0_0_d,1.5135,1
48,ys1_2,0.3740,0
48,ys0_2,0.3740,0
48,ys1_4,0.3740,0
48,ys0_4,0.3740,0
48,ys1_3,0.3740,0
48,r_3_q,0.3912,0
48,r_0_q,0.3927,0
48,ys0_3,0.3958,1
48,ys1_1,0.3958,1
48,ys0_1,0.3958,1
48,xs1_1_q,0.4094,0
48,xs0_0_q,0.4131,1
48,xs1_0_q,0.4132,1
48,r_1_q,0.4384,1
48,xs0_3_q,0.4870,1
48,xs0_1_q,0.4873,1
48,p01_3,0.4990,0
48,p10_3,0.4990,0
48,p10_0,0.5013,0
48,as1_0,0.5031,0
48,p01_1,0.5104,0
48,p01_0,0.5272,1
48,p11_1,0.5313,0
48,bs1_1,0.5436,0
48,p11_0,0.5438,0
48,m01_0,0.5440,0
48,as1_2,0.5494,0
48,p10_1,0.5722,1
48,ts0_3,0.6027,0
48,ts1_3,0.6048,0
48,m01_1,0.6132,0
48,ts0_1,0.6224,0
48,p00_2,0.6256,1
48,p00_0,0.6274,1
48,p01_0,0.6439,0
48,as0_0,0.6464,1
48,m01_4,0.6493,0
48,bs0_3,0.6500,1
48,bs0_1,0.6504,1
48,p11_2,0.6656,0
48,ys1_1_d,0.6928,0
48,ys0_3_d,0.7129,0
48,ys0_1_d,0.7131,0
48,bs1_0,0.7213,1
48,as0_4,0.7309,1
48,as0_2,0.7324,1
48,ts0_0,0.7356,1
48,p01_1,0.7496,1
48,ts0_2,0.7539,1
48,p00_0,0.7806,0
48,ys1_1_d,0.7874,1
48,p01_4,0.7946,1
48,ts1_2,0.8100,1
48,bs0_1,0.8136,0
48,ys1_0_d,0.8431,1
48,p00_2,0.8748,0
48,m01_2,0.8752,0
48,m10_3,0.8846,1
48,ts0_0,0.8848,0
48,ts0_1,0.8918,1
48,ys0_1_d,0.9252,1
48,ts0_4,0.9393,1
48,bs1_1,0.9618,1
48,bs0_0,0.9983,0
48,p01_2,1.0004,1
48,bs0_3,1.0182,0
48,bs0_4,1.0208,1
48,ys1_1_d,1.0244,0
48,p10_3,1.0274,1
48,ys0_1_d,1.1124,0
48,ys0_3_d,1.1292,1
48,ts1_3,1.1804,1
48,bs1_2,1.3559,1
48,ys1_3_d,1.4698,1
49,ys1_1,0.3740,0
49,ys0_1,0.3740,0
49,r_4_q,0.3912,0
49,xs1_4_q,0.3942,0
49,ys1_3,0.3958,1
49,ys1_2,0.3958,1
49,ys0_4,0.3958,1
49,ys1_0,0.3958,1
49,xs1_3_q,0.4101,0
49,r_3_q,0.4386,1
49,xs0_4_q,0.4388,1
49,p01_4,0.4990,0
49,p10_4,0.4991,0
49,p10_3,0.5110,0
49,m10_3,0.5337,0
49,as0_4,0.5412,0
49,as0_0,0.5434,0
49,bs1_3,0.5726,1
49,p01_3,0.5881,1
49,ts0_4,0.6040,0
49,p10_3,0.6042,1
49,ts1_4,0.6048,0
49,as1_0,0.6132,1
49,ys1_3_d,0.6385,0
49,bs0_4,0.6880,0
49,bs1_3,0.6929,0
49,p00_0,0.7136,1
49,ts0_3,0.7300,1
49,bs0_3,0.7340,1
49,bs1_0,0.7405,0
49,m10_0,0.7577,1
49,m01_4,0.7641,1
49,bs0_0,0.7844,1
49,ys1_3_d,0.7885,1
49,bs0_2,0.8179,0
49,ys0_3_d,0.8348,0
49,ys0_3_d,0.8354,1
49,ys1_1_d,0.8493,1
49,ts0_0,0.8532,1
49,ys1_0_d,0.8708,0
49,ys0_2_d,0.8763,1
49,p10_0,0.8996,1
49,ys0_1_d,0.9014,1
49,p01_4,0.9067,1
49,bs0_4,1.0174,1
49,ts0_4,1.0484,1
49,ts1_0,1.0528,1
49,ys0_0_d,1.0867,0
49,bs0_3,1.1277,0
49,bs1_4,1.2283,1
49,ys0_3_d,1.2456,0
49,ys1_0_d,1.3423,1
50,ys0_3,0.3740,0
50,ys0_0,0.3740,0
50,xs0_4_q,0.3937,0
50,ys0_1,0.3958,1
50,ys1_1,0.3958,1
50,ys1_4,0.3958,1
50,ys0_2,0.3958,1
50,xs0_1_q,0.4103,0
50,xs0_3_q,0.4112,0
50,xs1_2_q,0.4133,1
50,xs1_4_q,0.4385,1
50,as1_0,0.5443,0
50,p00_0,0.5459,0
50,m10_0,0.5471,0
50,as0_2,0.5526,0
50,p00_1,0.5718,1
50,bs0_1,0.5719,1
50,bs0_3,0.5728,1
50,as0_0,0.6177,1
50,as1_2,0.6358,1
50,ys0_1_d,0.6366,0
50,ts0_1,0.6394,0
50,p00_1,0.6594,0
50,ts0_0,0.6631,0
50,p10_0,0.6643,0
50,as1_4,0.6723,1
50,m01_4,0.6913,0
50,ys0_3_d,0.6914,1
50,ts0_1,0.7263,1
50,bs1_2,0.7411,0
50,bs0_2,0.7532,1
50,ts1_0,0.7668,0
50,p00_4,0.7680,1
50,bs1_0,0.7698,1
50,bs0_4,0.7735,0
50,m01_1,0.7783,1
50,ys0_3_d,0.7835,0
50,ys0_2_d,0.7941,0
50,p01_4,0.8074,0
50,m01_3,0.8183,1
50,bs0_0,0.8292,0
50,m10_4,0.8313,1
50,p01_1,0.8402,0
50,ys1_1_d,0.8439,0
50,ys1_3_d,0.8530,0
50,ys1_0_d,0.8572,0
50,ys0_0_d,0.8622,1
50,p01_3,0.8788,0
50,ys0_1_d,0.9352,1
50,ys0_0_d,0.9368,0
50,ts0_1,0.9475,0
50,p10_4,0.9737,1
50,ts0_3,0.9897,0
50,bs0_2,1.1017,0
50,bs0_0,1.1174,1
50,ts1_4,1.1273,1
50,ys0_2_d,1.1481,1
50,ys0_3_d,1.1899,1
50,ys0_1_d,1.1903,0
50,ys0_0_d,1.2375,1
50,bs1_3,1.2818,1
50,ys1_3_d,1.3935,1
51,ys0_1,0.3740,0
51,ys1_1,0.3740,0
51,ys1_0,0.3740,0
51,ys1_2,0.3740,0
51,ys0_4,0.3740,0
51,xs0_0_q,0.3815,0
51,xs1_0_q,0.3815,0
51,ys0_0,0.3958,1
51,ys0_3,0.3958,1
51,xs0_2_q,0.4133,1
51,r_4_q,0.4384,1
51,r_0_q,0.4439,1
51,xs1_1_q,0.4788,1
51,p10_4,0.5103,0
51,as0_0,0.5201,0
51,bs1_1,0.5649,0
51,p01_4,0.5760,1
51,p01_0,0.5947,1
51,p10_0,0.5955,1
51,as1_2,0.5978,0
51,as1_0,0.6104,1
51,p11_1,0.6178,1
51,ts1_4,0.6225,0
51,as0_2,0.6429,1
51,m10_4,0.6497,0
51,p00_4,0.6499,0
51,bs0_0,0.6641,0
51,m01_0,0.6771,1
51,ys1_1_d,0.6789,1
51,ts1_1,0.6837,0
51,p11_1,0.7214,0
51,p01_0,0.7216,0
51,bs1_3,0.7283,0
51,ts1_0,0.7369,1
51,m01_1,0.7479,0
51,ts0_0,0.7495,1
51,ys0_1_d,0.7568,1
51,p11_4,0.7571,1
51,m01_4,0.7585,1
51,p11_0,0.7587,1
51,bs1_2,0.7760,1
51,ys0_0_d,0.7788,0
51,ts1_0,0.7800,0
51,m10_1,0.7933,1
51,p00_1,0.7942,1
51,ts0_0,0.7979,0
51,p10_4,0.7997,1
51,p01_4,0.8172,0
51,ts1_1,0.8252,1
51,bs0_2,0.8384,1
51,p10_1,0.8561,0
51,ys0_2_d,0.8789,0
51,p01_1,0.9039,1
51,ys0_3_d,0.9088,0
51,bs1_0,0.9220,0
51,ts0_4,0.9260,0
51,ts1_1,0.9517,0
51,bs1_0,1.0251,1
51,bs0_3,1.0317,0
51,ys0_3_d,1.1300,1
52,ys0_0,0.3740,0
52,ys0_2,0.3740,0
52,xs0_2_q,0.3815,0
52,xs1_2_q,0.3815,0
52,r_2_q,0.3912,0
52,r_4_q,0.3927,0
52,r_1_q,0.3927,0
52,xs1_4_q,0.3932,0
52,ys0_1,0.3958,1
52,ys1_1,0.3958,1
52,ys1_2,0.3958,1
52,xs0_0_q,0.4119,1
52,xs1_0_q,0.4148,1
52,xs0_4_q,0.4456,1
52,xs0_3_q,0.4893,1
52,p01_2,0.4990,0
52,p10_2,0.4990,0
52,p01_1,0.5011,0
52,p10_4,0.5014,0
52,as0_2,0.5198,0
52,p10_1,0.5272,1
52,p01_4,0.5277,1
52,as1_4,0.5366,0
52,ts0_2,0.6026,0
52,ts1_2,0.6045,0
52,m01_3,0.6086,0
52,as1_2,0.6103,1
52,ts0_1,0.6310,1
52,ts1_4,0.6319,1
52,p00_1,0.6494,0
52,m10_1,0.6497,0
52,p11_4,0.6525,0
52,bs0_2,0.6562,0
52,ts1_1,0.6688,1
52,ts0_4,0.6720,1
52,bs1_4,0.6723,0
52,p00_2,0.6785,1
52,ys0_2_d,0.7023,1
52,bs0_1,0.7084,0
52,bs1_2,0.7198,0
52,bs1_1,0.7358,1
52,ts0_1,0.7500,0
52,p01_3,0.7529,1
52,ts1_4,0.7531,0
52,p11_1,0.7570,1
52,m01_1,0.7576,1
52,m10_2,0.7592,1
52,ys1_0_d,0.7612,1
52,p10_1,0.7633,0
52,bs1_0,0.7693,0
52,bs1_3,0.7891,1
52,ys0_3_d,0.8029,0
52,ts0_2,0.8168,1
52,bs1_3,0.8175,0
52,ys1_0_d,0.8874,0
52,ys0_1_d,0.8922,0
52,p01_1,0.8969,1
52,p10_2,0.9016,1
52,ts0_3,0.9062,1
52,ys1_3_d,0.9248,0
52,bs0_1,0.9669,1
52,ts1_2,1.0432,1
52,ts0_1,1.0497,1
52,ys0_1_d,1.0732,1
52,bs0_2,1.0968,1
52,bs1_1,1.1226,0
52,ys0_2_d,1.1389,0
52,ys0_3_d,1.2115,1
52,ys1_1_d,1.2403,0
52,bs0_0,1.2530,1
52,ys0_1_d,1.3263,0
52,ys0_0_d,1.3740,1
53,ys0_1,0.3740,0
53,ys1_2,0.3740,0
53,ys1_1,0.3740,0
53,ys1_4,0.3740,0
53,ys1_3,0.3740,0
53,xs0_0_q,0.3813,0
53,xs1_0_q,0.3815,0
53,r_3_q,0.3912,0
53,r_0_q,0.3927,0
53,xs0_4_q,0.3936,0
53,ys0_0,0.3958,1
53,xs1_1_q,0.4093,0
53,xs1_4_q,0.4362,1
53,xs0_1_q,0.4862,1
53,p10_3,0.4990,0
53,p01_3,0.4990,0
53,p10_0,0.5015,0
53,p01_0,0.5275,1
53,p11_1,0.5312,0
53,m01_0,0.5440,0
53,p11_0,0.5441,0
53,as1_2,0.5503,0
53,bs1_1,0.5696,1
53,bs0_1,0.5769,0
53,ts0_3,0.6027,0
53,ts1_3,0.6046,0
53,m01_1,0.6122,0
53,m10_0,0.6218,1
53,p00_0,0.6249,1
53,as0_4,0.6312,1
53,p01_0,0.6441,0
53,ts1_1,0.6496,0
53,m10_2,0.6660,0
53,as1_4,0.6688,1
53,ys1_1_d,0.6804,1
53,ys0_1_d,0.6899,1
53,p01_1,0.7272,0
53,as0_2,0.7321,1
53,ts0_0,0.7476,1
53,p10_0,0.7582,1
53,m01_4,0.7740,0
53,p10_2,0.7830,0
53,p11_4,0.8144,1
53,ts0_1,0.8308,0
53,bs1_0,0.8317,1
53,bs1_4,0.8591,1
53,p00_2,0.8750,0
53,ts1_2,0.8865,0
53,p01_4,0.8909,0
53,ts1_0,0.8982,1
53,ys1_1_d,0.9044,0
53,bs1_4,0.9151,0
53,bs0_0,0.9499,0
53,ts1_4,0.9560,1
53,bs1_1,0.9919,0
53,ts0_2,0.9938,0
53,ts0_4,0.9958,0
53,ys1_0_d,1.0216,1
53,ys0_1_d,1.0503,0
53,ys0_0_d,1.0661,0
53,ys1_1_d,1.0878,1
53,bs1_3,1.1091,1
53,bs0_1,1.1188,1
53,bs0_3,1.1261,1
53,ys0_3_d,1.1893,0
53,ys1_3_d,1.2204,1
53,ys0_1_d,1.2249,1
54,ys0_0,0.3740,0
54,ys0_3,0.3740,0
54,ys0_1,0.3958,1
54,ys1_1,0.3958,1
54,ys1_3,0.3958,1
54,ys1_0,0.3958,1
54,xs0_2_q,0.4132,1
54,xs1_2_q,0.4133,1
54,r_0_q,0.4383,1
54,r_2_q,0.4442,1
54,as0_2,0.5040,0
54,p10_0,0.5103,0
54,p01_0,0.5760,1
54,p01_2,0.5944,1
54,p10_2,0.5962,1
54,ts1_0,0.6239,0
54,as1_2,0.6378,1
54,bs0_2,0.6549,0
54,ts0_0,0.6552,0
54,p00_2,0.6750,1
54,ys0_2_d,0.7013,1
54,ys0_3_d,0.7447,1
54,ts1_2,0.7505,1
54,bs1_4,0.7637,1
54,m10_2,0.7833,1
54,bs1_2,0.8153,1
54,bs0_4,0.8162,1
54,ys1_0_d,0.8317,0
54,p10_2,0.8428,0
54,ys1_3_d,0.8833,0
54,bs1_1,0.9040,1
54,ys0_0_d,0.9300,1
54,ts1_2,0.9485,0
54,ys1_1_d,0.9698,0
54,bs1_1,1.0397,0
54,ys1_1_d,1.1381,1
55,ys1_0,0.3740,0
55,ys1_3,0.3740,0
55,xs1_2_q,0.3815,0
55,xs0_2_q,0.3815,0
55,r_0_q,0.3922,0
55,r_2_q,0.3927,0
55,xs1_4_q,0.3930,0
55,ys0_0,0.3958,1
55,ys0_3,0.3958,1
55,ys1_2,0.3958,1
55,ys1_4,0.3958,1
55,ys0_2,0.3958,1
55,ys0_4,0.3958,1
55,xs0_3_q,0.4104,0
55,r_4_q,0.4442,1
55,xs1_1_q,0.4761,1
55,xs1_3_q,0.4770,1
55,p01_0,0.5005,0
55,p01_2,0.5015,0
55,as1_0,0.5230,0
55,p10_0,0.5267,1
55,p10_2,0.5279,1
55,bs0_3,0.5447,0
55,m10_2,0.5458,0
55,p00_2,0.5458,0
55,as0_4,0.5528,0
55,bs1_3,0.5633,0
55,m01_3,0.5701,1
55,p00_3,0.5719,1
55,p10_4,0.5830,1
55,p01_4,0.5961,1
55,m01_2,0.6088,1
55,p11_1,0.6091,1
55,p11_3,0.6094,1
55,m01_0,0.6094,1
55,as0_2,0.6098,1
55,p11_2,0.6116,1
55,ts0_0,0.6136,1
55,m10_0,0.6394,0
55,bs1_1,0.6421,1
55,p10_2,0.6460,0
55,p11_4,0.6525,0
55,ys0_3_d,0.6531,0
55,p00_3,0.6583,0
55,bs1_0,0.6653,0
55,ts1_0,0.6683,1
55,ys1_3_d,0.6754,1
55,p01_3,0.7089,1
55,ts0_3,0.7315,1
55,p01_0,0.7368,1
55,ts1_3,0.7390,1
55,m01_2,0.7394,0
55,p01_2,0.7439,1
55,ts1_2,0.7448,1
55,ts1_1,0.7470,1
55,ts0_4,0.7490,1
55,p10_0,0.7532,0
55,bs1_4,0.7598,0
55,m10_1,0.7607,1
55,ys1_0_d,0.7748,1
55,ts0_0,0.8029,0
55,bs1_1,0.8031,0
55,bs1_2,0.8265,0
55,p01_2,0.8341,0
55,ts1_0,0.8500,0
55,ys1_0_d,0.8504,0
55,p10_1,0.8883,1
55,bs0_3,0.9023,1
55,bs0_4,0.9233,0
55,ys1_3_d,0.9352,0
55,bs1_0,0.9412,1
55,ts1_1,0.9582,0
55,bs1_4,0.9959,1
55,ys0_3_d,1.0129,1
55,ys0_0_d,1.0203,0
55,bs1_0,1.0569,0
55,ys1_0_d,1.1549,1
55,ys1_1_d,1.1617,0
56,ys1_2,0.3740,0
56,ys0_0,0.3740,0
56,ys0_4,0.3740,0
56,ys1_1,0.3740,0
56,r_4_q,0.3912,0
56,ys1_0,0.3958,1
56,xs1_3_q,0.4095,0
56,xs0_1_q,0.4104,0
56,xs0_0_q,0.4119,1
56,xs1_0_q,0.4121,1
56,r_1_q,0.4384,1
56,r_3_q,0.4386,1
56,xs0_4_q,0.4460,1
56,xs1_4_q,0.4499,1
56,xs0_3_q,0.4902,1
56,p01_4,0.4990,0
56,p10_4,0.4991,0
56,p01_3,0.5113,0
56,p10_1,0.5123,0
56,p11_3,0.5297,0
56,p11_2,0.5426,0
56,bs0_1,0.5448,0
56,p00_0,0.5460,0
56,as0_2,0.5526,0
56,m01_1,0.5688,1
56,bs1_3,0.5693,1
56,p00_1,0.5714,1
56,p10_3,0.5720,1
56,bs0_3,0.5803,0
56,ts0_4,0.6015,0
56,ts1_4,0.6047,0
56,m10_2,0.6243,1
56,m01_3,0.6254,0
56,ts0_3,0.6261,0
56,ts1_1,0.6493,1
56,ys0_1_d,0.6537,0
56,bs0_3,0.6569,1
56,p00_1,0.6572,0
56,ts1_2,0.6612,0
56,m10_1,0.6820,0
56,ys1_3_d,0.6832,1
56,ts0_0,0.6919,1
56,bs1_3,0.6927,0
56,p00_2,0.7098,1
56,p10_2,0.7620,1
56,p01_3,0.7646,1
56,ys1_3_d,0.7890,0
56,bs1_1,0.7900,1
56,p10_1,0.8104,1
56,ts0_2,0.8508,1
56,bs0_4,0.8685,1
56,bs1_0,0.8790,1
56,ts1_1,0.8834,0
56,ts1_2,0.9008,1
56,ts0_3,0.9173,1
56,ys1_0_d,0.9570,0
56,bs1_1,0.9604,0
56,bs1_0,0.9791,0
56,ys0_0_d,0.9831,1
56,bs0_1,1.0036,1
56,ys1_0_d,1.0434,1
56,bs0_2,1.0962,1
56,ys0_1_d,1.1149,1
56,ys0_2_d,1.1371,0
56,ys0_3_d,1.1674,0
57,ys0_3,0.3740,0
57,ys0_2,0.3740,0
57,r_3_q,0.3912,0
57,xs0_4_q,0.3941,0
57,ys0_0,0.3958,1
57,ys0_4,0.3958,1
57,xs0_3_q,0.4112,0
57,xs1_2_q,0.4132,1
57,xs0_2_q,0.4133,1
57,r_2_q,0.4384,1
57,xs1_3_q,0.4792,1
57,p10_3,0.4990,0
57,p01_3,0.4991,0
57,as1_2,0.5027,0
57,p10_2,0.5100,0
57,bs0_3,0.5460,0
57,m10_2,0.5468,0
57,p00_2,0.5480,0
57,m01_3,0.5716,1
57,p01_2,0.5734,1
57,as1_4,0.6002,0
57,ts0_3,0.6028,0
57,ts1_3,0.6042,0
57,m01_2,0.6112,1
57,p11_3,0.6176,1
57,as0_0,0.6191,1
57,bs1_3,0.6362,1
57,p01_2,0.6428,0
57,as0_2,0.6464,1
57,p10_2,0.6471,1
57,p11_1,0.6488,0
57,ys0_3_d,0.6489,1
57,m01_1,0.6491,0
57,p01_3,0.7088,1
57,p11_3,0.7238,0
57,ts1_3,0.7363,1
57,m01_3,0.7431,0
57,bs1_4,0.7493,0
57,ys1_3_d,0.7511,1
57,ts0_2,0.7547,0
57,m01_0,0.7612,0
57,p00_4,0.7707,1
57,m01_2,0.7842,0
57,p01_1,0.7912,1
57,ts1_1,0.7939,1
57,m10_1,0.7956,1
57,p00_1,0.7957,1
57,ts1_3,0.8173,0
57,bs0_0,0.8435,1
57,ys1_0_d,0.8466,0
57,p01_3,0.8469,0
57,ts0_3,0.8535,1
57,p10_1,0.8587,0
57,bs0_1,0.8606,0
57,p01_0,0.8782,0
57,ts0_4,0.9123,1
57,ys0_0_d,0.9162,0
57,p01_2,0.9243,1
57,ts0_3,0.9264,0
57,ts1_1,0.9604,0
57,ts0_0,0.9817,0
57,bs0_3,1.0652,1
57,ts0_2,1.0782,1
57,bs0_4,1.0916,0
57,ys0_3_d,1.1301,0
57,ys0_0_d,1.1778,1
57,bs0_1,1.2316,1
57,ys0_1_d,1.2952,0
58,ys0_4,0.3740,0
58,ys1_0,0.3740,0
58,ys1_4,0.3740,0
58,ys0_1,0.3740,0
58,xs1_0_q,0.3813,0
58,xs0_0_q,0.3815,0
58,xs1_4_q,0.3937,0
58,ys1_3,0.3958,1
58,xs1_1_q,0.4107,0
58,xs0_4_q,0.4362,1
58,r_4_q,0.4445,1
58,xs0_1_q,0.4799,1
58,m10_1,0.5313,0
58,bs0_1,0.5678,0
58,bs1_1,0.5702,1
58,p01_4,0.5835,1
58,p10_4,0.5960,1
58,as0_2,0.6060,0
58,p00_1,0.6155,0
58,as1_4,0.6297,1
58,as1_2,0.6422,1
58,ts0_4,0.6602,0
58,as0_4,0.6746,1
58,p10_1,0.6769,1
58,ys0_1_d,0.6803,1
58,ys1_1_d,0.6820,1
58,ts1_4,0.7379,1
58,ts0_1,0.7478,1
58,bs0_2,0.7608,0
58,bs0_3,0.7761,0
58,m10_4,0.7769,1
58,p11_3,0.7780,1
58,m01_3,0.7784,1
58,m01_2,0.7791,1
58,p11_2,0.7890,1
58,ys0_2_d,0.8074,1
58,p00_4,0.8167,0
58,bs1_3,0.8187,0
58,bs1_4,0.8206,1
58,bs1_2,0.8208,1
58,m10_3,0.8263,1
58,p00_3,0.8264,1
58,ts1_1,0.8311,1
58,p10_4,0.8361,0
58,p01_2,0.8395,0
58,ts1_2,0.8502,0
58,bs0_0,0.8528,0
58,bs0_4,0.8555,1
58,ts1_3,0.9045,1
58,p01_3,0.9301,1
58,ys1_0_d,0.9356,1
58,ts1_4,0.9420,0
58,ts0_2,0.9519,0
58,p10_3,0.9553,1
58,ts0_4,0.9571,1
58,bs1_1,0.9630,0
58,ys0_1_d,0.9700,0
58,bs1_2,0.9802,0
58,ts1_3,0.9912,0
58,bs1_0,1.0339,1
58,bs1_2,1.0392,1
58,bs1_3,1.0683,1
58,bs0_1,1.0774,1
58,ys1_0_d,1.0856,0
58,bs0_3,1.1102,1
58,ys1_3_d,1.1436,0
58,ys0_1_d,1.1868,1
58,ys0_3_d,1.2215,1
59,ys1_3,0.3740,0
59,xs1_2_q,0.3815,0
59,xs0_2_q,0.3815,0
59,r_4_q,0.3927,0
59,r_2_q,0.3927,0
59,ys0_1,0.3958,1
59,ys1_4,0.3958,1
59,ys0_4,0.3958,1
59,ys0_3,0.3958,1
59,ys0_2,0.3958,1
59,ys1_1,0.3958,1
59,ys1_2,0.3958,1
59,xs1_3_q,0.4103,0
59,xs1_0_q,0.4131,1
59,xs0_0_q,0.4132,1
59,r_3_q,0.4329,1
59,xs0_3_q,0.4802,1
59,p01_4,0.4995,0
59,p10_2,0.5015,0
59,p10_3,0.5036,0
59,as0_0,0.5039,0
59,p01_3,0.5044,0
59,as1_2,0.5190,0
59,p10_4,0.5272,1
59,p01_2,0.5275,1
59,m10_3,0.5325,0
59,p11_3,0.5326,0
59,bs1_3,0.5446,0
59,m01_2,0.5453,0
59,p11_2,0.5465,0
59,as1_4,0.5511,0
59,bs0_3,0.5687,0
59,ts0_4,0.6020,0
59,as0_4,0.6077,0
59,m01_3,0.6080,0
59,as0_2,0.6088,1
59,p10_3,0.6099,1
59,p00_3,0.6159,0
59,p00_2,0.6163,1
59,m10_4,0.6268,0
59,as1_0,0.6403,1
59,ts0_3,0.6410,1
59,p01_2,0.6453,0
59,ys1_3_d,0.6462,1
59,ts1_3,0.6487,1
59,p00_0,0.6725,1
59,ts1_4,0.6772,1
59,bs0_3,0.6797,1
59,bs1_4,0.6859,0
59,p01_3,0.7266,1
59,bs0_0,0.7288,1
59,p10_4,0.7369,0
59,p00_2,0.7381,0
59,ts0_2,0.7400,1
59,bs0_4,0.7550,0
59,bs1_0,0.7644,0
59,ys1_0_d,0.7754,1
59,m10_0,0.7844,1
59,m01_4,0.8043,1
59,ts0_0,0.8084,1
59,ys0_1_d,0.8121,0
59,bs0_1,0.8184,0
59,ts1_4,0.8308,0
59,bs1_3,0.8321,1
59,ts0_2,0.8328,0
59,ys1_0_d,0.8776,0
59,bs0_1,0.8789,1
59,ys1_1_d,0.8846,0
59,ys1_3_d,0.8966,0
59,bs1_3,0.9120,0
59,p10_0,0.9262,1
59,p01_4,0.9470,1
59,ys1_3_d,0.9644,1
59,bs0_4,0.9674,1
59,ys0_0_d,1.0369,0
59,ts1_0,1.0794,1
59,ts0_4,1.0890,1
59,bs0_3,1.1687,0
59,bs1_4,1.2551,1
59,ys0_3_d,1.2870,0
59,ys1_0_d,1.3690,1
60,ys0_1,0.3740,0
60,ys0_3,0.3740,0
60,ys1_1,0.3740,0
60,ys0_0,0.3740,0
60,xs1_0_q,0.3815,0
60,xs0_0_q,0.3815,0
60,r_1_q,0.3912,0
60,ys1_3,0.3958,1
60,ys1_0,0.3958,1
60,xs0_1_q,0.4104,0
60,r_4_q,0.4383,1
60,r_0_q,0.4384,1
60,r_2_q,0.4442,1
60,xs1_1_q,0.4851,1
60,p01_1,0.4990,0
60,p10_1,0.4990,0
60,p10_0,0.5100,0
60,p01_4,0.5103,0
60,as1_0,0.5189,0
60,bs0_1,0.5446,0
60,p00_0,0.5461,0
60,m10_0,0.5470,0
60,as0_2,0.5527,0
60,p00_1,0.5715,1
60,p01_0,0.5735,1
60,p10_4,0.5885,1
60,p10_2,0.5943,1
60,p01_2,0.5953,1
60,ts1_1,0.6051,0
60,as0_0,0.6122,1
60,m01_0,0.6188,1
60,ts0_4,0.6239,0
60,bs1_1,0.6452,1
60,p10_0,0.6471,1
60,m01_4,0.6473,0
60,ys0_1_d,0.6480,1
60,p01_0,0.6532,0
60,p00_1,0.6590,0
60,p00_2,0.7080,1
60,as1_2,0.7245,1
60,ts1_2,0.7346,1
60,m01_0,0.7393,0
60,ts1_4,0.7426,1
60,bs0_2,0.7445,1
60,bs0_0,0.7502,0
60,bs0_3,0.7535,1
60,ys1_1_d,0.7583,1
60,p00_4,0.7608,1
60,ts0_0,0.7644,0
60,ts0_1,0.7732,0
60,bs1_1,0.7856,0
60,ys0_2_d,0.7879,0
60,p01_4,0.7952,1
60,bs0_0,0.8325,1
60,bs1_2,0.8338,0
60,p11_1,0.8700,1
60,m10_2,0.8702,1
60,m01_1,0.8710,1
60,p01_0,0.8751,1
60,bs0_4,0.8754,0
60,ys1_1_d,0.8959,0
60,bs1_3,0.8984,1
60,p10_2,0.9306,0
60,ys0_0_d,0.9606,1
60,ts1_1,1.0117,1
60,p01_1,1.0123,1
60,ts0_0,1.0269,1
60,ts1_2,1.0415,0
60,ts0_1,1.1537,1
60,bs1_1,1.1676,1
60,bs0_4,1.1901,1
60,bs1_0,1.2381,1
60,bs0_0,1.2525,0
60,ys1_0_d,1.3130,0
60,ys0_1_d,1.3700,0
61,ys1_0,0.3740,0
61,ys1_2,0.3740,0
61,ys0_2,0.3740,0
61,r_3_q,0.3912,0
61,r_4_q,0.3912,0
61,r_2_q,0.3927,0
61,xs0_4_q,0.3931,0
61,ys0_0,0.3958,1
61,xs0_3_q,0.4112,0
61,xs1_0_q,0.4119,1
61,xs0_2_q,0.4133,1
61,xs0_0_q,0.4148,1
61,xs1_4_q,0.4473,1
61,p10_4,0.4990,0
61,p10_3,0.4990,0
61,p01_3,0.4990,0
61,p01_4,0.5009,0
61,p01_2,0.5015,0
61,p10_2,0.5273,1
61,bs0_3,0.5456,0
61,p00_2,0.5481,0
61,m10_2,0.5482,0
61,ts1_4,0.6026,0
61,ts0_3,0.6027,0
61,ts1_3,0.6045,0
61,ts0_4,0.6239,1
61,as0_2,0.6465,1
61,ys0_3_d,0.6479,1
61,p10_2,0.6494,0
61,ts1_2,0.6700,1
61,as1_4,0.6813,1
61,bs1_3,0.7084,0
61,ts1_2,0.7235,0
61,bs1_2,0.7417,1
61,bs0_3,0.7732,1
61,bs1_4,0.7916,0
61,m10_1,0.7962,1
61,p00_1,0.7964,1
61,m10_4,0.8258,1
61,m01_3,0.8260,1
61,ys0_3_d,0.8307,0
61,ts0_1,0.8591,0
61,ys1_0_d,0.8933,1
61,p10_1,0.9265,1
61,p10_4,0.9687,1
61,p01_3,0.9689,1
61,ts1_1,1.0020,0
61,bs0_0,1.0627,1
61,ts0_3,1.1110,1
61,ts1_4,1.1227,1
61,bs1_0,1.1326,0
61,ys0_0_d,1.1408,0
61,ys0_1_d,1.1788,1
61,bs0_2,1.2041,0
61,ys1_1_d,1.2256,1
61,ys1_0_d,1.2467,0
61,ys0_2_d,1.2624,1
61,bs1_3,1.2763,1
61,ys0_3_d,1.3037,1
61,ys1_3_d,1.3399,0
62,ys0_0,0.3740,0
62,ys1_3,0.3740,0
62,ys1_4,0.3740,0
62,xs0_0_q,0.3815,0
62,xs1_0_q,0.3815,0
62,r_0_q,0.3912,0
62,ys1_2,0.3958,1
62,ys0_2,0.3958,1
62,ys0_1,0.3958,1
62,ys0_3,0.3958,1
62,ys1_1,0.3958,1
62,xs1_1_q,0.4107,0
62,xs1_2_q,0.4144,1
62,r_3_q,0.4386,1
62,r_2_q,0.4442,1
62,xs1_3_q,0.4790,1
62,xs0_1_q,0.4796,1
62,p01_0,0.4990,0
62,p10_0,0.4990,0
62,p01_3,0.5113,0
62,as0_0,0.5199,0
62,p11_1,0.5307,0
62,m10_1,0.5308,0
62,bs1_1,0.5434,0
62,bs1_3,0.5649,0
62,p10_3,0.5867,1
62,p10_2,0.5932,1
62,p01_2,0.5943,1
62,as1_4,0.6003,0
62,ts0_0,0.6026,0
62,ts1_0,0.6039,0
62,as0_2,0.6067,0
62,as1_0,0.6109,1
62,p11_2,0.6111,1
62,m01_1,0.6147,0
62,p00_1,0.6155,0
62,p11_3,0.6193,1
62,ts0_3,0.6245,0
62,bs0_1,0.6410,1
62,m10_4,0.6467,0
62,p00_4,0.6494,0
62,p10_1,0.6500,0
62,ys1_1_d,0.6519,0
62,bs0_0,0.6621,0
62,ys1_3_d,0.6772,1
62,p00_0,0.6774,1
62,ts1_1,0.6924,1
62,ts1_1,0.7100,0
62,bs0_4,0.7139,0
62,p11_3,0.7265,0
62,p01_1,0.7344,0
62,ts0_2,0.7345,1
62,m01_3,0.7511,0
62,ts0_1,0.7561,1
62,m01_4,0.7611,1
62,m10_0,0.7620,1
62,p10_4,0.7629,0
62,ts0_4,0.7665,0
62,m01_2,0.7795,1
62,bs0_1,0.7901,0
62,ts0_1,0.8053,0
62,ts0_0,0.8159,1
62,p01_2,0.8387,0
62,ts1_3,0.8542,1
62,ts1_4,0.8682,0
62,bs0_3,0.8723,0
62,p01_3,0.8954,1
62,bs1_0,0.8982,1
62,p01_4,0.8999,1
62,p10_0,0.9043,1
62,ys0_1_d,0.9109,0
62,bs1_2,0.9413,0
62,ts0_2,0.9454,0
62,ys0_3_d,0.9807,0
62,bs0_4,0.9875,1
62,bs1_3,0.9989,1
62,ys1_1_d,1.0146,1
62,ys1_0_d,1.0211,1
62,ts0_3,1.0486,1
62,ts0_4,1.0522,1
62,ts1_0,1.0571,1
62,bs0_1,1.0707,1
62,ys0_0_d,1.1015,1
62,ys0_1_d,1.1811,1
62,bs0_3,1.2033,1
62,bs1_4,1.2197,1
62,bs0_2,1.2428,1
62,ys0_2_d,1.2842,0
62,ys1_0_d,1.2879,0
63,ys0_3,0.3740,0
63,ys1_2,0.3740,0
63,ys0_2,0.3740,0
63,r_3_q,0.3912,0
63,xs1_4_q,0.3928,0
63,ys0_0,0.3958,1
63,ys1_3,0.3958,1
63,ys1_4,0.3958,1
63,xs1_3_q,0.4092,0
63,r_4_q,0.4383,1
63,xs0_4_q,0.4440,1
63,p10_3,0.4990,0
63,p01_3,0.4990,0
63,p01_4,0.5104,0
63,as1_0,0.5233,0
63,bs1_3,0.5437,0
63,m01_2,0.5451,0
63,p11_2,0.5451,0
63,p10_4,0.5887,1
63,ts0_3,0.6026,0
63,ts1_3,0.6040,0
63,ts0_4,0.6226,0
63,m10_0,0.6394,0
63,ys1_3_d,0.6510,0
63,m01_4,0.6522,0
63,bs1_0,0.6658,0
63,as0_0,0.6813,1
63,as0_4,0.6838,1
63,ts1_2,0.6902,1
63,p01_2,0.6911,1
63,bs0_2,0.7163,0
63,bs0_3,0.7278,0
63,ts1_4,0.7413,1
63,bs1_2,0.7467,1
63,p10_0,0.7563,0
63,ys0_2_d,0.7630,1
63,ys1_1_d,0.7672,0
63,ys1_0_d,0.7753,1
63,p01_4,0.7931,1
63,bs0_4,0.7958,0
63,p00_0,0.8241,0
63,ts0_2,0.8329,1
63,p00_3,0.8335,1
63,bs1_1,0.8406,1
63,ts1_0,0.8598,0
63,ys1_3_d,0.8713,1
63,bs1_3,0.8973,1
63,bs0_0,0.9080,1
63,ys1_3_d,0.9115,0
63,bs0_1,0.9129,0
63,ts0_0,0.9418,0
63,ts0_4,0.9469,1
63,ys1_1_d,0.9475,1
63,bs1_4,0.9698,0
63,ts0_3,0.9760,1
63,ys1_0_d,1.0667,0
63,bs0_4,1.0833,1
63,bs0_3,1.0983,1
63,ys0_0_d,1.1521,0
63,bs0_2,1.1733,1
63,ys0_2_d,1.2135,0
64,ys0_0,0.3740,0
64,ys1_3,0.3740,0
64,ys1_4,0.3740,0
64,r_4_q,0.3912,0
64,r_2_q,0.3912,0
64,ys1_2,0.3958,1
64,xs0_0_q,0.4132,1
64,xs1_0_q,0.4133,1
64,r_1_q,0.4439,1
64,xs1_3_q,0.4848,1
64,p10_4,0.4990,0
64,p01_4,0.4990,0
64,p10_2,0.4990,0
64,p01_2,0.4990,0
64,as0_0,0.5041,0
64,bs1_3,0.5732,0
64,p01_1,0.5950,1
64,p10_1,0.5950,1
64,ts1_2,0.6014,0
64,ts1_4,0.6015,0
64,ts0_4,0.6026,0
64,ts0_2,0.6040,0
64,p11_2,0.6172,1
64,m10_3,0.6187,1
64,m01_2,0.6189,1
64,as1_0,0.6384,1
64,bs0_0,0.6599,0
64,bs1_3,0.6703,1
64,p00_0,0.6727,1
64,bs0_3,0.7082,0
64,bs1_1,0.7123,0
64,as1_4,0.7258,1
64,bs0_1,0.7353,1
64,ts1_2,0.7371,1
64,ts0_1,0.7447,1
64,ts1_1,0.7580,1
64,p01_2,0.7589,1
64,p10_3,0.7612,1
64,ys0_0_d,0.7678,1
64,m10_0,0.7843,1
64,ts0_0,0.8011,1
64,ys0_3_d,0.8106,1
64,ys1_1_d,0.8431,0
64,bs1_1,0.8558,1
64,m01_3,0.8747,1
64,p11_3,0.8757,1
64,p11_4,0.8822,1
64,bs0_4,0.8899,0
64,ts0_2,0.8980,1
64,bs1_4,0.9178,1
64,p10_0,0.9262,1
64,ys1_1_d,0.9311,1
64,bs0_0,0.9527,1
64,bs0_1,0.9710,0
64,p01_3,1.0050,1
64,ts1_4,1.0126,1
64,ys1_0_d,1.0320,1
64,ts1_0,1.0661,1
64,ts0_3,1.0805,0
64,bs1_3,1.0911,0
64,bs1_4,1.1406,0
64,ys1_3_d,1.2023,1
64,bs0_2,1.2033,0
64,ys1_0_d,1.2499,0
64,ys0_2_d,1.2506,1
64,ys0_3_d,1.3018,0
65,ys0_4,0.3740,0
65,r_1_q,0.3912,0
65,xs0_4_q,0.3944,0
65,ys0_0,0.3958,1
65,ys1_3,0.3958,1
65,ys0_2,0.3958,1
65,xs1_3_q,0.4105,0
65,r_2_q,0.4386,1
65,xs1_4_q,0.4402,1
65,xs0_3_q,0.4777,1
65,p10_1,0.4990,0
65,p01_1,0.4990,0
65,p01_2,0.5108,0
65,m10_3,0.5310,0
65,p11_3,0.5310,0
65,as1_0,0.5433,0
65,m01_2,0.5441,0
65,p11_2,0.5442,0
65,bs1_3,0.5703,1
65,p10_2,0.5727,1
65,ts0_1,0.6023,0
65,ts1_1,0.6046,0
65,m10_2,0.6114,1
65,p00_2,0.6118,1
65,m01_3,0.6133,0
65,p00_3,0.6133,0
65,as0_0,0.6214,1
65,ys1_3_d,0.6348,0
65,bs0_3,0.6388,1
65,p10_2,0.6433,0
65,p01_2,0.6436,1
65,p10_3,0.6502,0
65,ts1_3,0.6668,1
65,m10_0,0.6765,0
65,p11_4,0.6904,0
65,ts0_2,0.7107,0
65,ts1_3,0.7254,0
65,p01_3,0.7329,0
65,ys0_3_d,0.7502,1
65,ts1_2,0.7552,0
65,ts0_3,0.7606,1
65,p00_0,0.7621,0
65,m10_4,0.7693,1
65,p10_0,0.7937,0
65,ts0_3,0.7991,0
65,ts1_4,0.8081,0
65,bs0_1,0.8505,1
65,bs1_1,0.8610,0
65,ts0_0,0.8803,0
65,ts1_0,0.8985,0
65,p10_4,0.9072,1
65,bs1_3,0.9133,0
65,ys0_1_d,0.9138,0
65,ys1_1_d,0.9694,0
65,ys1_3_d,1.0134,1
65,bs0_4,1.0198,1
65,bs1_4,1.0512,1
65,ts1_4,1.0578,1
65,ys0_0_d,1.0879,0
65,ys1_0_d,1.1653,1
65,bs1_3,1.2102,1
65,ys1_3_d,1.2730,0
66,ys0_0,0.3740,0
66,ys1_3,0.3740,0
66,ys0_1,0.3740,0
66,ys1_1,0.3740,0
66,xs1_4_q,0.3940,0
66,ys0_4,0.3958,1
66,ys1_4,0.3958,1
66,ys0_3,0.3958,1
66,ys1_0,0.3958,1
66,xs0_3_q,0.4106,0
66,xs0_1_q,0.4114,0
66,r_4_q,0.4386,1
66,xs0_4_q,0.4402,1
66,r_1_q,0.4445,1
66,xs1_3_q,0.4770,1
66,xs1_1_q,0.4789,1
66,p10_4,0.5112,0
66,bs0_3,0.5438,0
66,p00_2,0.5444,0
66,m10_2,0.5449,0
66,as0_0,0.5451,0
66,bs0_1,0.5457,0
66,bs1_3,0.5641,0
66,m01_3,0.5689,1
66,p00_3,0.5692,1
66,m01_1,0.5700,1
66,p01_4,0.5884,1
66,p10_1,0.5942,1
66,as1_2,0.6011,0
66,m01_2,0.6095,1
66,m10_3,0.6095,1
66,p11_3,0.6095,1
66,as1_0,0.6139,1
66,p11_2,0.6156,1
66,p11_1,0.6203,1
66,ts1_4,0.6226,0
66,bs1_1,0.6378,1
66,as0_2,0.6396,1
66,ys0_1_d,0.6479,1
66,ys0_3_d,0.6522,0
66,p01_2,0.6734,0
66,ys1_3_d,0.6755,1
66,ts0_2,0.6880,1
66,m10_4,0.6940,0
66,p10_2,0.7008,1
66,bs0_0,0.7041,0
66,p01_3,0.7098,1
66,m01_0,0.7167,1
66,p11_2,0.7170,0
66,p11_1,0.7272,0
66,bs1_3,0.7352,1
66,ts0_4,0.7409,1
66,m01_1,0.7460,0
66,ys1_1_d,0.7474,1
66,p10_3,0.7504,1
66,ts0_2,0.7556,0
66,p11_4,0.7598,1
66,p11_0,0.7622,1
66,ys1_3_d,0.7696,0
66,m01_2,0.7777,0
66,m10_1,0.7901,1
66,p00_1,0.7903,1
66,ys0_1_d,0.8000,0
66,ys0_0_d,0.8137,1
66,ts1_2,0.8227,1
66,p10_4,0.8470,1
66,p10_1,0.8511,0
66,ts1_1,0.8566,1
66,p01_0,0.8586,1
66,bs1_2,0.8636,0
66,bs0_2,0.8678,1
66,ts1_0,0.8921,1
66,bs0_3,0.8956,1
66,bs1_1,0.8968,0
66,p01_1,0.9000,1
66,ys0_2_d,0.9102,0
66,p01_2,0.9148,1
66,ts1_1,0.9387,0
66,ys1_3_d,0.9495,1
66,bs1_4,0.9764,0
66,ts0_0,1.0000,1
66,bs1_0,1.0621,1
66,ts0_2,1.0679,1
66,bs0_4,1.0861,0
66,ys0_0_d,1.1955,0
66,bs0_1,1.2219,1
66,ys0_1_d,1.3338,1
67,ys0_3,0.3740,0
67,ys1_4,0.3740,0
67,ys0_4,0.3740,0
67,ys0_2,0.3740,0
67,ys1_2,0.3740,0
67,xs1_0_q,0.3815,0
67,xs0_0_q,0.3815,0
67,r_1_q,0.3927,0
67,ys0_1,0.3958,1
67,ys1_1,0.3958,1
67,ys1_3,0.3958,1
67,r_3_q,0.4330,1
67,p01_1,0.5011,0
67,p01_3,0.5042,0
67,p10_3,0.5042,0
67,as1_0,0.5190,0
67,p10_1,0.5271,1
67,as0_0,0.6091,1
67,ts0_3,0.6292,1
67,ts0_1,0.6330,1
67,p11_0,0.6351,0
67,ts1_3,0.6414,1
67,p11_4,0.6479,0
67,ts1_1,0.6650,1
67,bs0_2,0.7213,0
67,m01_0,0.7529,0
67,ts1_0,0.7534,0
67,m10_4,0.7621,1
67,ys0_2_d,0.7795,1
67,ts1_4,0.7809,1
67,bs1_2,0.8044,1
67,ys0_3_d,0.8224,1
67,p10_4,0.8263,0
67,bs1_3,0.8629,0
67,p01_0,0.8698,0
67,bs1_4,0.8929,1
67,ts1_4,0.9242,0
67,ys1_0_d,0.9613,0
67,ts0_0,0.9747,0
67,bs1_3,1.0392,1
67,ys1_3_d,1.1000,0
67,bs0_4,1.1275,1
67,ys0_0_d,1.2415,1
68,ys1_3,0.3740,0
68,ys1_0,0.3740,0
68,xs0_2_q,0.3815,0
68,xs1_2_q,0.3815,0
68,r_2_q,0.3912,0
68,xs0_4_q,0.3930,0
68,r_3_q,0.3933,0
68,ys0_3,0.3958,1
68,ys1_2,0.3958,1
68,ys1_4,0.3958,1
68,ys0_4,0.3958,1
68,ys0_2,0.3958,1
68,ys0_0,0.3958,1
68,xs1_3_q,0.4106,0
68,xs1_4_q,0.4456,1
68,xs0_3_q,0.4772,1
68,p01_2,0.4990,0
68,p10_2,0.4990,0
68,p01_3,0.5143,1
68,p10_3,0.5146,1
68,as0_2,0.5201,0
68,as0_0,0.5248,0
68,m10_3,0.5310,0
68,p11_3,0.5313,0
68,bs1_3,0.5438,0
68,bs0_3,0.5655,0
68,ts0_3,0.5941,0
68,ts0_2,0.6026,0
68,ts1_2,0.6040,0
68,as1_2,0.6105,1
68,m01_3,0.6121,0
68,p00_3,0.6123,0
68,p10_3,0.6342,0
68,ys1_3_d,0.6471,1
68,p00_1,0.6497,0
68,m10_1,0.6498,0
68,m10_4,0.6541,0
68,ts0_3,0.6703,1
68,p00_2,0.6772,1
68,m01_0,0.6790,1
68,as1_0,0.6795,1
68,bs0_1,0.7085,0
68,bs0_2,0.7150,1
68,p01_3,0.7259,0
68,bs0_0,0.7327,1
68,bs1_1,0.7348,1
68,ts1_3,0.7364,0
68,bs1_2,0.7446,0
68,ys0_2_d,0.7554,0
68,bs1_2,0.7567,1
68,m01_1,0.7578,1
68,p11_1,0.7579,1
68,m10_2,0.7585,1
68,p10_1,0.7668,0
68,ts0_1,0.7684,0
68,p10_4,0.7982,1
68,bs1_0,0.8032,0
68,ys0_0_d,0.8069,0
68,ts0_2,0.8155,1
68,ts0_3,0.8196,0
68,p01_0,0.8207,1
68,p11_0,0.8249,1
68,p11_4,0.8270,1
68,bs0_0,0.8609,0
68,p01_1,0.8971,1
68,p10_2,0.9010,1
68,bs0_2,0.9231,0
68,ys1_0_d,0.9293,1
68,ts1_0,0.9538,1
68,ts0_0,0.9611,1
68,ys0_0_d,0.9619,1
68,bs0_1,0.9680,1
68,ys0_2_d,0.9708,1
68,ys0_3_d,1.0220,0
68,ts1_2,1.0426,1
68,bs1_4,1.0428,0
68,ts0_1,1.0494,1
68,bs0_4,1.0509,0
68,bs1_1,1.1219,0
68,ys1_0_d,1.1504,0
68,ys0_0_d,1.1577,0
68,ys1_1_d,1.2399,0
68,bs0_0,1.2526,1
68,ys0_1_d,1.3283,0
68,ys0_0_d,1.3672,1
69,ys0_4,0.3740,0
69,ys1_4,0.3740,0
69,ys0_3,0.3740,0
69,ys0_1,0.3740,0
69,ys1_1,0.3740,0
69,r_4_q,0.3912,0
69,ys1_3,0.3958,1
69,xs1_2_q,0.4132,1
69,xs1_0_q,0.4132,1
69,r_0_q,0.4384,1
69,r_2_q,0.4386,1
69,xs0_4_q,0.4446,1
69,xs0_1_q,0.4865,1
69,p01_4,0.4990,0
69,p10_4,0.5009,0
69,as1_0,0.5019,0
69,as1_2,0.5023,0
69,p01_0,0.5104,0
69,p10_2,0.5113,0
69,as0_4,0.5505,0
69,p10_0,0.5760,1
69,p01_2,0.5762,1
69,bs0_1,0.5770,0
69,m01_1,0.5991,0
69,ts0_4,0.6045,0
69,p00_0,0.6217,1
69,ts1_2,0.6249,0
69,ts0_0,0.6261,0
69,ts1_4,0.6306,1
69,p11_0,0.6343,0
69,m10_2,0.6344,0
69,bs1_2,0.6473,0
69,p11_4,0.6478,0
69,p11_1,0.6483,0
69,ts0_2,0.6501,0
69,as0_0,0.6775,1
69,ts0_0,0.6841,1
69,ys0_1_d,0.6909,1
69,p01_1,0.7143,0
69,as0_2,0.7323,1
69,bs0_3,0.7350,1
69,bs1_0,0.7376,1
69,bs0_4,0.7395,1
69,ys1_3_d,0.7462,0
69,ts1_4,0.7486,0
69,bs1_1,0.7556,1
69,ts1_1,0.7671,0
69,p10_2,0.7745,1
69,bs0_1,0.7758,1
69,bs1_3,0.7829,1
69,bs1_3,0.8147,0
69,ts0_1,0.8170,0
69,p00_0,0.8175,0
69,m01_0,0.8195,0
69,p00_4,0.8274,1
69,m10_4,0.8278,1
69,ys0_0_d,0.8364,0
69,ys0_3_d,0.8444,1
69,bs1_0,0.8534,0
69,ys1_0_d,0.8643,1
69,ys0_1_d,0.8735,0
69,p00_2,0.8748,0
69,m10_1,0.8842,1
69,ts1_2,0.9143,1
69,bs0_2,0.9345,1
69,p01_0,0.9439,1
69,ys1_1_d,0.9443,1
69,ys1_0_d,0.9539,0
69,ts0_4,0.9574,1
69,p10_4,0.9693,1
69,ys0_2_d,0.9750,0
69,bs1_1,0.9860,0
69,ys0_3_d,0.9860,0
69,ts0_2,1.0048,1
69,p10_1,1.0252,1
69,bs0_3,1.0342,0
69,bs0_1,1.0831,0
69,ys1_1_d,1.0957,0
69,ts1_4,1.1228,1
69,ys0_3_d,1.1245,1
69,ts1_1,1.1788,1
69,ys0_1_d,1.1928,1
69,bs1_3,1.2761,1
69,ys1_3_d,1.3872,1
69,bs1_0,1.3965,1
69,ys1_1_d,1.5131,1
69,ys1_0_d,1.5196,1
70,ys0_0,0.3740,0
70,ys1_2,0.3740,0
70,ys0_2,0.3740,0
70,xs1_0_q,0.3815,0
70,xs1_2_q,0.3815,0
70,r_2_q,0.3912,0
70,r_0_q,0.3912,0
70,xs0_4_q,0.3927,0
70,ys0_1,0.3958,1
70,ys0_3,0.3958,1
70,ys1_1,0.3958,1
70,ys0_4,0.3958,1
70,ys1_0,0.3958,1
70,xs0_1_q,0.4103,0
70,xs0_3_q,0.4112,0
70,xs1_3_q,0.4787,1
70,p01_0,0.4990,0
70,p10_0,0.4990,0
70,p10_2,0.4990,0
70,p01_2,0.4991,0
70,as0_0,0.5243,0
70,as0_2,0.5527,0
70,bs1_3,0.5649,0
70,bs0_1,0.5716,1
70,p00_1,0.5720,1
70,m01_3,0.5723,1
70,bs0_3,0.5734,1
70,as1_4,0.5997,0
70,ts0_0,0.6026,0
70,ts1_0,0.6036,0
70,ts1_2,0.6040,0
70,ts0_2,0.6048,0
70,as1_2,0.6080,1
70,as1_0,0.6109,1
70,p11_3,0.6170,1
70,ys0_3_d,0.6376,0
70,ys0_1_d,0.6393,0
70,m10_4,0.6501,0
70,p00_4,0.6539,0
70,p00_1,0.6576,0
70,bs0_0,0.6634,0
70,m01_0,0.6788,1
70,ys1_3_d,0.6825,0
70,m10_1,0.6827,0
70,bs0_2,0.6882,0
70,bs0_1,0.6928,0
70,m01_2,0.7092,1
70,p01_3,0.7135,1
70,bs0_4,0.7139,0
70,ts0_1,0.7145,1
70,ys0_1_d,0.7212,1
70,p11_3,0.7251,0
70,ts0_1,0.7256,0
70,ys0_2_d,0.7345,1
70,bs1_1,0.7359,1
70,bs1_0,0.7371,0
70,m01_3,0.7434,0
70,m01_1,0.7551,1
70,p11_1,0.7560,1
70,p11_0,0.7564,1
70,p11_2,0.7575,1
70,m01_4,0.7580,1
70,ts1_3,0.7585,1
70,p10_4,0.7660,0
70,ys0_1_d,0.7688,0
70,ys0_3_d,0.7711,1
70,ts0_4,0.7716,0
70,p10_1,0.7989,0
70,ts1_3,0.8099,0
70,p01_0,0.8207,1
70,p01_3,0.8464,0
70,p01_2,0.8513,1
70,ys1_0_d,0.8666,0
70,ts0_3,0.8670,1
70,ts1_4,0.8714,0
70,bs0_3,0.8762,0
70,ts1_2,0.8860,1
70,p01_1,0.8932,1
70,p01_4,0.8971,1
70,ts1_0,0.8972,1
70,ts0_3,0.9186,0
70,bs1_2,0.9221,1
70,bs1_1,0.9569,0
70,ts0_0,0.9745,1
70,ys0_3_d,0.9829,0
70,bs1_3,1.0048,1
70,ts0_2,1.0048,1
70,ts0_1,1.0461,1
70,ts0_4,1.0489,1
70,bs1_4,1.0704,1
70,ys1_1_d,1.0747,0
70,bs0_4,1.1490,1
70,bs0_1,1.1570,1
70,ys1_0_d,1.1845,1
70,bs0_3,1.2018,1
70,bs0_0,1.2766,1
70,ys0_3_d,1.3131,1
71,ys0_1,0.3740,0
71,ys1_1,0.3740,0
71,ys1_3,0.3740,0
71,xs1_4_q,0.3929,0
71,ys1_2,0.3958,1
71,ys0_2,0.3958,1
71,ys1_4,0.3958,1
71,xs0_0_q,0.4121,1
71,xs0_2_q,0.4133,1
71,r_0_q,0.4386,1
71,r_2_q,0.4386,1
71,xs0_4_q,0.4478,1
71,p01_2,0.5112,0
71,p01_0,0.5112,0
71,as1_0,0.5234,0
71,p10_0,0.5758,1
71,p10_2,0.5759,1
71,ts0_2,0.6234,0
71,ts0_0,0.6235,0
71,as1_4,0.6288,1
71,p11_0,0.6396,0
71,as0_2,0.6427,1
71,m01_4,0.6522,0
71,ts1_2,0.6545,0
71,as0_4,0.6894,1
71,bs0_1,0.7290,0
71,bs1_0,0.7470,1
71,bs1_4,0.7487,0
71,p01_4,0.7693,0
71,p11_3,0.7733,1
71,m01_3,0.7737,1
71,m01_2,0.7847,0
71,m10_1,0.7935,1
71,p00_1,0.7939,1
71,bs1_1,0.7967,1
71,ys0_1_d,0.8317,1
71,bs0_2,0.8379,1
71,p00_3,0.8390,1
71,m10_3,0.8392,1
71,ts0_1,0.8550,0
71,ts0_4,0.8728,0
71,ys0_2_d,0.8786,0
71,ts1_3,0.9013,1
71,ys0_3_d,0.9085,0
71,p10_1,0.9228,1
71,p01_3,0.9247,1
71,p01_2,0.9289,1
71,p10_3,0.9672,1
71,bs0_3,0.9783,0
71,bs0_0,0.9826,0
71,ts1_1,0.9989,0
71,ts1_3,1.0108,0
71,ys0_3_d,1.0730,1
71,ts0_2,1.0832,1
71,ys0_1_d,1.0838,0
71,ys0_0_d,1.0920,1
71,bs1_0,1.1268,0
71,ys1_1_d,1.2181,1
71,bs0_1,1.2354,1
71,ys1_0_d,1.2407,0
71,ys0_1_d,1.3470,1
72,ys1_4,0.3740,0
72,ys0_2,0.3740,0
72,ys1_0,0.3740,0
72,xs0_0_q,0.3815,0
72,r_2_q,0.3912,0
72,ys0_1,0.3958,1
72,ys1_1,0.3958,1
72,ys0_0,0.3958,1
72,r_1_q,0.4329,1
72,r_3_q,0.4330,1
72,r_4_q,0.4439,1
72,xs1_4_q,0.4446,1
72,xs0_1_q,0.4802,1
72,p01_2,0.4990,0
72,p10_2,0.5004,0
72,p10_1,0.5041,0
72,p10_3,0.5042,0
72,p01_3,0.5046,0
72,p01_1,0.5049,0
72,as1_4,0.5474,0
72,bs0_1,0.5684,0
72,p10_4,0.5954,1
72,p01_4,0.5955,1
72,ts0_2,0.6015,0
72,as0_2,0.6069,0
72,as0_0,0.6130,1
72,p00_0,0.6136,1
72,m01_1,0.6148,0
72,p00_1,0.6157,0
72,ts1_2,0.6177,1
72,ts1_3,0.6289,1
72,ts0_3,0.6292,1
72,ts1_1,0.6397,1
72,ts0_1,0.6428,1
72,bs0_1,0.6790,1
72,as1_0,0.6864,1
72,p11_3,0.6930,0
72,m01_3,0.6932,0
72,bs1_1,0.6965,0
72,bs1_2,0.7167,0
72,ts0_1,0.7255,0
72,p01_1,0.7351,1
72,ts1_4,0.7373,1
72,bs1_4,0.7388,1
72,ts0_0,0.7425,1
72,p00_0,0.7436,0
72,ts0_4,0.7499,1
72,m01_0,0.7568,0
72,m10_1,0.7602,0
72,m01_2,0.7811,1
72,ts0_1,0.7876,1
72,ts1_3,0.8018,0
72,ys1_3_d,0.8152,1
72,bs1_3,0.8169,0
72,ys1_1_d,0.8180,0
72,p01_3,0.8230,1
72,bs0_4,0.8250,0
72,p11_0,0.8325,1
72,m10_0,0.8334,1
72,ts0_0,0.8503,0
72,ys1_0_d,0.8541,1
72,p01_0,0.8821,1
72,p10_1,0.8907,1
72,p10_0,0.8916,0
72,ts0_3,0.8979,0
72,bs0_3,0.9038,1
72,bs0_4,0.9137,1
72,p01_2,0.9231,1
72,bs1_2,0.9246,1
72,ys0_3_d,0.9676,0
72,ts1_1,0.9689,0
72,ts0_0,0.9950,1
72,bs0_2,1.0197,0
72,bs0_4,1.0459,0
72,ts0_2,1.0651,1
72,ys0_2_d,1.0661,1
72,ys0_3_d,1.1031,1
72,bs0_1,1.1448,0
72,ys0_0_d,1.1597,0
72,bs1_0,1.1702,1
72,ys1_0_d,1.2474,0
72,ys0_1_d,1.2632,0
72,ys1_1_d,1.2860,1
73,ys0_0,0.3740,0
73,ys0_1,0.3740,0
73,ys0_4,0.3740,0
73,xs0_2_q,0.3814,0
73,r_4_q,0.3912,0
73,r_3_q,0.3922,0
73,r_0_q,0.3927,0
73,xs1_4_q,0.3927,0
73,xs0_4_q,0.3933,0
73,ys1_4,0.3958,1
73,ys0_2,0.3958,1
73,ys1_3,0.3958,1
73,xs1_1_q,0.4093,0
73,xs1_3_q,0.4102,0
73,xs0_1_q,0.4118,0
73,xs0_0_q,0.4148,1
73,r_2_q,0.4386,1
73,xs0_3_q,0.4775,1
73,p01_4,0.4990,0
73,p10_4,0.4991,0
73,p01_0,0.4996,0
73,p01_3,0.5005,0
73,p01_2,0.5109,0
73,p10_0,0.5149,1
73,as1_0,0.5260,0
73,p10_3,0.5260,1
73,p11_1,0.5312,0
73,m10_3,0.5329,0
73,p11_0,0.5458,0
73,m01_2,0.5461,0
73,p11_2,0.5472,0
73,m10_0,0.5493,0
73,as1_2,0.5501,0
73,bs0_3,0.5660,0
73,bs1_1,0.5703,1
73,bs1_3,0.5721,1
73,bs0_1,0.5724,1
73,p10_2,0.5734,1
73,m01_1,0.5757,1
73,ts0_4,0.6015,0
73,ts0_0,0.6045,0
73,ts1_4,0.6048,0
73,p00_2,0.6107,1
73,p00_3,0.6125,0
73,ts0_3,0.6297,1
73,p10_3,0.6332,0
73,ys1_1_d,0.6341,0
73,ys1_3_d,0.6377,0
73,m01_1,0.6506,0
73,p01_2,0.6506,1
73,p10_0,0.6533,0
73,ts1_1,0.6566,1
73,ts1_3,0.6599,1
73,bs0_3,0.6838,1
73,ys0_1_d,0.6844,1
73,bs1_3,0.6930,0
73,ts0_3,0.7022,0
73,ts1_3,0.7048,0
73,ts0_2,0.7143,0
73,ts1_0,0.7558,0
73,bs0_4,0.7573,1
73,ys1_3_d,0.7901,1
73,bs1_2,0.8180,0
73,bs0_1,0.8294,0
73,bs1_4,0.8669,0
73,ys0_0_d,0.8713,1
73,ys1_3_d,0.9048,0
73,ys0_1_d,0.9368,0
73,ys1_0_d,0.9551,1
74,ys1_3,0.3740,0
74,ys1_4,0.3740,0
74,ys1_1,0.3740,0
74,ys1_2,0.3740,0
74,xs0_0_q,0.3815,0
74,r_2_q,0.3912,0
74,ys0_0,0.3958,1
74,ys0_4,0.3958,1
74,ys1_0,0.3958,1
74,xs0_2_q,0.4124,1
74,xs1_4_q,0.4433,1
74,r_4_q,0.4445,1
74,xs1_3_q,0.4876,1
74,xs0_1_q,0.4903,1
74,p10_2,0.4990,0
74,p01_2,0.5008,0
74,as0_0,0.5198,0
74,p10_4,0.5959,1
74,p01_4,0.5960,1
74,ts1_2,0.6026,0
74,m10_3,0.6210,1
74,m01_2,0.6214,1
74,ts0_2,0.6392,1
74,bs1_3,0.6476,1
74,as1_0,0.6758,1
74,p00_0,0.6791,1
74,bs1_1,0.7082,0
74,ts1_4,0.7364,1
74,ts0_4,0.7379,1
74,bs0_0,0.7426,1
74,p01_2,0.7493,1
74,ys1_3_d,0.7590,1
74,p10_3,0.7621,1
74,bs1_3,0.7880,0
74,bs1_0,0.8065,0
74,ts0_0,0.8090,1
74,ts0_2,0.8112,0
74,ys1_1_d,0.8114,1
74,bs0_3,0.8177,0
74,ys0_0_d,0.8208,0
74,m10_0,0.8216,1
74,ys0_1_d,0.8571,1
74,bs0_4,0.8903,0
74,ys1_3_d,0.8986,0
74,ys1_1_d,0.9115,0
74,ts1_3,0.9157,1
74,ys0_3_d,0.9363,0
74,ys1_0_d,0.9384,0
74,bs0_1,0.9473,1
74,p10_0,0.9630,1
74,ys0_0_d,0.9843,1
74,ys0_1_d,0.9981,0
74,bs1_2,1.0884,1
74,ts1_0,1.1170,1
74,ys1_3_d,1.2023,1
74,bs1_4,1.2921,1
74,ys1_0_d,1.4061,1
75,ys0_4,0.3740,0
75,ys0_3,0.3740,0
75,xs0_2_q,0.3813,0
75,xs1_4_q,0.3930,0
75,ys1_3,0.3958,1
75,ys1_2,0.3958,1
75,ys1_4,0.3958,1
75,xs1_3_q,0.4101,0
75,xs0_1_q,0.4117,0
75,xs0_0_q,0.4119,1
75,xs1_2_q,0.4133,1
75,xs1_0_q,0.4148,1
75,r_0_q,0.4386,1
75,xs0_4_q,0.4472,1
75,p10_0,0.5109,0
75,m10_3,0.5332,0
75,m01_2,0.5461,0
75,bs0_1,0.5470,0
75,m10_0,0.5481,0
75,p00_0,0.5484,0
75,as0_4,0.5513,0
75,bs1_3,0.5718,1
75,p01_0,0.5742,1
75,ys1_3_d,0.6363,0
75,as1_2,0.6392,1
75,p10_0,0.6486,1
75,ys0_1_d,0.6495,1
75,p10_3,0.6503,0
75,p01_2,0.6647,0
75,m01_4,0.7208,1
75,bs0_4,0.7326,1
75,bs1_2,0.7486,0
75,ts1_3,0.7528,0
75,p01_4,0.7812,0
75,m10_2,0.7837,1
75,m01_1,0.7844,1
75,bs1_2,0.7873,1
75,ts0_2,0.7938,1
75,ys0_0_d,0.8015,0
75,p01_1,0.8450,0
75,ts0_4,0.8930,0
75,p10_2,0.9263,1
75,bs0_1,0.9471,1
75,ts0_1,0.9555,0
75,ys0_1_d,1.0107,0
75,bs0_3,1.0225,1
75,bs0_0,1.0729,0
75,ts1_2,1.0803,1
75,ys0_3_d,1.1331,1
75,ys0_1_d,1.1612,1
75,ys0_0_d,1.1797,1
75,bs1_1,1.2339,1
75,ys1_1_d,1.3448,1
76,ys1_3,0.3740,0
76,xs1_0_q,0.3815,0
76,xs1_2_q,0.3815,0
76,r_1_q,0.3927,0
76,xs0_4_q,0.3943,0
76,ys0_3,0.3958,1
76,ys0_4,0.3958,1
76,ys1_1,0.3958,1
76,ys0_1,0.3958,1
76,xs0_2_q,0.4131,1
76,r_3_q,0.4442,1
76,xs1_1_q,0.4761,1
76,p10_1,0.4995,0
76,as1_0,0.5169,0
76,p01_1,0.5274,1
76,bs1_1,0.5626,0
76,p01_3,0.5944,1
76,p10_3,0.5962,1
76,ts1_1,0.6053,0
76,p11_1,0.6066,1
76,m01_0,0.6080,1
76,as0_0,0.6172,1
76,as0_4,0.6299,1
76,as0_2,0.6414,1
76,m01_4,0.6460,0
76,p01_0,0.6680,0
76,ts1_1,0.6872,1
76,ts0_1,0.6917,1
76,ts1_3,0.7381,1
76,bs0_4,0.7420,0
76,m01_0,0.7511,0
76,ts0_3,0.7575,1
76,bs1_0,0.7606,1
76,ys1_1_d,0.7657,0
76,ts0_0,0.7774,0
76,p00_2,0.7832,0
76,ys1_1_d,0.7888,1
76,p00_1,0.7917,1
76,p01_4,0.7926,1
76,m10_1,0.7936,1
76,bs1_2,0.8262,0
76,ys1_0_d,0.8362,0
76,ts0_1,0.8414,0
76,bs0_4,0.8537,1
76,p01_0,0.8867,1
76,ts0_2,0.9001,0
76,p10_1,0.9239,1
76,ys1_3_d,0.9252,1
76,ts0_4,0.9343,1
76,ts1_1,0.9991,0
76,bs0_1,1.0058,0
76,bs0_3,1.0140,0
76,bs0_0,1.0268,1
76,ts0_0,1.0271,1
76,bs0_4,1.1015,0
76,bs1_0,1.1260,0
76,ys0_3_d,1.1333,0
76,ys1_1_d,1.2278,0
76,ys1_0_d,1.2338,1
77,ys0_4,0.3740,0
77,ys0_3,0.3740,0
77,ys1_1,0.3740,0
77,ys1_2,0.3740,0
77,r_0_q,0.3912,0
77,ys1_3,0.3958,1
77,xs1_1_q,0.4106,0
77,xs1_0_q,0.4119,1
77,xs1_2_q,0.4144,1
77,r_2_q,0.4383,1
77,xs1_4_q,0.4467,1
77,xs0_1_q,0.4803,1
77,p10_0,0.4990,0
77,p01_0,0.4990,0
77,p10_2,0.5104,0
77,p11_1,0.5305,0
77,m10_1,0.5306,0
77,bs1_1,0.5696,1
77,p01_2,0.5878,1
77,ts1_0,0.6027,0
77,ts0_0,0.6040,0
77,as0_2,0.6084,0
77,m01_1,0.6160,0
77,p00_1,0.6168,0
77,ts1_2,0.6244,0
77,bs0_1,0.6410,1
77,p10_1,0.6499,0
77,ts1_1,0.6777,1
77,ys1_1_d,0.6836,1
77,as1_4,0.6846,1
77,ys0_1_d,0.7047,0
77,bs1_1,0.7165,0
77,ts1_1,0.7166,0
77,ts0_2,0.7278,1
77,p01_1,0.7356,0
77,bs0_4,0.7437,1
77,ts0_1,0.7524,1
77,bs0_1,0.7802,0
77,p00_2,0.7806,1
77,ts0_1,0.8103,0
77,ys0_0_d,0.8138,0
77,ys1_1_d,0.8156,0
77,ts0_2,0.8167,0
77,bs0_2,0.8202,1
77,m10_4,0.8304,1
77,ys0_2_d,0.8624,0
77,p10_4,0.8910,0
77,bs0_1,0.8942,1
77,ys0_3_d,0.9350,1
77,ts1_4,1.0015,0
77,bs1_3,1.1072,0
77,ys1_3_d,1.2166,0
78,ys1_3,0.3740,0
78,ys0_1,0.3740,0
78,ys0_0,0.3740,0
78,ys0_2,0.3740,0
78,xs1_0_q,0.3813,0
78,xs0_2_q,0.3814,0
78,xs1_2_q,0.3815,0
78,xs0_0_q,0.3815,0
78,r_3_q,0.3912,0
78,r_2_q,0.3922,0
78,r_4_q,0.3927,0
78,xs1_4_q,0.3937,0
78,ys0_3,0.3958,1
78,ys0_4,0.3958,1
78,xs0_1_q,0.4119,0
78,xs0_4_q,0.4365,1
78,r_1_q,0.4439,1
78,r_0_q,0.4445,1
78,xs1_1_q,0.4755,1
78,p01_3,0.4990,0
78,p10_3,0.4990,0
78,p01_4,0.4996,0
78,p01_2,0.5011,0
78,p10_2,0.5272,1
78,p10_4,0.5275,1
78,as0_4,0.5382,0
78,as1_4,0.5387,0
78,bs0_1,0.5458,0
78,m01_1,0.5714,1
78,p10_1,0.5926,1
78,p01_0,0.5957,1
78,p10_0,0.5957,1
78,ts0_3,0.6026,0
78,ts1_3,0.6040,0
78,ts0_4,0.6045,0
78,p11_1,0.6082,1
78,ts0_2,0.6240,1
78,bs1_1,0.6407,1
78,ys0_1_d,0.6477,1
78,m10_4,0.6547,0
78,ts1_2,0.6685,1
78,bs1_4,0.6716,0
78,ts1_4,0.6816,1
78,bs1_1,0.6853,0
78,bs0_4,0.6854,0
78,p00_4,0.7070,1
78,bs0_2,0.7152,0
78,bs0_3,0.7385,1
78,ts0_0,0.7431,1
78,ts1_0,0.7439,1
78,bs1_2,0.7554,1
78,ys0_2_d,0.7612,1
78,ys1_0_d,0.7676,0
78,p10_4,0.7686,0
78,ys0_0_d,0.7731,1
78,bs0_1,0.7733,1
78,ys0_1_d,0.8308,0
78,ts0_4,0.8339,1
78,bs1_3,0.8407,1
78,ts1_4,0.8664,0
78,bs0_3,0.8925,0
78,bs0_4,0.8973,1
78,bs1_4,0.9133,1
78,bs1_3,0.9546,0
78,ys0_0_d,0.9599,0
78,ys0_3_d,1.0106,0
78,ys1_0_d,1.0276,1
78,ys1_3_d,1.0537,1
79,ys0_3,0.3740,0
79,r_1_q,0.3927,0
79,xs0_4_q,0.3929,0
79,ys1_3,0.3958,1
79,ys0_2,0.3958,1
79,ys1_2,0.3958,1
79,xs1_1_q,0.4097,0
79,xs1_0_q,0.4119,1
79,xs1_2_q,0.4144,1
79,r_2_q,0.4385,1
79,xs1_4_q,0.4455,1
79,xs0_1_q,0.4855,1
79,xs1_3_q,0.4868,1
79,p10_1,0.5014,0
79,p10_2,0.5113,0
79,as0_0,0.5244,0
79,p01_1,0.5271,1
79,p11_1,0.5293,0
79,bs1_1,0.5676,1
79,bs0_1,0.5752,0
79,p01_2,0.5754,1
79,p11_2,0.6188,1
79,m01_2,0.6192,1
79,m01_1,0.6212,0
79,as0_4,0.6279,1
79,ts1_2,0.6291,0
79,bs1_3,0.6460,1
79,p01_2,0.6508,0
79,p00_4,0.6551,0
79,ts0_1,0.6628,1
79,ts1_2,0.6698,1
79,ys1_1_d,0.6806,1
79,p00_0,0.6828,1
79,ys0_1_d,0.6897,1
79,ys1_3_d,0.7092,0
79,as0_2,0.7310,1
79,p01_1,0.7325,0
79,ts0_0,0.7420,0
79,ts0_4,0.7743,0
79,m10_3,0.7782,1
79,ts0_1,0.8279,0
79,m01_2,0.8734,0
79,p00_2,0.8736,0
79,bs0_3,0.9018,1
79,p10_3,0.9208,1
79,bs0_2,0.9448,1
79,bs0_0,0.9455,0
79,ys0_2_d,0.9853,0
79,p01_2,0.9965,1
79,ys0_1_d,1.0473,0
79,ys0_0_d,1.0540,1
79,ts1_3,1.0620,1
79,bs1_2,1.1501,0
79,ys1_3_d,1.2475,1
80,ys1_2,0.3740,0
80,ys0_2,0.3740,0
80,xs1_0_q,0.3813,0
80,r_2_q,0.3922,0
80,xs1_4_q,0.3935,0
80,ys0_0,0.3958,1
80,ys1_1,0.3958,1
80,xs1_3_q,0.4102,0
80,xs0_2_q,0.4132,1
80,r_3_q,0.4386,1
80,r_1_q,0.4442,1
80,r_4_q,0.4442,1
80,xs1_1_q,0.4792,1
80,p01_2,0.4992,0
80,as0_2,0.5041,0
80,p10_3,0.5111,0
80,p10_2,0.5144,1
80,m10_3,0.5330,0
80,bs1_3,0.5447,0
80,p11_2,0.5467,0
80,bs1_1,0.5697,0
80,p01_3,0.5879,1
80,p10_1,0.5923,1
80,p01_4,0.5944,1
80,p01_1,0.5959,1
80,p10_4,0.5960,1
80,p10_3,0.6020,1
80,as1_2,0.6040,0
80,ts0_2,0.6047,0
80,m01_0,0.6110,1
80,p11_1,0.6155,1
80,ys1_3_d,0.6543,0
80,bs0_2,0.6554,0
80,p00_2,0.6722,1
80,p01_0,0.6738,0
80,ys1_1_d,0.6914,0
80,ys0_2_d,0.7010,1
80,bs0_1,0.7340,1
80,p11_1,0.7341,0
80,ts0_4,0.7360,1
80,ts0_3,0.7368,1
80,m10_2,0.7405,0
80,ys0_3_d,0.7445,1
80,ts1_4,0.7490,1
80,ts0_1,0.7507,1
80,bs1_2,0.7891,1
80,ts0_0,0.7974,1
80,ts0_2,0.7987,1
80,bs0_3,0.8158,0
80,bs0_1,0.8389,0
80,ys0_1_d,0.8505,1
80,p10_2,0.8577,0
80,ts1_1,0.8734,1
80,bs0_4,0.8823,0
80,bs0_2,0.9043,1
80,bs1_3,0.9069,1
80,ys0_2_d,0.9454,0
80,bs0_0,0.9599,1
80,ts1_2,0.9630,0
80,bs1_1,1.0913,1
80,bs1_0,1.0915,1
80,ys1_0_d,1.1720,0
81,ys1_1,0.3740,0
81,ys1_3,0.3740,0
81,ys0_4,0.3740,0
81,ys1_0,0.3740,0
81,xs0_2_q,0.3814,0
81,xs1_2_q,0.3815,0
81,r_4_q,0.3912,0
81,r_0_q,0.3927,0
81,ys1_2,0.3958,1
81,ys0_3,0.3958,1
81,ys0_1,0.3958,1
81,xs0_3_q,0.4104,0
81,xs0_1_q,0.4116,0
81,xs1_0_q,0.4119,1
81,xs0_0_q,0.4133,1
81,r_2_q,0.4442,1
81,xs1_4_q,0.4455,1
81,xs1_3_q,0.4873,1
81,p10_4,0.4990,0
81,p01_4,0.4991,0
81,p10_0,0.4995,0
81,p01_0,0.5149,1
81,p00_2,0.5462,0
81,p00_0,0.5482,0
81,as0_4,0.5522,0
81,bs0_3,0.5718,1
81,p00_3,0.5721,1
81,bs0_1,0.5738,1
81,bs1_3,0.5741,0
81,p01_2,0.5789,1
81,p10_2,0.5960,1
81,ts1_4,0.6015,0
81,ts1_0,0.6031,0
81,ts0_4,0.6048,0
81,as1_2,0.6084,1
81,m01_2,0.6192,1
81,ys0_1_d,0.6379,0
81,ys0_3_d,0.6380,0
81,as0_0,0.6413,1
81,ts0_3,0.6429,0
81,p01_2,0.6513,0
81,p00_3,0.6584,0
81,bs1_3,0.6694,1
81,bs0_3,0.6931,0
81,ts0_3,0.7137,1
81,bs1_4,0.7144,0
81,bs0_4,0.7173,1
81,bs1_2,0.7208,0
81,ts1_2,0.7384,1
81,m01_1,0.7537,1
81,p11_1,0.7546,1
81,p11_2,0.7552,1
81,ts0_2,0.7640,0
81,bs0_0,0.7665,0
81,ts1_2,0.7741,0
81,m01_0,0.7828,0
81,ys0_3_d,0.7888,1
81,p00_4,0.7931,1
81,ys1_0_d,0.8027,1
81,p01_1,0.8142,0
81,ts1_1,0.8156,0
81,ys1_3_d,0.8166,1
81,bs0_1,0.8683,0
81,ys0_1_d,0.8737,1
81,p01_0,0.8986,0
81,ts0_1,0.9256,0
81,ts0_4,0.9352,1
81,bs1_0,0.9432,0
81,ys0_1_d,0.9593,0
81,ts0_0,1.0023,0
81,ys1_1_d,1.0361,1
81,ys1_0_d,1.0557,0
81,bs0_3,1.0885,1
81,bs0_0,1.1083,1
81,bs0_4,1.1106,0
81,ys0_3_d,1.1521,0
81,ys0_1_d,1.2239,1
82,ys0_3,0.3740,0
82,ys1_2,0.3740,0
82,ys1_4,0.3740,0
82,xs0_0_q,0.3815,0
82,r_3_q,0.3912,0
82,r_2_q,0.3927,0
82,r_1_q,0.3927,0
82,xs1_4_q,0.3943,0
82,ys1_1,0.3958,1
82,ys1_3,0.3958,1
82,xs0_2_q,0.4131,1
82,xs1_2_q,0.4132,1
82,xs0_4_q,0.4366,1
82,r_0_q,0.4442,1
82,p10_3,0.4990,0
82,p01_3,0.4990,0
82,p10_2,0.5014,0
82,p10_1,0.5015,0
82,as1_2,0.5022,0
82,p01_2,0.5271,1
82,p01_1,0.5274,1
82,p10_0,0.5953,1
82,p01_0,0.5961,1
82,ts0_3,0.6026,0
82,ts1_3,0.6052,0
82,as1_0,0.6130,1
82,ts1_2,0.6191,1
82,as1_4,0.6322,1
82,p11_2,0.6342,0
82,ts1_1,0.6353,1
82,as0_2,0.6456,1
82,p11_1,0.6478,0
82,m01_1,0.6481,0
82,ts0_1,0.6691,1
82,as0_4,0.6746,1
82,ts0_2,0.6811,1
82,bs1_1,0.6954,0
82,ts1_2,0.7330,0
82,ts1_1,0.7469,0
82,p11_0,0.7611,1
82,ts0_0,0.7617,1
82,p01_1,0.7622,0
82,bs0_0,0.7706,0
82,m10_4,0.7812,1
82,p11_3,0.7820,1
82,m01_3,0.7824,1
82,m01_2,0.7873,0
82,m10_1,0.7951,1
82,p00_1,0.7960,1
82,p11_4,0.8069,1
82,p00_4,0.8170,0
82,bs1_1,0.8182,1
82,m10_3,0.8265,1
82,p00_3,0.8268,1
82,bs0_1,0.8369,1
82,ys0_0_d,0.9023,0
82,bs1_4,0.9033,1
82,p01_2,0.9035,0
82,ts1_3,0.9258,1
82,bs1_0,0.9272,1
82,p10_4,0.9336,1
82,ts0_4,0.9340,0
82,p01_3,0.9357,1
82,p10_1,0.9363,1
82,p10_3,0.9560,1
82,ts1_3,0.9738,0
82,ys1_1_d,0.9938,0
82,ts0_2,1.0071,0
82,bs0_3,1.0396,0
82,ts1_1,1.0764,1
82,bs0_1,1.1112,0
82,ys0_3_d,1.1420,1
82,bs1_0,1.1520,0
82,ys0_1_d,1.2189,0
82,ys1_1_d,1.2575,1
82,ys1_0_d,1.2737,1
83,ys0_1,0.3740,0
83,ys0_0,0.3740,0
83,xs1_2_q,0.3814,0
83,xs0_2_q,0.3815,0
83,xs1_0_q,0.3815,0
83,xs0_4_q,0.3929,0
83,ys0_3,0.3958,1
83,ys1_4,0.3958,1
83,ys1_0,0.3958,1
83,xs1_1_q,0.4106,0
83,xs1_3_q,0.4106,0
83,r_3_q,0.4329,1
83,xs1_4_q,0.4379,1
83,r_1_q,0.4383,1
83,r_4_q,0.4386,1
83,r_2_q,0.4442,1
83,xs0_1_q,0.4774,1
83,xs0_3_q,0.4777,1
83,p10_3,0.5036,0
83,p01_3,0.5044,0
83,p10_1,0.5101,0
83,p10_4,0.5133,0
83,as0_0,0.5248,0
83,p11_3,0.5310,0
83,m10_3,0.5310,0
83,m10_1,0.5332,0
83,bs1_3,0.5437,0
83,bs1_1,0.5452,0
83,p11_0,0.5462,0
83,p01_1,0.5757,1
83,p01_4,0.5874,1
83,p10_2,0.5943,1
83,p01_2,0.5960,1
83,p10_1,0.6046,1
83,p10_3,0.6062,1
83,m10_0,0.6121,1
83,m01_3,0.6133,0
83,p00_3,0.6133,0
83,p00_1,0.6134,0
83,ts0_3,0.6290,1
83,bs0_1,0.6372,1
83,bs0_3,0.6386,1
83,ts1_4,0.6444,1
83,ys1_3_d,0.6524,0
83,m10_4,0.6542,0
83,ys1_1_d,0.6545,0
83,ts1_3,0.6658,1
83,p10_0,0.6767,0
83,ts1_0,0.6820,1
83,p00_0,0.6826,1
83,ts0_4,0.7276,1
83,p01_3,0.7336,1
83,ts0_3,0.7365,0
83,ts0_2,0.7365,1
83,bs0_2,0.7411,0
83,ts0_0,0.7456,0
83,ts1_2,0.7471,1
83,ys0_3_d,0.7525,0
83,bs0_0,0.7549,1
83,ts1_0,0.7641,0
83,ts0_3,0.7753,1
83,bs0_3,0.7804,0
83,p10_4,0.7828,1
83,bs0_1,0.7927,0
83,bs1_3,0.7930,1
83,ys0_3_d,0.8233,1
83,bs1_2,0.8450,1
83,ts1_4,0.8525,0
83,ys0_2_d,0.8615,1
83,ys0_1_d,0.8847,1
83,ys0_0_d,0.8934,1
83,bs1_1,0.9003,1
83,ys0_3_d,0.9009,0
83,bs0_4,0.9115,1
83,ys0_0_d,0.9155,0
83,bs1_3,0.9581,0
83,ys1_1_d,1.0111,1
83,ys1_3_d,1.0540,1
84,ys0_3,0.3740,0
84,r_2_q,0.3912,0
84,r_1_q,0.3912,0
84,r_3_q,0.3912,0
84,r_4_q,0.3912,0
84,xs1_4_q,0.3932,0
84,ys0_1,0.3958,1
84,ys1_2,0.3958,1
84,ys0_4,0.3958,1
84,ys0_2,0.3958,1
84,xs0_3_q,0.4106,0
84,xs0_0_q,0.4121,1
84,xs1_2_q,0.4131,1
84,xs0_2_q,0.4132,1
84,xs1_0_q,0.4148,1
84,xs0_4_q,0.4498,1
84,xs1_3_q,0.4765,1
84,p10_2,0.4990,0
84,p10_1,0.4990,0
84,p01_1,0.4990,0
84,p01_2,0.4990,0
84,p10_3,0.4990,0
84,p01_3,0.4990,0
84,p01_4,0.4991,0
84,p10_4,0.5003,0
84,as0_2,0.5039,0
84,m01_3,0.5684,1
84,p00_3,0.5690,1
84,bs0_3,0.5695,1
84,ts1_3,0.6017,0
84,ts1_2,0.6026,0
84,ts0_1,0.6026,0
84,ts1_1,0.6040,0
84,ts0_2,0.6040,0
84,ts0_4,0.6047,0
84,p11_3,0.6080,1
84,m10_3,0.6093,1
84,ts1_4,0.6356,1
84,as1_2,0.6421,1
84,m01_2,0.6761,1
84,bs0_3,0.6929,0
84,p01_3,0.6994,1
84,bs1_1,0.7083,0
84,ts1_3,0.7108,1
84,bs0_2,0.7177,1
84,bs0_0,0.7215,0
84,ys0_3_d,0.7357,1
84,bs0_1,0.7375,1
84,p10_3,0.7438,1
84,ys0_2_d,0.7568,0
84,ts1_3,0.7676,0
84,ts0_3,0.7772,0
84,bs1_0,0.7827,1
84,p11_2,0.7878,1
84,p01_2,0.8184,1
84,ys0_0_d,0.8296,1
84,ys1_0_d,0.8571,0
84,bs0_2,0.8855,0
84,ts1_2,0.9302,1
84,ys0_2_d,0.9336,1
84,ts0_2,0.9594,1
84,ys0_3_d,0.9845,0
84,bs0_1,1.0371,0
84,bs1_1,1.0830,1
84,ys1_1_d,1.1466,0
84,ys0_1_d,1.1543,0
85,ys0_1,0.3740,0
85,ys1_0,0.3740,0
85,ys1_1,0.3740,0
85,xs1_2_q,0.3815,0
85,xs0_2_q,0.3815,0
85,ys0_0,0.3958,1
85,xs1_3_q,0.4102,0
85,r_2_q,0.4386,1
85,r_4_q,0.4445,1
85,r_1_q,0.4445,1
85,xs0_3_q,0.4803,1
85,p01_2,0.5108,0
85,as1_2,0.5190,0
85,m10_3,0.5324,0
85,p11_3,0.5324,0
85,m01_2,0.5454,0
85,p11_2,0.5466,0
85,as1_4,0.5515,0
85,bs1_3,0.5708,1
85,p10_2,0.5738,1
85,p10_4,0.5830,1
85,p01_4,0.5959,1
85,p01_1,0.5960,1
85,p10_1,0.5960,1
85,m01_3,0.6086,0
85,as0_4,0.6089,0
85,as0_2,0.6122,1
85,p00_2,0.6135,1
85,p00_3,0.6165,0
85,ys1_3_d,0.6358,0
85,bs0_3,0.6417,1
85,p01_2,0.6478,1
85,p10_3,0.6516,0
85,ts1_3,0.6610,1
85,p11_4,0.6677,0
85,ts1_4,0.6721,0
85,bs1_4,0.6866,0
85,ts1_4,0.6964,1
85,ts0_2,0.7101,0
85,p01_3,0.7270,0
85,ts1_3,0.7287,0
85,ts0_4,0.7364,1
85,ts1_1,0.7380,1
85,p00_2,0.7414,0
85,ts0_1,0.7505,1
85,ys0_3_d,0.7529,1
85,bs0_4,0.7599,0
85,ys1_0_d,0.7748,1
85,m01_4,0.7816,1
85,bs0_3,0.7905,0
85,ts0_2,0.8234,1
85,bs1_2,0.8350,0
85,p01_4,0.8407,0
85,bs1_0,0.8408,0
85,ys0_0_d,0.8572,0
85,bs0_2,0.8977,1
85,ys1_3_d,0.9215,1
85,ys0_2_d,0.9385,0
85,ys1_1_d,0.9470,1
85,ts0_4,0.9474,0
85,ys1_0_d,0.9623,0
85,bs0_0,0.9655,1
85,bs0_3,1.0737,1
85,ys0_1_d,1.0824,1
85,ys0_0_d,1.0842,1
85,ys0_3_d,1.1367,0
86,ys0_4,0.3740,0
86,ys1_2,0.3740,0
86,ys0_2,0.3740,0
86,ys1_4,0.3740,0
86,xs0_0_q,0.3813,0
86,xs1_0_q,0.3815,0
86,r_2_q,0.3912,0
86,r_1_q,0.3912,0
86,r_0_q,0.3927,0
86,r_4_q,0.3927,0
86,xs0_4_q,0.3937,0
86,ys0_1,0.3958,1
86,ys1_1,0.3958,1
86,xs0_1_q,0.4106,0
86,xs1_2_q,0.4124,1
86,xs0_2_q,0.4144,1
86,xs1_4_q,0.4365,1
86,xs1_1_q,0.4892,1
86,p10_2,0.4990,0
86,p01_1,0.4990,0
86,p10_1,0.4990,0
86,p01_2,0.4991,0
86,p10_4,0.4995,0
86,p01_0,0.5015,0
86,p01_4,0.5273,1
86,p10_0,0.5277,1
86,m10_0,0.5441,0
86,p00_0,0.5442,0
86,p00_1,0.5687,1
86,bs0_1,0.5702,1
86,bs1_1,0.5756,0
86,ts1_2,0.6015,0
86,ts1_4,0.6031,0
86,ts1_1,0.6040,0
86,ts0_2,0.6047,0
86,m10_1,0.6206,1
86,m01_0,0.6212,1
86,p11_0,0.6228,1
86,as0_4,0.6319,1
86,ys0_1_d,0.6365,0
86,p10_0,0.6440,0
86,bs1_1,0.6652,1
86,as1_4,0.6687,1
86,ts0_4,0.6688,1
86,bs0_1,0.6933,0
86,bs1_3,0.7088,0
86,bs0_3,0.7483,0
86,ts1_0,0.7504,1
86,p01_0,0.7574,1
86,p10_1,0.7606,1
86,m01_4,0.7736,0
86,bs1_0,0.7859,1
86,ys0_1_d,0.7898,1
86,bs0_4,0.8072,1
86,p11_4,0.8147,1
86,ys1_3_d,0.8173,0
86,ys0_3_d,0.8612,1
86,ys1_1_d,0.8617,0
86,ys0_0_d,0.8760,0
86,p01_4,0.8896,0
86,ts0_0,0.8971,1
86,ts1_1,0.8998,1
86,ys1_0_d,0.9060,1
86,bs0_4,0.9493,0
86,ts1_4,0.9575,1
86,bs1_0,0.9618,0
86,ts0_4,0.9936,0
86,ys0_0_d,1.0472,1
86,ys1_1_d,1.0686,1
86,ys1_0_d,1.0871,0
86,bs1_3,1.1104,1
86,bs0_3,1.1211,1
86,ys0_3_d,1.1839,0
86,ys1_3_d,1.2217,1
87,xs0_2_q,0.3815,0
87,xs1_4_q,0.3929,0
87,xs0_3_q,0.4104,0
87,xs1_3_q,0.4768,1
87,as0_2,0.5198,0
87,as1_0,0.5236,0
87,bs0_3,0.5446,0
87,as0_4,0.5526,0
87,bs1_3,0.5633,0
87,m01_3,0.5699,1
87,p00_3,0.5718,1
87,p11_3,0.6089,1
87,p11_0,0.6398,0
87,ys0_3_d,0.6492,1
87,p00_1,0.6495,0
87,m10_1,0.6495,0
87,p11_4,0.6526,0
87,bs0_2,0.6574,0
87,p00_3,0.6581,0
87,m01_2,0.6774,1
87,ys1_3_d,0.6812,0
87,ys0_2_d,0.7034,1
87,p01_3,0.7079,1
87,ts0_3,0.7159,1
87,bs0_4,0.7188,1
87,bs1_0,0.7328,1
87,ys0_3_d,0.7414,0
87,ts1_3,0.7506,1
87,ts1_0,0.7584,0
87,ts0_1,0.7666,0
87,p10_1,0.7666,0
87,ts1_4,0.7709,0
87,ys0_0_d,0.7880,0
87,ys1_1_d,0.8085,0
87,p01_2,0.8200,1
87,ys1_0_d,0.8532,1
87,ts1_1,0.8709,0
87,bs0_0,0.8851,0
87,bs0_2,0.8955,1
87,bs1_3,0.8963,1
87,bs1_4,0.9139,1
87,bs1_2,0.9276,1
87,ys0_2_d,0.9377,0
87,ys1_0_d,0.9514,0
87,ts0_2,0.9736,1
87,bs1_0,0.9797,0
87,ys0_1_d,0.9871,0
87,ys0_0_d,0.9894,1
87,ys0_3_d,1.0101,1
87,ys1_0_d,1.0447,1
87,ys1_1_d,1.0706,1
87,bs0_1,1.1256,1
87,ys0_1_d,1.2372,1
88,ys1_3,0.3740,0
88,xs1_2_q,0.3813,0
88,ys0_4,0.3958,1
88,ys1_2,0.3958,1
88,ys1_4,0.3958,1
88,ys1_0,0.3958,1
88,ys0_3,0.3958,1
88,xs1_3_q,0.4094,0
88,xs1_1_q,0.4097,0
88,xs0_0_q,0.4119,1
88,r_0_q,0.4383,1
88,xs0_4_q,0.4472,1
88,xs0_1_q,0.4863,1
88,p01_0,0.5099,0
88,p11_3,0.5312,0
88,bs1_3,0.5430,0
88,bs1_1,0.5440,0
88,m01_2,0.5442,0
88,m01_0,0.5450,0
88,as1_4,0.5492,0
88,bs0_1,0.5772,0
88,p10_0,0.5873,1
88,p00_0,0.6212,1
88,ys1_3_d,0.6457,1
88,p01_0,0.6479,1
88,ts1_3,0.6484,0
88,ys1_1_d,0.6527,0
88,p01_2,0.6614,0
88,m01_3,0.6779,0
88,bs1_4,0.6811,0
88,as0_4,0.6886,1
88,ys0_1_d,0.6956,0
88,ts0_0,0.6996,0
88,as0_2,0.7316,1
88,ts1_0,0.7341,1
88,bs1_2,0.7594,0
88,ts0_2,0.7660,0
88,ys1_0_d,0.7780,0
88,p01_3,0.7952,0
88,p00_3,0.8404,1
88,bs0_2,0.8502,0
88,ys1_3_d,0.8550,0
88,bs0_1,0.8929,1
88,bs1_4,0.8994,1
88,ys0_2_d,0.9132,1
88,ys0_3_d,0.9658,0
88,ys0_1_d,1.0035,1
88,ys1_0_d,1.0132,1
89,ys0_3,0.3740,0
89,ys1_2,0.3740,0
89,ys1_1,0.3740,0
89,xs0_0_q,0.3813,0
89,r_0_q,0.3912,0
89,xs0_4_q,0.3937,0
89,ys0_2,0.3958,1
89,xs0_1_q,0.4104,0
89,xs1_4_q,0.4437,1
89,r_3_q,0.4439,1
89,r_2_q,0.4442,1
89,r_1_q,0.4442,1
89,r_4_q,0.4442,1
89,xs1_1_q,0.4842,1
89,xs1_3_q,0.4881,1
89,p10_0,0.4990,0
89,p01_0,0.5009,0
89,as0_4,0.5399,0
89,bs0_1,0.5445,0
89,p00_0,0.5459,0
89,as0_2,0.5527,0
89,p00_1,0.5705,1
89,p01_3,0.5828,1
89,p10_3,0.5942,1
89,p10_4,0.5944,1
89,p10_2,0.5952,1
89,p10_1,0.5955,1
89,p01_4,0.5961,1
89,p01_2,0.5961,1
89,p01_1,0.5963,1
89,ts1_0,0.6026,0
89,m01_0,0.6186,1
89,bs1_1,0.6442,1
89,bs1_3,0.6473,1
89,ys0_1_d,0.6530,0
89,p00_1,0.6585,0
89,p00_3,0.6699,0
89,ts0_3,0.6705,0
89,as1_0,0.6766,1
89,ts0_3,0.7023,1
89,m01_2,0.7085,1
89,bs1_4,0.7121,0
89,bs0_4,0.7216,0
89,as1_2,0.7235,1
89,ts1_4,0.7347,1
89,ts1_2,0.7357,1
89,bs0_2,0.7483,1
89,ts0_4,0.7499,1
89,ts0_2,0.7506,1
89,ts1_3,0.7531,1
89,ys1_1_d,0.7543,1
89,p01_0,0.7549,1
89,ys1_3_d,0.7593,1
89,p01_2,0.7601,0
89,ts1_1,0.7613,1
89,bs1_3,0.7855,0
89,bs1_1,0.7886,0
89,ts0_1,0.7905,1
89,ys0_2_d,0.7909,0
89,ys1_0_d,0.8085,0
89,ys0_0_d,0.8186,0
89,p11_0,0.8256,1
89,m01_4,0.8273,1
89,ts0_2,0.8515,0
89,ys0_3_d,0.8720,1
89,p11_2,0.8726,1
89,p11_1,0.8735,1
89,m01_1,0.8740,1
89,p01_4,0.8877,0
89,ys1_3_d,0.8989,0
89,ys1_1_d,0.9031,0
89,bs0_3,0.9060,1
89,ts0_0,0.9067,1
89,ts1_1,0.9257,0
89,ys0_3_d,0.9258,0
89,ts1_2,0.9271,0
89,p01_1,0.9351,0
89,ts1_0,0.9685,1
89,ts0_4,0.9970,0
89,bs0_0,1.0050,1
89,ts0_1,1.0445,0
89,bs1_1,1.0559,1
89,bs0_4,1.0933,1
89,bs0_3,1.0960,0
89,ys0_1_d,1.1233,1
89,bs1_0,1.1261,1
89,bs0_0,1.1355,0
89,bs1_4,1.1475,1
89,ys0_3_d,1.1960,1
89,ys0_1_d,1.2280,0
89,ys0_0_d,1.2299,1
90,ys0_2,0.3740,0
90,ys1_0,0.3740,0
90,ys0_1,0.3740,0
90,r_4_q,0.3927,0
90,r_1_q,0.3927,0
90,xs1_4_q,0.3927,0
90,ys0_3,0.3958,1
90,xs1_3_q,0.4092,0
90,xs1_1_q,0.4097,0
90,xs0_2_q,0.4126,1
90,xs1_2_q,0.4144,1
90,r_0_q,0.4386,1
90,xs0_3_q,0.4865,1
90,xs0_1_q,0.4916,1
90,p10_4,0.4996,0
90,p10_1,0.5014,0
90,p01_0,0.5108,0
90,as1_0,0.5235,0
90,p01_1,0.5273,1
90,p01_4,0.5277,1
90,p11_1,0.5295,0
90,m01_0,0.5425,0
90,bs1_1,0.5426,0
90,p11_0,0.5440,0
90,m01_2,0.5448,0
90,p11_2,0.5448,0
90,bs1_3,0.5699,1
90,p10_0,0.5734,1
90,ts1_4,0.6052,0
90,m10_2,0.6233,1
90,p00_2,0.6234,1
90,p00_0,0.6253,1
90,m01_1,0.6269,0
90,p01_0,0.6312,1
90,ys1_1_d,0.6453,1
90,m01_4,0.6523,0
90,bs0_1,0.6524,1
90,ts0_4,0.6715,1
90,ts0_1,0.6809,1
90,ys1_3_d,0.6831,1
90,p10_2,0.6873,0
90,ts1_2,0.6890,1
90,bs1_0,0.6921,0
90,bs1_3,0.6935,0
90,p01_2,0.7002,1
90,ts0_0,0.7062,0
90,as0_4,0.7357,1
90,p01_1,0.7388,0
90,ys0_1_d,0.7619,1
90,p01_4,0.7662,0
90,ts1_2,0.7749,0
90,ys1_1_d,0.7862,0
90,ys1_3_d,0.7899,0
90,ys1_0_d,0.8014,1
90,ts0_1,0.8321,0
90,ts0_4,0.8650,0
90,bs0_3,0.9926,1
90,ys0_3_d,1.0555,0
91,ys0_3,0.3740,0
91,r_2_q,0.3927,0
91,ys0_1,0.3958,1
91,ys1_0,0.3958,1
91,xs1_0_q,0.4121,1
91,xs0_0_q,0.4131,1
91,r_1_q,0.4442,1
91,r_4_q,0.4442,1
91,xs1_4_q,0.4478,1
91,p01_2,0.5013,0
91,p10_2,0.5271,1
91,p10_1,0.5943,1
91,p10_4,0.5952,1
91,p01_1,0.5959,1
91,p01_4,0.5960,1
91,ts0_2,0.6191,1
91,as0_0,0.6423,1
91,ts1_2,0.6806,1
91,as1_4,0.6840,1
91,bs0_1,0.6980,0
91,ts0_4,0.7380,1
91,ts1_1,0.7480,1
91,ts1_4,0.7494,1
91,ts0_1,0.7591,1
91,p00_0,0.7844,0
91,bs1_4,0.7915,0
91,bs0_3,0.8176,0
91,ys0_1_d,0.8265,0
91,bs1_1,0.8337,1
91,m10_4,0.8458,1
91,bs1_3,0.9030,1
91,p10_4,0.9064,0
91,ys1_0_d,0.9119,0
91,ts0_0,0.9172,1
91,ys0_3_d,0.9305,1
91,bs1_0,0.9747,1
91,bs0_4,1.0034,0
91,ys1_3_d,1.0137,1
91,ts1_4,1.0164,0
91,ys1_0_d,1.0800,1
91,ys0_0_d,1.1128,0
91,bs1_3,1.1171,0
91,ys1_3_d,1.2235,0
92,ys0_1,0.3740,0
92,ys1_4,0.3740,0
92,ys0_4,0.3740,0
92,ys0_0,0.3740,0
92,xs1_0_q,0.3813,0
92,xs0_0_q,0.3815,0
92,r_0_q,0.3912,0
92,r_3_q,0.3912,0
92,r_4_q,0.3927,0
92,xs1_4_q,0.3937,0
92,ys0_3,0.3958,1
92,xs0_3_q,0.4106,0
92,xs0_1_q,0.4116,0
92,xs0_4_q,0.4379,1
92,r_2_q,0.4386,1
92,xs1_3_q,0.4772,1
92,xs1_1_q,0.4786,1
92,p10_0,0.4990,0
92,p01_0,0.4990,0
92,p10_3,0.4990,0
92,p01_3,0.4990,0
92,p01_4,0.4996,0
92,p10_2,0.5107,0
92,p10_4,0.5278,1
92,p00_2,0.5445,0
92,m10_2,0.5449,0
92,bs1_1,0.5645,0
92,m01_3,0.5683,1
92,p00_3,0.5689,1
92,bs0_3,0.5704,1
92,m01_1,0.5709,1
92,bs0_1,0.5718,1
92,p01_2,0.5725,1
92,as1_2,0.5982,0
92,ts1_3,0.6030,0
92,ts0_0,0.6040,0
92,ts1_0,0.6045,0
92,ts0_4,0.6052,0
92,p11_3,0.6095,1
92,m01_2,0.6100,1
92,m10_3,0.6107,1
92,p11_1,0.6163,1
92,p11_2,0.6191,1
92,p01_1,0.6311,0
92,ys0_3_d,0.6366,0
92,p01_2,0.6412,0
92,bs1_3,0.6441,1
92,as0_2,0.6445,1
92,p10_2,0.6457,1
92,ts1_4,0.6692,1
92,ys1_1_d,0.6764,1
92,ys0_1_d,0.6829,1
92,ts1_1,0.6830,0
92,bs1_3,0.6838,0
92,bs0_3,0.6938,0
92,p01_3,0.6998,1
92,ts1_3,0.7009,1
92,p11_2,0.7099,0
92,ts1_2,0.7249,0
92,p11_1,0.7250,0
92,ts1_2,0.7295,1
92,m01_1,0.7427,0
92,ts0_1,0.7431,0
92,bs1_4,0.7445,1
92,p10_3,0.7452,1
92,ts0_2,0.7540,0
92,bs0_4,0.7569,1
92,ts0_3,0.7714,0
92,ts1_3,0.7778,0
92,m01_2,0.7819,0
92,ys0_3_d,0.7890,1
92,p00_1,0.7925,1
92,m10_1,0.7948,1
92,ys1_0_d,0.8142,0
92,bs1_2,0.8201,1
92,ts1_1,0.8333,1
92,bs1_0,0.8441,0
92,p10_1,0.8575,0
92,bs0_1,0.8584,0
92,bs1_2,0.8603,0
92,bs1_0,0.8834,1
92,ys0_0_d,0.8913,1
92,p01_1,0.8923,1
92,p01_2,0.9218,1
92,bs0_0,0.9355,1
92,ys0_0_d,0.9483,0
92,ts1_1,0.9517,0
92,bs1_0,1.0529,0
92,ts0_2,1.0756,1
92,ys1_1_d,1.1562,0
92,ys1_0_d,1.1606,1
92,bs0_1,1.2288,1
92,ys0_1_d,1.2923,0
93,xs0_2_q,0.3815,0
93,xs1_2_q,0.3815,0
93,r_1_q,0.3927,0
93,ys0_4,0.3958,1
93,ys1_4,0.3958,1
93,xs1_0_q,0.4130,1
93,xs0_0_q,0.4132,1
93,r_4_q,0.4386,1
93,r_0_q,0.4445,1
93,p01_1,0.5011,0
93,as0_0,0.5041,0
93,p10_4,0.5112,0
93,as0_2,0.5199,0
93,p10_1,0.5271,1
93,p01_4,0.5883,1
93,p10_0,0.5960,1
93,p01_0,0.5961,1
93,as1_2,0.6097,1
93,ts0_1,0.6124,1
93,ts1_4,0.6249,0
93,as1_0,0.6382,1
93,p00_1,0.6494,0
93,m10_1,0.6497,0
93,m10_4,0.6521,0
93,bs0_2,0.6571,0
93,m01_0,0.6721,1
93,m01_2,0.6744,1
93,ts1_1,0.6879,1
93,ys0_2_d,0.7042,1
93,p01_0,0.7142,0
93,p01_2,0.7348,0
93,ts1_0,0.7372,1
93,ts0_0,0.7384,1
93,ts0_4,0.7423,1
93,bs1_3,0.7528,1
93,ts0_1,0.7534,0
93,ys0_3_d,0.7558,0
93,p11_2,0.7575,1
93,p11_1,0.7583,1
93,m01_1,0.7588,1
93,p10_1,0.7634,0
93,p11_0,0.7854,1
93,p11_4,0.7866,1
93,p10_4,0.7912,1
93,ts0_0,0.7955,0
93,bs1_2,0.8077,1
93,ts1_0,0.8189,0
93,ts1_2,0.8207,0
93,ts0_2,0.8453,0
93,bs0_0,0.8738,0
93,bs0_3,0.8943,1
93,p01_1,0.8980,1
93,bs0_1,0.9509,0
93,bs1_1,0.9575,1
93,ys0_1_d,0.9665,1
93,ys0_0_d,0.9798,1
93,ys0_3_d,1.0059,1
93,ys0_1_d,1.0388,0
93,ts0_1,1.0505,1
93,ys1_1_d,1.0682,1
93,bs0_0,1.2638,1
93,ys0_0_d,1.3416,0
93,ys0_1_d,1.3801,1
94,xs0_0_q,0.3813,0
94,r_4_q,0.3912,0
94,xs0_4_q,0.3937,0
94,ys0_1,0.3958,1
94,ys0_2,0.3958,1
94,ys1_1,0.3958,1
94,ys1_2,0.3958,1
94,xs1_1_q,0.4094,0
94,xs1_3_q,0.4106,0
94,r_3_q,0.4328,1
94,xs1_4_q,0.4402,1
94,xs0_1_q,0.4866,1
94,p01_4,0.4990,0
94,p10_4,0.5009,0
94,p10_3,0.5036,0
94,p01_3,0.5041,0
94,p11_3,0.5310,0
94,p11_1,0.5312,0
94,m10_3,0.5314,0
94,as0_4,0.5401,0
94,bs1_3,0.5429,0
94,bs1_1,0.5438,0
94,as1_0,0.5438,0
94,m01_2,0.5441,0
94,m01_0,0.5442,0
94,p11_2,0.5448,0
94,p11_0,0.5454,0
94,as1_2,0.5511,0
94,ts0_4,0.6026,0
94,p10_3,0.6070,1
94,m01_1,0.6133,0
94,p00_0,0.6238,1
94,ts1_4,0.6241,1
94,ts0_3,0.6402,1
94,ys1_3_d,0.6444,1
94,bs0_1,0.6493,1
94,ts1_3,0.6501,1
94,ts1_1,0.6507,0
94,ys1_1_d,0.6580,0
94,p00_3,0.6697,0
94,bs0_4,0.6759,0
94,ts1_0,0.6784,1
94,ts1_2,0.6864,1
94,p01_2,0.6901,1
94,p11_4,0.6912,0
94,p01_0,0.6992,1
94,bs0_3,0.7083,0
94,ys0_1_d,0.7124,0
94,p01_1,0.7283,0
94,as0_2,0.7363,1
94,ys0_0_d,0.7639,1
94,bs1_4,0.7642,0
94,ts0_3,0.7728,0
94,bs1_3,0.7742,1
94,ts1_4,0.7997,0
94,ys0_3_d,0.8226,0
94,ts0_2,0.8311,1
94,ts0_1,0.8318,0
94,ys1_3_d,0.8335,0
94,bs1_1,0.8396,1
94,ys1_0_d,0.8742,0
94,bs1_3,0.8871,0
94,bs0_1,0.9054,0
94,bs0_2,0.9173,1
94,ys1_1_d,0.9499,1
94,bs0_0,0.9511,0
94,ys0_2_d,0.9592,0
94,ys1_3_d,0.9825,1
94,ys0_3_d,1.0294,1
94,ys0_0_d,1.0656,0
95,ys0_1,0.3740,0
95,ys0_2,0.3740,0
95,ys1_4,0.3740,0
95,ys0_4,0.3740,0
95,ys1_0,0.3740,0
95,xs1_0_q,0.3815,0
95,r_0_q,0.3912,0
95,r_2_q,0.3912,0
95,ys1_3,0.3958,1
95,xs0_1_q,0.4106,0
95,xs1_2_q,0.4125,1
95,xs0_0_q,0.4130,1
95,xs0_2_q,0.4144,1
95,r_4_q,0.4445,1
95,xs1_3_q,0.4788,1
95,xs1_1_q,0.4900,1
95,p10_2,0.4990,0
95,p10_0,0.4990,0
95,p01_2,0.4991,0
95,p01_0,0.5008,0
95,p00_0,0.5441,0
95,p00_1,0.5691,1
95,bs0_1,0.5694,1
95,bs1_1,0.5763,0
95,p10_4,0.5951,1
95,p01_4,0.5960,1
95,as1_4,0.5987,0
95,ts1_2,0.6015,0
95,ts1_0,0.6036,0
95,ts0_2,0.6047,0
95,as1_0,0.6110,1
95,p11_3,0.6186,1
95,m01_0,0.6214,1
95,m10_1,0.6214,1
95,bs1_3,0.6379,1
95,as0_0,0.6436,1
95,bs1_1,0.6646,1
95,ys0_1_d,0.6830,1
95,ts1_3,0.6866,0
95,bs0_1,0.6929,0
95,ys1_3_d,0.7010,0
95,p11_3,0.7216,0
95,ts0_1,0.7218,1
95,ts1_4,0.7353,1
95,m01_3,0.7486,0
95,ts0_4,0.7494,1
95,p01_0,0.7575,1
95,m01_4,0.7590,1
95,p11_0,0.7609,1
95,p10_1,0.7621,1
95,m01_0,0.7798,0
95,bs1_3,0.7917,0
95,ys0_1_d,0.7923,0
95,p00_4,0.7953,1
95,ts1_3,0.8142,1
95,p01_4,0.8162,0
95,bs1_0,0.8381,1
95,p01_0,0.8811,0
95,p01_3,0.8942,1
95,ts1_0,0.9015,1
95,ts1_1,0.9023,1
95,ys1_3_d,0.9036,1
95,bs0_3,0.9075,1
95,ts0_0,0.9117,1
95,bs1_0,0.9397,0
95,ys1_1_d,0.9436,0
95,ts0_0,0.9481,0
95,ys0_3_d,0.9711,0
95,ys1_0_d,0.9806,1
95,ys1_1_d,0.9867,1
95,ts0_3,1.0363,1
95,bs1_4,1.0571,1
95,bs0_2,1.1256,0
95,ys0_2_d,1.1840,1
95,ys0_3_d,1.2243,1
96,xs1_4_q,0.3932,0
96,ys1_0,0.3958,1
96,ys1_4,0.3958,1
96,ys0_2,0.3958,1
96,xs1_0_q,0.4148,1
96,r_1_q,0.4384,1
96,xs0_4_q,0.4386,1
96,r_0_q,0.4442,1
96,r_2_q,0.4445,1
96,p10_1,0.5104,0
96,as0_0,0.5445,0
96,p01_1,0.5761,1
96,p10_0,0.5827,1
96,p01_0,0.5957,1
96,p10_2,0.5959,1
96,p01_2,0.5960,1
96,ts1_1,0.6239,0
96,as1_4,0.6294,1
96,ts0_1,0.6569,0
96,ts1_0,0.6576,0
96,as0_4,0.6737,1
96,p00_4,0.6939,0
96,m01_0,0.7140,1
96,ts1_2,0.7379,1
96,ts0_2,0.7503,1
96,ts0_0,0.7616,1
96,p01_0,0.7669,0
96,p11_4,0.7766,1
96,p11_3,0.7773,1
96,m01_3,0.7777,1
96,bs1_0,0.8083,1
96,ts0_4,0.8126,0
96,m01_4,0.8162,0
96,bs1_1,0.8179,0
96,m10_3,0.8258,1
96,p00_3,0.8267,1
96,ts1_3,0.8376,0
96,p01_3,0.8381,0
96,ts1_4,0.8393,0
96,ts0_0,0.8586,0
96,ys1_0_d,0.8801,0
96,p10_3,0.8848,0
96,bs0_1,0.9032,1
96,bs0_3,0.9184,0
96,p01_4,0.9573,1
96,bs1_2,0.9614,0
96,bs1_3,0.9792,1
96,ts1_3,0.9933,1
96,bs0_4,1.0062,1
96,ys0_1_d,1.0143,1
96,ys0_3_d,1.0276,0
96,ts0_4,1.1106,1
96,ys0_0_d,1.1201,1
96,bs1_2,1.1387,1
96,ys1_3_d,1.2076,0
96,bs0_3,1.2635,1
96,ys0_3_d,1.3743,1
97,ys1_0,0.3740,0
97,ys1_3,0.3740,0
97,xs1_2_q,0.3814,0
97,xs0_0_q,0.3815,0
97,xs1_0_q,0.3815,0
97,r_2_q,0.3912,0
97,r_4_q,0.3912,0
97,r_0_q,0.3927,0
97,ys0_1,0.3958,1
97,ys0_4,0.3958,1
97,ys0_0,0.3958,1
97,xs1_3_q,0.4106,0
97,xs1_4_q,0.4379,1
97,p01_2,0.4990,0
97,p01_4,0.4990,0
97,p10_2,0.4990,0
97,p10_0,0.5009,0
97,p10_4,0.5009,0
97,p01_0,0.5271,1
97,p11_3,0.5310,0
97,m10_3,0.5310,0
97,bs1_3,0.5429,0
97,ts0_2,0.6026,0
97,ts0_4,0.6026,0
97,ts1_2,0.6040,0
97,as1_2,0.6082,1
97,as0_0,0.6124,1
97,ts1_0,0.6183,1
97,ts1_4,0.6241,1
97,ys1_3_d,0.6459,1
97,p10_3,0.6566,1
97,ts0_0,0.6686,1
97,bs1_4,0.7057,0
97,bs0_3,0.7082,0
97,bs0_1,0.7082,0
97,bs1_2,0.7292,0
97,bs1_1,0.7339,1
97,p11_1,0.7540,1
97,m01_1,0.7543,1
97,bs0_4,0.7545,0
97,m01_0,0.7548,0
97,m10_4,0.7644,1
97,bs1_3,0.7758,1
97,ys1_1_d,0.7971,0
97,ys1_0_d,0.8045,1
97,p01_1,0.8166,0
97,ys0_3_d,0.8174,0
97,bs0_0,0.8317,1
97,p01_0,0.8708,0
97,ts1_1,0.8836,1
97,p10_4,0.8949,1
97,ts0_1,0.9385,1
97,ts1_4,0.9710,0
97,ts0_0,0.9745,0
97,bs1_0,0.9826,0
97,bs0_0,1.0039,0
97,ys1_1_d,1.0860,1
97,bs1_3,1.0861,0
97,bs0_4,1.1078,1
97,ys1_0_d,1.1090,0
97,ys0_1_d,1.1252,0
97,ys1_3_d,1.1942,0
98,ys0_1,0.3740,0
98,ys1_4,0.3740,0
98,ys1_2,0.3740,0
98,ys0_3,0.3740,0
98,xs1_4_q,0.3929,0
98,xs1_2_q,0.4132,1
98,xs1_3_q,0.4771,1
98,as1_2,0.5001,0
98,as1_0,0.5236,0
98,p11_3,0.6105,1
98,m10_3,0.6106,1
98,bs1_3,0.6343,1
98,p11_0,0.6397,0
98,p11_1,0.6457,0
98,m01_1,0.6458,0
98,p11_4,0.6525,0
98,p10_3,0.6694,0
98,bs1_2,0.7010,1
98,bs1_0,0.7328,1
98,ts1_0,0.7581,0
98,ts1_1,0.7654,0
98,p01_1,0.7790,1
98,ts1_4,0.7836,1
98,ys1_1_d,0.8098,0
98,bs1_0,0.8538,0
98,bs1_3,0.8538,0
98,ys1_0_d,0.8555,1
98,ts0_1,0.8580,0
98,bs1_4,0.9081,1
98,ys1_1_d,0.9313,1
98,ys1_3_d,0.9624,1
98,bs0_0,1.0641,1
98,ys0_0_d,1.1419,0
98,ys0_1_d,1.1801,1
99,ys0_0,0.3740,0
99,r_1_q,0.3923,0
99,xs0_4_q,0.3929,0
99,r_3_q,0.3941,0
99,ys0_1,0.3958,1
99,ys1_2,0.3958,1
99,ys1_4,0.3958,1
99,ys1_0,0.3958,1
99,ys1_3,0.3958,1
99,xs1_1_q,0.4107,0
99,r_4_q,0.4386,1
99,xs1_4_q,0.4446,1
99,xs0_1_q,0.4803,1
99,p01_1,0.5005,0
99,p10_4,0.5112,0
99,p10_3,0.5154,1
99,p01_3,0.5157,1
99,as0_0,0.5245,0
99,p10_1,0.5265,1
99,m10_1,0.5313,0
99,as0_4,0.5385,0
99,bs1_1,0.5441,0
99,as1_4,0.5488,0
99,p01_4,0.5883,1
99,ts1_3,0.5912,0
99,ts0_3,0.5929,0
99,as0_2,0.6081,0
99,ts0_1,0.6122,1
99,p00_1,0.6168,0
99,ts1_4,0.6249,0
99,p10_1,0.6308,0
99,m10_4,0.6310,0
99,bs0_1,0.6413,1
99,as1_2,0.6453,1
99,ys1_1_d,0.6529,0
99,m10_3,0.6681,0
99,p00_3,0.6681,0
99,bs0_4,0.6740,0
99,as1_0,0.6763,1
99,p00_0,0.6829,1
99,bs1_4,0.6953,0
99,p11_3,0.6960,0
99,m01_3,0.6964,0
99,ys0_1_d,0.7047,0
99,ts0_1,0.7172,0
99,ts0_4,0.7427,1
99,bs1_3,0.7550,1
99,ys0_0_d,0.7625,1
99,p10_4,0.7690,1
99,m01_2,0.7816,1
99,p10_3,0.7855,0
99,ts0_3,0.7895,1
99,p11_2,0.7907,1
99,ys1_0_d,0.7916,0
99,p01_3,0.8139,0
99,ys1_3_d,0.8181,0
99,ts0_0,0.8227,1
99,m01_4,0.8254,1
99,m10_0,0.8268,1
99,bs0_0,0.8363,0
99,p01_4,0.8858,0
99,bs0_3,0.8947,1
99,bs1_0,0.8991,1
99,ts0_3,0.9006,0
99,ts1_4,0.9091,1
99,p01_2,0.9236,1
99,ys0_1_d,0.9268,1
99,ts1_2,0.9323,1
99,p10_0,0.9688,1
99,bs0_4,0.9789,1
99,bs1_3,0.9799,0
99,ts0_4,0.9951,0
99,ys1_1_d,1.0152,1
99,ys1_0_d,1.0180,1
99,ys0_3_d,1.0333,1
99,ts0_2,1.0655,1
99,bs1_1,1.0846,1
99,ys1_3_d,1.0903,1
99,bs0_3,1.0944,0
99,ts1_0,1.1220,1
99,ys1_1_d,1.1253,0
99,bs0_1,1.1453,0
99,ys0_3_d,1.1966,0
99,ys0_1_d,1.2624,0
99,bs1_4,1.2857,1
99,ys1_0_d,1.3547,0
100,ys1_0,0.3740,0
100,ys0_1,0.3740,0
100,ys1_1,0.3740,0
100,xs0_2_q,0.3814,0
100,xs1_2_q,0.3815,0
100,ys0_0,0.3958,1
100,xs1_3_q,0.4097,0
100,xs0_1_q,0.4118,0
100,r_2_q,0.4386,1
100,r_3_q,0.4439,1
100,r_1_q,0.4442,1
100,xs1_1_q,0.4760,1
100,xs0_3_q,0.4866,1
100,p01_2,0.5110,0
100,m01_2,0.5430,0
100,p11_2,0.5430,0
100,p00_0,0.5484,0
100,m10_0,0.5484,0
100,bs1_1,0.5620,0
100,bs1_3,0.5693,1
100,m01_1,0.5713,1
100,bs0_1,0.5727,1
100,p10_2,0.5731,1
100,p10_1,0.5931,1
100,p10_3,0.5949,1
100,p01_3,0.5951,1
100,p11_0,0.6071,1
100,p11_1,0.6077,1
100,m01_0,0.6080,1
100,m10_2,0.6228,1
100,p00_2,0.6235,1
100,ys1_3_d,0.6339,0
100,p01_2,0.6344,1
100,as1_4,0.6419,1
100,bs0_3,0.6485,1
100,p10_2,0.6589,0
100,p10_0,0.6643,0
100,ts0_0,0.6654,0
100,ys1_1_d,0.6748,1
100,ys0_1_d,0.6849,1
100,ts0_2,0.7089,0
100,as0_4,0.7347,1
100,ts1_3,0.7368,1
100,p01_0,0.7449,1
100,ts0_3,0.7491,1
100,ys0_3_d,0.7590,1
100,bs1_4,0.7654,0
100,ts1_2,0.7717,0
100,p11_4,0.7869,1
100,bs1_2,0.8228,0
100,bs0_1,0.8233,0
100,ts1_4,0.8481,0
100,ys1_0_d,0.8670,1
100,m01_4,0.8772,0
100,ts0_0,0.8862,1
100,bs1_1,0.8989,1
100,ys1_3_d,0.9196,1
100,bs0_2,0.9251,1
100,ys0_1_d,0.9299,0
100,bs1_3,0.9607,0
100,ys1_1_d,0.9613,0
100,ys0_2_d,0.9659,0
100,bs0_4,0.9755,0
100,ys0_3_d,0.9940,0
100,p01_4,1.0230,1
100,ys1_3_d,1.0607,0
100,ys0_0_d,1.0858,0
100,ts0_4,1.1653,1
100,bs0_3,1.2449,0
100,ys0_3_d,1.3556,1
101,ys0_0,0.3740,0
101,ys1_4,0.3740,0
101,ys1_2,0.3740,0
101,ys1_3,0.3740,0
101,ys0_4,0.3740,0
101,ys0_2,0.3740,0
101,r_3_q,0.3912,0
101,r_2_q,0.3927,0
101,r_1_q,0.3927,0
101,ys1_0,0.3958,1
101,ys0_3,0.3958,1
101,xs1_1_q,0.4094,0
101,xs0_0_q,0.4121,1
101,xs0_2_q,0.4131,1
101,xs1_0_q,0.4132,1
101,r_0_q,0.4384,1
101,xs0_4_q,0.4483,1
101,p10_3,0.4990,0
101,p01_3,0.4990,0
101,p10_1,0.5014,0
101,p01_2,0.5014,0
101,as1_0,0.5037,0
101,p01_0,0.5100,0
101,p01_1,0.5268,1
101,p10_2,0.5271,1
101,p11_1,0.5312,0
101,bs1_1,0.5431,0
101,p11_0,0.5440,0
101,m01_0,0.5442,0
101,as1_2,0.5502,0
101,as0_4,0.5522,0
101,p10_0,0.5735,1
101,ts0_3,0.6026,0
101,ts1_3,0.6049,0
101,ts0_2,0.6317,1
101,p01_0,0.6382,1
101,as0_2,0.6457,1
101,ys1_1_d,0.6461,1
101,p11_4,0.6501,0
101,m10_2,0.6662,0
101,ts1_2,0.6778,1
101,m01_1,0.6790,0
101,ts0_1,0.6807,1
101,bs1_0,0.6897,0
101,bs0_4,0.7466,1
101,p10_2,0.7808,0
101,bs0_1,0.7838,1
101,ys1_1_d,0.7842,0
101,p00_2,0.7874,0
101,p01_1,0.7945,0
101,p00_1,0.7959,1
101,ts1_4,0.7959,1
101,ys1_0_d,0.8057,0
101,bs1_1,0.8268,1
101,ts1_2,0.8805,0
101,ts0_2,0.9026,0
101,bs0_0,0.9124,1
101,ys1_1_d,0.9263,1
101,bs1_3,0.9495,1
101,bs1_1,0.9733,0
101,bs0_1,1.0035,0
101,ys1_3_d,1.0607,1
101,ys1_1_d,1.0740,0
101,ys0_1_d,1.0962,1
102,ys1_0,0.3740,0
102,xs0_2_q,0.3815,0
102,xs0_4_q,0.3943,0
102,ys1_3,0.3958,1
102,ys0_4,0.3958,1
102,ys0_1,0.3958,1
102,r_2_q,0.4442,1
102,xs0_1_q,0.4775,1
102,p01_2,0.5943,1
102,p10_2,0.5960,1
102,p00_0,0.6125,1
102,p00_1,0.6133,0
102,as0_0,0.6184,1
102,as0_4,0.6307,1
102,bs0_1,0.6387,1
102,ts0_0,0.6713,0
102,ys0_1_d,0.7103,0
102,ts0_1,0.7293,0
102,ts0_2,0.7345,1
102,p00_0,0.7500,0
102,ts1_2,0.7503,1
102,m10_4,0.7682,1
102,bs0_1,0.7905,0
102,p10_4,0.8289,0
102,ts0_0,0.8793,1
102,ys0_1_d,0.8904,1
102,bs1_1,0.9036,1
102,ts1_4,0.9394,0
102,bs0_4,0.9686,0
102,ys1_1_d,1.0148,1
102,bs1_3,1.0451,0
102,ys0_0_d,1.0679,1
102,ys1_3_d,1.1537,0
103,ys0_4,0.3740,0
103,ys1_3,0.3740,0
103,r_4_q,0.3927,0
103,ys0_0,0.3958,1
103,ys1_1,0.3958,1
103,xs0_3_q,0.4104,0
103,xs0_1_q,0.4107,0
103,xs1_2_q,0.4126,1
103,xs0_2_q,0.4143,1
103,r_3_q,0.4445,1
103,xs1_3_q,0.4797,1
103,xs1_1_q,0.4901,1
103,p01_4,0.4996,0
103,p10_4,0.5280,1
103,as0_4,0.5526,0
103,p00_1,0.5688,1
103,m01_3,0.5700,1
103,bs0_1,0.5702,1
103,p00_3,0.5712,1
103,bs0_3,0.5723,1
103,bs1_1,0.5760,0
103,p10_3,0.5938,1
103,as1_4,0.6029,0
103,ts0_4,0.6053,0
103,m10_1,0.6217,1
103,p11_3,0.6223,1
103,ys0_1_d,0.6347,0
103,ys0_3_d,0.6384,0
103,bs1_3,0.6505,1
103,p00_3,0.6575,0
103,ts1_4,0.6698,1
103,bs1_3,0.6794,0
103,bs0_3,0.6936,0
103,ys1_1_d,0.6942,0
103,ts0_1,0.6983,1
103,ts0_3,0.7047,1
103,p00_4,0.7071,1
103,bs0_4,0.7190,1
103,p11_3,0.7279,0
103,ts0_3,0.7346,0
103,m10_4,0.7392,0
103,m01_3,0.7470,0
103,p10_1,0.7631,1
103,ys0_3_d,0.7907,1
103,bs0_0,0.7967,0
103,bs1_4,0.7991,1
103,ts0_4,0.8466,1
103,p10_4,0.8553,0
103,ts1_3,0.8663,1
103,p01_3,0.8825,1
103,ys0_1_d,0.9003,1
103,ys1_0_d,0.9135,1
103,ts1_1,0.9162,1
103,ts1_4,0.9590,0
103,bs0_3,0.9989,1
103,ts0_3,1.0240,1
103,bs1_2,1.0407,1
103,ys0_3_d,1.0637,0
103,bs1_3,1.0912,1
103,bs0_2,1.1111,0
103,bs1_0,1.1323,1
103,ys0_2_d,1.1698,1
103,ys0_3_d,1.1988,1
103,ys1_0_d,1.2091,0
103,ys1_1_d,1.2484,1
104,xs1_2_q,0.3813,0
104,xs0_0_q,0.3815,0
104,ys0_4,0.3958,1
104,ys1_2,0.3958,1
104,ys1_4,0.3958,1
104,ys0_2,0.3958,1
104,xs1_1_q,0.4106,0
104,xs0_4_q,0.4355,1
104,r_1_q,0.4384,1
104,xs0_1_q,0.4796,1
104,xs0_3_q,0.4909,1
104,p10_1,0.5101,0
104,m10_1,0.5331,0
104,bs0_1,0.5674,0
104,bs1_1,0.5719,1
104,p01_1,0.5758,1
104,bs0_3,0.5787,0
104,p10_1,0.6042,1
104,as0_2,0.6053,0
104,p00_1,0.6152,0
104,ys1_1_d,0.6366,0
104,ys0_1_d,0.6860,0
104,ys0_3_d,0.6999,0
104,m01_2,0.7785,1
104,p00_2,0.7790,1
104,bs0_2,0.8008,1
104,p01_2,0.8372,0
104,ys0_2_d,0.8431,0
104,ys0_3_d,0.9129,1
105,ys0_2,0.3740,0
105,ys1_1,0.3740,0
105,ys0_1,0.3740,0
105,xs1_0_q,0.3813,0
105,xs0_2_q,0.3815,0
105,r_1_q,0.3912,0
105,r_2_q,0.3927,0
105,xs1_4_q,0.3936,0
105,xs1_3_q,0.4092,0
105,p10_1,0.4990,0
105,p01_1,0.4990,0
105,p10_2,0.4995,0
105,p01_2,0.5148,1
105,bs1_3,0.5439,0
105,m01_2,0.5448,0
105,ts0_2,0.5923,0
105,ts1_1,0.6026,0
105,ts1_2,0.6031,0
105,ts0_1,0.6040,0
105,as0_2,0.6110,1
105,p01_2,0.6466,0
105,ys1_3_d,0.6466,1
105,bs1_1,0.7085,0
105,bs1_0,0.7219,0
105,bs0_2,0.7288,0
105,bs0_1,0.7373,1
105,p00_2,0.7525,0
105,ts0_2,0.7536,1
105,bs0_1,0.7614,0
105,ys0_2_d,0.7918,1
105,bs0_0,0.8039,1
105,ys1_0_d,0.8326,1
105,ys0_3_d,0.8442,0
105,ts0_2,0.8506,0
105,ys0_0_d,0.8795,0
105,ys0_1_d,0.9074,1
105,bs0_1,0.9712,1
105,ys0_1_d,1.0108,0
106,ys0_0,0.3740,0
106,ys0_3,0.3740,0
106,r_0_q,0.3912,0
106,xs0_4_q,0.3929,0
106,ys0_2,0.3958,1
106,ys1_3,0.3958,1
106,ys1_0,0.3958,1
106,xs0_1_q,0.4107,0
106,xs1_2_q,0.4124,1
106,xs0_2_q,0.4143,1
106,r_4_q,0.4442,1
106,xs1_3_q,0.4832,1
106,xs1_1_q,0.4888,1
106,p10_0,0.4990,0
106,p01_0,0.4990,0
106,as0_0,0.5244,0
106,bs0_1,0.5434,0
106,p00_1,0.5690,1
106,p01_4,0.5826,1
106,p10_4,0.5961,1
106,ts0_0,0.6024,0
106,ts1_0,0.6027,0
106,m10_1,0.6215,1
106,as0_4,0.6345,1
106,bs1_3,0.6433,1
106,bs1_1,0.6469,1
106,ys0_1_d,0.6476,1
106,p00_4,0.6550,0
106,bs0_0,0.6675,0
106,m01_0,0.6829,1
106,ts0_1,0.7035,1
106,ys1_3_d,0.7066,0
106,as1_4,0.7231,1
106,ts1_4,0.7365,1
106,ys1_1_d,0.7573,1
106,ys0_1_d,0.7581,0
106,p10_1,0.7637,1
106,ys0_0_d,0.7767,1
106,m10_3,0.7863,1
106,bs1_3,0.7913,0
106,p01_0,0.8250,1
106,p10_3,0.8474,0
106,p11_3,0.8716,1
106,bs0_0,0.8970,1
106,ys1_3_d,0.9025,1
106,ts1_1,0.9176,1
106,ys0_0_d,0.9560,0
106,ts0_0,0.9679,1
106,ys0_1_d,1.0125,1
106,bs0_4,1.0517,0
106,bs1_0,1.1243,1
106,ys0_0_d,1.1474,1
106,ys1_1_d,1.1986,0
106,ys1_0_d,1.2001,0
107,ys1_0,0.3740,0
107,ys0_4,0.3740,0
107,xs1_2_q,0.3813,0
107,r_4_q,0.3912,0
107,ys0_0,0.3958,1
107,ys0_1,0.3958,1
107,xs0_3_q,0.4103,0
107,xs1_1_q,0.4107,0
107,xs0_0_q,0.4133,1
107,r_1_q,0.4386,1
107,xs1_4_q,0.4443,1
107,xs0_1_q,0.4796,1
107,p10_4,0.4990,0
107,p01_4,0.4991,0
107,p10_1,0.5110,0
107,m10_1,0.5333,0
107,bs1_1,0.5449,0
107,m01_0,0.5463,0
107,as1_4,0.5465,0
107,as0_4,0.5519,0
107,p00_3,0.5720,1
107,bs0_3,0.5728,1
107,p01_1,0.5756,1
107,m01_3,0.5911,1
107,p10_1,0.6030,1
107,ts1_4,0.6040,0
107,ts0_4,0.6047,0
107,as0_2,0.6068,0
107,p00_0,0.6138,1
107,p00_1,0.6156,0
107,bs0_1,0.6397,1
107,as0_0,0.6436,1
107,ys1_1_d,0.6473,1
107,m01_3,0.6482,0
107,ts0_3,0.6512,0
107,p00_3,0.6577,0
107,p01_0,0.6625,0
107,as1_0,0.6782,1
107,m10_3,0.6815,0
107,ys0_3_d,0.6834,1
107,bs0_3,0.6919,0
107,p11_3,0.6925,0
107,bs1_4,0.6937,0
107,ts0_3,0.6964,1
107,ys0_1_d,0.7051,0
107,bs0_4,0.7193,1
107,bs1_3,0.7340,1
107,bs0_0,0.7715,0
107,m01_2,0.7795,1
107,p00_0,0.7804,0
107,ys1_0_d,0.7823,1
107,p00_4,0.7954,1
107,ys1_3_d,0.7973,0
107,p10_3,0.8073,1
107,bs1_0,0.8104,0
107,bs0_2,0.8133,1
107,m10_0,0.8250,1
107,m01_4,0.8273,1
107,ys0_2_d,0.8544,0
107,ys0_1_d,0.8748,1
107,ts0_0,0.8947,0
107,p01_2,0.9204,1
107,ys1_1_d,0.9300,0
107,ys1_0_d,0.9301,0
107,p01_4,0.9574,1
107,p10_0,0.9680,1
107,bs0_4,1.0022,0
107,ts0_2,1.0622,1
107,ys0_0_d,1.0990,0
107,ts1_0,1.1211,1
107,bs0_1,1.1419,0
107,ys0_1_d,1.2599,0
107,bs1_4,1.2965,1
107,ys1_0_d,1.4105,1
108,ys0_1,0.3740,0
108,ys0_0,0.3740,0
108,ys1_3,0.3740,0
108,ys0_2,0.3740,0
108,xs0_2_q,0.3815,0
108,xs0_0_q,0.3815,0
108,r_1_q,0.3912,0
108,r_3_q,0.3912,0
108,xs1_4_q,0.3929,0
108,ys1_0,0.3958,1
108,ys0_3,0.3958,1
108,xs0_4_q,0.4366,1
108,r_0_q,0.4384,1
108,p10_1,0.4990,0
108,p01_1,0.4990,0
108,p10_3,0.4990,0
108,p01_3,0.4990,0
108,p10_0,0.5104,0
108,as1_0,0.5233,0
108,p01_0,0.5878,1
108,ts0_3,0.6021,0
108,ts1_3,0.6026,0
108,ts0_1,0.6045,0
108,ts1_1,0.6050,0
108,as0_2,0.6154,1
108,ts1_0,0.6221,0
108,as1_4,0.6331,1
108,m10_0,0.6390,0
108,m01_4,0.6519,0
108,as0_4,0.6738,1
108,bs1_2,0.7136,0
108,ts0_0,0.7526,1
108,m01_2,0.7561,0
108,p01_4,0.7705,0
108,m10_4,0.7782,1
108,p11_3,0.7787,1
108,p10_0,0.7790,1
108,m01_3,0.7793,1
108,bs0_0,0.8019,1
108,ys1_3_d,0.8020,1
108,p00_4,0.8164,0
108,m10_3,0.8261,1
108,p00_3,0.8263,1
108,p01_2,0.8731,0
108,ys0_1_d,0.9184,1
108,p10_4,0.9208,1
108,ts1_0,0.9218,1
108,ts1_3,0.9223,1
108,ys0_0_d,0.9246,1
108,p01_3,0.9325,1
108,p10_3,0.9556,1
108,ts1_3,0.9741,0
108,ts0_2,0.9779,0
108,bs1_4,1.0080,0
108,ts1_4,1.0622,1
108,bs0_1,1.1057,1
108,ys1_0_d,1.1176,0
108,bs1_3,1.1419,0
108,ys0_1_d,1.1677,0
108,ys1_3_d,1.2594,0
109,ys1_0,0.3740,0
109,ys1_4,0.3740,0
109,ys1_2,0.3740,0
109,ys0_0,0.3958,1
109,xs0_1_q,0.4107,0
109,xs1_2_q,0.4131,1
109,xs0_2_q,0.4143,1
109,r_3_q,0.4329,1
109,r_2_q,0.4442,1
109,xs1_4_q,0.4446,1
109,xs0_3_q,0.4796,1
109,p10_3,0.5042,0
109,p01_3,0.5044,0
109,bs0_1,0.5434,0
109,as1_4,0.5489,0
109,p00_1,0.5691,1
109,p10_2,0.5953,1
109,p01_2,0.5962,1
109,as0_4,0.6065,0
109,m01_3,0.6093,0
109,p00_3,0.6153,0
109,ts0_3,0.6292,1
109,as1_2,0.6375,1
109,bs0_3,0.6398,1
109,ts1_3,0.6412,1
109,ys0_1_d,0.6457,1
109,as1_0,0.6751,1
109,m10_4,0.6820,0
109,p11_3,0.6957,0
109,ts0_1,0.6984,1
109,bs0_2,0.7190,0
109,p01_3,0.7275,1
109,bs1_4,0.7424,1
109,ts1_2,0.7478,1
109,ts0_2,0.7491,1
109,m10_3,0.7584,0
109,p00_4,0.7793,1
109,p11_2,0.7863,1
109,m10_2,0.7883,1
109,m01_1,0.7890,1
109,bs0_4,0.7912,1
109,p10_4,0.7990,0
109,ys0_2_d,0.8005,1
109,bs0_0,0.8018,0
109,ts1_3,0.8024,0
109,ts1_2,0.8137,0
109,m01_4,0.8285,1
109,p10_2,0.8461,0
109,p10_3,0.8932,1
109,bs0_1,0.9029,1
109,ts1_4,0.9039,0
109,ts0_4,0.9073,1
109,bs1_0,0.9149,1
109,ts1_2,0.9177,1
109,p01_1,0.9190,1
109,bs1_2,0.9499,1
109,p01_4,0.9566,1
109,ts0_4,0.9907,0
109,ts0_1,0.9933,0
109,bs1_1,1.0013,1
109,ts1_3,1.0322,1
109,bs1_3,1.0392,1
109,bs1_2,1.0794,0
109,ys1_3_d,1.1732,1
109,bs0_0,1.1843,1
109,ys0_1_d,1.2580,0
109,ys0_0_d,1.2587,0
110,ys0_0,0.3740,0
110,xs1_2_q,0.3815,0
110,xs0_2_q,0.3815,0
110,r_0_q,0.3912,0
110,r_3_q,0.3912,0
110,xs0_4_q,0.3928,0
110,ys1_4,0.3958,1
110,ys1_3,0.3958,1
110,ys0_2,0.3958,1
110,ys0_4,0.3958,1
110,xs0_3_q,0.4112,0
110,xs0_1_q,0.4770,1
110,p01_0,0.4990,0
110,p10_3,0.4990,0
110,p10_0,0.4990,0
110,p01_3,0.4990,0
110,as1_2,0.5205,0
110,as0_0,0.5245,0
110,bs0_3,0.5470,0
110,m10_2,0.5491,0
110,bs0_1,0.5650,0
110,m01_1,0.5938,0
110,ts1_0,0.6026,0
110,ts0_0,0.6026,0
110,ts0_3,0.6040,0
110,ts1_3,0.6054,0
110,m10_0,0.6101,1
110,p00_1,0.6118,0
110,p11_2,0.6365,0
110,p00_4,0.6541,0
110,ys0_3_d,0.6544,0
110,bs0_0,0.6699,0
110,p10_2,0.6776,1
110,ys0_1_d,0.6794,1
110,p00_0,0.6815,1
110,p01_1,0.7115,0
110,bs0_4,0.7134,0
110,bs1_4,0.7136,0
110,p10_0,0.7496,1
110,ys0_1_d,0.7527,0
110,ts0_1,0.7544,1
110,bs0_2,0.7607,1
110,ts0_1,0.7686,0
110,ts0_4,0.7988,1
110,ys1_0_d,0.8020,1
110,ys0_2_d,0.8026,0
110,ts0_0,0.8199,1
110,ys0_3_d,0.8732,1
110,ts1_0,0.9023,1
110,bs0_3,0.9506,1
110,bs0_4,0.9916,1
110,ys0_3_d,0.9950,0
110,bs1_4,1.0656,1
110,ys0_0_d,1.1057,1
110,ys1_0_d,1.1343,0
111,ys0_2,0.3740,0
111,ys0_3,0.3740,0
111,r_2_q,0.3912,0
111,xs1_4_q,0.3929,0
111,ys0_0,0.3958,1
111,xs1_2_q,0.4131,1
111,xs0_2_q,0.4132,1
111,r_4_q,0.4383,1
111,r_0_q,0.4386,1
111,r_1_q,0.4442,1
111,xs0_4_q,0.4442,1
111,r_3_q,0.4445,1
111,p01_2,0.4990,0
111,p10_2,0.4990,0
111,as0_2,0.5040,0
111,p01_4,0.5103,0
111,p10_0,0.5113,0
111,as1_0,0.5233,0
111,p01_0,0.5758,1
111,p10_4,0.5887,1
111,p10_1,0.5951,1
111,p01_1,0.5957,1
111,p01_3,0.5959,1
111,p10_3,0.5960,1
111,ts1_2,0.6026,0
111,ts0_2,0.6045,0
111,ts0_4,0.6225,0
111,ts1_0,0.6229,0
111,as1_4,0.6312,1
111,as1_2,0.6373,1
111,m10_0,0.6394,0
111,m01_4,0.6522,0
111,ts0_0,0.6524,0
111,bs0_2,0.6556,0
111,bs1_0,0.6677,0
111,m01_2,0.6726,1
111,as0_0,0.6776,1
111,as0_4,0.6884,1
111,ys0_2_d,0.7013,1
111,bs1_1,0.7082,0
111,bs0_3,0.7281,0
111,ts1_4,0.7303,1
111,bs0_1,0.7348,1
111,ts1_1,0.7440,1
111,ys0_3_d,0.7447,1
111,ts0_3,0.7450,1
111,ts1_3,0.7592,1
111,ts0_1,0.7595,1
111,p11_3,0.7751,1
111,ys1_0_d,0.7752,1
111,m01_3,0.7761,1
111,p10_0,0.7794,1
111,p11_2,0.7831,1
111,p01_4,0.7931,1
111,ts1_3,0.7940,0
111,bs1_3,0.8103,0
111,p01_2,0.8143,1
111,ys0_3_d,0.8161,0
111,p00_0,0.8209,0
111,p01_3,0.8355,0
111,m10_3,0.8377,1
111,p00_3,0.8383,1
111,m10_4,0.8414,1
111,ys0_1_d,0.8454,1
111,p10_3,0.8971,0
111,p10_4,0.9017,0
111,bs1_2,0.9158,1
111,bs0_2,0.9217,1
111,ts1_0,0.9224,1
111,ts1_2,0.9253,1
111,ts0_4,0.9470,1
111,bs1_0,0.9480,1
111,ts0_0,0.9525,1
111,ts0_2,0.9552,1
111,ys0_2_d,0.9638,0
111,bs1_4,1.0074,0
111,ts1_4,1.0116,0
111,ts1_3,1.0160,1
111,bs0_1,1.0326,0
111,ys0_3_d,1.0342,1
111,bs0_4,1.0397,0
111,bs1_2,1.0768,0
111,bs1_1,1.0822,1
111,bs0_3,1.0999,1
111,ys0_3_d,1.1383,0
111,bs1_3,1.1408,1
111,ys0_0_d,1.1498,0
111,ys0_1_d,1.1502,0
112,ys0_0,0.3740,0
112,ys1_4,0.3740,0
112,ys0_4,0.3740,0
112,r_0_q,0.3912,0
112,r_4_q,0.3927,0
112,r_3_q,0.3941,0
112,ys1_0,0.3958,1
112,xs1_3_q,0.4103,0
112,xs0_1_q,0.4117,0
112,xs0_0_q,0.4132,1
112,xs1_0_q,0.4133,1
112,r_2_q,0.4386,1
112,xs1_1_q,0.4788,1
112,xs0_3_q,0.4801,1
112,p10_0,0.4990,0
112,p01_0,0.4990,0
112,p01_4,0.4995,0
112,as0_0,0.5039,0
112,p01_2,0.5109,0
112,p01_3,0.5153,1
112,p10_3,0.5158,1
112,p10_4,0.5272,1
112,m10_3,0.5323,0
112,p11_3,0.5329,0
112,bs1_3,0.5448,0
112,m01_2,0.5456,0
112,p11_2,0.5462,0
112,as1_4,0.5510,0
112,bs1_1,0.5646,0
112,bs0_3,0.5683,0
112,bs0_1,0.5704,1
112,m01_1,0.5708,1
112,p10_2,0.5734,1
112,ts0_3,0.5907,0
112,as1_2,0.5991,0
112,ts0_4,0.6020,0
112,ts0_0,0.6037,0
112,ts1_0,0.6048,0
112,as0_4,0.6070,0
112,m01_3,0.6078,0
112,p00_2,0.6126,1
112,p00_3,0.6158,0
112,p11_1,0.6166,1
112,m10_4,0.6266,0
112,m10_2,0.6266,1
112,p01_1,0.6310,0
112,p10_3,0.6336,0
112,as1_0,0.6427,1
112,as0_2,0.6435,1
112,p01_2,0.6487,1
112,ys1_3_d,0.6547,0
112,p10_2,0.6703,0
112,m01_0,0.6757,1
112,ts1_4,0.6771,1
112,ys1_1_d,0.6780,1
112,bs0_3,0.6811,1
112,ts1_1,0.6814,0
112,ts0_3,0.6972,1
112,m10_2,0.7052,0
112,ts0_2,0.7123,0
112,p01_3,0.7184,0
112,ys0_1_d,0.7195,1
112,p11_1,0.7254,0
112,p10_4,0.7367,0
112,ts1_3,0.7392,0
112,m01_1,0.7430,0
112,ts0_1,0.7431,0
112,ys0_1_d,0.7465,0
112,bs0_0,0.7517,1
112,p00_2,0.7805,0
112,p10_2,0.7883,1
112,p11_0,0.7902,1
112,p00_1,0.7903,1
112,m10_1,0.7916,1
112,ts0_3,0.8047,0
112,m01_4,0.8068,1
112,p01_0,0.8181,1
112,bs0_0,0.8200,0
112,bs0_1,0.8267,0
112,ts1_4,0.8305,0
112,bs1_3,0.8358,1
112,ts1_1,0.8411,1
112,p10_1,0.8545,0
112,p01_1,0.8925,1
112,ts0_2,0.9077,1
112,bs1_3,0.9096,0
112,ys1_3_d,0.9314,1
112,ts1_0,0.9314,1
112,ts1_1,0.9465,0
112,p01_4,0.9495,1
112,ts0_0,0.9709,1
112,ys1_3_d,0.9984,0
112,bs0_1,1.0559,1
112,ts0_4,1.0915,1
112,bs1_4,1.0936,1
112,bs0_4,1.1458,1
112,ys1_0_d,1.1649,0
112,ys0_1_d,1.1665,1
112,bs0_3,1.1710,0
112,ys0_0_d,1.2600,1
112,ys0_3_d,1.2822,1
113,ys1_0,0.3740,0
113,ys1_3,0.3740,0
113,r_2_q,0.3912,0
113,r_1_q,0.3927,0
113,ys0_0,0.3958,1
113,ys0_4,0.3958,1
113,ys1_4,0.3958,1
113,ys0_3,0.3958,1
113,ys0_1,0.3958,1
113,ys1_1,0.3958,1
113,xs1_1_q,0.4103,0
113,xs0_3_q,0.4113,0
113,r_3_q,0.4439,1
113,xs0_1_q,0.4802,1
113,xs1_3_q,0.4843,1
113,p01_2,0.4990,0
113,p10_2,0.4991,0
113,p01_1,0.5011,0
113,p10_1,0.5273,1
113,m10_1,0.5307,0
113,m01_0,0.5439,0
113,p11_0,0.5439,0
113,bs0_1,0.5684,0
113,bs1_1,0.5700,1
113,bs0_3,0.5716,1
113,p01_3,0.5951,1
113,p10_3,0.5952,1
113,ts0_2,0.6015,0
113,ts1_2,0.6047,0
113,as0_2,0.6073,0
113,m10_0,0.6136,1
113,p00_0,0.6142,1
113,p00_1,0.6157,0
113,p10_1,0.6276,0
113,ts0_1,0.6308,1
113,ys1_1_d,0.6362,0
113,ys0_3_d,0.6363,0
113,as0_4,0.6409,1
113,as1_2,0.6424,1
113,bs1_3,0.6442,1
113,p01_0,0.6600,0
113,ts1_0,0.6612,0
113,ts1_1,0.6725,1
113,bs0_1,0.6788,1
113,ts1_1,0.6878,0
113,bs1_1,0.6932,0
113,ts0_1,0.7058,0
113,as1_4,0.7243,1
113,ts0_3,0.7297,1
113,p10_0,0.7514,1
113,ys1_3_d,0.7533,1
113,bs0_4,0.7583,0
113,ts1_3,0.7588,1
113,m01_2,0.7814,1
113,m01_4,0.7825,0
113,p00_3,0.7883,1
113,m10_3,0.7886,1
113,ys1_1_d,0.7899,1
113,p11_2,0.7900,1
113,ts0_3,0.8264,0
113,p10_3,0.8489,0
113,p11_4,0.8706,1
113,m01_3,0.8710,1
113,p11_3,0.8711,1
113,ys0_0_d,0.8767,0
113,ts1_0,0.8932,1
113,p01_4,0.8994,0
113,p01_2,0.9235,1
113,p01_3,0.9306,0
113,ts1_2,0.9318,1
113,bs0_2,0.9481,0
113,bs1_4,0.9835,0
113,ys0_2_d,0.9943,1
113,ts1_4,1.0006,1
113,ts0_4,1.0029,0
113,ys0_3_d,1.0364,1
113,ts0_3,1.0592,1
113,ts0_2,1.0654,1
113,bs1_3,1.0793,0
113,ys1_0_d,1.0827,1
113,bs1_1,1.0851,1
113,bs0_3,1.1085,0
113,bs0_1,1.1451,0
113,ys1_1_d,1.1486,0
113,ys1_3_d,1.1972,0
113,bs0_2,1.2278,1
113,ys0_1_d,1.2625,0
113,ys0_2_d,1.2691,0
114,ys1_1,0.3740,0
114,ys1_4,0.3740,0
114,ys0_4,0.3740,0
114,ys0_0,0.3740,0
114,ys0_1,0.3740,0
114,xs0_0_q,0.3813,0
114,xs1_0_q,0.3815,0
114,xs0_4_q,0.3937,0
114,ys1_0,0.3958,1
114,r_0_q,0.4384,1
114,r_2_q,0.4386,1
114,r_4_q,0.4439,1
114,xs1_1_q,0.4790,1
114,p10_0,0.5103,0
114,p01_2,0.5112,0
114,as1_0,0.5183,0
114,as0_4,0.5400,0
114,bs1_1,0.5647,0
114,p01_0,0.5748,1
114,p10_2,0.5763,1
114,p10_4,0.5827,1
114,p01_4,0.5954,1
114,as1_2,0.6003,0
114,m01_0,0.6101,1
114,p11_1,0.6173,1
114,ts1_0,0.6240,0
114,ts0_2,0.6248,0
114,m10_0,0.6346,0
114,p01_0,0.6381,0
114,p11_4,0.6478,0
114,ts1_2,0.6503,0
114,bs1_0,0.6643,0
114,p00_3,0.6695,0
114,m10_3,0.6695,0
114,ys1_1_d,0.6781,1
114,bs0_4,0.7206,1
114,p11_1,0.7261,0
114,p11_2,0.7369,0
114,ys1_1_d,0.7480,0
114,ts0_4,0.7498,1
114,bs0_1,0.7543,1
114,ts1_1,0.7572,1
114,bs1_4,0.7580,1
114,p10_0,0.7744,1
114,bs1_1,0.7780,1
114,ts0_3,0.7874,0
114,bs1_2,0.7960,1
114,p10_3,0.8022,1
114,ts1_1,0.8094,0
114,ys0_0_d,0.8344,1
114,ts1_2,0.8627,1
114,ys0_1_d,0.8648,1
114,ys1_1_d,0.8679,1
114,ts1_3,0.8826,0
114,bs0_2,0.8997,0
114,bs0_3,0.9070,1
114,ys1_3_d,0.9106,1
114,bs1_1,0.9132,0
114,ts1_0,0.9146,1
114,ys0_2_d,0.9455,1
114,bs1_4,0.9894,0
114,bs1_2,0.9933,0
114,ys1_1_d,1.0266,0
114,ys1_3_d,1.0879,0
114,ys1_0_d,1.0999,0
115,ys1_0,0.3740,0
115,r_0_q,0.3927,0
115,ys0_0,0.3958,1
115,ys0_1,0.3958,1
115,ys0_4,0.3958,1
115,ys0_2,0.3958,1
115,xs1_3_q,0.4096,0
115,xs0_1_q,0.4113,0
115,xs1_0_q,0.4119,1
115,xs0_0_q,0.4130,1
115,r_1_q,0.4442,1
115,xs1_4_q,0.4487,1
115,xs0_3_q,0.4862,1
115,p10_0,0.4995,0
115,p01_0,0.5148,1
115,p11_3,0.5298,0
115,m01_2,0.5426,0
115,bs0_1,0.5448,0
115,p00_0,0.5461,0
115,bs1_3,0.5698,1
115,bs0_3,0.5770,0
115,p01_1,0.5944,1
115,p10_1,0.5953,1
115,ts1_0,0.6045,0
115,p00_2,0.6217,1
115,m01_3,0.6223,0
115,as0_0,0.6417,1
115,as0_2,0.6442,1
115,ys0_1_d,0.6533,0
115,ts1_3,0.6752,1
115,ys1_3_d,0.6823,1
115,ys0_3_d,0.6954,0
115,p01_2,0.6992,1
115,as0_4,0.7316,1
115,ts1_1,0.7488,1
115,ts0_1,0.7565,1
115,bs1_4,0.7572,1
115,p01_3,0.7675,1
115,p00_2,0.7798,0
115,m01_0,0.7836,0
115,m10_4,0.7927,1
115,p00_1,0.7937,1
115,m10_1,0.7951,1
115,ts0_1,0.8234,0
115,bs1_2,0.8367,1
115,bs0_4,0.8442,0
115,bs0_2,0.8464,1
115,p10_4,0.8532,0
115,p10_1,0.8551,0
115,ys1_0_d,0.8765,1
115,ys0_2_d,0.8919,0
115,p01_0,0.8993,0
115,ys1_3_d,0.9029,0
115,ts0_3,0.9083,1
115,ts0_2,0.9145,1
115,bs0_2,0.9443,0
115,ts1_1,0.9623,0
115,ts1_4,0.9638,0
115,ys0_0_d,0.9678,0
115,ys0_3_d,0.9690,1
115,bs1_0,0.9735,1
115,ts0_0,1.0035,0
115,ys0_2_d,1.0107,1
115,bs0_0,1.0112,1
115,ys1_0_d,1.0194,0
115,bs1_0,1.0390,0
115,ys0_3_d,1.0462,0
115,bs1_3,1.0692,0
115,bs0_1,1.0734,1
115,ys1_0_d,1.0995,1
115,ys0_0_d,1.1173,1
115,bs0_4,1.1521,1
115,ys1_3_d,1.1688,1
115,ys0_0_d,1.1695,0
116,ys0_0,0.3740,0
116,ys0_1,0.3740,0
116,ys0_3,0.3740,0
116,r_2_q,0.3912,0
116,r_3_q,0.3912,0
116,r_4_q,0.3927,0
116,ys1_0,0.3958,1
116,ys1_4,0.3958,1
116,ys1_3,0.3958,1
116,ys1_2,0.3958,1
116,xs1_1_q,0.4103,0
116,xs0_3_q,0.4103,0
116,r_0_q,0.4442,1
116,xs1_3_q,0.4794,1
116,xs0_1_q,0.4798,1
116,p01_2,0.4990,0
116,p10_3,0.4990,0
116,p01_3,0.4991,0
116,p10_2,0.4991,0
116,p01_4,0.4996,0
116,p10_4,0.5279,1
116,m10_1,0.5310,0
116,as0_4,0.5526,0
116,bs0_1,0.5676,0
116,m01_3,0.5697,1
116,bs1_1,0.5699,1
116,bs0_3,0.5713,1
116,p00_3,0.5714,1
116,p10_0,0.5952,1
116,p01_0,0.5957,1
116,ts1_3,0.6015,0
116,ts0_2,0.6015,0
116,as1_4,0.6023,0
116,ts1_2,0.6047,0
116,ts0_4,0.6052,0
116,as0_2,0.6057,0
116,p00_1,0.6154,0
116,p11_3,0.6177,1
116,as1_2,0.6449,1
116,bs1_3,0.6507,1
116,p00_3,0.6591,0
116,ts1_4,0.6697,1
116,p10_1,0.6766,1
116,bs1_3,0.6796,0
116,bs0_1,0.6814,1
116,ys0_3_d,0.6823,1
116,ys1_1_d,0.6834,1
116,bs0_4,0.6867,0
116,bs1_1,0.6928,0
116,bs0_3,0.6931,0
116,p01_3,0.6986,1
116,p00_4,0.7069,1
116,p11_3,0.7284,0
116,ts1_0,0.7301,1
116,m10_4,0.7391,0
116,ts1_3,0.7421,1
116,ts0_0,0.7430,1
116,m01_3,0.7466,0
116,ts0_1,0.7482,1
116,ys0_0_d,0.7746,1
116,m01_2,0.7794,1
116,ys1_1_d,0.7883,0
116,p11_2,0.7907,1
116,bs0_2,0.8095,1
116,ts1_3,0.8217,0
116,ts1_1,0.8308,1
116,ts0_4,0.8465,1
116,ys0_2_d,0.8509,0
116,bs0_0,0.8512,0
116,p01_3,0.8531,0
116,p10_4,0.8553,0
116,bs0_4,0.8952,1
116,p01_2,0.9216,1
116,ts1_2,0.9325,1
116,ys0_1_d,0.9549,1
116,ts0_3,0.9575,0
116,ts1_4,0.9589,0
116,bs0_3,0.9984,1
116,bs1_0,1.0465,1
116,ts0_2,1.0635,1
116,bs0_2,1.0637,0
116,bs1_3,1.0867,1
116,bs1_1,1.0890,1
116,ys0_2_d,1.1103,1
116,ys1_0_d,1.1259,0
116,bs0_1,1.1432,0
116,ys1_3_d,1.1495,0
116,ys0_1_d,1.2607,0
117,ys1_0,0.3740,0
117,ys1_3,0.3740,0
117,xs1_2_q,0.3815,0
117,xs0_0_q,0.3815,0
117,xs1_4_q,0.3942,0
117,ys0_0,0.3958,1
117,ys0_3,0.3958,1
117,xs1_3_q,0.4092,0
117,xs0_1_q,0.4113,0
117,xs0_4_q,0.4365,1
117,r_2_q,0.4386,1
117,r_3_q,0.4442,1
117,p01_2,0.5110,0
117,as1_2,0.5201,0
117,bs1_3,0.5436,0
117,m01_2,0.5450,0
117,p11_2,0.5463,0
117,bs0_1,0.5705,1
117,p10_2,0.5738,1
117,p10_3,0.5943,1
117,p01_3,0.5960,1
117,as1_0,0.6139,1
117,p01_2,0.6387,1
117,as0_2,0.6427,1
117,ys1_3_d,0.6481,1
117,bs1_2,0.6556,0
117,as0_4,0.6745,1
117,ys0_1_d,0.6823,1
117,ys1_3_d,0.7380,0
117,bs1_0,0.7395,0
117,ts1_3,0.7437,1
117,ts0_3,0.7599,1
117,bs0_4,0.7860,0
117,p00_1,0.7925,1
117,p00_4,0.8160,0
117,p00_3,0.8229,1
117,ys1_1_d,0.8474,1
117,ts0_1,0.8551,0
117,ts0_3,0.8626,0
117,ys1_0_d,0.8640,1
117,ys0_0_d,0.8986,0
117,bs1_2,0.9145,1
117,ts0_4,0.9330,0
117,bs0_2,1.0185,1
117,ys1_3_d,1.0287,1
117,bs0_3,1.0387,0
117,bs0_0,1.0419,1
117,ys0_2_d,1.0584,0
117,ys0_1_d,1.1172,0
117,ys0_0_d,1.1616,1
118,ys0_4,0.3740,0
118,ys0_2,0.3740,0
118,r_2_q,0.3912,0
118,r_3_q,0.3912,0
118,ys1_0,0.3958,1
118,ys1_3,0.3958,1
118,ys1_1,0.3958,1
118,xs1_2_q,0.4131,1
118,xs1_4_q,0.4385,1
118,r_4_q,0.4442,1
118,xs0_1_q,0.4799,1
118,p01_2,0.4990,0
118,p10_2,0.4990,0
118,p10_3,0.4990,0
118,p01_3,0.5009,0
118,as1_0,0.5399,0
118,bs0_1,0.5680,0
118,p01_4,0.5943,1
118,p10_4,0.5961,1
118,ts0_2,0.6015,0
118,ts1_2,0.6026,0
118,ts1_3,0.6026,0
118,as0_2,0.6066,0
118,p00_1,0.6156,0
118,ts0_3,0.6186,1
118,as1_2,0.6409,1
118,as1_4,0.6733,1
118,bs0_1,0.6793,1
118,bs1_1,0.7083,0
118,ts0_1,0.7483,1
118,ts0_4,0.7488,1
118,ts1_4,0.7498,1
118,bs1_0,0.7606,1
118,bs1_4,0.7794,0
118,m10_4,0.8178,1
118,m01_3,0.8194,1
118,bs0_0,0.8515,0
118,p10_4,0.8782,0
118,bs0_3,0.9026,1
118,bs1_3,0.9039,1
118,p01_3,0.9497,1
118,ys0_1_d,0.9547,1
118,ys0_3_d,0.9667,0
118,ys1_3_d,0.9679,0
118,ys0_0_d,0.9798,0
118,ts1_4,0.9869,0
118,ts0_3,1.0252,0
118,bs1_3,1.0847,0
118,bs0_2,1.1483,0
118,ys1_3_d,1.1845,1
118,ys0_2_d,1.1945,1
118,ys0_3_d,1.2360,1
119,ys0_0,0.3740,0
119,ys1_4,0.3740,0
119,r_0_q,0.3912,0
119,r_1_q,0.3912,0
119,xs0_4_q,0.3930,0
119,xs1_4_q,0.3940,0
119,ys0_2,0.3958,1
119,ys0_1,0.3958,1
119,xs0_1_q,0.4113,0
119,r_3_q,0.4386,1
119,r_2_q,0.4445,1
119,xs1_3_q,0.4771,1
119,xs0_3_q,0.4775,1
119,p10_0,0.4990,0
119,p01_0,0.4990,0
119,p10_1,0.4990,0
119,p01_1,0.4991,0
119,p01_3,0.5132,0
119,as0_0,0.5248,0
119,bs0_1,0.5447,0
119,bs0_3,0.5658,0
119,m01_1,0.5696,1
119,p10_3,0.5852,1
119,p10_2,0.5932,1
119,p01_2,0.5934,1
119,ts1_1,0.6022,0
119,ts1_0,0.6045,0
119,ts0_0,0.6045,0
119,ts0_1,0.6056,0
119,m10_3,0.6097,1
119,m01_2,0.6098,1
119,m10_2,0.6102,1
119,m01_3,0.6121,0
119,p11_2,0.6123,1
119,p00_3,0.6123,0
119,p11_3,0.6126,1
119,p00_2,0.6127,1
119,as1_0,0.6162,1
119,p01_2,0.6231,0
119,p10_2,0.6241,0
119,p10_3,0.6279,0
119,bs1_3,0.6368,1
119,as0_2,0.6402,1
119,ts0_3,0.6455,1
119,m10_4,0.6543,0
119,ys0_1_d,0.6707,0
119,ys0_3_d,0.6842,0
119,ys1_3_d,0.6999,0
119,p01_1,0.7072,1
119,ts0_3,0.7185,0
119,p01_3,0.7311,1
119,ts1_3,0.7440,1
119,bs1_4,0.7445,1
119,ts0_2,0.7543,1
119,ts1_2,0.7559,1
119,bs0_4,0.7576,1
119,p11_4,0.7580,1
119,p00_2,0.7796,0
119,m01_2,0.7802,0
119,ts0_3,0.7826,1
119,p00_1,0.7961,1
119,p10_4,0.8102,1
119,ys1_0_d,0.8125,0
119,bs1_2,0.8268,0
119,ys0_0_d,0.8712,1
119,p01_2,0.9011,1
119,bs0_1,0.9083,1
119,bs1_1,0.9094,1
119,ys1_3_d,0.9229,1
119,ys1_1_d,0.9735,0
119,ys0_1_d,1.0184,1
120,ys1_1,0.3740,0
120,ys1_0,0.3740,0
120,ys0_3,0.3740,0
120,ys1_2,0.3740,0
120,xs0_2_q,0.3815,0
120,xs1_0_q,0.3815,0
120,r_4_q,0.3912,0
120,r_3_q,0.3927,0
120,ys0_0,0.3958,1
120,ys1_4,0.3958,1
120,ys0_4,0.3958,1
120,xs0_3_q,0.4103,0
120,xs1_3_q,0.4106,0
120,xs1_4_q,0.4378,1
120,r_0_q,0.4445,1
120,xs0_1_q,0.4771,1
120,xs1_1_q,0.4794,1
120,p01_4,0.4991,0
120,p01_3,0.4996,0
120,p10_4,0.5009,0
120,p10_3,0.5152,1
120,m10_3,0.5310,0
120,p11_3,0.5312,0
120,bs1_3,0.5429,0
120,p11_2,0.5443,0
120,m10_2,0.5460,0
120,as0_4,0.5526,0
120,bs0_1,0.5657,0
120,bs1_1,0.5667,0
120,m01_3,0.5692,1
120,bs0_3,0.5710,1
120,p00_3,0.5714,1
120,p01_0,0.5927,1
120,p10_0,0.5934,1
120,ts0_4,0.6047,0
120,as1_2,0.6087,0
120,m10_0,0.6100,1
120,m01_0,0.6112,1
120,m10_1,0.6120,1
120,p00_1,0.6121,0
120,p00_0,0.6127,1
120,m01_1,0.6128,0
120,p11_0,0.6136,1
120,p11_1,0.6152,1
120,p10_0,0.6239,0
120,ts1_4,0.6241,1
120,p01_0,0.6258,0
120,p10_3,0.6314,0
120,ys1_3_d,0.6518,0
120,p00_3,0.6592,0
120,p10_2,0.6718,1
120,ys1_1_d,0.6797,1
120,ys0_3_d,0.6839,1
120,ys0_1_d,0.6840,0
120,bs0_4,0.6849,0
120,bs0_3,0.6926,0
120,p01_3,0.6988,1
120,m01_4,0.7080,1
120,p01_1,0.7308,0
120,ts1_3,0.7371,0
120,p11_1,0.7404,0
120,ts1_0,0.7437,1
120,ts0_0,0.7497,1
120,p10_1,0.7561,1
120,ts0_1,0.7587,1
120,bs1_3,0.7708,1
120,ys0_0_d,0.7814,0
120,ts1_1,0.7823,1
120,ys0_3_d,0.7888,0
120,ts0_1,0.7980,0
120,bs1_4,0.8301,0
120,p01_4,0.8504,1
120,bs1_0,0.8852,0
120,ys1_3_d,0.8855,1
120,bs0_4,0.9179,1
120,ys1_0_d,0.9276,1
120,ys1_0_d,0.9911,0
120,ys1_1_d,1.0022,0
120,ts0_4,1.0039,1
120,ys0_0_d,1.0321,1
120,bs0_3,1.1572,1
120,ys0_3_d,1.2679,1
121,ys1_4,0.3740,0
121,ys0_1,0.3740,0
121,xs1_4_q,0.3929,0
121,ys0_3,0.3958,1
121,xs1_1_q,0.4103,0
121,xs0_2_q,0.4132,1
121,r_3_q,0.4383,1
121,r_1_q,0.4384,1
121,r_4_q,0.4386,1
121,xs0_4_q,0.4437,1
121,xs0_3_q,0.4899,1
121,as0_2,0.5039,0
121,p10_1,0.5102,0
121,p01_3,0.5103,0
121,p01_4,0.5112,0
121,as1_0,0.5252,0
121,m10_1,0.5316,0
121,as1_4,0.5368,0
121,m01_0,0.5438,0
121,p11_0,0.5451,0
121,bs1_1,0.5703,1
121,p10_4,0.5758,1
121,bs0_3,0.5786,0
121,p01_1,0.5880,1
121,p10_3,0.5885,1
121,p10_1,0.5992,1
121,m01_3,0.6083,0
121,p11_4,0.6196,0
121,ts0_4,0.6224,0
121,ts0_3,0.6253,0
121,as1_2,0.6402,1
121,m10_0,0.6413,0
121,m01_4,0.6541,0
121,ts1_0,0.6654,0
121,p01_0,0.6770,1
121,p00_2,0.6772,1
121,as0_0,0.6801,1
121,ys1_1_d,0.7027,1
121,bs0_3,0.7208,1
121,ts0_2,0.7404,0
121,p01_3,0.7442,1
121,ts0_1,0.7501,1
121,ts1_3,0.7520,1
121,ts0_0,0.7539,0
121,bs1_0,0.7569,1
121,ys1_1_d,0.7717,0
121,p10_0,0.7813,1
121,m10_2,0.7878,1
121,p01_4,0.7939,1
121,p00_0,0.8231,0
121,p00_4,0.8363,1
121,p10_2,0.8484,0
121,ys1_0_d,0.8635,1
121,bs0_4,0.8727,0
121,bs0_1,0.8763,1
121,ts0_3,0.8961,1
121,ts1_0,0.9332,1
121,ts0_0,0.9527,1
121,ts1_2,0.9590,0
121,ys0_0_d,0.9686,0
121,ys0_1_d,0.9862,1
121,bs1_1,1.0646,0
121,bs0_2,1.0750,1
121,bs1_4,1.0967,1
121,ys0_2_d,1.1159,0
121,bs0_4,1.1221,1
121,ys0_3_d,1.1462,0
121,ys1_1_d,1.1649,1
121,ys1_0_d,1.1652,0
121,ys0_0_d,1.2363,1
122,ys0_3,0.3740,0
122,ys0_2,0.3740,0
122,xs1_2_q,0.3815,0
122,xs0_2_q,0.3815,0
122,r_1_q,0.3912,0
122,r_4_q,0.3912,0
122,ys0_1,0.3958,1
122,ys1_4,0.3958,1
122,ys1_1,0.3958,1
122,xs0_3_q,0.4117,0
122,xs0_0_q,0.4132,1
122,xs1_0_q,0.4133,1
122,xs1_3_q,0.4842,1
122,p10_4,0.4990,0
122,p01_1,0.4990,0
122,p10_1,0.4990,0
122,p01_4,0.5009,0
122,as0_0,0.5039,0
122,as1_2,0.5192,0
122,bs0_3,0.5444,0
122,p00_2,0.5460,0
122,m10_2,0.5472,0
122,bs1_3,0.5720,0
122,ts1_4,0.6015,0
122,ts1_1,0.6026,0
122,ts0_1,0.6050,0
122,as0_2,0.6110,1
122,m01_2,0.6168,1
122,ts0_4,0.6240,1
122,as0_4,0.6426,1
122,as1_0,0.6429,1
122,ys0_3_d,0.6472,1
122,p00_4,0.6512,0
122,bs1_3,0.6713,1
122,p00_0,0.6725,1
122,bs1_2,0.6789,1
122,p01_2,0.6801,0
122,ts0_2,0.6818,1
122,p10_2,0.6927,1
122,as1_4,0.7222,1
122,ts0_0,0.7315,0
122,bs0_2,0.7365,0
122,m01_2,0.7384,0
122,ts0_4,0.7544,0
122,ys1_3_d,0.7619,0
122,ts0_2,0.7678,0
122,bs0_3,0.7773,1
122,m10_0,0.7880,1
122,m10_3,0.7918,1
122,p00_3,0.7931,1
122,ys0_2_d,0.7971,1
122,bs0_3,0.8272,0
122,bs1_4,0.8331,0
122,ts1_2,0.8468,1
122,p10_0,0.8485,0
122,p10_3,0.8527,0
122,ts0_3,0.8534,0
122,p01_2,0.8654,1
122,m01_3,0.8683,1
122,p11_3,0.8692,1
122,p11_4,0.8767,1
122,p01_3,0.9276,0
122,ys1_0_d,0.9354,1
122,ys0_3_d,0.9406,0
122,ts1_0,0.9594,0
122,bs1_1,1.0007,1
122,ts0_2,1.0043,1
122,bs0_2,1.0062,1
122,ts1_4,1.0077,1
122,ts0_3,1.0457,1
122,ys0_2_d,1.0608,0
122,ys1_1_d,1.0647,0
122,bs0_2,1.0687,0
122,bs0_1,1.0816,0
122,bs1_3,1.0862,0
122,bs1_4,1.0933,1
122,ys0_2_d,1.1139,1
122,ys1_0_d,1.1597,0
122,ys1_3_d,1.1970,1
122,ys0_1_d,1.1998,0
123,ys1_1,0.3740,0
123,ys0_1,0.3740,0
123,xs1_0_q,0.3815,0
123,xs0_0_q,0.3815,0
123,r_2_q,0.3912,0
123,r_0_q,0.3927,0
123,ys0_2,0.3958,1
123,ys1_2,0.3958,1
123,xs1_3_q,0.4103,0
123,xs0_1_q,0.4107,0
123,xs1_2_q,0.4124,1
123,xs0_2_q,0.4143,1
123,r_1_q,0.4445,1
123,xs0_3_q,0.4798,1
123,xs1_1_q,0.4893,1
123,p10_2,0.4990,0
123,p01_2,0.4991,0
123,p01_0,0.5015,0
123,as1_0,0.5189,0
123,p10_0,0.5275,1
123,m10_3,0.5323,0
123,p11_3,0.5324,0
123,p00_0,0.5441,0
123,m10_0,0.5452,0
123,as1_4,0.5518,0
123,p00_1,0.5680,1
123,bs0_1,0.5695,1
123,bs1_3,0.5713,1
123,bs1_1,0.5758,0
123,p10_1,0.5945,1
123,ts1_2,0.6015,0
123,p01_1,0.6034,1
123,ts0_2,0.6048,0
123,as0_4,0.6073,0
123,m01_3,0.6083,0
123,as0_0,0.6136,1
123,p00_3,0.6158,0
123,m10_1,0.6202,1
123,m01_0,0.6206,1
123,p11_4,0.6254,0
123,ys1_3_d,0.6360,0
123,bs0_3,0.6398,1
123,p10_1,0.6399,0
123,p10_0,0.6452,0
123,p10_3,0.6577,1
123,ts1_0,0.6627,1
123,bs1_0,0.6637,0
123,bs1_1,0.6680,1
123,ys0_1_d,0.6828,1
123,bs0_1,0.6929,0
123,ts1_0,0.7208,0
123,p01_3,0.7324,1
123,m01_0,0.7408,0
123,ts1_4,0.7412,0
123,ys1_1_d,0.7480,1
123,ys0_3_d,0.7499,1
123,p01_0,0.7560,1
123,bs0_4,0.7609,0
123,ys1_0_d,0.7727,1
123,p00_4,0.7976,1
123,p01_0,0.8311,0
123,bs0_0,0.8311,1
123,bs1_4,0.8353,0
123,bs1_3,0.8450,0
123,ys1_0_d,0.9271,0
123,ts0_4,0.9276,1
123,ys1_3_d,0.9454,1
123,bs0_3,1.0059,0
123,ys0_3_d,1.1236,0
124,ys1_4,0.3740,0
124,ys0_4,0.3740,0
124,r_3_q,0.3912,0
124,xs0_4_q,0.3931,0
124,ys0_1,0.3958,1
124,ys1_1,0.3958,1
124,xs1_1_q,0.4106,0
124,xs0_3_q,0.4112,0
124,xs1_0_q,0.4119,1
124,xs0_0_q,0.4148,1
124,r_0_q,0.4439,1
124,r_2_q,0.4445,1
124,xs1_4_q,0.4460,1
124,xs0_1_q,0.4800,1
124,xs1_3_q,0.4873,1
124,p10_3,0.4990,0
124,p01_3,0.4990,0
124,m10_1,0.5314,0
124,bs1_1,0.5437,0
124,bs0_3,0.5731,1
124,p01_0,0.5948,1
124,p10_0,0.5950,1
124,p01_2,0.5959,1
124,p10_2,0.5960,1
124,ts1_3,0.6026,0
124,ts0_3,0.6036,0
124,as0_2,0.6072,0
124,p00_1,0.6162,0
124,bs0_1,0.6409,1
124,as1_2,0.6454,1
124,bs1_3,0.6463,1
124,ys1_1_d,0.6522,0
124,p10_1,0.6763,1
124,ys0_3_d,0.6816,1
124,ys0_1_d,0.7038,0
124,ys1_3_d,0.7097,0
124,ts0_2,0.7363,1
124,ts1_2,0.7479,1
124,ts0_0,0.7484,1
124,ts1_0,0.7491,1
124,ts0_1,0.7495,1
124,m01_2,0.7807,1
124,p11_2,0.7907,1
124,bs0_1,0.7918,0
124,ts1_2,0.8197,0
124,ts1_1,0.8299,1
124,p01_2,0.8398,0
124,bs0_0,0.8492,0
124,bs0_4,0.9077,1
124,ys0_1_d,0.9089,1
124,bs1_4,0.9247,1
124,ys0_1_d,0.9288,0
124,ts0_2,0.9465,0
124,bs1_0,1.0552,1
124,bs0_1,1.0702,1
124,ys1_1_d,1.1714,1
124,ys0_1_d,1.1793,1
125,ys1_3,0.3740,0
125,xs1_0_q,0.3813,0
125,xs0_2_q,0.3814,0
125,xs1_2_q,0.3815,0
125,xs0_0_q,0.3815,0
125,r_0_q,0.3912,0
125,r_1_q,0.3912,0
125,r_2_q,0.3927,0
125,xs1_4_q,0.3936,0
125,ys0_4,0.3958,1
125,ys1_4,0.3958,1
125,ys0_3,0.3958,1
125,xs0_1_q,0.4119,0
125,xs0_4_q,0.4362,1
125,r_3_q,0.4445,1
125,xs1_1_q,0.4752,1
125,p10_0,0.4990,0
125,p01_0,0.4990,0
125,p10_1,0.4990,0
125,p01_1,0.4991,0
125,p10_2,0.5013,0
125,p01_2,0.5272,1
125,bs0_1,0.5467,0
125,m01_1,0.5715,1
125,p10_3,0.5960,1
125,p01_3,0.5960,1
125,ts1_1,0.6020,0
125,ts1_0,0.6024,0
125,ts0_0,0.6027,0
125,ts0_1,0.6042,0
125,p11_1,0.6057,1
125,as1_4,0.6339,1
125,ts1_2,0.6361,1
125,ys0_1_d,0.6543,0
125,as0_4,0.6758,1
125,ts0_2,0.6776,1
125,ts1_1,0.6930,1
125,p01_1,0.7089,1
125,ts1_3,0.7370,1
125,ts0_3,0.7493,1
125,p11_3,0.7789,1
125,m10_4,0.7795,1
125,m01_3,0.7799,1
125,bs0_0,0.7879,1
125,ts1_3,0.8098,0
125,p00_4,0.8178,0
125,m10_3,0.8257,1
125,p00_3,0.8259,1
125,bs0_1,0.8334,1
125,p01_3,0.8386,0
125,ts0_1,0.8475,1
125,bs0_0,0.8812,0
125,p10_3,0.8844,0
125,p10_4,0.9211,1
125,bs0_2,0.9277,1
125,ts0_4,0.9349,0
125,ys0_2_d,0.9684,0
125,ys0_1_d,0.9887,1
125,ys0_3_d,0.9986,0
125,ts1_3,1.0012,1
125,bs0_3,1.0405,0
125,ts1_4,1.0624,1
125,bs1_2,1.0838,0
125,ys0_3_d,1.1236,1
125,bs1_3,1.1419,0
125,ys1_3_d,1.1825,1
125,ys1_3_d,1.2271,0
126,ys1_2,0.3740,0
126,ys0_2,0.3740,0
126,xs0_4_q,0.3932,0
126,xs1_1_q,0.4097,0
126,xs1_0_q,0.4119,1
126,xs0_2_q,0.4124,1
126,xs1_2_q,0.4144,1
126,xs0_0_q,0.4148,1
126,r_2_q,0.4386,1
126,r_1_q,0.4386,1
126,xs1_4_q,0.4471,1
126,xs0_1_q,0.4898,1
126,p01_2,0.5111,0
126,p01_1,0.5112,0
126,p11_1,0.5295,0
126,as0_4,0.5376,0
126,as1_4,0.5494,0
126,bs1_1,0.5683,1
126,p10_1,0.5720,1
126,p10_2,0.5754,1
126,bs0_1,0.5776,0
126,ts0_2,0.6224,0
126,m01_1,0.6242,0
126,ts0_1,0.6250,0
126,ys1_1_d,0.6335,0
126,ts1_2,0.6559,0
126,m10_3,0.6671,0
126,p00_3,0.6672,0
126,bs0_4,0.6710,0
126,m10_4,0.6826,0
126,p00_4,0.6921,1
126,p11_3,0.6965,0
126,m01_3,0.6967,0
126,bs1_4,0.6972,0
126,ys0_1_d,0.7003,0
126,bs0_1,0.7196,1
126,p01_1,0.7633,1
126,bs1_1,0.7646,0
126,ys1_0_d,0.7859,1
126,ys0_0_d,0.7882,0
126,ts0_3,0.7921,0
126,p10_3,0.7936,1
126,p10_4,0.7997,0
126,bs0_0,0.8147,1
126,p01_3,0.8266,1
126,ts0_4,0.8335,1
126,ys1_1_d,0.8646,1
126,ys0_0_d,0.9017,1
126,ts0_1,0.9027,1
126,ts1_4,0.9046,0
126,bs0_2,0.9082,0
126,ys0_2_d,0.9548,1
126,bs0_0,0.9565,0
126,ts0_3,0.9581,1
126,bs0_3,0.9883,1
126,bs1_3,1.0340,1
126,ys0_1_d,1.0649,1
126,ys0_0_d,1.0822,0
126,bs0_2,1.1314,1
126,ys1_3_d,1.1441,1
126,ys0_2_d,1.1723,0
126,ys0_3_d,1.2028,0
127,ys0_3,0.3740,0
127,ys0_4,0.3740,0
127,ys1_4,0.3740,0
127,ys0_0,0.3740,0
127,xs0_2_q,0.3814,0
127,xs1_0_q,0.3815,0
127,xs0_0_q,0.3815,0
127,r_2_q,0.3922,0
127,ys1_3,0.3958,1
127,ys1_0,0.3958,1
127,xs1_3_q,0.4098,0
127,xs0_4_q,0.4353,1
127,xs0_3_q,0.4905,1
127,p10_2,0.5005,0
127,p01_2,0.5268,1
127,bs1_3,0.5427,0
127,m01_2,0.5429,0
127,p11_2,0.5432,0
127,bs0_3,0.5787,0
127,as1_0,0.6093,1
127,as0_2,0.6131,1
127,m10_2,0.6237,1
127,p00_2,0.6258,1
127,as1_4,0.6427,1
127,p01_2,0.6450,0
127,ys1_3_d,0.6519,0
127,ys0_3_d,0.6935,1
127,ts0_2,0.7251,1
127,bs1_0,0.7361,0
127,bs0_2,0.7387,0
127,p00_2,0.7391,0
127,m10_0,0.7551,1
127,m01_4,0.7565,1
127,p10_2,0.7603,1
127,m10_4,0.7907,1
127,bs0_1,0.8008,0
127,ys0_2_d,0.8012,1
127,p11_4,0.8095,1
127,bs1_4,0.8165,1
127,ts0_2,0.8372,0
127,ys0_3_d,0.8465,0
127,ys1_1_d,0.8569,0
127,p01_4,0.8858,1
127,p10_0,0.8979,1
127,ts1_2,0.9137,1
127,bs0_1,0.9202,1
127,p10_4,0.9408,1
127,ts0_4,0.9642,0
127,ts1_0,1.0389,1
127,bs1_1,1.0677,1
127,bs0_3,1.1011,1
127,bs1_4,1.1215,0
127,ys1_1_d,1.1791,1
127,ys0_3_d,1.2117,1
127,ys1_0_d,1.2307,0
128,ys1_0,0.3740,0
128,ys1_3,0.3740,0
128,xs1_4_q,0.3930,0
128,ys0_3,0.3958,1
128,ys0_2,0.3958,1
128,xs0_3_q,0.4117,0
128,xs0_2_q,0.4132,1
128,r_4_q,0.4330,1
128,r_2_q,0.4383,1
128,xs1_3_q,0.4760,1
128,as0_2,0.5038,0
128,p10_4,0.5041,0
128,p01_4,0.5042,0
128,p10_2,0.5099,0
128,as1_0,0.5236,0
128,bs0_3,0.5447,0
128,m10_2,0.5461,0
128,m01_3,0.5705,1
128,p01_2,0.5877,1
128,p11_2,0.6066,1
128,p11_3,0.6083,1
128,p01_3,0.6309,0
128,ts0_4,0.6342,1
128,m10_0,0.6396,0
128,as0_4,0.6429,1
128,ts1_4,0.6454,1
128,p11_4,0.6523,0
128,p10_2,0.6527,1
128,m01_4,0.6527,0
128,ts1_3,0.6709,0
128,m01_2,0.6749,1
128,bs0_2,0.6909,1
128,ts1_2,0.7135,0
128,p01_2,0.7208,0
128,ts0_2,0.7309,1
128,ys0_2_d,0.7330,0
128,bs1_0,0.7339,1
128,ts0_3,0.7429,0
128,ts1_4,0.7514,0
128,p10_0,0.7564,0
128,p01_4,0.7810,1
128,p00_4,0.7851,0
128,bs0_3,0.7878,1
128,p00_3,0.7933,1
128,m10_3,0.7953,1
128,ts0_2,0.8072,0
128,ys1_1_d,0.8096,0
128,bs1_2,0.8278,1
128,bs1_1,0.8318,0
128,bs0_2,0.8346,0
128,bs0_4,0.8356,1
128,ys1_0_d,0.8552,1
128,p10_3,0.8574,0
128,ts1_0,0.8614,0
128,bs1_3,0.8790,1
128,ys0_2_d,0.8822,1
128,ys1_1_d,0.8893,1
128,ts0_3,0.9265,1
128,ys0_0_d,0.9492,1
128,ts1_3,0.9762,1
128,bs1_4,0.9985,1
128,bs1_2,1.0479,0
128,ys1_0_d,1.0639,0
128,bs0_2,1.1031,1
128,ys0_2_d,1.1440,0
128,ys1_3_d,1.1447,1
128,ys0_3_d,1.1743,0
129,ys0_3,0.3740,0
129,ys0_2,0.3740,0
129,r_4_q,0.3922,0
129,r_3_q,0.3941,0
129,ys1_3,0.3958,1
129,ys0_0,0.3958,1
129,ys1_4,0.3958,1
129,ys0_4,0.3958,1
129,xs0_1_q,0.4117,0
129,r_0_q,0.4442,1
129,xs1_1_q,0.4788,1
129,p01_4,0.4992,0
129,p01_3,0.5153,1
129,p10_3,0.5154,1
129,p10_4,0.5259,1
129,bs0_1,0.5455,0
129,m01_1,0.5711,1
129,ts0_3,0.5912,0
129,ts1_3,0.5926,0
129,p01_0,0.5952,1
129,p10_0,0.5962,1
129,as1_2,0.6005,0
129,ts0_4,0.6027,0
129,p11_1,0.6182,1
129,p01_1,0.6314,0
129,bs1_1,0.6372,1
129,as0_2,0.6443,1
129,ys0_1_d,0.6549,0
129,ts1_4,0.6672,1
129,ts1_1,0.6846,0
129,ys1_1_d,0.7006,0
129,bs0_3,0.7083,0
129,p11_1,0.7268,0
129,ts0_0,0.7372,1
129,p11_2,0.7378,0
129,ts1_0,0.7381,1
129,ts0_1,0.7430,0
129,m01_1,0.7450,0
129,bs1_3,0.7470,0
129,m01_2,0.7860,0
129,p00_1,0.7915,1
129,m10_1,0.7927,1
129,ys0_3_d,0.8106,1
129,bs0_4,0.8229,0
129,bs1_4,0.8252,0
129,bs1_0,0.8347,0
129,ts1_1,0.8358,1
129,p10_1,0.8555,0
129,ys1_3_d,0.8655,0
129,ts1_2,0.8700,1
129,p01_1,0.8947,1
129,bs1_0,0.9067,1
129,p01_2,0.9315,1
129,ys1_0_d,0.9325,1
129,bs1_1,0.9483,0
129,ts1_1,0.9486,0
129,bs0_0,0.9544,1
129,ys1_1_d,1.0461,1
129,bs1_0,1.0466,0
129,ys0_1_d,1.0706,1
129,ts0_2,1.0851,1
129,ys1_1_d,1.1359,0
129,ys1_0_d,1.1607,0
129,bs0_1,1.2366,1
129,ys0_1_d,1.2986,0
130,ys0_4,0.3740,0
130,ys1_4,0.3740,0
130,ys1_3,0.3740,0
130,ys0_1,0.3740,0
130,ys1_1,0.3740,0
130,r_2_q,0.3912,0
130,r_1_q,0.3927,0
130,ys0_3,0.3958,1
130,xs1_1_q,0.4103,0
130,xs0_0_q,0.4132,1
130,xs1_0_q,0.4133,1
130,r_3_q,0.4329,1
130,r_4_q,0.4386,1
130,xs0_1_q,0.4796,1
130,p01_2,0.4990,0
130,p10_2,0.4991,0
130,p01_1,0.5011,0
130,p01_3,0.5041,0
130,p10_3,0.5041,0
130,as0_0,0.5042,0
130,p10_4,0.5112,0
130,p10_1,0.5273,1
130,m10_1,0.5308,0
130,bs0_1,0.5671,0
130,bs1_1,0.5699,1
130,p01_4,0.5883,1
130,ts0_2,0.6015,0
130,ts1_2,0.6047,0
130,as0_2,0.6057,0
130,ts0_1,0.6124,1
130,p00_1,0.6148,0
130,ts1_4,0.6248,0
130,p10_1,0.6275,0
130,ts0_3,0.6282,1
130,as1_2,0.6387,1
130,as1_0,0.6392,1
130,ts1_3,0.6407,1
130,m10_4,0.6523,0
130,p00_0,0.6767,1
130,bs0_1,0.6824,1
130,ys1_1_d,0.6837,1
130,bs1_1,0.6927,0
130,ts0_1,0.7118,0
130,ts0_0,0.7392,0
130,ts0_4,0.7426,1
130,bs1_3,0.7543,1
130,m01_2,0.7797,1
130,p11_2,0.7874,1
130,p11_4,0.7878,1
130,m10_0,0.7889,1
130,p10_4,0.7912,1
130,ys1_1_d,0.8056,0
130,bs0_0,0.8328,0
130,p10_0,0.8494,0
130,bs1_0,0.8623,1
130,ys1_3_d,0.8643,1
130,bs0_4,0.8810,1
130,bs0_3,0.8964,1
130,p01_2,0.9218,1
130,ys0_1_d,0.9234,1
130,ts1_2,0.9297,1
130,ys0_3_d,0.9604,0
130,ys1_1_d,0.9612,1
130,ts1_0,0.9614,0
130,ys1_0_d,0.9834,1
130,ts0_2,1.0637,1
130,bs1_1,1.0805,1
130,bs1_4,1.0994,1
130,ys1_1_d,1.1381,0
130,bs0_1,1.1435,0
130,ys1_0_d,1.1612,0
130,ys0_1_d,1.2606,0
131,ys0_3,0.3740,0
131,r_4_q,0.3912,0
131,r_3_q,0.3933,0
131,xs0_4_q,0.3943,0
131,ys1_3,0.3958,1
131,ys1_4,0.3958,1
131,ys0_4,0.3958,1
131,xs0_1_q,0.4112,0
131,r_2_q,0.4386,1
131,xs1_4_q,0.4388,1
131,xs1_1_q,0.4789,1
131,p01_4,0.4990,0
131,p10_4,0.5009,0
131,p01_2,0.5114,0
131,p01_3,0.5141,1
131,p10_3,0.5141,1
131,as0_4,0.5391,0
131,as1_4,0.5395,0
131,as1_0,0.5421,0
131,p00_0,0.5456,0
131,m10_0,0.5469,0
131,bs1_1,0.5645,0
131,bs0_1,0.5704,1
131,m01_1,0.5708,1
131,p10_2,0.5763,1
131,ts0_3,0.5898,0
131,ts1_3,0.5918,0
131,as1_2,0.5993,0
131,ts0_4,0.6026,0
131,m01_0,0.6102,1
131,as0_0,0.6173,1
131,p11_1,0.6173,1
131,ts1_4,0.6186,1
131,ts0_2,0.6254,0
131,p11_4,0.6417,0
131,as0_2,0.6435,1
131,ts1_2,0.6503,0
131,p00_3,0.6688,0
131,m10_3,0.6688,0
131,ts0_0,0.6734,1
131,p01_0,0.6738,0
131,ys1_1_d,0.6784,1
131,ys0_1_d,0.6835,1
131,p11_3,0.6864,0
131,m01_3,0.6868,0
131,bs1_4,0.6869,0
131,p10_0,0.6933,1
131,bs1_3,0.6953,0
131,bs1_0,0.6996,0
131,bs0_3,0.7082,0
131,p01_1,0.7121,1
131,bs0_1,0.7177,0
131,p11_1,0.7251,0
131,p11_2,0.7367,0
131,ts1_4,0.7401,0
131,m01_1,0.7439,0
131,m01_0,0.7500,0
131,ts1_1,0.7549,1
131,ts0_0,0.7622,0
131,p00_4,0.7705,1
131,bs1_1,0.7791,1
131,m01_2,0.7852,0
131,p10_3,0.7875,0
131,m10_1,0.7920,1
131,p00_1,0.7945,1
131,ts0_3,0.8007,1
131,p01_3,0.8055,0
131,ts1_1,0.8094,0
131,ys0_3_d,0.8105,1
131,ts1_3,0.8163,1
131,ys1_3_d,0.8206,0
131,bs1_3,0.8385,1
131,bs0_0,0.8399,1
131,ts1_0,0.8447,1
131,p01_1,0.8464,0
131,ts1_3,0.8548,0
131,ts1_2,0.8625,1
131,bs0_4,0.8707,0
131,p01_0,0.8833,1
131,ts0_3,0.8874,0
131,ts0_4,0.9122,1
131,bs1_1,0.9130,0
131,ys1_3_d,0.9241,1
131,p10_1,0.9277,1
131,p01_2,0.9295,1
131,ts0_1,0.9536,1
131,bs1_4,1.0189,1
131,bs0_0,1.0197,0
131,ys1_1_d,1.0324,0
131,ts0_0,1.0349,1
131,bs0_3,1.0646,1
131,ts1_1,1.0792,1
131,ts0_2,1.0836,1
131,ys0_3_d,1.1285,0
131,ys1_0_d,1.1331,1
131,ys0_1_d,1.1405,0
131,ys0_0_d,1.1653,0
131,bs0_4,1.1984,1
131,bs0_1,1.2343,1
131,ys0_0_d,1.2856,1
131,bs1_0,1.2933,1
131,ys0_1_d,1.3428,1
131,ys1_0_d,1.3655,0
131,ys1_1_d,1.4092,1
132,xs1_0_q,0.3813,0
132,xs1_2_q,0.3814,0
132,xs0_2_q,0.3815,0
132,xs0_0_q,0.3815,0
132,r_0_q,0.3912,0
132,xs1_4_q,0.3936,0
132,ys1_1,0.3958,1
132,ys0_1,0.3958,1
132,xs1_1_q,0.4108,0
132,xs0_4_q,0.4362,1
132,xs0_1_q,0.4770,1
132,p01_0,0.4990,0
132,p10_0,0.4990,0
132,m10_1,0.5333,0
132,bs0_1,0.5654,0
132,bs1_1,0.5723,1
132,ts1_0,0.6025,0
132,ts0_0,0.6027,0
132,p00_1,0.6121,0
132,as1_4,0.6340,1
132,ys1_1_d,0.6369,0
132,p10_1,0.6502,0
132,as0_4,0.6759,1
132,ys0_1_d,0.6840,0
132,ts0_1,0.7303,0
132,ts1_1,0.7537,0
132,m10_4,0.7797,1
132,p11_3,0.7802,1
132,m01_3,0.7804,1
132,p00_4,0.8179,0
132,m10_3,0.8258,1
132,p00_3,0.8262,1
132,bs1_0,0.8732,0
132,p10_4,0.9212,1
132,bs0_0,0.9229,1
132,ts1_3,0.9231,1
132,p01_3,0.9319,1
132,ts0_4,0.9348,0
132,p10_3,0.9545,1
132,ys1_1_d,0.9642,1
132,ts1_3,0.9734,0
132,ys1_0_d,0.9817,1
132,ys0_0_d,1.0004,0
132,ys0_1_d,1.0387,1
132,bs0_3,1.0404,0
132,ts1_4,1.0623,1
132,bs1_3,1.1421,0
132,ys0_3_d,1.1429,1
132,ys1_3_d,1.2606,0
133,ys1_3,0.3740,0
133,ys0_0,0.3740,0
133,r_2_q,0.3912,0
133,xs0_4_q,0.3932,0
133,ys0_3,0.3958,1
133,ys1_0,0.3958,1
133,xs1_3_q,0.4103,0
133,xs0_1_q,0.4107,0
133,xs1_2_q,0.4131,1
133,xs0_2_q,0.4144,1
133,xs0_0_q,0.4148,1
133,r_1_q,0.4439,1
133,xs0_3_q,0.4777,1
133,p10_2,0.4990,0
133,p01_2,0.4991,0
133,m10_3,0.5324,0
133,p11_3,0.5325,0
133,as1_4,0.5516,0
133,p00_1,0.5676,1
133,bs0_1,0.5700,1
133,bs1_3,0.5708,1
133,p10_1,0.5955,1
133,p01_1,0.5989,1
133,ts1_2,0.6026,0
133,ts0_2,0.6047,0
133,m01_3,0.6071,0
133,p00_3,0.6134,0
133,ys0_1_d,0.6362,0
133,as1_2,0.6375,1
133,bs0_3,0.6386,1
133,p10_3,0.6516,0
133,m10_4,0.6677,0
133,ys1_3_d,0.6827,1
133,ts1_3,0.6844,1
133,bs1_4,0.6846,0
133,bs0_1,0.6933,0
133,ys0_3_d,0.7016,0
133,bs1_1,0.7082,0
133,ts1_3,0.7153,0
133,p01_3,0.7253,0
133,ts0_3,0.7486,1
133,ts1_1,0.7495,1
133,ys1_0_d,0.7817,0
133,p10_4,0.7846,0
133,m01_1,0.7859,1
133,m10_2,0.7866,1
133,ys0_1_d,0.7898,1
133,ts0_3,0.7971,0
133,ys1_1_d,0.8173,0
133,p01_1,0.8454,0
133,bs1_2,0.8487,1
133,ts1_4,0.8882,0
133,ys1_3_d,0.9154,0
133,p10_2,0.9295,1
133,bs1_0,0.9583,1
133,ts0_1,0.9670,1
133,bs1_3,0.9935,0
133,bs0_0,1.0672,0
133,ys1_1_d,1.0746,1
133,ys1_0_d,1.0817,1
133,ts1_2,1.0834,1
133,ys1_3_d,1.0899,1
133,ys0_1_d,1.1840,0
133,ys0_0_d,1.1910,1
133,bs1_1,1.2347,1
133,ys1_1_d,1.2964,0
134,ys0_3,0.3740,0
134,ys1_1,0.3740,0
134,ys0_1,0.3740,0
134,ys1_4,0.3740,0
134,xs1_2_q,0.3815,0
134,xs0_2_q,0.3815,0
134,ys0_0,0.3958,1
134,ys1_3,0.3958,1
134,ys1_2,0.3958,1
134,xs0_3_q,0.4104,0
134,xs1_0_q,0.4119,1
134,r_2_q,0.4386,1
134,r_3_q,0.4439,1
134,r_0_q,0.4445,1
134,xs1_4_q,0.4473,1
134,p10_2,0.5109,0
134,as1_2,0.5196,0
134,as0_2,0.5199,0
134,bs0_3,0.5444,0
134,m10_2,0.5470,0
134,as0_4,0.5527,0
134,p00_3,0.5707,1
134,p01_2,0.5882,1
134,p10_3,0.5949,1
134,p01_0,0.5956,1
134,p10_0,0.5960,1
134,p01_3,0.5976,1
134,p10_2,0.6446,1
134,m01_1,0.6481,0
134,ys0_3_d,0.6490,1
134,p00_1,0.6495,0
134,bs1_2,0.6526,0
134,p00_3,0.6584,0
134,bs0_2,0.6586,0
134,as1_4,0.6796,1
134,bs0_4,0.6859,0
134,ys0_2_d,0.7056,1
134,p00_4,0.7073,1
134,ts0_2,0.7423,1
134,ts0_0,0.7427,1
134,ys0_3_d,0.7441,0
134,ts1_3,0.7443,1
134,ys1_3_d,0.7490,0
134,ts1_0,0.7595,1
134,p01_1,0.7738,1
134,ys0_0_d,0.7825,0
134,ts0_3,0.7856,1
134,m01_3,0.8264,1
134,m10_4,0.8265,1
134,ts0_4,0.8486,1
134,p01_3,0.8875,0
134,bs0_1,0.8965,1
134,bs0_4,0.9093,1
134,bs1_2,0.9155,1
134,p10_4,0.9687,1
134,bs0_2,0.9747,1
134,ts0_3,0.9942,0
134,bs0_3,1.0046,1
134,ys0_1_d,1.0076,1
134,ys0_2_d,1.0177,0
134,ys0_0_d,1.0223,1
134,ys1_3_d,1.0299,1
134,bs0_2,1.0777,0
134,ts1_4,1.1226,1
134,ys0_2_d,1.1271,1
134,ys0_3_d,1.1643,1
134,bs1_3,1.2758,1
134,ys1_3_d,1.3391,0
135,ys1_3,0.3740,0
135,xs0_0_q,0.3815,0
135,r_3_q,0.3927,0
135,xs1_4_q,0.3944,0
135,ys0_1,0.3958,1
135,ys0_3,0.3958,1
135,ys0_2,0.3958,1
135,xs0_2_q,0.4131,1
135,xs0_4_q,0.4365,1
135,xs1_3_q,0.4764,1
135,p10_3,0.4995,0
135,p01_3,0.5273,1
135,bs1_3,0.5621,0
135,ts1_3,0.6025,0
135,p11_3,0.6062,1
135,m01_2,0.6079,1
135,as1_0,0.6135,1
135,as0_2,0.6401,1
135,p01_2,0.6682,0
135,as0_4,0.6731,1
135,ys1_3_d,0.6738,1
135,ts0_3,0.6867,1
135,ts1_3,0.6927,1
135,bs1_0,0.7395,0
135,p11_4,0.7577,1
135,ts0_2,0.7788,0
135,m01_2,0.7788,0
135,bs0_4,0.7845,0
135,p00_1,0.7925,1
135,p00_4,0.8144,0
135,ts1_4,0.8206,0
135,m10_3,0.8211,1
135,p00_3,0.8217,1
135,ys1_1_d,0.8481,1
135,ts0_1,0.8552,0
135,ys1_0_d,0.8702,0
135,ts0_3,0.8768,0
135,bs0_1,0.8847,0
135,ys0_0_d,0.8974,0
135,p01_2,0.9175,1
135,ts0_4,0.9314,0
135,p10_3,0.9511,1
135,bs1_3,0.9546,1
135,ys1_3_d,1.0176,0
135,ts1_3,1.0259,0
135,bs0_0,1.0346,1
135,bs0_2,1.0357,1
135,bs0_3,1.0372,0
135,ts0_2,1.0705,1
135,ys0_2_d,1.0741,0
135,bs1_2,1.1457,0
135,ys0_0_d,1.1545,1
135,bs0_1,1.2223,1
135,ys1_3_d,1.2317,1
135,ys0_1_d,1.2860,0
136,ys0_1,0.3740,0
136,ys0_2,0.3740,0
136,ys1_2,0.3740,0
136,ys1_0,0.3740,0
136,ys0_4,0.3740,0
136,xs0_2_q,0.3815,0
136,xs1_0_q,0.3815,0
136,ys1_3,0.3958,1
136,ys1_1,0.3958,1
136,r_3_q,0.4329,1
136,r_4_q,0.4386,1
136,xs1_1_q,0.4848,1
136,p10_3,0.5041,0
136,p01_3,0.5049,0
136,p10_4,0.5139,0
136,as1_0,0.5170,0
136,as0_2,0.5199,0
136,bs1_1,0.5725,0
136,p01_4,0.5874,1
136,ts0_3,0.6231,1
136,ts1_4,0.6387,1
136,ts1_3,0.6402,1
136,p11_4,0.6455,0
136,p00_1,0.6499,0
136,m01_2,0.6747,1
136,bs1_3,0.7146,0
136,bs1_0,0.7185,1
136,as1_2,0.7299,1
136,p01_2,0.7350,0
136,ts0_4,0.7418,1
136,ts1_4,0.7437,0
136,ts0_1,0.7826,1
136,bs1_3,0.8130,1
136,ys1_0_d,0.8400,1
136,ts0_2,0.8456,0
136,p11_1,0.8746,1
136,p11_2,0.8751,1
136,m01_1,0.8762,1
136,bs0_0,0.8864,0
136,bs0_3,0.8956,1
136,ts1_1,0.9362,0
136,p01_1,0.9378,0
136,ts1_2,0.9385,0
136,bs0_1,0.9512,0
136,ys0_3_d,0.9595,0
136,ys0_1_d,0.9897,1
136,ys0_0_d,1.0149,0
136,ys0_1_d,1.0273,0
136,ts0_1,1.0471,0
136,bs1_0,1.0593,0
136,bs1_1,1.0762,1
136,ys1_0_d,1.1727,0
136,bs0_0,1.2290,1
136,ys0_1_d,1.3453,1
136,ys0_0_d,1.3513,1
137,ys0_3,0.3740,0
137,r_0_q,0.3912,0
137,r_4_q,0.3922,0
137,r_2_q,0.3927,0
137,r_1_q,0.3927,0
137,ys0_1,0.3958,1
137,xs0_2_q,0.4131,1
137,xs1_2_q,0.4132,1
137,xs0_0_q,0.4132,1
137,xs0_3_q,0.4804,1
137,p01_0,0.4990,0
137,p10_0,0.4990,0
137,p01_4,0.4991,0
137,p10_2,0.5015,0
137,p10_1,0.5015,0
137,as1_2,0.5016,0
137,as0_0,0.5041,0
137,p10_4,0.5259,1
137,p01_1,0.5272,1
137,p01_2,0.5275,1
137,bs0_3,0.5687,0
137,ts0_4,0.6016,0
137,ts0_0,0.6040,0
137,ts1_0,0.6045,0
137,as0_4,0.6066,0
137,m01_3,0.6153,0
137,p00_3,0.6162,0
137,p00_2,0.6169,1
137,ts1_2,0.6192,1
137,ts1_1,0.6318,1
137,p11_2,0.6339,0
137,as0_2,0.6422,1
137,p11_1,0.6476,0
137,m01_1,0.6479,0
137,m10_4,0.6519,0
137,ts0_1,0.6672,1
137,ts1_4,0.6672,1
137,m01_0,0.6728,1
137,bs0_3,0.6796,1
137,bs1_2,0.6812,1
137,bs1_1,0.6955,0
137,ts1_2,0.7327,0
137,p01_3,0.7412,1
137,bs1_3,0.7471,0
137,ts1_1,0.7476,0
137,bs1_4,0.7562,1
137,m10_3,0.7601,0
137,p01_1,0.7621,0
137,bs0_2,0.7656,0
137,p10_4,0.7677,0
137,p00_2,0.7784,0
137,m01_2,0.7834,0
137,m10_1,0.7913,1
137,p00_1,0.7922,1
137,p01_0,0.8146,1
137,bs1_1,0.8177,1
137,ys0_2_d,0.8310,1
137,ts1_4,0.8665,0
137,ys0_3_d,0.8689,1
137,p10_3,0.8940,1
137,ys1_0_d,0.8944,1
137,p01_2,0.9013,0
137,ts0_2,0.9230,1
137,p10_1,0.9318,1
137,ts0_0,0.9674,1
137,ts0_2,0.9706,0
137,ts1_3,0.9713,0
137,bs1_3,0.9923,1
137,ys1_3_d,1.0546,0
137,ts1_1,1.0851,1
137,bs1_2,1.0896,0
137,bs0_4,1.1307,1
137,ys1_3_d,1.1614,1
137,ys0_0_d,1.1994,0
137,bs1_0,1.2921,1
137,ys1_1_d,1.3666,0
137,ys1_0_d,1.3676,0
138,ys1_1,0.3740,0
138,ys0_0,0.3740,0
138,xs1_2_q,0.3814,0
138,xs0_2_q,0.3815,0
138,xs0_4_q,0.3943,0
138,ys0_3,0.3958,1
138,ys0_4,0.3958,1
138,ys0_2,0.3958,1
138,ys1_4,0.3958,1
138,xs1_3_q,0.4096,0
138,xs1_1_q,0.4106,0
138,xs1_0_q,0.4120,1
138,r_2_q,0.4442,1
138,xs1_4_q,0.4487,1
138,xs0_1_q,0.4769,1
138,p11_3,0.5298,0
138,m10_1,0.5331,0
138,bs1_3,0.5428,0
138,bs1_1,0.5451,0
138,m01_0,0.5462,0
138,p10_2,0.5943,1
138,p01_2,0.5957,1
138,p00_0,0.6115,1
138,p00_1,0.6125,0
138,as0_0,0.6184,1
138,as0_4,0.6326,1
138,bs0_1,0.6380,1
138,ys1_1_d,0.6476,1
138,p10_1,0.6500,0
138,ys1_3_d,0.6513,0
138,p01_0,0.6623,0
138,ts1_3,0.6753,1
138,ys0_1_d,0.7096,0
138,ts0_1,0.7284,0
138,ts0_2,0.7361,1
138,ts1_2,0.7471,1
138,p00_0,0.7502,0
138,ts1_1,0.7535,0
138,bs0_4,0.7561,0
138,m10_4,0.7682,1
138,bs0_1,0.7930,0
138,bs1_2,0.8486,1
138,ys0_0_d,0.8596,1
138,ts0_0,0.8614,0
138,bs1_0,0.8730,0
138,ys0_1_d,0.8940,1
138,bs1_1,0.9038,1
138,p10_4,0.9100,1
138,ys1_3_d,0.9627,1
138,ys1_0_d,0.9813,1
138,bs0_4,0.9923,1
138,ys0_0_d,1.0562,0
138,ts1_4,1.0632,1
138,bs1_3,1.2164,1
138,ys1_3_d,1.2798,0
139,ys1_3,0.3740,0
139,ys1_1,0.3958,1
139,ys1_0,0.3958,1
139,ys1_2,0.3958,1
139,r_4_q,0.4386,1
139,p10_4,0.5113,0
139,p01_4,0.5884,1
139,ts1_4,0.6235,0
139,bs1_3,0.7291,0
139,ts0_4,0.7301,1
139,bs0_3,0.8098,0
139,ys1_3_d,0.8315,1
139,ys0_3_d,0.9292,0
140,ys0_3,0.3740,0
140,xs0_0_q,0.3815,0
140,xs1_0_q,0.3815,0
140,r_2_q,0.3912,0
140,r_4_q,0.3922,0
140,ys1_3,0.3958,1
140,xs0_3_q,0.4104,0
140,xs0_1_q,0.4107,0
140,xs1_2_q,0.4124,1
140,xs0_2_q,0.4144,1
140,xs1_3_q,0.4792,1
140,xs1_1_q,0.4888,1
140,p10_2,0.4990,0
140,p01_2,0.4991,0
140,p01_4,0.4992,0
140,as0_0,0.5200,0
140,p10_4,0.5272,1
140,as0_4,0.5531,0
140,p00_1,0.5688,1
140,bs0_1,0.5705,1
140,m01_3,0.5705,1
140,bs0_3,0.5710,1
140,p00_3,0.5717,1
140,bs1_1,0.5748,0
140,ts1_2,0.6015,0
140,as1_4,0.6026,0
140,ts0_2,0.6047,0
140,ts0_4,0.6049,0
140,as1_0,0.6109,1
140,p11_3,0.6187,1
140,m10_1,0.6201,1
140,p01_3,0.6291,0
140,ys0_1_d,0.6398,0
140,m10_4,0.6472,0
140,bs1_3,0.6508,1
140,bs0_0,0.6589,0
140,p00_3,0.6593,0
140,bs1_1,0.6672,1
140,ts1_4,0.6691,1
140,bs1_3,0.6784,0
140,m01_0,0.6785,1
140,ys0_3_d,0.6836,1
140,ts1_3,0.6845,0
140,bs0_4,0.6879,0
140,bs0_3,0.6928,0
140,bs0_1,0.6931,0
140,ts0_1,0.7035,1
140,ys0_1_d,0.7109,1
140,p11_3,0.7286,0
140,m01_3,0.7460,0
140,bs1_4,0.7518,0
140,p10_4,0.7612,0
140,p11_0,0.7615,1
140,p10_1,0.7617,1
140,ts0_3,0.7653,0
140,m01_4,0.7668,1
140,ys0_1_d,0.7778,0
140,ys0_3_d,0.7888,0
140,bs1_2,0.8151,0
140,p01_0,0.8195,1
140,bs1_0,0.8399,1
140,ts1_3,0.8400,1
140,ts1_4,0.8597,0
140,p01_3,0.8824,1
140,bs0_0,0.8911,1
140,ts1_0,0.9013,1
140,ts1_1,0.9019,1
140,p01_4,0.9096,1
140,bs0_2,0.9245,1
140,ys1_3_d,0.9340,0
140,bs1_0,0.9407,0
140,ys1_1_d,0.9511,0
140,bs1_2,0.9610,1
140,ys0_2_d,0.9659,0
140,ts0_0,0.9728,1
140,ys1_1_d,0.9819,1
140,bs1_3,0.9854,1
140,ys0_1_d,1.0051,1
140,ys0_0_d,1.0121,1
140,ts0_3,1.0224,1
140,ys0_3_d,1.0384,1
140,bs1_4,1.0594,1
140,ts0_4,1.0632,1
140,bs0_2,1.0798,0
140,bs0_4,1.1335,1
140,ys0_2_d,1.1441,1
140,ys0_3_d,1.1928,0
140,ys0_0_d,1.1959,0
140,bs0_3,1.2139,1
140,ys0_3_d,1.3003,1
141,ys1_3,0.3740,0
141,ys0_3,0.3958,1
141,xs1_3_q,0.4094,0
141,xs1_1_q,0.4106,0
141,xs0_0_q,0.4131,1
141,xs1_0_q,0.4132,1
141,r_0_q,0.4386,1
141,xs0_1_q,0.4805,1
141,xs0_3_q,0.4861,1
141,as1_0,0.5028,0
141,p01_0,0.5109,0
141,m10_1,0.5314,0
141,bs1_3,0.5421,0
141,bs1_1,0.5437,0
141,p11_0,0.5440,0
141,m01_0,0.5443,0
141,p10_0,0.5733,1
141,bs0_3,0.5768,0
141,as0_2,0.6089,0
141,p00_0,0.6141,1
141,p00_1,0.6169,0
141,as1_4,0.6393,1
141,as0_0,0.6412,1
141,bs0_1,0.6413,1
141,as1_2,0.6418,1
141,p01_0,0.6437,1
141,ys1_3_d,0.6444,1
141,p10_1,0.6483,0
141,m01_4,0.6491,0
141,ys1_1_d,0.6937,0
141,ys0_3_d,0.6973,0
141,ts0_0,0.7072,0
141,ys0_1_d,0.7078,0
141,bs1_0,0.7237,1
141,ts0_1,0.7331,0
141,as0_4,0.7338,1
141,bs1_4,0.7453,0
141,ts1_1,0.7534,0
141,bs1_2,0.7562,0
141,p01_4,0.7665,0
141,p00_0,0.7770,0
141,p00_2,0.7827,1
141,m10_2,0.7882,1
141,ys1_1_d,0.7898,1
141,bs0_2,0.8048,1
141,m10_4,0.8167,1
141,bs1_0,0.8434,0
141,ys0_2_d,0.8471,0
141,ys1_3_d,0.8668,0
141,ts0_4,0.9026,0
141,ts0_0,0.9031,1
141,ts0_2,0.9129,1
141,ys0_3_d,0.9173,1
141,p10_2,0.9308,1
141,ys1_1_d,0.9423,0
141,ys1_0_d,0.9579,0
141,p10_4,0.9588,1
141,bs0_1,0.9908,0
141,bs0_4,0.9939,0
141,bs0_3,1.0285,1
141,ts1_2,1.0839,1
141,ys0_3_d,1.0846,0
141,ys0_0_d,1.0934,1
141,ys0_1_d,1.1010,1
141,ts1_4,1.1120,1
141,bs1_1,1.2376,1
141,bs1_3,1.2661,1
141,ys1_1_d,1.3492,1
141,ys1_3_d,1.3774,1
142,ys0_3,0.3740,0
142,ys1_2,0.3740,0
142,ys1_0,0.3740,0
142,ys0_4,0.3740,0
142,ys1_4,0.3740,0
142,ys0_2,0.3740,0
142,xs0_2_q,0.3814,0
142,xs1_2_q,0.3815,0
142,r_3_q,0.3912,0
142,xs1_4_q,0.3943,0
142,ys1_3,0.3958,1
142,ys0_0,0.3958,1
142,xs0_1_q,0.4118,0
142,xs0_4_q,0.4388,1
142,r_1_q,0.4439,1
142,xs1_1_q,0.4757,1
142,p01_3,0.4990,0
142,p10_3,0.4990,0
142,as1_4,0.5380,0
142,as0_4,0.5409,0
142,as0_0,0.5434,0
142,bs1_1,0.5617,0
142,m01_1,0.5715,1
142,bs0_1,0.5738,1
142,p10_1,0.5930,1
142,ts0_3,0.6026,0
142,ts1_3,0.6045,0
142,p11_1,0.6082,1
142,as1_0,0.6156,1
142,m10_4,0.6335,0
142,ys0_1_d,0.6380,0
142,ys1_1_d,0.6794,0
142,bs0_0,0.6991,0
142,m01_0,0.7147,1
142,bs1_4,0.7153,1
142,bs0_2,0.7166,0
142,bs0_4,0.7212,1
142,bs1_2,0.7446,1
142,p10_4,0.7486,0
142,ys0_2_d,0.7629,1
142,p11_0,0.7637,1
142,m01_4,0.7687,1
142,p01_0,0.7751,0
142,ys0_1_d,0.7876,1
142,ys0_3_d,0.8064,1
142,ys1_3_d,0.8126,0
142,ts1_0,0.8263,0
142,bs1_0,0.8488,1
142,ts1_4,0.8521,0
142,ts0_0,0.8863,0
142,p01_4,0.9106,1
142,bs1_4,0.9359,0
142,bs1_3,0.9575,0
142,ys1_1_d,0.9644,1
142,bs0_4,0.9933,0
142,ys1_0_d,1.0209,1
142,ts0_4,1.0520,1
142,ys1_3_d,1.0568,1
142,ys0_0_d,1.0902,0
142,bs0_3,1.1318,0
142,ys0_3_d,1.2492,0
143,ys0_0,0.3740,0
143,xs1_0_q,0.3815,0
143,xs0_0_q,0.3815,0
143,r_0_q,0.3927,0
143,ys1_0,0.3958,1
143,ys1_2,0.3958,1
143,ys0_2,0.3958,1
143,xs1_1_q,0.4097,0
143,xs0_3_q,0.4116,0
143,xs0_2_q,0.4124,1
143,xs1_2_q,0.4144,1
143,xs1_3_q,0.4843,1
143,xs0_1_q,0.4906,1
143,p10_0,0.5015,0
143,as1_0,0.5191,0
143,p01_0,0.5275,1
143,p11_1,0.5294,0
143,m01_0,0.5420,0
143,p11_0,0.5435,0
143,p00_2,0.5461,0
143,m10_2,0.5462,0
143,bs1_1,0.5686,1
143,bs0_3,0.5715,1
143,bs0_1,0.5798,0
143,as0_0,0.6118,1
143,p11_2,0.6182,1
143,m01_2,0.6192,1
143,m01_1,0.6257,0
143,p00_0,0.6264,1
143,ys1_1_d,0.6326,0
143,p01_0,0.6412,0
143,as0_4,0.6419,1
143,bs1_3,0.6445,1
143,m01_4,0.6485,0
143,ts1_1,0.6543,1
143,p10_2,0.6627,0
143,ts0_2,0.6635,0
143,ys0_3_d,0.6833,1
143,ys0_1_d,0.6973,0
143,ys1_3_d,0.7078,0
143,as1_4,0.7241,1
143,p00_0,0.7377,0
143,ts0_0,0.7429,1
143,p01_2,0.7569,1
143,p01_4,0.7659,0
143,p01_1,0.7708,1
143,bs0_1,0.7822,1
143,p00_3,0.7926,1
143,m10_3,0.7927,1
143,ts0_0,0.8331,0
143,bs0_0,0.8507,1
143,ts0_4,0.8695,0
143,p11_3,0.8707,1
143,m01_3,0.8721,1
143,m10_4,0.8785,1
143,ts0_2,0.8957,1
143,bs1_4,0.9005,1
143,ts0_1,0.9116,1
143,ts0_3,0.9339,1
143,p10_3,0.9455,1
143,bs0_0,0.9486,0
143,bs0_1,0.9566,0
143,ys1_0_d,0.9686,0
143,bs0_3,0.9751,0
143,bs0_4,0.9877,1
143,p01_3,1.0009,1
143,p10_4,1.0205,1
143,ys0_0_d,1.0307,1
143,ts0_3,1.0434,0
143,ts1_4,1.1623,1
143,ys0_3_d,1.1871,0
143,bs1_3,1.2419,0
143,ys1_3_d,1.3535,1
144,ys1_0,0.3740,0
144,ys1_1,0.3740,0
144,ys0_1,0.3740,0
144,xs0_2_q,0.3814,0
144,xs1_2_q,0.3815,0
144,r_1_q,0.3912,0
144,ys0_0,0.3958,1
144,ys1_4,0.3958,1
144,ys0_4,0.3958,1
144,xs1_0_q,0.4131,1
144,xs0_0_q,0.4132,1
144,r_3_q,0.4330,1
144,r_2_q,0.4384,1
144,r_0_q,0.4442,1
144,p01_1,0.4990,0
144,p10_1,0.4990,0
144,as0_0,0.5039,0
144,p01_3,0.5042,0
144,p10_3,0.5047,0
144,p01_2,0.5103,0
144,as1_2,0.5187,0
144,p10_2,0.5760,1
144,p10_0,0.5943,1
144,p01_0,0.5954,1
144,ts1_1,0.6026,0
144,ts0_1,0.6051,0
144,as0_2,0.6107,1
144,ts1_3,0.6229,1
144,ts0_2,0.6239,0
144,p11_2,0.6352,0
144,as1_0,0.6425,1
144,ts0_3,0.6444,1
144,m10_4,0.6513,0
144,p00_0,0.6750,1
144,ts1_0,0.7361,1
144,bs0_1,0.7541,1
144,m01_2,0.7544,0
144,p10_4,0.7688,0
144,m10_0,0.7870,1
144,p11_4,0.7899,1
144,bs1_4,0.8240,0
144,p10_0,0.8467,0
144,ys0_1_d,0.8633,1
144,p01_2,0.8984,1
144,ys1_0_d,0.9232,1
144,ts1_0,0.9536,0
144,ts0_2,1.0403,1
144,bs1_4,1.0868,1
144,bs0_1,1.1194,0
144,ys1_0_d,1.1532,0
144,ys0_1_d,1.2368,0
145,r_3_q,0.3933,0
145,xs0_4_q,0.3943,0
145,xs0_2_q,0.4132,1
145,xs1_1_q,0.4849,1
145,as0_2,0.5040,0
145,p10_3,0.5142,1
145,p01_3,0.5143,1
145,as0_4,0.5390,0
145,bs1_1,0.5721,0
145,ts1_3,0.5899,0
145,ts0_3,0.5935,0
145,as0_0,0.6152,1
145,m01_0,0.6173,1
145,p11_0,0.6177,1
145,p00_3,0.6685,0
145,m10_3,0.6687,0
145,m01_2,0.6724,1
145,bs0_4,0.6735,0
145,p01_0,0.6794,0
145,ys1_1_d,0.6850,1
145,m01_4,0.6938,1
145,as1_2,0.7236,1
145,p01_2,0.7327,0
145,m01_0,0.7451,0
145,ts1_0,0.7468,1
145,p00_0,0.7573,0
145,m10_4,0.7662,1
145,p00_4,0.7676,1
145,ys0_0_d,0.7728,0
145,p10_3,0.7851,0
145,ts0_3,0.7960,1
145,ts0_0,0.8060,1
145,bs1_4,0.8335,0
145,ts0_2,0.8446,0
145,p01_4,0.8460,1
145,bs0_0,0.8507,1
145,p01_0,0.8628,1
145,p11_1,0.8702,1
145,p11_2,0.8704,1
145,p10_4,0.8960,1
145,ts1_3,0.9024,1
145,ys1_0_d,0.9321,1
145,ts1_2,0.9336,0
145,ys0_0_d,0.9653,1
145,ts1_4,0.9736,0
145,bs0_1,0.9786,1
145,bs0_2,0.9862,1
145,bs1_2,0.9885,0
145,ts1_1,0.9999,1
145,bs0_4,1.0184,1
145,ys0_2_d,1.0283,0
145,ys0_0_d,1.0482,0
145,bs1_1,1.0694,1
145,bs1_0,1.0985,0
145,ys0_3_d,1.1011,1
145,ys1_3_d,1.1073,0
145,bs1_3,1.1120,1
145,ys1_3_d,1.1744,1
145,ys1_0_d,1.2265,0
146,ys0_0,0.3740,0
146,ys1_4,0.3740,0
146,ys1_2,0.3740,0
146,ys0_2,0.3740,0
146,xs0_2_q,0.3815,0
146,ys1_1,0.3958,1
146,ys0_3,0.3958,1
146,xs1_3_q,0.4094,0
146,xs1_1_q,0.4094,0
146,r_4_q,0.4330,1
146,xs0_4_q,0.4376,1
146,xs0_3_q,0.4906,1
146,p10_4,0.5042,0
146,p01_4,0.5046,0
146,p11_1,0.5313,0
146,p11_3,0.5313,0
146,bs1_3,0.5428,0
146,bs1_1,0.5438,0
146,as0_0,0.5441,0
146,m01_2,0.5442,0
146,p11_0,0.5443,0
146,p11_2,0.5450,0
146,as1_2,0.5502,0
146,as1_4,0.5512,0
146,as0_2,0.6130,1
146,m01_3,0.6149,0
146,p00_2,0.6245,1
146,ts1_4,0.6344,1
146,m10_4,0.6424,0
146,ts0_4,0.6491,1
146,ts1_1,0.6496,0
146,ts1_3,0.6512,0
146,ys1_1_d,0.6532,0
146,ys1_3_d,0.6627,0
146,ts1_0,0.6650,0
146,p11_4,0.6677,0
146,ts1_2,0.6867,1
146,p00_4,0.6931,0
146,p01_2,0.7008,1
146,bs0_0,0.7024,0
146,p00_0,0.7138,1
146,p01_3,0.7303,0
146,bs0_2,0.7308,0
146,p00_2,0.7381,0
146,p10_4,0.7600,1
146,ts0_0,0.7747,0
146,bs1_3,0.7864,1
146,ys0_2_d,0.7943,1
146,ys0_1_d,0.7954,1
146,ts0_4,0.7996,0
146,ys0_0_d,0.8113,1
146,ts0_3,0.8338,0
146,bs1_0,0.8392,1
146,bs1_1,0.8393,1
146,ys0_3_d,0.8464,0
146,ts0_2,0.8523,1
146,ys1_3_d,0.8875,1
146,bs0_4,0.8932,0
146,bs0_3,0.9218,1
146,bs0_1,0.9321,0
146,ys1_0_d,0.9607,1
146,ys0_0_d,0.9871,0
146,bs0_2,0.9950,1
146,ys0_2_d,1.0349,0
146,ys0_1_d,1.0487,0
147,ys0_3,0.3740,0
147,ys1_1,0.3740,0
147,ys0_4,0.3740,0
147,r_2_q,0.3912,0
147,r_0_q,0.3927,0
147,ys1_0,0.3958,1
147,xs0_3_q,0.4117,0
147,r_3_q,0.4439,1
147,xs1_3_q,0.4843,1
147,p10_2,0.4990,0
147,p01_2,0.4990,0
147,p01_0,0.5015,0
147,p10_0,0.5272,1
147,bs0_3,0.5450,0
147,bs1_3,0.5722,0
147,p10_3,0.5946,1
147,p01_3,0.5954,1
147,ts1_2,0.6026,0
147,ts0_2,0.6040,0
147,ts0_0,0.6323,1
147,as0_4,0.6448,1
147,ys0_3_d,0.6475,1
147,ts1_0,0.6792,1
147,ys1_3_d,0.6901,0
147,bs1_1,0.7082,0
147,as1_4,0.7245,1
147,bs0_1,0.7334,1
147,ts0_3,0.7370,1
147,ts1_3,0.7485,1
147,m01_4,0.7881,0
147,p00_3,0.7962,1
147,m10_3,0.7977,1
147,ys1_1_d,0.8107,1
147,ts0_3,0.8335,0
147,ys0_1_d,0.8439,1
147,p10_3,0.8580,0
147,p11_4,0.8696,1
147,m01_3,0.8703,1
147,p11_3,0.8704,1
147,bs1_2,0.9236,1
147,p01_3,0.9297,0
147,ts1_4,0.9329,0
147,p01_4,0.9332,1
147,ys1_3_d,1.0469,1
147,ts0_3,1.0480,1
147,bs1_3,1.0710,1
147,ys1_3_d,1.0863,0
147,ts0_4,1.0868,1
147,bs0_2,1.1313,0
147,ys0_2_d,1.1915,1
147,bs0_3,1.2405,1
148,ys1_3,0.3740,0
148,xs1_0_q,0.3815,0
148,xs0_0_q,0.3815,0
148,r_4_q,0.3912,0
148,r_3_q,0.3941,0
148,ys0_3,0.3958,1
148,ys1_1,0.3958,1
148,ys1_2,0.3958,1
148,ys0_2,0.3958,1
148,ys0_1,0.3958,1
148,xs1_3_q,0.4104,0
148,xs0_3_q,0.4796,1
148,p01_4,0.4990,0
148,p10_4,0.5009,0
148,p01_3,0.5153,1
148,p10_3,0.5158,1
148,as1_0,0.5190,0
148,m10_3,0.5322,0
148,p11_3,0.5327,0
148,bs1_3,0.5436,0
148,as1_4,0.5517,0
148,bs0_3,0.5671,0
148,ts0_3,0.5927,0
148,ts0_4,0.6015,0
148,as0_4,0.6050,0
148,m01_3,0.6075,0
148,as0_0,0.6138,1
148,p00_3,0.6149,0
148,ts1_4,0.6242,1
148,p11_4,0.6253,0
148,p10_3,0.6334,0
148,m10_0,0.6349,0
148,ys1_3_d,0.6454,1
148,bs1_0,0.6618,0
148,bs0_3,0.6815,1
148,ts0_3,0.6841,1
148,bs1_4,0.7130,1
148,p01_3,0.7180,0
148,ts1_4,0.7192,0
148,ts1_3,0.7365,0
148,p10_0,0.7519,0
148,p00_0,0.7563,0
148,ys1_1_d,0.7639,0
148,p00_4,0.7971,1
148,bs0_4,0.8008,1
148,ts0_3,0.8074,0
148,bs0_0,0.8425,1
148,bs1_2,0.8464,0
148,ts1_0,0.8562,0
148,ts0_0,0.8746,0
148,ys0_1_d,0.9164,0
148,ts0_4,0.9275,1
148,ys1_3_d,0.9421,0
148,bs0_2,0.9599,1
148,bs1_4,0.9618,0
148,bs0_4,0.9704,0
148,ys0_2_d,1.0002,0
148,bs0_3,1.0054,0
148,ys0_0_d,1.0563,1
148,ys1_0_d,1.0588,0
149,ys0_1,0.3740,0
149,ys0_2,0.3740,0
149,ys1_1,0.3740,0
149,ys1_2,0.3740,0
149,ys1_0,0.3740,0
149,ys0_0,0.3958,1
149,xs0_3_q,0.4113,0
149,xs1_2_q,0.4133,1
149,r_3_q,0.4439,1
149,xs1_4_q,0.4444,1
149,bs0_3,0.5716,1
149,p01_3,0.5951,1
149,p10_3,0.5952,1
149,ys0_3_d,0.6362,0
149,as1_2,0.6382,1
149,as0_4,0.6423,1
149,as1_0,0.6790,1
149,as1_4,0.6806,1
149,ts0_3,0.7366,1
149,ts1_3,0.7596,1
149,p00_4,0.7844,0
149,p00_3,0.7913,1
149,bs0_4,0.8226,1
149,m10_0,0.8261,1
149,ts0_3,0.8271,0
149,m01_3,0.8286,1
149,m10_4,0.8286,1
149,p11_4,0.8583,1
149,bs1_4,0.8707,1
149,p01_3,0.8864,0
149,ys0_0_d,0.8905,0
149,ts0_4,0.9014,0
149,bs1_0,0.9201,1
149,p10_0,0.9683,1
149,p10_4,0.9807,1
149,ts0_3,0.9989,1
149,bs0_3,1.0069,0
149,ys1_1_d,1.0356,1
149,bs0_2,1.0800,0
149,ys0_3_d,1.1060,1
149,ts1_0,1.1093,1
149,ys0_2_d,1.1409,1
149,ys0_3_d,1.1699,0
149,bs1_4,1.1934,0
149,ys1_0_d,1.2903,1
150,ys0_0,0.3740,0
150,ys0_3,0.3740,0
150,xs1_4_q,0.3932,0
150,ys1_0,0.3958,1
150,ys1_1,0.3958,1
150,ys0_2,0.3958,1
150,ys0_4,0.3958,1
150,xs0_1_q,0.4107,0
150,xs0_0_q,0.4132,1
150,xs0_2_q,0.4144,1
150,xs1_0_q,0.4148,1
150,r_4_q,0.4386,1
150,r_2_q,0.4445,1
150,r_1_q,0.4445,1
150,xs1_1_q,0.4799,1
150,xs0_3_q,0.4800,1
150,as0_0,0.5041,0
150,p10_4,0.5133,0
150,as1_4,0.5373,0
150,bs0_1,0.5438,0
150,m10_0,0.5441,0
150,p00_1,0.5682,1
150,m01_1,0.5689,1
150,p01_4,0.5874,1
150,p10_1,0.5932,1
150,p10_2,0.5948,1
150,p01_2,0.5960,1
150,as1_2,0.6000,0
150,m01_3,0.6031,0
150,as0_4,0.6081,0
150,m10_1,0.6127,1
150,p11_0,0.6133,1
150,p00_3,0.6161,0
150,m10_4,0.6188,0
150,p11_1,0.6241,1
150,p10_1,0.6300,0
150,m10_2,0.6316,1
150,bs0_3,0.6401,1
150,bs1_1,0.6402,1
150,ys0_1_d,0.6487,1
150,ts1_4,0.6501,1
150,p11_4,0.6538,0
150,p10_2,0.6577,0
150,bs0_0,0.6599,0
150,p10_0,0.6602,0
150,m01_0,0.6767,1
150,ys1_1_d,0.7027,0
150,m10_2,0.7031,0
150,bs1_4,0.7045,1
150,ts0_1,0.7068,1
150,p11_1,0.7211,0
150,p01_3,0.7270,1
150,ts0_4,0.7276,1
150,p10_4,0.7379,1
150,m01_1,0.7452,0
150,ys0_1_d,0.7483,0
150,ts0_2,0.7489,1
150,ts1_1,0.7493,1
150,ys0_3_d,0.7508,1
150,bs0_4,0.7616,0
150,ys0_0_d,0.7706,1
150,ys1_0_d,0.7731,0
150,bs0_3,0.7789,0
150,m01_4,0.7810,1
150,p10_2,0.7931,1
150,bs1_2,0.7963,1
150,bs1_3,0.8026,1
150,ts1_1,0.8095,0
150,p01_0,0.8187,1
150,p01_4,0.8402,0
150,ys0_0_d,0.8488,0
150,p01_1,0.8740,1
150,ys0_3_d,0.8902,0
150,bs0_1,0.9007,1
150,bs0_0,0.9091,1
150,ts1_2,0.9215,1
150,ts0_4,0.9475,0
150,ts0_1,0.9478,0
150,ts0_0,0.9714,1
150,bs1_1,1.0001,0
150,ys0_0_d,1.0104,1
150,bs0_0,1.0508,0
150,bs0_3,1.0737,1
150,ys1_1_d,1.1103,1
150,bs0_4,1.1262,1
150,ys0_1_d,1.1425,1
150,ys0_3_d,1.1837,1
151,ys1_0,0.3740,0
151,xs0_0_q,0.3813,0
151,xs1_2_q,0.3815,0
151,r_2_q,0.3912,0
151,r_4_q,0.3927,0
151,xs0_4_q,0.3936,0
151,ys0_0,0.3958,1
151,ys0_3,0.3958,1
151,ys0_1,0.3958,1
151,ys1_2,0.3958,1
151,ys1_4,0.3958,1
151,xs0_3_q,0.4112,0
151,r_0_q,0.4384,1
151,xs1_4_q,0.4385,1
151,p01_2,0.4990,0
151,p10_2,0.4990,0
151,p10_4,0.4995,0
151,p01_0,0.5103,0
151,p01_4,0.5272,1
151,as1_0,0.5429,0
151,bs0_3,0.5465,0
151,p10_0,0.5760,1
151,ts0_2,0.6026,0
151,ts1_4,0.6031,0
151,ts1_2,0.6040,0
151,as1_2,0.6084,1
151,ts0_0,0.6225,0
151,ts1_0,0.6521,0
151,ys0_3_d,0.6559,0
151,as1_4,0.6725,1
151,p11_0,0.6769,0
151,ts0_4,0.6777,1
151,m01_4,0.6907,0
151,bs1_0,0.6997,0
151,bs0_1,0.7082,0
151,bs1_3,0.7085,0
151,bs1_2,0.7171,0
151,bs0_4,0.7318,0
151,bs1_1,0.7370,1
151,p11_1,0.7532,1
151,m01_1,0.7538,1
151,ts1_0,0.7561,1
151,p01_4,0.8064,0
151,ys1_0_d,0.8096,1
151,m01_3,0.8149,1
151,p01_1,0.8160,0
151,ys0_1_d,0.8166,0
151,ys0_0_d,0.8290,0
151,bs0_3,0.8299,1
151,bs1_4,0.8546,0
151,p01_3,0.8755,0
151,ts1_1,0.8930,1
151,ts0_4,0.9081,0
151,ys0_3_d,0.9405,1
151,ts0_1,0.9519,1
151,ys1_0_d,0.9580,0
151,ts0_3,0.9874,0
151,bs0_3,1.0047,0
151,bs1_0,1.0961,1
151,bs0_2,1.1338,1
151,bs0_0,1.1712,1
151,ys1_1_d,1.1718,0
151,ys0_2_d,1.1748,0
151,ys1_0_d,1.2156,1
151,ys0_1_d,1.2881,1
151,ys0_0_d,1.2949,1
152,ys1_4,0.3740,0
152,ys1_2,0.3740,0
152,ys1_1,0.3740,0
152,ys0_4,0.3740,0
152,ys0_2,0.3740,0
152,xs1_4_q,0.3939,0
152,r_1_q,0.3941,0
152,ys1_0,0.3958,1
152,xs1_1_q,0.4107,0
152,xs0_0_q,0.4119,1
152,xs1_2_q,0.4143,1
152,r_4_q,0.4442,1
152,r_2_q,0.4445,1
152,xs0_4_q,0.4455,1
152,xs0_1_q,0.4803,1
152,xs0_3_q,0.4889,1
152,p01_1,0.5154,1
152,p10_1,0.5161,1
152,m10_1,0.5307,0
152,p11_1,0.5311,0
152,as1_4,0.5361,0
152,bs1_1,0.5432,0
152,m01_0,0.5438,0
152,ts0_1,0.5905,0
152,p10_2,0.5945,1
152,p10_4,0.5952,1
152,p01_2,0.5959,1
152,p01_4,0.5960,1
152,m01_3,0.6078,0
152,as0_2,0.6088,0
152,p00_0,0.6151,1
152,m01_1,0.6158,0
152,as1_0,0.6161,1
152,p00_1,0.6167,0
152,m10_2,0.6235,1
152,p10_1,0.6316,0
152,bs0_1,0.6414,1
152,p10_2,0.6454,0
152,ys1_1_d,0.6463,1
152,bs0_3,0.6501,1
152,ts0_1,0.6918,1
152,p01_0,0.7004,1
152,bs1_4,0.7016,1
152,ys0_1_d,0.7040,0
152,ys0_3_d,0.7134,0
152,p01_1,0.7285,0
152,ts1_1,0.7339,0
152,ts0_2,0.7360,1
152,ts0_4,0.7364,1
152,ts1_4,0.7497,1
152,p01_3,0.7518,1
152,m01_4,0.7613,1
152,bs0_2,0.7613,0
152,m10_0,0.7629,1
152,p00_2,0.7816,1
152,ys1_0_d,0.7844,0
152,bs0_3,0.7880,0
152,bs0_1,0.7945,0
152,ys0_2_d,0.8080,1
152,ts0_2,0.8152,0
152,ts0_1,0.8178,0
152,p01_4,0.8197,0
152,p10_0,0.8233,0
152,bs0_1,0.8710,1
152,bs1_3,0.9028,1
152,ts0_3,0.9032,1
152,ts0_4,0.9244,0
152,ts1_0,0.9341,0
152,bs0_0,0.9381,0
152,ys1_3_d,1.0136,1
152,ys0_1_d,1.0271,1
152,bs1_4,1.0433,0
152,bs0_3,1.0477,1
152,ys0_0_d,1.0525,0
152,bs0_2,1.0968,1
152,ys1_0_d,1.1295,1
152,ys0_2_d,1.1368,0
153,ys0_3,0.3740,0
153,ys0_0,0.3740,0
153,xs1_0_q,0.3815,0
153,r_4_q,0.3927,0
153,r_2_q,0.3927,0
153,xs0_4_q,0.3941,0
153,ys1_1,0.3958,1
153,ys1_3,0.3958,1
153,xs0_3_q,0.4112,0
153,xs0_1_q,0.4113,0
153,xs1_4_q,0.4362,1
153,xs1_1_q,0.4785,1
153,p10_4,0.4995,0
153,p01_2,0.5014,0
153,p10_2,0.5270,1
153,p01_4,0.5272,1
153,bs0_1,0.5441,0
153,p00_0,0.5457,0
153,m10_0,0.5458,0
153,bs0_3,0.5462,0
153,p00_2,0.5478,0
153,m10_2,0.5483,0
153,m01_1,0.5702,1
153,as1_2,0.6027,0
153,ts1_4,0.6031,0
153,p11_0,0.6100,1
153,m01_0,0.6105,1
153,p11_1,0.6159,1
153,as0_0,0.6190,1
153,as0_2,0.6404,1
153,bs1_1,0.6475,1
153,ys0_3_d,0.6489,1
153,p10_2,0.6501,0
153,ys0_1_d,0.6519,0
153,ts1_2,0.6697,1
153,as1_4,0.6706,1
153,p01_0,0.6742,0
153,ts0_4,0.6776,1
153,bs1_1,0.6838,0
153,ts0_0,0.6936,1
153,p10_0,0.7028,1
153,bs1_3,0.7088,0
153,p01_1,0.7116,1
153,ts1_2,0.7253,0
153,p11_1,0.7302,0
153,m01_1,0.7463,0
153,ts1_1,0.7481,1
153,m01_0,0.7515,0
153,ts0_0,0.7529,0
153,bs0_2,0.7654,0
153,p00_4,0.7701,1
153,bs1_2,0.7807,1
153,m10_1,0.7889,1
153,p00_1,0.7917,1
153,bs1_1,0.7923,1
153,ts0_4,0.8177,0
153,m01_3,0.8189,1
153,p11_4,0.8190,1
153,ts1_1,0.8218,0
153,ys0_2_d,0.8272,1
153,bs0_3,0.8327,1
153,m10_4,0.8345,1
153,p01_1,0.8489,0
153,bs1_4,0.8503,1
153,bs0_0,0.8592,1
153,ys1_1_d,0.8611,0
153,p01_3,0.8794,0
153,p01_0,0.8845,1
153,bs0_3,0.9026,0
153,ys1_0_d,0.9242,0
153,p10_1,0.9247,1
153,ts0_1,0.9579,1
153,p10_4,0.9691,1
153,ys0_1_d,0.9749,1
153,ys0_0_d,0.9809,1
153,ts0_3,0.9913,0
153,ys0_3_d,1.0111,0
153,bs0_0,1.0179,0
153,ts0_0,1.0367,1
153,ts1_1,1.0643,1
153,ys0_1_d,1.1329,0
153,ys0_0_d,1.1488,0
153,bs0_2,1.1503,1
153,bs1_0,1.1616,0
153,ys0_2_d,1.1921,0
153,bs0_4,1.2010,1
153,ys0_3_d,1.2645,1
153,ys1_1_d,1.2661,1
153,ys1_0_d,1.2822,1
153,ys0_0_d,1.3010,1
154,ys0_1,0.3740,0
154,xs0_0_q,0.3815,0
154,xs0_2_q,0.3815,0
154,xs1_2_q,0.3815,0
154,r_0_q,0.3912,0
154,r_3_q,0.3927,0
154,ys0_0,0.3958,1
154,ys0_3,0.3958,1
154,ys0_4,0.3958,1
154,ys1_2,0.3958,1
154,ys1_4,0.3958,1
154,r_1_q,0.4384,1
154,r_2_q,0.4442,1
154,xs1_3_q,0.4789,1
154,p01_0,0.4990,0
154,p10_3,0.4995,0
154,p10_0,0.5007,0
154,p10_1,0.5103,0
154,as0_0,0.5198,0
154,as0_2,0.5202,0
154,p01_3,0.5275,1
154,p01_1,0.5759,1
154,p01_2,0.5944,1
154,p10_2,0.5957,1
154,ts1_3,0.6015,0
154,ts0_0,0.6026,0
154,as1_4,0.6048,0
154,as1_2,0.6148,1
154,p11_3,0.6156,1
154,ts1_0,0.6184,1
154,ts1_1,0.6239,0
154,bs1_3,0.6376,1
154,m10_4,0.6473,0
154,p00_4,0.6493,0
154,m10_1,0.6500,0
154,p00_1,0.6501,0
154,ts0_3,0.6653,1
154,m01_0,0.6742,1
154,m01_2,0.6773,1
154,ys1_3_d,0.7009,0
154,bs0_4,0.7119,0
154,p01_2,0.7220,0
154,p11_3,0.7355,0
154,ts1_3,0.7361,1
154,ts1_2,0.7369,1
154,p11_4,0.7424,0
154,bs0_0,0.7474,1
154,ts0_2,0.7487,1
154,m01_3,0.7567,0
154,p11_1,0.7591,1
154,p11_2,0.7605,1
154,m01_1,0.7605,1
154,p10_4,0.7649,0
154,ts1_2,0.7828,0
154,ts0_4,0.7947,1
154,ts0_2,0.7993,0
154,p10_1,0.7997,1
154,bs1_0,0.8075,1
154,p01_0,0.8163,1
154,p01_1,0.8193,0
154,bs1_2,0.8279,0
154,ts1_3,0.8321,0
154,ys0_1_d,0.8620,1
154,bs1_2,0.8677,1
154,p01_3,0.8731,0
154,ys1_0_d,0.8825,0
154,ys1_1_d,0.8833,0
154,ts0_1,0.9289,0
154,bs0_3,0.9487,1
154,ts0_0,0.9702,1
154,ts0_3,0.9761,0
154,ys0_3_d,1.0134,0
154,bs0_0,1.0434,0
154,bs0_2,1.0871,0
154,bs0_4,1.1290,1
154,ys0_2_d,1.1335,1
154,ys0_1_d,1.1454,0
154,ys0_3_d,1.1734,1
155,ys1_1,0.3740,0
155,ys1_3,0.3740,0
155,ys1_0,0.3740,0
155,ys0_2,0.3958,1
155,xs0_2_q,0.4131,1
155,xs1_2_q,0.4132,1
155,r_4_q,0.4383,1
155,as1_2,0.5024,0
155,p01_4,0.5103,0
155,p10_4,0.5876,1
155,ts0_4,0.6225,0
155,p11_2,0.6348,0
155,as0_2,0.6433,1
155,p11_1,0.6486,0
155,m01_1,0.6488,0
155,bs1_2,0.6493,0
155,bs0_3,0.7282,0
155,ts1_4,0.7293,1
155,ys1_3_d,0.7377,1
155,ts1_2,0.7677,1
155,ts1_1,0.7812,1
155,m01_2,0.7854,0
155,p01_1,0.7920,1
155,m10_1,0.7944,1
155,p00_1,0.7948,1
155,bs1_3,0.8090,0
155,bs0_2,0.8322,1
155,bs1_1,0.8480,0
155,p10_1,0.8574,0
155,ys0_2_d,0.8731,0
155,bs1_0,0.8866,0
155,ys1_3_d,0.9222,0
155,p01_2,0.9309,1
155,ts1_1,0.9601,0
155,ys1_0_d,1.0130,1
155,ts0_2,1.0844,1
155,bs1_0,1.1119,1
155,ys1_0_d,1.1616,0
155,ys1_1_d,1.2264,1
155,bs0_1,1.2385,1
155,ys0_1_d,1.3505,1
156,ys0_2,0.3740,0
156,ys1_2,0.3740,0
156,xs1_2_q,0.3814,0
156,r_2_q,0.3912,0
156,r_4_q,0.3922,0
156,xs1_4_q,0.3932,0
156,ys1_1,0.3958,1
156,ys0_1,0.3958,1
156,xs1_1_q,0.4105,0
156,xs0_0_q,0.4119,1
156,xs1_0_q,0.4148,1
156,xs0_4_q,0.4468,1
156,p01_2,0.4990,0
156,p10_2,0.4991,0
156,p10_4,0.4992,0
156,p01_4,0.5267,1
156,m10_1,0.5331,0
156,p11_0,0.5462,0
156,m01_0,0.5463,0
156,bs1_1,0.5722,1
156,ts0_2,0.6026,0
156,ts1_4,0.6041,0
156,ts1_2,0.6048,0
156,as1_4,0.6282,1
156,ys1_1_d,0.6382,0
156,ts1_0,0.6627,0
156,p01_0,0.6637,0
156,p10_1,0.6788,1
156,ts0_4,0.6807,1
156,as0_4,0.6858,1
156,bs1_1,0.6930,0
156,bs0_1,0.7082,0
156,bs1_3,0.7335,1
156,ts0_0,0.7663,0
156,p11_4,0.7765,1
156,p11_3,0.7773,1
156,m01_3,0.7777,1
156,ys1_1_d,0.7887,1
156,ys0_1_d,0.8167,0
156,ts1_1,0.8199,1
156,m01_4,0.8271,0
156,bs0_3,0.8345,1
156,p00_3,0.8359,1
156,m10_3,0.8361,1
156,ys1_3_d,0.8441,1
156,ys0_3_d,0.8985,0
156,ts1_4,0.9050,1
156,ts1_3,0.9173,1
156,bs1_0,0.9238,0
156,p01_3,0.9301,1
156,p01_4,0.9445,0
156,p10_3,0.9655,1
156,bs1_3,0.9782,0
156,ts1_3,0.9955,0
156,ys1_1_d,1.0398,0
156,ys1_0_d,1.0474,1
156,ts0_4,1.0481,0
156,ys1_3_d,1.1387,0
156,bs0_3,1.1530,0
156,ys0_3_d,1.2536,1
157,ys0_1,0.3740,0
157,ys1_1,0.3740,0
157,r_1_q,0.3912,0
157,ys1_0,0.3958,1
157,xs1_2_q,0.4124,1
157,r_3_q,0.4330,1
157,r_4_q,0.4442,1
157,r_0_q,0.4442,1
157,xs0_1_q,0.4805,1
157,xs1_1_q,0.4892,1
157,p10_1,0.4990,0
157,p01_1,0.5009,0
157,p10_3,0.5042,0
157,p01_3,0.5045,0
157,p10_4,0.5827,1
157,p10_0,0.5918,1
157,p01_0,0.5927,1
157,p01_4,0.5960,1
157,ts1_1,0.6040,0
157,as0_2,0.6090,0
157,m10_0,0.6147,1
157,p00_1,0.6166,0
157,p00_0,0.6178,1
157,m01_0,0.6214,1
157,p11_0,0.6232,1
157,ts0_3,0.6291,1
157,m10_1,0.6311,1
157,ts0_1,0.6312,1
157,p10_0,0.6341,0
157,p01_0,0.6406,0
157,bs0_1,0.6407,1
157,ts1_3,0.6412,1
157,bs1_1,0.6481,1
157,ts1_4,0.6615,0
157,ts0_1,0.7064,0
157,m10_1,0.7317,0
157,ts1_0,0.7498,1
157,ts0_4,0.7505,1
157,ys0_1_d,0.7521,1
157,ts0_0,0.7556,1
157,p10_1,0.7744,1
157,m01_2,0.7832,1
157,bs1_3,0.7978,1
157,p10_1,0.8080,0
157,bs1_0,0.8110,1
157,bs1_2,0.8171,1
157,bs1_4,0.8329,0
157,bs0_4,0.8401,0
157,bs0_3,0.9043,1
157,p01_2,0.9255,1
157,ys0_0_d,0.9494,0
157,ys0_3_d,0.9683,0
157,ts0_2,1.0675,1
157,bs0_1,1.1472,0
157,ys0_1_d,1.2647,0
158,ys0_3,0.3740,0
158,ys1_4,0.3740,0
158,ys0_4,0.3740,0
158,ys0_0,0.3740,0
158,xs0_0_q,0.3813,0
158,xs0_2_q,0.3814,0
158,xs1_2_q,0.3814,0
158,xs1_0_q,0.3815,0
158,r_3_q,0.3933,0
158,xs0_4_q,0.3937,0
158,r_0_q,0.3941,0
158,ys1_2,0.3958,1
158,xs1_3_q,0.4106,0
158,xs0_1_q,0.4118,0
158,xs1_4_q,0.4378,1
158,r_2_q,0.4386,1
158,r_1_q,0.4442,1
158,xs0_3_q,0.4774,1
158,p01_2,0.5110,0
158,p01_3,0.5142,1
158,p10_3,0.5146,1
158,p10_0,0.5154,1
158,p01_0,0.5155,1
158,m10_3,0.5310,0
158,p11_3,0.5313,0
158,m01_2,0.5441,0
158,bs1_3,0.5445,0
158,m10_0,0.5482,0
158,p00_0,0.5486,0
158,bs0_3,0.5656,0
158,bs0_1,0.5726,1
158,p10_2,0.5881,1
158,ts0_3,0.5894,0
158,ts1_0,0.5924,0
158,p01_1,0.5943,1
158,p10_1,0.5953,1
158,as1_2,0.6099,1
158,p00_2,0.6104,1
158,m01_3,0.6123,0
158,p00_3,0.6125,0
158,p10_3,0.6342,0
158,p01_2,0.6432,1
158,ys1_3_d,0.6479,1
158,p10_0,0.6505,0
158,ys0_3_d,0.6775,1
158,ts0_3,0.6808,1
158,ys0_1_d,0.6849,1
158,ts0_2,0.7121,0
158,p01_3,0.7262,0
158,ts1_2,0.7299,1
158,ts1_3,0.7364,0
158,ts1_1,0.7368,1
158,bs1_2,0.7391,0
158,ts0_1,0.7476,1
158,p11_1,0.7552,1
158,m01_1,0.7564,1
158,ts1_0,0.7565,1
158,m10_2,0.7570,1
158,bs1_2,0.7620,1
158,ts1_1,0.7754,0
158,bs1_1,0.8102,0
158,p01_1,0.8148,0
158,p10_2,0.8156,0
158,ts0_3,0.8170,0
158,bs0_1,0.8266,0
158,ts0_1,0.9173,0
158,ts1_2,0.9200,0
158,ys1_1_d,0.9225,1
158,bs0_2,0.9305,0
158,bs0_0,0.9516,1
158,ys0_2_d,0.9777,1
158,bs0_0,0.9825,0
158,ys0_3_d,1.0290,0
158,bs1_1,1.0439,1
158,ys0_1_d,1.0895,0
158,ys1_1_d,1.1010,0
159,ys0_2,0.3958,1
159,ys1_3,0.3958,1
159,r_0_q,0.4383,1
159,r_3_q,0.4439,1
159,p01_0,0.5103,0
159,p10_0,0.5759,1
159,p01_3,0.5952,1
159,p10_3,0.5952,1
159,ts0_0,0.6238,0
159,ts1_0,0.6546,0
159,ts1_3,0.7372,1
159,ts0_3,0.7498,1
159,bs0_4,0.7761,1
159,bs1_4,0.8027,1
159,bs1_2,0.8227,0
159,ys1_0_d,0.8707,0
159,ys0_0_d,0.8899,1
159,ys1_3_d,0.9321,0
159,bs0_2,0.9407,1
159,ys0_2_d,0.9833,0
159,ys0_3_d,1.0557,1
160,ys0_2,0.3740,0
160,ys1_3,0.3740,0
160,ys1_2,0.3740,0
160,ys1_0,0.3740,0
160,r_3_q,0.3912,0
160,r_1_q,0.3927,0
160,xs1_4_q,0.3932,0
160,ys0_0,0.3958,1
160,ys0_3,0.3958,1
160,ys1_4,0.3958,1
160,ys0_4,0.3958,1
160,xs0_0_q,0.4119,1
160,xs1_0_q,0.4148,1
160,xs0_4_q,0.4472,1
160,p01_3,0.4990,0
160,p10_3,0.4990,0
160,p10_1,0.5014,0
160,p01_1,0.5276,1
160,as1_4,0.5367,0
160,as0_4,0.5513,0
160,ts0_3,0.6026,0
160,ts1_3,0.6040,0
160,ts1_1,0.6194,1
160,p11_4,0.6527,0
160,bs1_4,0.6718,0
160,ts0_1,0.6814,1
160,bs0_4,0.6982,0
160,bs0_2,0.7150,0
160,m01_4,0.7206,1
160,bs1_0,0.7214,0
160,bs1_2,0.7568,1
160,ys1_0_d,0.7597,1
160,ys0_2_d,0.7622,1
160,p01_4,0.7810,0
160,ys0_0_d,0.7958,0
160,ts1_4,0.7982,1
160,ys0_3_d,0.8135,0
160,ys1_0_d,0.8269,0
160,ys1_1_d,0.8276,1
160,ys1_3_d,0.8704,1
160,ts0_4,0.8934,0
160,bs0_0,0.8978,1
160,bs1_3,0.9498,1
160,ys1_3_d,0.9950,0
160,ys0_1_d,1.0148,1
160,ys0_0_d,1.0151,1
160,bs0_3,1.0238,1
160,ys0_3_d,1.1353,1
161,ys0_4,0.3740,0
161,ys1_4,0.3740,0
161,r_0_q,0.3923,0
161,ys1_2,0.3958,1
161,ys0_2,0.3958,1
161,ys0_1,0.3958,1
161,ys1_1,0.3958,1
161,xs1_1_q,0.4097,0
161,xs0_3_q,0.4117,0
161,xs0_2_q,0.4124,1
161,xs1_2_q,0.4144,1
161,xs1_3_q,0.4842,1
161,xs0_1_q,0.4907,1
161,p10_0,0.5006,0
161,p01_0,0.5271,1
161,p11_1,0.5295,0
161,bs1_1,0.5424,0
161,m01_0,0.5425,0
161,p11_0,0.5427,0
161,bs0_3,0.5451,0
161,p00_2,0.5461,0
161,m10_2,0.5463,0
161,bs1_3,0.5714,0
161,p11_2,0.6161,1
161,m01_2,0.6173,1
161,m10_0,0.6252,1
161,m01_1,0.6261,0
161,p00_0,0.6286,1
161,as0_4,0.6404,1
161,p01_0,0.6443,0
161,ts1_1,0.6478,0
161,ys1_1_d,0.6516,0
161,ys0_3_d,0.6536,0
161,bs0_1,0.6557,1
161,p01_2,0.6818,0
161,ys1_3_d,0.6838,1
161,ts0_2,0.6911,1
161,p10_2,0.7028,1
161,bs0_1,0.7128,0
161,as1_4,0.7220,1
161,ts0_0,0.7427,1
161,p01_1,0.7431,0
161,p10_0,0.7626,1
161,ts0_2,0.7678,0
161,m01_4,0.7826,0
161,p00_3,0.7909,1
161,m10_3,0.7909,1
161,bs1_0,0.8362,1
161,ts0_1,0.8465,0
161,bs0_1,0.8575,1
161,p11_3,0.8685,1
161,p11_4,0.8694,1
161,m01_3,0.8699,1
161,ts1_0,0.9071,1
161,ys0_1_d,0.9153,0
161,p01_4,0.9285,1
161,ts0_3,0.9320,1
161,ts1_4,0.9326,0
161,p10_3,0.9434,1
161,ys1_1_d,0.9532,1
161,bs0_0,0.9640,0
161,ys1_0_d,0.9905,1
161,p01_3,0.9986,1
161,ts0_3,1.0405,0
161,ys0_1_d,1.0487,1
161,bs1_3,1.0672,1
161,ys0_0_d,1.0794,0
161,ts0_4,1.0820,1
161,ys1_3_d,1.1301,0
161,bs0_3,1.2365,1
161,ys0_3_d,1.3464,1
162,ys0_0,0.3740,0
162,xs1_0_q,0.3815,0
162,xs0_0_q,0.3815,0
162,ys1_0,0.3958,1
162,xs1_3_q,0.4103,0
162,xs0_1_q,0.4116,0
162,xs1_1_q,0.4785,1
162,xs0_3_q,0.4801,1
162,as1_0,0.5190,0
162,m10_3,0.5324,0
162,p11_3,0.5325,0
162,bs1_3,0.5448,0
162,bs0_1,0.5451,0
162,m01_2,0.5455,0
162,p11_2,0.5459,0
162,p00_0,0.5461,0
162,m10_0,0.5471,0
162,as1_4,0.5518,0
162,bs0_3,0.5685,0
162,m01_1,0.5707,1
162,as1_2,0.6011,0
162,as0_4,0.6066,0
162,m01_3,0.6081,0
162,m01_0,0.6110,1
162,p00_2,0.6132,1
162,p00_3,0.6157,0
162,as0_0,0.6160,1
162,p11_1,0.6174,1
162,p11_4,0.6255,0
162,m10_2,0.6256,1
162,bs1_1,0.6392,1
162,as0_2,0.6441,1
162,ys1_3_d,0.6472,1
162,p10_3,0.6518,0
162,ys0_1_d,0.6535,0
162,bs1_0,0.6613,0
162,p10_0,0.6637,0
162,ts1_3,0.6637,1
162,ts0_0,0.6652,0
162,ts1_2,0.6861,1
162,ys0_3_d,0.6869,0
162,p01_2,0.7007,1
162,m10_2,0.7107,0
162,p01_1,0.7123,1
162,bs1_4,0.7127,1
162,bs1_1,0.7129,0
162,p01_3,0.7264,0
162,p11_1,0.7280,0
162,ts1_3,0.7295,0
162,m01_1,0.7459,0
162,m01_0,0.7470,0
162,p01_0,0.7472,1
162,ts1_1,0.7570,1
162,ts1_4,0.7674,1
162,ts1_0,0.7688,0
162,p00_2,0.7808,0
162,m10_1,0.7964,1
162,p00_1,0.7981,1
162,p00_4,0.7988,1
162,ts1_1,0.8130,0
162,ys1_1_d,0.8340,0
162,p01_0,0.8429,0
162,bs1_2,0.8431,0
162,p01_1,0.8484,0
162,bs0_0,0.8584,1
162,ts0_4,0.8619,0
162,bs1_4,0.8635,0
162,ts0_2,0.9152,1
162,bs0_2,0.9219,1
162,bs1_3,0.9226,1
162,p10_1,0.9335,1
162,ts0_1,0.9546,1
162,ys1_0_d,0.9630,0
162,ys0_2_d,0.9639,0
162,ys0_1_d,0.9739,1
162,ys0_0_d,0.9806,1
162,bs0_3,1.0015,1
162,bs0_0,1.0134,0
162,bs0_1,1.0681,1
162,ts1_1,1.0850,1
162,ys0_0_d,1.1350,0
162,bs1_0,1.3048,1
162,ys1_1_d,1.4215,1
162,ys1_0_d,1.4284,1
163,ys1_2,0.3740,0
163,ys0_2,0.3740,0
163,ys0_3,0.3740,0
163,xs0_2_q,0.3815,0
163,xs1_2_q,0.3815,0
163,r_4_q,0.3912,0
163,r_2_q,0.3912,0
163,ys1_3,0.3958,1
163,xs0_3_q,0.4113,0
163,r_1_q,0.4384,1
163,xs1_3_q,0.4843,1
163,p10_4,0.4990,0
163,p10_2,0.4990,0
163,p01_2,0.4990,0
163,p01_4,0.5009,0
163,p10_1,0.5103,0
163,as0_2,0.5198,0
163,bs0_3,0.5441,0
163,bs1_3,0.5721,0
163,p01_1,0.5760,1
163,ts1_4,0.6015,0
163,ts0_2,0.6026,0
163,ts1_2,0.6040,0
163,as1_2,0.6107,1
163,ts1_1,0.6225,0
163,ts0_4,0.6240,1
163,as0_4,0.6401,1
163,ys0_3_d,0.6479,1
163,m10_1,0.6496,0
163,p00_1,0.6497,0
163,bs0_2,0.6592,0
163,bs1_3,0.6727,1
163,m01_2,0.6779,1
163,ys0_2_d,0.7063,1
163,bs0_1,0.7083,0
163,as1_4,0.7219,1
163,bs1_1,0.7363,1
163,bs1_0,0.7410,0
163,ys0_3_d,0.7499,0
163,p11_1,0.7576,1
163,m01_1,0.7591,1
163,p11_2,0.7604,1
163,bs0_3,0.7724,1
163,p00_4,0.7821,0
163,m10_3,0.7900,1
163,p00_3,0.7901,1
163,bs1_2,0.7950,1
163,p10_1,0.7995,1
163,p01_1,0.8178,0
163,ys0_1_d,0.8182,0
163,p01_2,0.8201,1
163,bs0_4,0.8327,1
163,ys0_3_d,0.8585,1
163,ys1_3_d,0.8635,0
163,p11_3,0.8684,1
163,m10_4,0.8695,1
163,m01_3,0.8696,1
163,ys1_0_d,0.8705,0
163,ts1_2,0.8889,1
163,ts0_4,0.8973,0
163,bs1_4,0.8985,1
163,ts0_1,0.9278,0
163,ts0_3,0.9300,1
163,p10_3,0.9407,1
163,ys0_0_d,0.9462,1
163,bs1_1,0.9601,0
163,ts0_2,0.9739,1
163,ys1_0_d,0.9829,1
163,p01_3,0.9977,1
163,bs0_3,0.9991,0
163,p10_4,1.0119,1
163,ts0_3,1.0416,0
163,ys1_1_d,1.0774,0
163,bs0_0,1.1184,1
163,bs0_1,1.1275,1
163,ts1_4,1.1537,1
163,ys0_0_d,1.1939,0
163,ys0_3_d,1.2069,0
163,bs1_3,1.2333,0
163,ys1_3_d,1.3447,1
164,ys0_1,0.3740,0
164,ys1_1,0.3740,0
164,r_1_q,0.3927,0
164,xs0_4_q,0.3929,0
164,ys1_2,0.3958,1
164,ys0_2,0.3958,1
164,ys0_4,0.3958,1
164,ys1_4,0.3958,1
164,xs1_3_q,0.4105,0
164,xs1_0_q,0.4120,1
164,xs0_2_q,0.4124,1
164,xs1_2_q,0.4132,1
164,r_2_q,0.4386,1
164,xs1_4_q,0.4487,1
164,xs0_1_q,0.4902,1
164,p10_1,0.5014,0
164,as1_2,0.5034,0
164,p01_2,0.5108,0
164,as0_0,0.5246,0
164,p01_1,0.5273,1
164,p11_3,0.5310,0
164,m10_3,0.5313,0
164,as0_4,0.5385,0
164,p11_2,0.5437,0
164,m01_2,0.5440,0
164,bs1_3,0.5702,1
164,p10_2,0.5733,1
164,bs0_1,0.5782,0
164,m01_1,0.6012,0
164,ts1_1,0.6320,1
164,ys1_3_d,0.6349,0
164,p01_2,0.6360,1
164,p11_1,0.6493,0
164,p10_3,0.6508,0
164,m10_4,0.6544,0
164,ts1_3,0.6598,1
164,ts0_1,0.6629,1
164,p00_3,0.6682,0
164,bs0_4,0.6736,0
164,m01_0,0.6792,1
164,p00_0,0.6833,1
164,ys0_1_d,0.6913,1
164,p01_1,0.7082,0
164,ts1_3,0.7281,0
164,ts1_1,0.7494,0
164,ys0_0_d,0.7626,1
164,p10_4,0.7716,0
164,ts0_1,0.7995,0
164,ts0_3,0.8136,1
164,p01_0,0.8225,1
164,bs1_2,0.8317,0
164,ts1_4,0.8751,0
164,bs0_0,0.9166,0
164,ys1_3_d,0.9182,1
164,bs1_3,0.9806,0
164,bs0_2,1.0046,1
164,ys0_1_d,1.0184,0
164,ys0_0_d,1.0301,0
164,ys0_2_d,1.0466,0
164,ys1_3_d,1.0829,0
164,ys0_3_d,1.1193,1
165,ys0_2,0.3740,0
165,ys0_4,0.3740,0
165,ys1_2,0.3740,0
165,ys1_3,0.3740,0
165,xs0_2_q,0.3813,0
165,xs1_4_q,0.3944,0
165,ys0_3,0.3958,1
165,xs1_1_q,0.4097,0
165,xs0_1_q,0.4116,0
165,r_3_q,0.4383,1
165,r_0_q,0.4384,1
165,r_1_q,0.4442,1
165,r_4_q,0.4442,1
165,xs1_3_q,0.4763,1
165,xs0_3_q,0.4863,1
165,p01_3,0.5103,0
165,p01_0,0.5119,0
165,m01_0,0.5430,0
165,p00_0,0.5481,0
165,bs1_1,0.5692,1
165,bs0_1,0.5738,1
165,p10_3,0.5862,1
165,p10_0,0.5885,1
165,p01_4,0.5943,1
165,p10_1,0.5944,1
165,p01_1,0.5959,1
165,p10_4,0.5961,1
165,m01_2,0.6093,1
165,p11_3,0.6097,1
165,as1_0,0.6142,1
165,ts0_3,0.6226,0
165,m01_3,0.6230,0
165,p00_2,0.6242,1
165,p01_0,0.6255,1
165,bs1_3,0.6352,1
165,as1_2,0.6407,1
165,bs0_3,0.6486,1
165,p01_2,0.6683,0
165,ts0_0,0.6711,1
165,ys1_1_d,0.6807,1
165,ys0_1_d,0.6862,1
165,ys0_3_d,0.7147,0
165,ts1_0,0.7303,1
165,bs0_2,0.7338,0
165,ts0_4,0.7345,1
165,ts1_4,0.7357,1
165,as0_4,0.7358,1
165,ys1_3_d,0.7435,1
165,ts0_1,0.7501,1
165,ts1_1,0.7549,1
165,m01_4,0.7578,1
165,p11_4,0.7587,1
165,p01_3,0.7619,1
165,ys0_2_d,0.7802,1
165,ts1_4,0.7811,0
165,ys0_3_d,0.7839,1
165,bs0_3,0.7860,0
165,m01_1,0.7885,1
165,p11_2,0.7900,1
165,m10_2,0.7904,1
165,p01_4,0.8160,0
165,bs1_4,0.8160,0
165,bs1_2,0.8228,1
165,p01_1,0.8482,0
165,p10_2,0.8492,0
165,m01_4,0.8548,0
165,ys1_3_d,0.8759,0
165,m10_3,0.8831,1
165,ys0_3_d,0.8903,0
165,ts0_3,0.9147,1
165,ys1_0_d,0.9269,0
165,ts0_4,0.9364,0
165,p10_3,0.9450,0
165,ts0_1,0.9546,0
165,bs0_0,0.9589,1
165,p01_4,0.9612,1
165,bs0_0,1.0340,0
165,ts0_4,1.0655,1
165,ts1_3,1.0662,1
165,bs0_2,1.1025,1
165,ys0_2_d,1.1444,0
165,bs1_2,1.1497,0
165,ys0_3_d,1.2183,1
165,ys1_3_d,1.2468,1
166,ys1_4,0.3740,0
166,ys1_0,0.3740,0
166,xs1_2_q,0.3815,0
166,xs1_0_q,0.3815,0
166,r_3_q,0.3927,0
166,ys1_3,0.3958,1
166,ys0_1,0.3958,1
166,ys1_1,0.3958,1
166,xs1_3_q,0.4106,0
166,xs0_0_q,0.4133,1
166,xs1_4_q,0.4379,1
166,xs1_1_q,0.4760,1
166,p01_3,0.4995,0
166,p10_3,0.5152,1
166,m10_3,0.5309,0
166,p11_3,0.5313,0
166,p11_2,0.5440,0
166,m01_2,0.5441,0
166,bs1_3,0.5442,0
166,bs1_1,0.5625,0
166,ts0_3,0.6031,0
166,p11_1,0.6073,1
166,p11_0,0.6077,1
166,m01_0,0.6079,1
166,p10_3,0.6320,0
166,as0_0,0.6440,1
166,ys1_3_d,0.6535,0
166,ts1_2,0.6621,0
166,p01_0,0.6683,0
166,ts1_1,0.6701,0
166,ts1_0,0.6702,0
166,p01_2,0.6773,1
166,ys1_1_d,0.6812,0
166,bs0_2,0.7155,0
166,ts1_3,0.7365,0
166,ts0_2,0.7543,0
166,ys0_2_d,0.7627,1
166,ts0_0,0.7807,0
166,m01_0,0.7824,0
166,bs1_1,0.7828,1
166,m10_4,0.7951,1
166,ys0_3_d,0.8140,0
166,bs1_4,0.8278,1
166,p10_4,0.8580,0
166,bs0_0,0.8670,1
166,bs0_1,0.8706,0
166,bs1_0,0.8801,1
166,bs1_2,0.8870,1
166,p01_0,0.9215,1
166,bs0_4,0.9425,1
166,ts1_4,0.9935,1
166,ys1_3_d,1.0009,1
166,ts0_0,1.0615,1
166,bs0_4,1.1273,0
166,bs1_3,1.1446,1
166,ys1_3_d,1.2050,0
166,ys0_0_d,1.2254,1
167,ys1_1,0.3740,0
167,ys1_3,0.3740,0
167,ys0_3,0.3740,0
167,r_0_q,0.3912,0
167,r_1_q,0.3927,0
167,r_4_q,0.3927,0
167,ys1_4,0.3958,1
167,ys1_2,0.3958,1
167,ys0_2,0.3958,1
167,ys0_0,0.3958,1
167,xs1_0_q,0.4132,1
167,r_3_q,0.4442,1
167,p01_0,0.4990,0
167,p01_4,0.4995,0
167,p10_0,0.5009,0
167,p10_1,0.5015,0
167,as1_0,0.5025,0
167,p10_4,0.5148,1
167,p01_1,0.5276,1
167,ts1_4,0.5901,0
167,p01_3,0.5952,1
167,p10_3,0.5959,1
167,ts0_0,0.6040,0
167,ts0_4,0.6045,0
167,ts1_1,0.6124,1
167,ts1_0,0.6186,1
167,p11_0,0.6351,0
167,p11_4,0.6490,0
167,ts0_1,0.6691,1
167,bs1_4,0.7026,0
167,bs1_3,0.7063,0
167,ts1_0,0.7345,0
167,bs0_3,0.7352,1
167,ts1_3,0.7379,1
167,bs0_4,0.7439,1
167,ts0_3,0.7500,1
167,bs0_0,0.7701,0
167,ts1_4,0.7738,1
167,ys1_3_d,0.8108,1
167,bs1_4,0.8109,1
167,bs1_2,0.8288,0
167,ys0_3_d,0.8459,1
167,ys0_1_d,0.8877,0
167,bs1_3,0.9207,1
167,bs0_2,0.9360,1
167,ys0_2_d,0.9768,0
167,ys0_3_d,0.9854,0
168,ys1_2,0.3740,0
168,ys0_2,0.3740,0
168,ys0_1,0.3740,0
168,xs1_0_q,0.3815,0
168,r_2_q,0.3927,0
168,ys1_3,0.3958,1
168,ys0_4,0.3958,1
168,xs0_3_q,0.4106,0
168,xs0_4_q,0.4402,1
168,r_0_q,0.4445,1
168,xs1_3_q,0.4796,1
168,xs0_1_q,0.4864,1
168,p01_2,0.5009,0
168,p10_2,0.5273,1
168,bs0_3,0.5437,0
168,m10_2,0.5444,0
168,p00_2,0.5446,0
168,as0_0,0.5450,0
168,bs1_3,0.5666,0
168,p00_3,0.5690,1
168,m01_3,0.5694,1
168,p10_0,0.5951,1
168,p01_0,0.5960,1
168,as1_4,0.6025,0
168,m10_3,0.6120,1
168,m01_2,0.6122,1
168,as1_0,0.6122,1
168,p11_2,0.6140,1
168,p11_3,0.6186,1
168,m01_1,0.6234,0
168,p01_3,0.6281,0
168,p10_2,0.6445,0
168,ys0_3_d,0.6461,1
168,p10_3,0.6716,0
168,bs0_1,0.6746,1
168,m10_4,0.6779,0
168,ys1_3_d,0.6857,0
168,m01_0,0.7144,1
168,p00_0,0.7169,1
168,ts1_0,0.7287,1
168,p11_3,0.7297,0
168,as0_2,0.7320,1
168,p01_1,0.7404,0
168,ts1_2,0.7413,1
168,bs1_0,0.7428,0
168,p01_2,0.7471,1
168,m01_3,0.7480,0
168,p11_0,0.7581,1
168,m10_0,0.7609,1
168,p01_0,0.7657,0
168,ts1_0,0.7837,0
168,bs0_0,0.7919,1
168,p10_4,0.7936,0
168,p10_0,0.8180,0
168,bs1_1,0.8199,0
168,ts1_3,0.8410,0
168,ts0_1,0.8451,0
168,ys1_1_d,0.8518,1
168,bs0_2,0.8559,0
168,ts0_0,0.8623,1
168,ys1_0_d,0.8689,1
168,ys0_0_d,0.8696,0
168,m01_2,0.8738,0
168,p01_3,0.8789,1
168,m10_1,0.8825,1
168,ts0_2,0.8875,1
168,ts1_0,0.8937,1
168,ts1_4,0.8988,0
168,ys1_1_d,0.9121,0
168,ys0_2_d,0.9184,1
168,bs0_0,0.9395,0
168,bs0_4,0.9422,0
168,ts0_3,0.9533,0
168,bs0_1,0.9639,0
168,ys0_3_d,0.9708,0
168,p01_2,0.9877,0
168,bs1_2,0.9910,1
168,p10_1,1.0122,1
168,bs1_3,1.0297,1
168,ts0_2,1.0865,0
168,ts1_1,1.0903,0
168,bs0_2,1.1096,1
168,ys0_2_d,1.1519,0
168,bs0_1,1.2107,1
168,ys0_3_d,1.2241,1
168,bs1_0,1.2931,1
168,ys0_1_d,1.3210,1
168,ys1_0_d,1.3703,0
168,ys1_1_d,1.4089,1
169,ys1_3,0.3740,0
169,ys0_4,0.3740,0
169,ys0_0,0.3740,0
169,xs0_0_q,0.3815,0
169,r_0_q,0.3941,0
169,ys0_1,0.3958,1
169,ys1_2,0.3958,1
169,ys0_3,0.3958,1
169,ys1_1,0.3958,1
169,xs1_3_q,0.4103,0
169,xs0_1_q,0.4107,0
169,xs0_2_q,0.4144,1
169,r_1_q,0.4384,1
169,r_2_q,0.4439,1
169,xs0_3_q,0.4798,1
169,p10_1,0.5123,0
169,p10_0,0.5153,1
169,p01_0,0.5155,1
169,m10_3,0.5310,0
169,bs1_3,0.5432,0
169,bs0_1,0.5434,0
169,m10_0,0.5441,0
169,p11_2,0.5442,0
169,p00_0,0.5444,0
169,m01_1,0.5676,1
169,p00_1,0.5683,1
169,p10_2,0.5786,1
169,ts1_0,0.5903,0
169,p01_2,0.5952,1
169,as0_4,0.6074,0
169,as0_0,0.6119,1
169,m10_2,0.6129,1
169,p00_3,0.6158,0
169,ts1_1,0.6367,1
169,bs0_3,0.6402,1
169,p10_2,0.6424,0
169,as1_4,0.6454,1
169,p10_0,0.6456,0
169,ys1_3_d,0.6456,1
169,ys0_1_d,0.6517,0
169,p10_3,0.6760,1
169,ys0_3_d,0.7032,0
169,ts0_1,0.7236,1
169,bs1_0,0.7360,0
169,ts0_2,0.7482,1
169,ts0_3,0.7493,1
169,m01_0,0.7537,0
169,ts1_2,0.7563,0
169,ts1_0,0.7583,1
169,m01_4,0.7807,1
169,p11_4,0.7917,1
169,p00_4,0.7973,1
169,bs0_4,0.8022,1
169,m10_4,0.8107,1
169,ts1_3,0.8178,1
169,bs0_2,0.8385,0
169,ys1_1_d,0.8523,0
169,bs1_4,0.8537,0
169,ys1_0_d,0.8617,1
169,p01_0,0.8694,0
169,bs1_1,0.8843,1
169,ys0_2_d,0.8971,1
169,bs0_1,0.9014,1
169,bs1_2,0.9041,0
169,ys0_0_d,0.9167,1
169,p01_4,0.9294,1
169,ys0_3_d,0.9371,1
169,p10_4,0.9426,1
169,ys1_0_d,0.9477,0
169,ts0_0,0.9734,0
169,ys1_1_d,0.9799,1
169,ys0_1_d,1.0123,1
169,ys1_3_d,1.0134,0
169,bs0_4,1.0807,0
169,ys0_0_d,1.1775,0
170,ys1_2,0.3740,0
170,ys1_4,0.3740,0
170,r_3_q,0.3912,0
170,r_2_q,0.3927,0
170,xs1_4_q,0.3929,0
170,ys0_2,0.3958,1
170,xs1_2_q,0.4132,1
170,r_0_q,0.4439,1
170,p10_3,0.4990,0
170,p01_3,0.4990,0
170,p01_2,0.4995,0
170,as1_2,0.5024,0
170,as1_0,0.5233,0
170,p10_2,0.5271,1
170,as1_4,0.5382,0
170,p10_0,0.5825,1
170,p01_0,0.5953,1
170,ts0_2,0.6031,0
170,ts0_3,0.6040,0
170,ts1_3,0.6053,0
170,p11_4,0.6196,0
170,m10_2,0.6348,0
170,p11_0,0.6396,0
170,p11_1,0.6485,0
170,m01_1,0.6487,0
170,m01_4,0.6522,0
170,m10_4,0.6547,0
170,ts1_2,0.6685,1
170,bs0_1,0.7087,0
170,bs1_4,0.7171,1
170,bs1_0,0.7331,1
170,p10_2,0.7477,0
170,bs1_1,0.7491,0
170,ts0_0,0.7497,1
170,bs0_2,0.7586,1
170,ts1_4,0.7652,1
170,ts1_1,0.7684,0
170,p01_4,0.7716,0
170,p10_4,0.7746,0
170,p01_1,0.7819,1
170,ys0_2_d,0.7991,0
170,ys0_1_d,0.8179,0
170,ys0_3_d,0.8290,0
170,ts1_2,0.8439,0
170,ts1_4,0.8573,0
170,bs1_0,0.8608,0
170,ts0_1,0.8614,0
170,ts0_4,0.8893,1
170,bs0_4,0.9253,1
170,ys1_0_d,0.9654,1
170,bs0_3,0.9677,0
170,bs1_1,0.9687,1
170,bs0_0,1.0681,1
170,ys0_3_d,1.0765,1
170,ys0_1_d,1.1840,1
171,ys0_2,0.3740,0
171,xs0_2_q,0.3815,0
171,r_0_q,0.3912,0
171,r_1_q,0.3923,0
171,xs0_4_q,0.3928,0
171,ys1_4,0.3958,1
171,ys0_4,0.3958,1
171,ys1_0,0.3958,1
171,xs0_3_q,0.4112,0
171,xs1_0_q,0.4133,1
171,r_3_q,0.4445,1
171,xs1_3_q,0.4836,1
171,p10_0,0.4990,0
171,p01_0,0.4990,0
171,p01_1,0.5005,0
171,as0_2,0.5201,0
171,as0_0,0.5245,0
171,p10_1,0.5262,1
171,bs0_3,0.5735,1
171,p01_3,0.5958,1
171,p10_3,0.5960,1
171,ts0_0,0.6026,0
171,ts1_0,0.6027,0
171,ts0_1,0.6121,1
171,as1_0,0.6376,1
171,ys0_3_d,0.6424,0
171,bs1_3,0.6435,1
171,p00_1,0.6496,0
171,m10_1,0.6497,0
171,p00_4,0.6544,0
171,bs0_2,0.6560,0
171,m01_2,0.6781,1
171,m01_0,0.6794,1
171,ts1_1,0.6860,1
171,ys0_3_d,0.6990,1
171,ys0_2_d,0.7018,1
171,bs0_4,0.7136,0
171,as1_4,0.7229,1
171,ts0_3,0.7449,1
171,ts1_3,0.7498,1
171,ys1_3_d,0.7547,1
171,ts0_1,0.7556,0
171,p10_1,0.7650,0
171,ts0_4,0.7721,0
171,p11_0,0.7853,1
171,m01_4,0.7863,1
171,ys0_0_d,0.8020,1
171,p01_2,0.8206,1
171,p01_0,0.8212,1
171,ts1_1,0.8619,0
171,p11_3,0.8688,1
171,m01_3,0.8701,1
171,bs0_0,0.8745,0
171,bs0_3,0.8767,0
171,p11_4,0.8789,1
171,bs1_2,0.9127,1
171,ts1_0,0.9169,1
171,bs0_2,0.9174,1
171,ts1_3,0.9222,0
171,p01_4,0.9256,1
171,p01_3,0.9307,0
171,ys0_2_d,0.9578,0
171,ts0_2,0.9744,1
171,ts0_0,0.9749,1
171,ys0_1_d,0.9764,0
171,ys1_3_d,0.9790,0
171,ys0_0_d,0.9848,0
171,bs1_4,1.0036,0
171,ts1_4,1.0092,1
171,bs1_2,1.0136,0
171,ts0_3,1.0412,0
171,bs1_0,1.0457,1
171,ts0_4,1.0786,1
171,ys1_3_d,1.0808,1
171,bs1_3,1.0874,0
171,ys1_1_d,1.1195,0
171,bs0_1,1.1267,1
171,bs0_4,1.1459,1
171,bs0_2,1.1469,0
171,ys1_3_d,1.1922,0
171,ys0_2_d,1.1942,1
171,bs0_3,1.2332,1
171,ys0_1_d,1.2383,1
171,ys0_0_d,1.2595,1
172,ys1_4,0.3740,0
172,ys1_1,0.3740,0
172,xs1_0_q,0.3815,0
172,r_3_q,0.3927,0
172,ys0_2,0.3958,1
172,ys0_0,0.3958,1
172,xs1_3_q,0.4093,0
172,xs1_1_q,0.4098,0
172,xs0_2_q,0.4124,1
172,r_4_q,0.4384,1
172,r_0_q,0.4386,1
172,xs0_4_q,0.4433,1
172,xs0_3_q,0.4888,1
172,xs0_1_q,0.4907,1
172,p10_3,0.5014,0
172,p01_4,0.5103,0
172,p01_0,0.5108,0
172,as1_0,0.5188,0
172,p01_3,0.5273,1
172,p11_3,0.5312,0
172,bs1_1,0.5430,0
172,m01_0,0.5431,0
172,m01_2,0.5442,0
172,p11_0,0.5444,0
172,as1_4,0.5505,0
172,bs1_3,0.5691,1
172,p10_0,0.5734,1
172,p10_4,0.5756,1
172,bs0_3,0.5776,0
172,bs0_1,0.5795,0
172,m01_3,0.6134,0
172,ts0_4,0.6215,0
172,p00_0,0.6234,1
172,p00_2,0.6236,1
172,p11_4,0.6249,0
172,p01_0,0.6347,1
172,as1_2,0.6424,1
172,ys1_1_d,0.6474,1
172,m01_4,0.6475,0
172,p01_2,0.6603,0
172,bs1_0,0.6643,0
172,ts0_3,0.6806,1
172,ys1_3_d,0.6814,1
172,as0_0,0.6822,1
172,ys0_1_d,0.6977,0
172,ys0_3_d,0.7041,0
172,ts0_0,0.7057,0
172,bs1_4,0.7125,1
172,bs0_3,0.7180,1
172,p01_3,0.7220,0
172,ys1_1_d,0.7549,0
172,p01_4,0.7876,1
172,m10_2,0.7902,1
172,ys0_3_d,0.8006,1
172,ts0_3,0.8121,0
172,bs1_2,0.8157,1
172,p00_0,0.8229,0
172,bs0_4,0.8274,0
172,p00_4,0.8381,1
172,ys1_3_d,0.8797,0
172,bs0_0,0.9177,1
172,p10_2,0.9317,1
172,ts0_0,0.9608,1
172,ys0_1_d,1.0343,1
172,ts1_2,1.0849,1
172,bs0_4,1.1252,1
172,ys0_0_d,1.1947,0
172,bs1_1,1.2387,1
172,ys1_1_d,1.3503,1
173,ys0_0,0.3740,0
173,r_0_q,0.3912,0
173,ys1_1,0.3958,1
173,ys1_4,0.3958,1
173,ys1_2,0.3958,1
173,xs0_1_q,0.4116,0
173,xs0_3_q,0.4117,0
173,xs1_0_q,0.4119,1
173,r_2_q,0.4384,1
173,xs1_4_q,0.4473,1
173,p10_0,0.4990,0
173,p01_0,0.4990,0
173,p10_2,0.5100,0
173,bs0_3,0.5458,0
173,m10_2,0.5462,0
173,p00_2,0.5463,0
173,m01_1,0.5703,1
173,bs0_1,0.5721,1
173,p01_2,0.5738,1
173,ts0_0,0.6026,0
173,ts1_0,0.6027,0
173,ys0_1_d,0.6365,0
173,as0_2,0.6444,1
173,p10_2,0.6447,1
173,as0_4,0.6478,1
173,ys0_3_d,0.6543,0
173,as1_4,0.6835,1
173,p01_1,0.7117,1
173,p00_4,0.7897,0
173,p00_3,0.7977,1
173,p00_1,0.7982,1
173,m10_4,0.8288,1
173,m01_3,0.8290,1
173,bs0_2,0.8486,1
173,p10_4,0.8893,0
173,ys0_2_d,0.8899,0
173,ts0_3,0.9289,1
173,ts0_4,0.9344,1
173,p01_3,0.9579,1
173,ys0_3_d,0.9633,1
173,ts0_3,0.9797,0
173,ts1_4,0.9998,0
173,bs0_3,1.0856,1
173,bs1_3,1.1055,0
173,ys0_3_d,1.1474,0
173,ys1_3_d,1.2081,1
174,ys0_2,0.3740,0
174,ys0_1,0.3740,0
174,ys0_3,0.3740,0
174,xs1_0_q,0.3813,0
174,xs1_4_q,0.3937,0
174,ys1_3,0.3958,1
174,r_1_q,0.4384,1
174,r_0_q,0.4445,1
174,xs0_1_q,0.4796,1
174,xs0_3_q,0.4801,1
174,p01_1,0.5131,0
174,as1_4,0.5387,0
174,bs0_1,0.5671,0
174,bs0_3,0.5682,0
174,p10_1,0.5886,1
174,p10_0,0.5957,1
174,p01_0,0.5960,1
174,m01_3,0.6033,0
174,as0_2,0.6050,0
174,as0_4,0.6064,0
174,m10_2,0.6136,1
174,m01_1,0.6138,0
174,p00_1,0.6147,0
174,p00_3,0.6157,0
174,ts0_1,0.6359,1
174,m10_4,0.6547,0
174,bs1_4,0.6715,0
174,p10_2,0.6740,0
174,ys0_3_d,0.6805,1
174,ys0_1_d,0.6812,1
174,p01_3,0.7210,0
174,ts0_0,0.7310,1
174,ts0_1,0.7338,0
174,p01_1,0.7340,1
174,ts1_1,0.7421,1
174,ts0_3,0.7425,1
174,ts1_0,0.7440,1
174,ys1_0_d,0.7679,0
174,ts0_1,0.7773,1
174,p00_2,0.7788,1
174,p00_4,0.7797,1
174,ts1_2,0.7845,0
174,ts0_3,0.7929,0
174,p10_4,0.8006,1
174,bs0_0,0.8329,0
174,ts0_2,0.8417,0
174,ts0_4,0.8426,0
174,bs1_1,0.8903,0
174,bs0_2,0.9080,0
174,bs1_4,0.9119,1
174,bs1_0,0.9436,1
174,ys0_2_d,0.9548,1
174,ts1_4,0.9549,1
174,ys0_1_d,0.9592,0
174,ys0_0_d,0.9630,1
174,bs0_1,0.9746,1
174,bs0_3,0.9783,1
174,ys0_1_d,1.0565,1
174,bs1_3,1.1087,1
174,ys1_3_d,1.1727,0
175,ys1_3,0.3740,0
175,ys1_0,0.3740,0
175,xs1_2_q,0.3815,0
175,xs0_2_q,0.3815,0
175,r_0_q,0.3912,0
175,r_1_q,0.3912,0
175,r_4_q,0.3912,0
175,r_2_q,0.3927,0
175,xs0_4_q,0.3931,0
175,ys0_1,0.3958,1
175,ys0_3,0.3958,1
175,ys0_2,0.3958,1
175,ys0_0,0.3958,1
175,xs0_3_q,0.4112,0
175,xs1_0_q,0.4130,1
175,xs0_0_q,0.4148,1
175,r_3_q,0.4442,1
175,p10_0,0.4990,0
175,p01_0,0.4990,0
175,p01_1,0.4990,0
175,p10_1,0.4990,0
175,p10_4,0.4990,0
175,p01_4,0.5009,0
175,p01_2,0.5015,0
175,as1_2,0.5199,0
175,p10_2,0.5275,1
175,bs0_3,0.5456,0
175,p00_2,0.5480,0
175,m10_2,0.5490,0
175,p10_3,0.5943,1
175,p01_3,0.5958,1
175,ts0_0,0.6026,0
175,ts1_0,0.6026,0
175,ts1_4,0.6026,0
175,ts1_1,0.6026,0
175,ts0_1,0.6040,0
175,as0_2,0.6116,1
175,ts0_4,0.6239,1
175,as1_0,0.6427,1
175,p10_2,0.6493,0
175,ys0_3_d,0.6534,0
175,bs1_2,0.6548,0
175,ts1_2,0.6829,1
175,bs1_3,0.7081,0
175,bs0_4,0.7119,0
175,bs1_4,0.7136,0
175,ts1_2,0.7140,0
175,ys1_3_d,0.7401,1
175,ts1_3,0.7432,1
175,ts0_3,0.7553,1
175,bs0_3,0.7718,1
175,ys1_3_d,0.7866,0
175,m10_0,0.7880,1
175,m01_4,0.7892,1
175,bs0_0,0.7897,1
175,ys1_0_d,0.8020,1
175,ys0_1_d,0.8644,0
175,ys0_3_d,0.8815,1
175,bs1_2,0.9090,1
175,p01_4,0.9195,1
175,p10_0,0.9306,1
175,ts0_4,0.9955,0
175,ys1_3_d,1.0221,1
175,ts1_0,1.0845,1
175,bs0_3,1.1108,0
175,ys0_3_d,1.2188,0
175,bs1_4,1.2483,1
175,ys1_0_d,1.3170,0
176,ys0_1,0.3740,0
176,ys0_3,0.3740,0
176,ys0_4,0.3740,0
176,ys1_3,0.3958,1
176,xs0_1_q,0.4104,0
176,xs1_4_q,0.4386,1
176,r_0_q,0.4386,1
176,r_4_q,0.4386,1
176,xs1_1_q,0.4845,1
176,xs0_3_q,0.4862,1
176,p10_0,0.5109,0
176,p01_4,0.5130,0
176,as1_0,0.5434,0
176,bs0_1,0.5447,0
176,m10_0,0.5471,0
176,as0_2,0.5527,0
176,p00_1,0.5719,1
176,p01_0,0.5881,1
176,p10_4,0.5883,1
176,bs1_1,0.6452,1
176,p10_0,0.6454,1
176,ys0_1_d,0.6472,1
176,ts0_4,0.6544,1
176,p00_1,0.6576,0
176,as1_4,0.6748,1
176,m01_4,0.6911,0
176,bs1_0,0.6983,0
176,ts0_1,0.7041,1
176,p00_2,0.7094,1
176,as1_2,0.7236,1
176,as0_4,0.7299,1
176,ts0_1,0.7342,0
176,ts1_4,0.7427,1
176,ts0_0,0.7458,1
176,bs0_2,0.7468,1
176,ys0_2_d,0.7889,0
176,bs1_4,0.7951,0
176,ys1_0_d,0.8084,1
176,m10_4,0.8180,1
176,p01_4,0.8201,1
176,bs1_2,0.8329,0
176,ts0_2,0.8504,1
176,ys0_3_d,0.8603,1
176,p11_1,0.8691,1
176,m10_2,0.8696,1
176,m01_1,0.8700,1
176,p00_4,0.8744,0
176,p10_4,0.8781,0
176,ys1_0_d,0.8893,0
176,bs1_3,0.8985,1
176,ts1_4,0.9870,0
176,bs0_1,1.0037,1
176,ts1_1,1.0108,1
176,p10_2,1.0109,1
176,p01_1,1.0114,1
176,ys0_1_d,1.0674,0
176,bs1_3,1.0858,0
176,ts0_1,1.1527,1
176,ts1_2,1.1528,1
176,ys1_3_d,1.1936,0
176,bs1_0,1.2180,1
176,bs1_1,1.2327,0
176,bs0_0,1.2526,0
176,ys1_0_d,1.3363,1
176,ys0_1_d,1.3563,1
176,ys0_0_d,1.3811,0
177,ys1_3,0.3740,0
177,ys0_0,0.3740,0
177,ys0_2,0.3740,0
177,ys1_4,0.3740,0
177,ys1_2,0.3740,0
177,xs0_0_q,0.3815,0
177,ys0_1,0.3958,1
177,ys0_3,0.3958,1
177,ys1_0,0.3958,1
177,xs1_1_q,0.4097,0
177,xs0_3_q,0.4106,0
177,xs0_2_q,0.4126,1
177,xs1_2_q,0.4144,1
177,xs0_4_q,0.4378,1
177,r_1_q,0.4386,1
177,r_2_q,0.4386,1
177,xs0_1_q,0.4911,1
177,p10_2,0.5110,0
177,p01_1,0.5113,0
177,p11_1,0.5295,0
177,m10_2,0.5444,0
177,p00_2,0.5445,0
177,bs1_1,0.5682,1
177,m01_3,0.5689,1
177,p00_3,0.5690,1
177,bs0_3,0.5705,1
177,p10_1,0.5720,1
177,p01_2,0.5738,1
177,bs0_1,0.5792,0
177,ts0_1,0.6250,0
177,m01_1,0.6255,0
177,p01_3,0.6276,0
177,ys1_1_d,0.6331,0
177,ys0_3_d,0.6354,0
177,p10_2,0.6370,1
177,ys0_1_d,0.6977,0
177,p01_1,0.7647,1
177,bs0_0,0.8070,1
177,ts0_1,0.9041,1
177,ys0_1_d,0.9210,1
177,ys0_0_d,0.9299,1
177,bs0_0,0.9622,0
177,ys0_1_d,1.0776,0
177,ys0_0_d,1.0861,0
178,ys0_3,0.3740,0
178,ys0_1,0.3740,0
178,ys1_1,0.3740,0
178,xs1_0_q,0.3814,0
178,r_2_q,0.3912,0
178,r_1_q,0.3912,0
178,r_4_q,0.3927,0
178,xs1_4_q,0.3937,0
178,xs0_1_q,0.4116,0
178,xs1_3_q,0.4771,1
178,xs1_1_q,0.4783,1
178,p10_2,0.4990,0
178,p10_1,0.4990,0
178,p01_1,0.4991,0
178,p01_2,0.4991,0
178,p01_4,0.4996,0
178,p10_4,0.5281,1
178,bs1_1,0.5634,0
178,m01_1,0.5706,1
178,bs0_1,0.5721,1
178,as1_2,0.5943,0
178,ts1_2,0.6004,0
178,ts1_1,0.6015,0
178,ts0_4,0.6031,0
178,ts0_1,0.6041,0
178,ts0_2,0.6047,0
178,m10_3,0.6108,1
178,m01_2,0.6108,1
178,p11_3,0.6109,1
178,p11_1,0.6166,1
178,p11_2,0.6298,1
178,as0_2,0.6435,1
178,bs1_3,0.6445,1
178,ts1_4,0.6695,1
178,p10_3,0.6697,0
178,ys0_1_d,0.6832,1
178,bs1_3,0.6849,0
178,bs1_1,0.6867,1
178,p11_2,0.6910,0
178,bs0_1,0.6923,0
178,p01_1,0.7080,1
178,bs0_3,0.7086,0
178,p11_1,0.7151,0
178,bs1_0,0.7300,0
178,ts1_1,0.7374,1
178,m01_1,0.7375,0
178,p01_2,0.7502,1
178,bs0_2,0.7656,0
178,m01_2,0.7804,0
178,bs1_2,0.7935,1
178,m10_1,0.7941,1
178,bs0_0,0.7953,1
178,p00_1,0.7958,1
178,ts1_1,0.8042,0
178,ys0_3_d,0.8113,1
178,ys0_2_d,0.8293,1
178,p01_1,0.8396,0
178,bs1_0,0.8412,1
178,ys0_3_d,0.8485,0
178,bs1_0,0.8738,0
178,p01_2,0.8829,0
178,ys1_3_d,0.9017,1
178,ts0_2,0.9044,1
178,ys0_0_d,0.9219,1
178,p10_1,0.9319,1
178,ts0_1,0.9409,1
178,ys1_1_d,0.9501,1
178,ts0_2,0.9540,0
178,ys1_0_d,0.9892,0
178,bs0_0,1.0130,0
178,ts1_1,1.0842,1
178,ys0_1_d,1.1328,0
178,ys0_0_d,1.1406,0
178,bs1_0,1.2901,1
178,ys1_1_d,1.3657,0
178,ys1_0_d,1.4109,1
179,r_0_q,0.3912,0
179,xs0_4_q,0.3933,0
179,r_3_q,0.3941,0
179,ys1_3,0.3958,1
179,ys1_2,0.3958,1
179,ys0_2,0.3958,1
179,xs1_3_q,0.4105,0
179,xs1_0_q,0.4119,1
179,xs0_0_q,0.4148,1
179,r_4_q,0.4386,1
179,r_2_q,0.4442,1
179,xs1_4_q,0.4486,1
179,xs0_3_q,0.4776,1
179,p10_0,0.4990,0
179,p01_0,0.4990,0
179,p10_4,0.5114,0
179,p01_3,0.5156,1
179,p10_3,0.5158,1
179,m10_3,0.5308,0
179,p11_3,0.5312,0
179,bs1_3,0.5698,1
179,p01_4,0.5883,1
179,ts0_3,0.5938,0
179,p10_2,0.5944,1
179,p01_2,0.5957,1
179,ts1_0,0.6045,0
179,ts0_0,0.6045,0
179,m01_3,0.6133,0
179,p00_3,0.6135,0
179,ts1_4,0.6254,0
179,p10_3,0.6318,0
179,ys1_3_d,0.6361,0
179,bs0_3,0.6385,1
179,ts0_3,0.6801,1
179,bs1_3,0.7182,0
179,p01_3,0.7257,0
179,ts0_4,0.7286,1
179,ts1_3,0.7349,0
179,ts1_2,0.7361,1
179,bs1_4,0.7450,1
179,ys0_3_d,0.7493,1
179,ts0_2,0.7494,1
179,bs0_4,0.7574,1
179,bs0_3,0.7810,0
179,ys1_0_d,0.8131,0
179,bs1_1,0.8158,0
179,ts0_3,0.8178,0
179,ys1_3_d,0.8184,1
179,bs1_2,0.8460,0
179,ys0_0_d,0.8710,1
179,ys0_3_d,0.8950,0
179,bs0_1,0.9034,1
179,ys1_1_d,0.9289,1
179,ys1_3_d,0.9326,0
179,bs0_2,0.9665,1
179,ys0_2_d,1.0084,0
179,ys0_1_d,1.0147,1
179,ys0_3_d,1.0737,1
180,ys0_2,0.3740,0
180,ys1_2,0.3740,0
180,ys1_3,0.3740,0
180,ys1_0,0.3740,0
180,xs1_2_q,0.3814,0
180,xs0_0_q,0.3815,0
180,xs1_0_q,0.3815,0
180,xs0_2_q,0.3815,0
180,ys0_1,0.3958,1
180,ys0_3,0.3958,1
180,ys1_1,0.3958,1
180,ys0_0,0.3958,1
180,ys1_4,0.3958,1
180,ys0_4,0.3958,1
180,xs1_1_q,0.4108,0
180,xs0_1_q,0.4766,1
180,as0_0,0.5198,0
180,m10_1,0.5334,0
180,bs0_1,0.5646,0
180,bs1_1,0.5723,1
180,as1_0,0.6096,1
180,p00_1,0.6114,0
180,ys1_1_d,0.6372,0
180,m10_4,0.6495,0
180,p10_1,0.6505,0
180,p00_0,0.6778,1
180,bs0_0,0.7256,1
180,ts0_1,0.7303,0
180,bs1_0,0.7320,0
180,ts1_1,0.7533,0
180,p11_4,0.7548,1
180,m10_0,0.7572,1
180,p10_4,0.8060,1
180,ts0_0,0.8080,1
180,ys0_0_d,0.8113,0
180,bs1_0,0.8114,1
180,bs0_0,0.8134,0
180,ys0_0_d,0.8581,1
180,bs0_4,0.8924,0
180,p10_0,0.9000,1
180,ys0_1_d,0.9183,0
180,ys0_0_d,0.9931,0
180,ts1_0,1.0413,1
180,bs1_4,1.1294,0
180,ys1_0_d,1.2265,1
181,ys1_1,0.3740,0
181,ys1_4,0.3740,0
181,ys0_4,0.3740,0
181,ys0_0,0.3740,0
181,ys0_1,0.3740,0
181,ys1_0,0.3958,1
181,xs0_1_q,0.4103,0
181,r_1_q,0.4439,1
181,xs1_1_q,0.4848,1
181,p00_0,0.5458,0
181,m10_0,0.5459,0
181,as0_2,0.5526,0
181,p00_1,0.5704,1
181,bs0_1,0.5716,1
181,bs1_1,0.5729,0
181,p10_1,0.5948,1
181,p01_1,0.5966,1
181,p11_0,0.6179,1
181,m01_0,0.6191,1
181,p00_1,0.6586,0
181,p10_0,0.6622,0
181,ts0_0,0.6646,0
181,ys0_1_d,0.6837,1
181,ys1_1_d,0.6853,1
181,bs0_2,0.6895,0
181,p00_2,0.7073,1
181,as1_2,0.7260,1
181,ys0_2_d,0.7366,1
181,ts1_1,0.7367,1
181,p01_0,0.7568,1
181,ts0_2,0.7688,0
181,ys0_3_d,0.7880,0
181,ts0_1,0.7902,1
181,bs0_4,0.8165,1
181,bs1_0,0.8408,0
181,m10_2,0.8738,1
181,p11_1,0.8744,1
181,m01_1,0.8748,1
181,bs0_1,0.8807,0
181,ts0_0,0.8947,1
181,bs1_2,0.9175,1
181,ts1_1,0.9281,0
181,p10_2,0.9344,0
181,p01_1,0.9359,0
181,bs0_4,0.9421,0
181,ys1_1_d,0.9571,0
181,ys0_0_d,0.9582,1
181,ys1_0_d,0.9698,0
181,bs0_0,0.9962,1
181,ys1_3_d,1.0315,1
181,ts0_1,1.0455,0
181,ts1_2,1.0468,0
181,bs1_0,1.0995,1
181,bs0_0,1.1407,0
181,bs1_1,1.1825,1
181,ys1_0_d,1.2207,1
181,ys0_1_d,1.2444,0
181,ys0_0_d,1.2557,0
182,ys0_3,0.3740,0
182,r_1_q,0.3927,0
182,ys1_3,0.3958,1
182,ys1_2,0.3958,1
182,ys0_2,0.3958,1
182,xs0_0_q,0.4119,1
182,xs1_0_q,0.4132,1
182,xs0_2_q,0.4133,1
182,r_0_q,0.4384,1
182,xs0_4_q,0.4472,1
182,p10_1,0.5014,0
182,as1_0,0.5026,0
182,p01_0,0.5103,0
182,p01_1,0.5273,1
182,as0_4,0.5512,0
182,p10_0,0.5760,1
182,ts1_1,0.6123,1
182,ts0_0,0.6249,0
182,p11_0,0.6356,0
182,as0_2,0.6427,1
182,p11_4,0.6494,0
182,ts0_1,0.6812,1
182,p00_2,0.7847,0
182,p00_1,0.7934,1
182,m10_1,0.7938,1
182,ts1_4,0.7955,1
182,ts0_1,0.8451,0
182,bs0_2,0.8515,1
182,ys0_2_d,0.8939,0
182,p10_1,0.9244,1
182,ts0_2,0.9304,1
182,bs1_3,0.9497,1
182,ys0_3_d,0.9661,1
182,ts1_1,0.9999,0
182,ys1_3_d,1.0137,0
182,bs0_1,1.0828,1
182,bs1_0,1.1305,0
182,ys0_1_d,1.1935,1
182,ys1_1_d,1.2236,1
182,ys1_0_d,1.2458,0
183,ys1_3,0.3740,0
183,ys0_2,0.3740,0
183,ys1_0,0.3740,0
183,xs1_0_q,0.3813,0
183,xs0_0_q,0.3815,0
183,r_4_q,0.3912,0
183,r_0_q,0.3922,0
183,xs1_4_q,0.3937,0
183,ys0_3,0.3958,1
183,ys0_1,0.3958,1
183,ys1_1,0.3958,1
183,xs1_1_q,0.4107,0
183,xs0_3_q,0.4116,0
183,xs1_2_q,0.4144,1
183,xs1_3_q,0.4762,1
183,xs0_1_q,0.4801,1
183,p10_4,0.4990,0
183,p01_4,0.4991,0
183,p10_0,0.4992,0
183,p01_0,0.5268,1
183,p11_1,0.5308,0
183,m10_1,0.5308,0
183,bs1_1,0.5434,0
183,m01_0,0.5436,0
183,m10_2,0.5461,0
183,bs1_3,0.5618,0
183,bs0_1,0.5685,0
183,m01_3,0.5704,1
183,bs0_3,0.5730,1
183,ts1_4,0.6015,0
183,ts1_0,0.6041,0
183,ts0_4,0.6048,0
183,as0_2,0.6068,0
183,p11_2,0.6069,1
183,p11_3,0.6076,1
183,as0_0,0.6137,1
183,m01_1,0.6150,0
183,p00_1,0.6158,0
183,p00_0,0.6161,1
183,ys0_3_d,0.6389,0
183,as0_4,0.6410,1
183,p01_0,0.6454,0
183,p10_1,0.6501,0
183,ys1_1_d,0.6520,0
183,ts1_1,0.6779,1
183,ys0_1_d,0.6866,0
183,bs1_3,0.6924,1
183,bs0_3,0.6929,0
183,p10_2,0.7027,1
183,p01_3,0.7117,1
183,ts1_1,0.7169,0
183,p01_1,0.7348,0
183,ts1_3,0.7378,1
183,p00_0,0.7434,0
183,bs1_4,0.7565,1
183,ts0_0,0.7597,1
183,bs0_2,0.7616,0
183,m10_4,0.7664,1
183,ts0_1,0.7717,1
183,m01_2,0.7804,1
183,ys0_3_d,0.7896,1
183,m10_3,0.7909,1
183,p00_3,0.7938,1
183,ts0_1,0.7987,0
183,ys0_2_d,0.8087,1
183,bs1_2,0.8229,0
183,ys0_3_d,0.8329,0
183,ts0_0,0.8351,0
183,p01_2,0.8407,0
183,ys1_0_d,0.8704,1
183,p10_4,0.9092,1
183,ys1_3_d,0.9186,1
183,p10_3,0.9196,1
183,bs0_0,0.9443,1
183,ts0_2,0.9531,0
183,bs0_4,0.9827,1
183,ts1_3,0.9916,0
183,ts1_4,1.0512,1
183,bs0_1,1.0855,1
183,bs1_3,1.1312,0
183,bs1_2,1.1373,1
184,ys0_1,0.3740,0
184,ys0_3,0.3740,0
184,ys1_1,0.3740,0
184,r_2_q,0.3927,0
184,ys1_0,0.3958,1
184,ys1_3,0.3958,1
184,ys0_2,0.3958,1
184,ys0_4,0.3958,1
184,ys1_4,0.3958,1
184,r_3_q,0.4330,1
184,p10_2,0.5012,0
184,p10_3,0.5042,0
184,p01_3,0.5049,0
184,p01_2,0.5274,1
184,ts1_3,0.6288,1
184,ts1_2,0.6310,1
184,ts0_3,0.6418,1
184,ts0_2,0.6689,1
184,bs1_2,0.7134,0
184,bs0_1,0.7485,0
184,bs1_1,0.7839,1
184,ys1_3_d,0.8226,0
184,bs0_2,0.8321,1
184,ys0_1_d,0.8615,1
184,ys0_2_d,0.8742,0
184,ys1_1_d,0.8951,1
184,ys0_3_d,0.9469,1
185,ys0_2,0.3740,0
185,ys1_3,0.3740,0
185,ys1_2,0.3740,0
185,xs0_2_q,0.3814,0
185,xs1_2_q,0.3815,0
185,r_3_q,0.3933,0
185,ys0_1,0.3958,1
185,ys0_3,0.3958,1
185,ys1_1,0.3958,1
185,xs1_3_q,0.4103,0
185,xs0_1_q,0.4119,0
185,r_4_q,0.4386,1
185,r_2_q,0.4386,1
185,r_1_q,0.4439,1
185,xs1_1_q,0.4756,1
185,xs0_3_q,0.4802,1
185,p01_2,0.5109,0
185,p10_4,0.5113,0
185,p01_3,0.5142,1
185,p10_3,0.5146,1
185,m10_3,0.5324,0
185,p11_3,0.5328,0
185,m01_2,0.5455,0
185,p11_2,0.5456,0
185,as1_4,0.5515,0
185,bs1_1,0.5613,0
185,m01_1,0.5713,1
185,bs1_3,0.5716,1
185,bs0_1,0.5731,1
185,p10_2,0.5732,1
185,p01_4,0.5883,1
185,ts0_3,0.5893,0
185,p10_1,0.5925,1
185,p11_1,0.6071,1
185,m01_3,0.6084,0
185,as0_4,0.6087,0
185,m10_2,0.6137,1
185,p00_2,0.6141,1
185,p00_3,0.6163,0
185,ts1_4,0.6254,0
185,p10_3,0.6359,0
185,ys0_1_d,0.6383,0
185,bs0_3,0.6409,1
185,p10_2,0.6465,0
185,p01_2,0.6486,1
185,m10_4,0.6675,0
185,ys1_1_d,0.6796,0
185,bs1_4,0.6849,0
185,ys1_3_d,0.6854,1
185,ts0_3,0.6937,1
185,ys0_3_d,0.7042,0
185,ts0_2,0.7114,0
185,bs1_3,0.7172,0
185,p01_3,0.7205,0
185,ts0_4,0.7284,1
185,ts1_3,0.7403,0
185,ts1_2,0.7594,0
185,bs0_4,0.7610,0
185,p00_4,0.7811,1
185,bs0_3,0.7813,0
185,ys1_0_d,0.7819,0
185,ts0_3,0.8078,0
185,p10_4,0.8088,1
185,ts0_4,0.8171,0
185,ys1_3_d,0.8195,0
185,bs0_1,0.8266,0
185,ys0_0_d,0.8499,1
185,bs1_2,0.8754,1
185,bs1_1,0.8865,1
185,bs0_3,0.8944,1
185,bs0_2,0.9221,0
185,ys0_1_d,0.9270,1
185,ts1_4,0.9627,1
185,ys0_2_d,0.9682,1
185,ys1_3_d,0.9789,1
185,ys1_1_d,0.9968,1
185,ys0_3_d,0.9978,1
185,bs1_3,1.1139,1
185,ys1_3_d,1.1732,0
186,ys0_4,0.3740,0
186,ys1_4,0.3740,0
186,ys1_0,0.3740,0
186,r_4_q,0.3912,0
186,r_2_q,0.3927,0
186,r_1_q,0.3927,0
186,xs0_4_q,0.3928,0
186,ys1_2,0.3958,1
186,ys0_2,0.3958,1
186,ys0_0,0.3958,1
186,xs1_1_q,0.4094,0
186,xs0_3_q,0.4112,0
186,r_3_q,0.4439,1
186,r_0_q,0.4442,1
186,xs1_3_q,0.4846,1
186,p10_4,0.4990,0
186,p01_4,0.5009,0
186,p10_1,0.5014,0
186,p01_2,0.5014,0
186,as0_0,0.5245,0
186,p01_1,0.5271,1
186,p10_2,0.5271,1
186,p11_1,0.5311,0
186,bs1_1,0.5432,0
186,bs0_3,0.5456,0
186,p00_2,0.5482,0
186,m10_2,0.5491,0
186,as1_2,0.5502,0
186,bs1_3,0.5727,0
186,p10_3,0.5948,1
186,p01_3,0.5951,1
186,p10_0,0.5952,1
186,p01_0,0.5954,1
186,ts1_4,0.6015,0
186,m01_2,0.6184,1
186,ts0_4,0.6239,1
186,p10_2,0.6512,0
186,ys1_1_d,0.6517,0
186,ys0_3_d,0.6535,0
186,p00_4,0.6542,0
186,ts0_1,0.6630,1
186,bs1_3,0.6729,1
186,ts1_2,0.6788,1
186,m01_1,0.6792,0
186,bs1_2,0.6849,0
186,as1_4,0.7174,1
186,ts1_2,0.7197,0
186,ts1_3,0.7424,1
186,ts0_0,0.7490,1
186,ts0_3,0.7496,1
186,ts1_0,0.7523,1
186,p01_2,0.7544,1
186,ts0_4,0.7574,0
186,ys1_3_d,0.7608,1
186,bs0_3,0.7741,1
186,p01_1,0.7944,0
186,bs0_3,0.8323,0
186,p11_3,0.8637,1
186,m01_3,0.8650,1
186,ts0_1,0.8955,0
186,bs1_2,0.9004,1
186,ts0_2,0.9076,1
186,bs0_4,0.9124,1
186,ts1_3,0.9178,0
186,p01_3,0.9256,0
186,bs0_2,0.9416,1
186,ys1_3_d,0.9650,0
186,ys0_0_d,0.9812,0
186,ys0_2_d,0.9833,0
186,bs1_2,1.0111,0
186,bs0_0,1.0136,0
186,ys0_3_d,1.0341,1
186,ts0_3,1.0361,0
186,bs0_1,1.0641,1
186,ys1_3_d,1.0899,1
186,ys0_0_d,1.0906,1
186,bs0_2,1.1384,0
186,ys0_2_d,1.1861,1
186,ys0_3_d,1.2360,0
187,ys1_2,0.3740,0
187,ys0_3,0.3740,0
187,ys1_1,0.3740,0
187,ys0_4,0.3958,1
187,ys1_3,0.3958,1
187,xs1_3_q,0.4096,0
187,r_1_q,0.4442,1
187,xs1_4_q,0.4456,1
187,xs0_3_q,0.4860,1
187,xs0_1_q,0.4860,1
187,p11_3,0.5298,0
187,bs1_3,0.5424,0
187,m01_2,0.5428,0
187,bs0_1,0.5765,0
187,p10_1,0.5943,1
187,p01_1,0.5960,1
187,p00_0,0.6221,1
187,m01_3,0.6225,0
187,p00_2,0.6234,1
187,bs0_3,0.6483,1
187,ys1_3_d,0.6509,0
187,p01_2,0.6588,0
187,ts1_3,0.6750,1
187,as1_0,0.6788,1
187,ts0_0,0.6830,0
187,ys0_1_d,0.6948,0
187,as0_2,0.7318,1
187,as0_4,0.7349,1
187,ts0_1,0.7504,1
187,ts1_1,0.7577,1
187,ys0_3_d,0.7594,1
187,p01_3,0.7685,1
187,m10_0,0.8281,1
187,p11_4,0.8287,1
187,bs1_2,0.8485,1
187,p00_2,0.8742,0
187,p10_0,0.8887,0
187,ts0_3,0.9156,1
187,ys1_3_d,0.9626,1
187,bs0_0,0.9679,1
187,ts1_4,0.9704,1
187,ts0_2,0.9913,0
187,ts1_0,1.0011,0
187,ys0_0_d,1.0463,0
187,ys0_1_d,1.0885,1
187,bs1_3,1.1216,1
187,bs0_1,1.1230,1
187,ys0_1_d,1.1458,0
187,bs1_4,1.1544,1
187,ys1_3_d,1.1831,0
187,ys1_0_d,1.2685,1
188,ys1_3,0.3740,0
188,ys0_0,0.3740,0
188,ys0_1,0.3740,0
188,r_1_q,0.3912,0
188,ys0_3,0.3958,1
188,ys1_2,0.3958,1
188,ys1_0,0.3958,1
188,ys1_4,0.3958,1
188,xs0_3_q,0.4104,0
188,xs0_1_q,0.4107,0
188,xs1_2_q,0.4126,1
188,xs1_0_q,0.4132,1
188,xs0_0_q,0.4133,1
188,xs0_2_q,0.4144,1
188,r_2_q,0.4439,1
188,r_4_q,0.4445,1
188,xs1_3_q,0.4793,1
188,xs1_1_q,0.4902,1
188,p01_1,0.4990,0
188,p10_1,0.4990,0
188,as1_0,0.5030,0
188,bs0_1,0.5433,0
188,m10_0,0.5438,0
188,p00_0,0.5441,0
188,bs0_3,0.5445,0
188,as0_4,0.5521,0
188,bs1_3,0.5652,0
188,p00_1,0.5686,1
188,m01_3,0.5705,1
188,p00_3,0.5719,1
188,p10_4,0.5839,1
188,p01_2,0.5946,1
188,p10_2,0.5950,1
188,p01_4,0.5951,1
188,as1_4,0.6020,0
188,ts1_1,0.6051,0
188,p11_3,0.6173,1
188,m10_1,0.6227,1
188,m01_0,0.6228,1
188,p01_3,0.6289,0
188,as0_0,0.6431,1
188,ys0_1_d,0.6457,1
188,p11_4,0.6471,0
188,bs1_1,0.6476,1
188,ys0_3_d,0.6533,0
188,p00_3,0.6576,0
188,ts0_0,0.6722,1
188,ys1_3_d,0.6772,1
188,ts1_3,0.6827,0
188,p01_0,0.6866,0
188,p10_0,0.6889,1
188,p11_3,0.7289,0
188,ts1_2,0.7354,1
188,m01_3,0.7455,0
188,ts0_4,0.7473,1
188,ts0_2,0.7474,1
188,bs1_4,0.7512,0
188,ys1_1_d,0.7595,1
188,p10_1,0.7630,1
188,ts0_3,0.7632,0
188,m01_0,0.7785,0
188,ts0_0,0.7792,0
188,bs0_0,0.7796,0
188,bs1_1,0.7864,0
188,p00_4,0.7954,1
188,bs1_2,0.8106,0
188,ts0_4,0.8271,0
188,ts1_0,0.8376,1
188,ts1_3,0.8445,1
188,ys1_0_d,0.8476,0
188,p01_3,0.8820,1
188,bs0_4,0.8923,0
188,ys1_1_d,0.8970,0
188,bs0_1,0.9004,1
188,ys0_0_d,0.9073,1
188,ys1_3_d,0.9125,0
188,p01_0,0.9147,1
188,ts1_1,0.9156,1
188,bs0_2,0.9308,1
188,ys0_0_d,0.9684,0
188,ys0_2_d,0.9715,0
188,bs1_2,0.9903,1
188,bs1_4,1.0076,1
188,ts0_3,1.0219,1
188,ys0_3_d,1.0444,1
188,ts0_0,1.0672,1
188,bs0_2,1.0765,0
188,ys1_3_d,1.0995,1
188,bs1_0,1.1372,1
188,ys0_2_d,1.1414,1
188,ys0_3_d,1.1845,0
188,bs0_4,1.2429,1
188,ys1_1_d,1.2533,1
188,ys0_0_d,1.3568,1
189,ys1_0,0.3740,0
189,ys0_3,0.3740,0
189,xs1_0_q,0.3813,0
189,xs1_2_q,0.3814,0
189,xs0_2_q,0.3815,0
189,xs0_0_q,0.3815,0
189,r_2_q,0.3912,0
189,r_4_q,0.3912,0
189,r_0_q,0.3912,0
189,xs1_4_q,0.3936,0
189,ys0_0,0.3958,1
189,ys0_1,0.3958,1
189,ys1_3,0.3958,1
189,ys1_1,0.3958,1
189,xs0_4_q,0.4366,1
189,r_1_q,0.4386,1
189,p01_2,0.4990,0
189,p10_4,0.4990,0
189,p10_2,0.4990,0
189,p01_0,0.4990,0
189,p10_0,0.4990,0
189,p01_4,0.5009,0
189,p10_1,0.5112,0
189,as0_2,0.5198,0
189,p01_1,0.5758,1
189,ts1_0,0.6025,0
189,ts0_2,0.6026,0
189,ts0_0,0.6027,0
189,ts1_2,0.6040,0
189,ts1_4,0.6045,0
189,as1_2,0.6094,1
189,ts1_1,0.6234,0
189,ts0_4,0.6307,1
189,as1_4,0.6343,1
189,m10_1,0.6495,0
189,p00_1,0.6496,0
189,m01_2,0.6744,1
189,as0_4,0.6770,1
189,bs0_1,0.7082,0
189,bs0_2,0.7131,1
189,bs1_2,0.7190,0
189,bs1_1,0.7362,1
189,bs1_3,0.7379,1
189,bs1_0,0.7419,0
189,p11_1,0.7544,1
189,p11_2,0.7552,1
189,ys0_2_d,0.7556,0
189,m01_1,0.7560,1
189,m10_4,0.7800,1
189,p11_3,0.7805,1
189,m01_3,0.7808,1
189,bs0_3,0.7904,1
189,p10_1,0.8001,1
189,p01_1,0.8147,0
189,p01_2,0.8165,1
189,ys0_1_d,0.8180,0
189,p00_4,0.8189,0
189,m10_3,0.8270,1
189,p00_3,0.8278,1
189,ts1_3,0.8404,0
189,p01_3,0.8410,0
189,ys1_0_d,0.8500,1
189,ts1_2,0.8842,1
189,p10_3,0.8860,0
189,p10_4,0.9222,1
189,ts0_1,0.9250,0
189,ts0_4,0.9347,0
189,bs1_1,0.9549,0
189,ts0_2,0.9704,1
189,ts1_3,0.9912,1
189,bs0_3,1.0379,0
189,ts1_4,1.0640,1
189,ys1_1_d,1.0720,0
189,bs0_0,1.1192,1
189,bs0_1,1.1237,1
189,ys0_3_d,1.1379,1
189,bs1_3,1.1434,0
189,ys0_0_d,1.1986,0
189,ys1_3_d,1.2609,0
190,ys0_0,0.3740,0
190,ys0_1,0.3740,0
190,ys1_1,0.3740,0
190,ys1_3,0.3740,0
190,ys1_2,0.3740,0
190,ys0_2,0.3740,0
190,r_1_q,0.3927,0
190,ys0_3,0.3958,1
190,ys1_0,0.3958,1
190,xs1_3_q,0.4103,0
190,xs1_0_q,0.4131,1
190,xs0_2_q,0.4131,1
190,xs1_2_q,0.4132,1
190,xs0_0_q,0.4132,1
190,r_2_q,0.4386,1
190,xs0_3_q,0.4806,1
190,p10_1,0.5014,0
190,as1_2,0.5026,0
190,as0_0,0.5040,0
190,p01_2,0.5108,0
190,p01_1,0.5272,1
190,m10_3,0.5324,0
190,p11_3,0.5325,0
190,p11_2,0.5449,0
190,m01_2,0.5454,0
190,as1_4,0.5510,0
190,bs1_3,0.5702,1
190,p10_2,0.5735,1
190,m01_3,0.6087,0
190,as0_4,0.6094,0
190,p00_2,0.6142,1
190,p00_3,0.6169,0
190,m10_4,0.6268,0
190,ts1_1,0.6324,1
190,as1_0,0.6411,1
190,bs0_3,0.6414,1
190,as0_2,0.6426,1
190,p01_2,0.6479,1
190,p11_1,0.6487,0
190,m01_1,0.6490,0
190,p10_3,0.6576,1
190,ts0_1,0.6672,1
190,m01_0,0.6726,1
190,bs1_4,0.6842,0
190,bs1_2,0.7036,1
190,ts0_2,0.7077,0
190,ys0_3_d,0.7089,0
190,p01_3,0.7330,1
190,p10_4,0.7421,0
190,ts1_1,0.7480,0
190,bs0_2,0.7553,0
190,bs0_4,0.7613,0
190,p01_1,0.7632,0
190,p00_2,0.7786,0
190,ys1_0_d,0.7816,0
190,p11_0,0.7888,1
190,m10_1,0.7917,1
190,p00_1,0.7926,1
190,m01_4,0.8082,1
190,p01_0,0.8147,1
190,ys0_2_d,0.8185,1
190,bs0_1,0.8255,0
190,ys0_3_d,0.8430,1
190,ts1_4,0.8457,0
190,ys0_0_d,0.8509,1
190,ts0_2,0.9071,1
190,ys0_1_d,0.9242,1
190,ts1_0,0.9305,1
190,p10_1,0.9322,1
190,bs1_0,0.9342,1
190,p01_4,0.9499,1
190,bs1_3,0.9510,0
190,ts0_0,0.9672,1
190,ys1_1_d,1.0508,1
190,ys1_3_d,1.0511,1
190,bs0_1,1.0563,1
190,ys1_0_d,1.0638,1
190,ts1_1,1.0721,1
190,ts0_4,1.0918,1
190,bs1_4,1.1077,1
190,ys0_1_d,1.1151,0
190,bs0_4,1.1311,1
190,ys1_0_d,1.1312,0
190,bs1_0,1.1466,0
190,bs0_3,1.1715,0
190,ys0_0_d,1.2000,0
190,ys1_0_d,1.2060,1
190,ys1_1_d,1.2647,0
190,ys0_3_d,1.2895,0
191,ys0_3,0.3740,0
191,xs1_0_q,0.3815,0
191,r_2_q,0.3912,0
191,r_3_q,0.3912,0
191,xs0_4_q,0.3942,0
191,ys1_3,0.3958,1
191,ys1_2,0.3958,1
191,ys0_2,0.3958,1
191,xs1_1_q,0.4106,0
191,xs0_3_q,0.4111,0
191,r_1_q,0.4383,1
191,r_4_q,0.4383,1
191,xs0_1_q,0.4803,1
191,p01_2,0.4990,0
191,p10_3,0.4990,0
191,p01_3,0.4991,0
191,p10_2,0.4991,0
191,p10_1,0.5102,0
191,p01_4,0.5105,0
191,as1_0,0.5189,0
191,m10_1,0.5315,0
191,m01_0,0.5442,0
191,p11_0,0.5454,0
191,bs0_1,0.5687,0
191,bs1_1,0.5707,1
191,bs0_3,0.5723,1
191,p01_1,0.5758,1
191,p10_4,0.5887,1
191,p10_1,0.5992,1
191,ts0_2,0.6015,0
191,ts1_3,0.6026,0
191,ts0_3,0.6039,0
191,ts1_2,0.6047,0
191,as0_2,0.6066,0
191,p00_0,0.6139,1
191,p00_1,0.6164,0
191,as0_0,0.6181,1
191,ts0_4,0.6245,0
191,as1_2,0.6442,1
191,m01_4,0.6476,0
191,p01_0,0.6603,0
191,ts1_0,0.6619,0
191,bs0_1,0.6791,1
191,ys0_3_d,0.6825,1
191,bs1_1,0.6924,0
191,bs0_3,0.7164,0
191,ys1_1_d,0.7179,1
191,ts1_4,0.7429,1
191,bs1_0,0.7438,1
191,p00_0,0.7483,0
191,bs0_0,0.7537,0
191,p00_4,0.7653,1
191,bs1_4,0.7701,0
191,p01_4,0.7928,1
191,ys0_3_d,0.8159,0
191,ys0_1_d,0.8572,1
191,ts0_0,0.8605,0
191,ys0_0_d,0.8797,1
191,bs1_3,0.8968,1
191,ys1_3_d,0.9607,0
191,bs0_4,0.9718,0
191,ys0_0_d,1.0663,0
192,ys1_3,0.3740,0
192,ys1_4,0.3740,0
192,ys0_4,0.3740,0
192,ys0_1,0.3958,1
192,ys1_1,0.3958,1
192,xs1_4_q,0.4444,1
192,xs1_1_q,0.4788,1
192,xs0_3_q,0.4864,1
192,as1_2,0.5973,0
192,p11_1,0.6202,1
192,p00_2,0.6242,1
192,bs1_1,0.6376,1
192,bs0_3,0.6478,1
192,as1_4,0.6829,1
192,as1_0,0.6835,1
192,ts1_1,0.6891,0
192,ys1_1_d,0.7008,0
192,p11_1,0.7189,0
192,as0_4,0.7325,1
192,bs1_2,0.7484,0
192,ts0_2,0.7544,1
192,ys0_3_d,0.7582,1
192,ts1_1,0.8055,1
192,m10_4,0.8308,1
192,m10_0,0.8313,1
192,p11_0,0.8315,1
192,bs0_1,0.8333,0
192,ys1_3_d,0.8368,1
192,bs1_4,0.8620,1
192,p11_4,0.8622,1
192,p00_4,0.8749,0
192,p10_4,0.8903,0
192,bs1_0,0.9106,0
192,bs0_4,0.9263,1
192,ys0_1_d,0.9523,0
192,p10_0,0.9726,1
192,ts0_4,1.0082,1
192,ys1_1_d,1.0160,1
192,ys0_0_d,1.0405,1
192,bs0_3,1.0885,0
192,ys0_3_d,1.2060,0
193,ys0_1,0.3740,0
193,ys1_2,0.3740,0
193,xs1_2_q,0.3815,0
193,xs0_2_q,0.3815,0
193,r_1_q,0.3912,0
193,r_4_q,0.3927,0
193,ys1_3,0.3958,1
193,ys0_4,0.3958,1
193,ys1_4,0.3958,1
193,ys0_0,0.3958,1
193,r_0_q,0.4384,1
193,xs0_4_q,0.4388,1
193,r_3_q,0.4445,1
193,p01_1,0.4990,0
193,p10_1,0.4990,0
193,p01_4,0.4996,0
193,p10_0,0.5123,0
193,p10_4,0.5148,1
193,as0_4,0.5410,0
193,as0_0,0.5433,0
193,p01_0,0.5876,1
193,ts1_4,0.5903,0
193,p10_3,0.5961,1
193,p01_3,0.5961,1
193,ts1_1,0.6043,0
193,ts0_4,0.6045,0
193,ts0_1,0.6045,0
193,as1_2,0.6084,1
193,as0_2,0.6117,1
193,ts1_0,0.6371,1
193,bs0_4,0.6872,0
193,m10_4,0.6921,0
193,bs1_3,0.7064,0
193,m01_4,0.7105,1
193,m01_0,0.7126,1
193,p00_0,0.7127,1
193,bs1_4,0.7217,0
193,bs0_3,0.7331,1
193,p00_2,0.7541,0
193,ts1_3,0.7547,1
193,ts0_3,0.7557,1
193,m10_2,0.7559,1
193,p11_1,0.7562,1
193,m10_1,0.7634,1
193,p01_0,0.7652,0
193,ys0_0_d,0.7858,0
193,bs1_0,0.7910,1
193,p10_4,0.8064,0
193,ys0_3_d,0.8463,1
193,ys1_3_d,0.8511,0
193,p01_4,0.8527,1
193,ys1_1_d,0.8653,0
193,ts0_0,0.8667,1
193,ts0_2,0.8724,0
193,p10_2,0.8988,1
193,p10_1,0.9014,1
193,ts1_4,0.9339,1
193,ts0_4,0.9938,1
193,bs0_1,1.0018,1
193,ts1_2,1.0402,1
193,bs0_4,1.0420,1
193,bs0_3,1.0724,0
193,bs1_3,1.0867,1
193,ys0_1_d,1.1122,1
193,bs1_1,1.1197,0
193,ys0_0_d,1.1564,1
193,ys0_3_d,1.1902,0
193,ys1_3_d,1.1973,1
193,ys1_1_d,1.2292,1
194,ys1_4,0.3740,0
194,xs0_0_q,0.3815,0
194,ys0_1,0.3958,1
194,xs1_1_q,0.4103,0
194,xs0_1_q,0.4104,0
194,xs0_3_q,0.4116,0
194,xs1_0_q,0.4132,1
194,r_4_q,0.4383,1
194,r_1_q,0.4386,1
194,r_2_q,0.4386,1
194,as1_0,0.5063,0
194,p01_4,0.5104,0
194,p10_2,0.5110,0
194,p10_1,0.5130,0
194,p11_1,0.5323,0
194,m10_1,0.5326,0
194,bs0_1,0.5447,0
194,p11_0,0.5454,0
194,m01_0,0.5454,0
194,m10_0,0.5457,0
194,p00_0,0.5458,0
194,m10_2,0.5467,0
194,as1_2,0.5520,0
194,as0_2,0.5527,0
194,m01_1,0.5703,1
194,m01_3,0.5705,1
194,bs1_1,0.5707,1
194,bs0_3,0.5708,1
194,p00_1,0.5712,1
194,p10_4,0.5759,1
194,p01_2,0.5873,1
194,p10_1,0.5919,1
194,as0_0,0.6126,1
194,ts0_4,0.6244,0
194,p01_3,0.6308,0
194,ys1_1_d,0.6355,0
194,as0_4,0.6421,1
194,p10_2,0.6442,1
194,ts1_1,0.6458,1
194,ys0_1_d,0.6531,0
194,p11_4,0.6536,0
194,m01_4,0.6536,0
194,p00_1,0.6576,0
194,m01_1,0.6583,0
194,p10_0,0.6703,1
194,p01_0,0.6711,1
194,ys0_3_d,0.6904,1
194,bs0_3,0.7166,0
194,bs1_2,0.7175,1
194,ts0_2,0.7399,1
194,ts0_3,0.7434,0
194,bs0_2,0.7524,1
194,bs0_4,0.7577,0
194,m10_4,0.7643,1
194,p01_1,0.7787,1
194,ys1_3_d,0.7865,0
194,p00_3,0.7896,1
194,ys0_2_d,0.7921,0
194,p01_4,0.7954,1
194,bs0_2,0.8216,0
194,p10_4,0.8232,0
194,ts0_1,0.8605,1
194,ys0_2_d,0.8649,1
194,ys0_0_d,0.8825,0
194,bs0_1,0.8934,1
194,ts0_3,0.9218,1
194,ys0_3_d,0.9222,0
194,ts1_4,0.9317,0
194,ts0_4,0.9490,1
194,ys0_1_d,1.0028,1
194,bs1_3,1.0374,0
194,bs0_3,1.1013,1
194,bs0_2,1.1064,1
194,ys1_3_d,1.1380,1
194,ys0_2_d,1.1498,0
195,ys0_4,0.3740,0
195,ys0_0,0.3740,0
195,ys1_1,0.3740,0
195,ys0_2,0.3740,0
195,xs1_0_q,0.3813,0
195,r_2_q,0.3912,0
195,r_1_q,0.3912,0
195,r_0_q,0.3912,0
195,xs1_4_q,0.3937,0
195,ys1_2,0.3958,1
195,xs0_2_q,0.4126,1
195,xs1_2_q,0.4133,1
195,xs1_3_q,0.4771,1
195,xs0_1_q,0.4914,1
195,p01_2,0.4990,0
195,p10_2,0.4990,0
195,p10_1,0.4990,0
195,p01_1,0.4990,0
195,p01_0,0.4990,0
195,p10_0,0.4990,0
195,bs0_1,0.5805,0
195,ts0_2,0.6016,0
195,ts1_2,0.6026,0
195,ts1_1,0.6026,0
195,ts1_0,0.6040,0
195,ts0_1,0.6041,0
195,ts0_0,0.6045,0
195,m10_3,0.6109,1
195,p11_3,0.6109,1
195,m01_2,0.6112,1
195,bs1_3,0.6370,1
195,as1_2,0.6422,1
195,bs0_1,0.6571,1
195,p10_3,0.6696,0
195,ys1_3_d,0.7030,0
195,bs1_1,0.7080,0
195,bs1_0,0.7221,0
195,bs1_4,0.7434,1
195,p01_2,0.7506,1
195,bs0_4,0.7561,1
195,bs1_2,0.7595,0
195,p11_2,0.7884,1
195,bs0_0,0.7901,1
195,ys1_3_d,0.8535,1
195,ys0_1_d,0.8657,0
195,ts0_2,0.8918,1
195,ts1_2,0.9307,1
195,bs0_1,0.9695,0
195,ys0_1_d,1.0768,1
195,bs1_1,1.0831,1
195,ys1_1_d,1.1944,1
196,ys1_2,0.3740,0
196,xs0_2_q,0.3813,0
196,xs1_2_q,0.3815,0
196,r_4_q,0.3927,0
196,xs0_4_q,0.3933,0
196,r_3_q,0.3941,0
196,ys1_1,0.3958,1
196,ys0_4,0.3958,1
196,ys1_4,0.3958,1
196,xs1_3_q,0.4105,0
196,xs0_1_q,0.4117,0
196,xs1_0_q,0.4119,1
196,xs0_0_q,0.4148,1
196,xs1_4_q,0.4486,1
196,xs1_1_q,0.4757,1
196,xs0_3_q,0.4775,1
196,p01_4,0.4995,0
196,p01_3,0.5156,1
196,p10_3,0.5158,1
196,p10_4,0.5276,1
196,m10_3,0.5309,0
196,p11_3,0.5314,0
196,bs1_3,0.5437,0
196,p11_2,0.5441,0
196,m01_2,0.5441,0
196,bs1_1,0.5620,0
196,bs0_3,0.5655,0
196,m01_1,0.5719,1
196,bs0_1,0.5735,1
196,ts0_3,0.5908,0
196,ts0_4,0.6020,0
196,p11_1,0.6072,1
196,m10_2,0.6109,1
196,p00_2,0.6115,1
196,m01_3,0.6123,0
196,p00_3,0.6125,0
196,p10_3,0.6319,0
196,ys0_1_d,0.6380,0
196,ys1_3_d,0.6532,0
196,p01_2,0.6602,0
196,ts1_2,0.6614,0
196,ts1_4,0.6781,1
196,ts0_3,0.6784,1
196,ys1_1_d,0.6801,0
196,bs0_3,0.6865,1
196,p01_1,0.7139,1
196,p01_3,0.7245,0
196,ts1_3,0.7369,0
196,p10_2,0.7481,1
196,ts1_1,0.7499,1
196,bs1_1,0.7834,1
196,ts0_3,0.8156,0
196,bs1_3,0.8285,1
196,ts0_1,0.8552,1
196,ts1_2,0.8866,1
196,bs1_2,0.8965,1
196,ys1_1_d,0.9016,1
196,bs0_2,0.9302,0
196,bs1_1,0.9446,0
196,bs0_0,0.9574,0
196,bs1_0,0.9718,1
196,ys0_2_d,0.9763,1
196,ys0_3_d,1.0180,1
196,ys1_0_d,1.0442,0
196,ys0_1_d,1.0616,1
196,ys0_0_d,1.0799,1
197,ys1_3,0.3740,0
197,ys1_0,0.3740,0
197,xs1_0_q,0.3813,0
197,xs0_0_q,0.3815,0
197,xs1_4_q,0.3937,0
197,ys1_2,0.3958,1
197,ys0_0,0.3958,1
197,ys0_2,0.3958,1
197,ys0_3,0.3958,1
197,xs0_3_q,0.4106,0
197,xs0_4_q,0.4379,1
197,r_0_q,0.4445,1
197,xs1_3_q,0.4770,1
197,bs0_3,0.5437,0
197,p00_2,0.5445,0
197,m10_2,0.5445,0
197,bs1_3,0.5638,0
197,m01_3,0.5689,1
197,p00_3,0.5692,1
197,p10_0,0.5960,1
197,p01_0,0.5960,1
197,p11_2,0.6089,1
197,m10_3,0.6094,1
197,p11_3,0.6095,1
197,m01_2,0.6097,1
197,ys0_3_d,0.6522,0
197,p10_2,0.6607,0
197,ts0_2,0.6617,0
197,ys1_3_d,0.6765,1
197,p01_3,0.7096,1
197,ts1_0,0.7378,1
197,ts0_0,0.7379,1
197,p01_2,0.7464,1
197,p10_3,0.7505,1
197,bs0_1,0.7669,0
197,bs0_4,0.8234,0
197,bs1_4,0.8260,0
197,ys0_1_d,0.8760,0
197,ts0_2,0.8961,1
197,ys1_0_d,0.9248,1
197,ys0_0_d,0.9331,0
197,bs0_1,1.0479,1
197,ys0_1_d,1.1584,1
198,ys0_0,0.3740,0
198,ys0_3,0.3740,0
198,ys1_4,0.3740,0
198,ys0_4,0.3740,0
198,ys1_0,0.3958,1
198,ys1_3,0.3958,1
198,xs1_1_q,0.4093,0
198,xs1_3_q,0.4102,0
198,r_2_q,0.4384,1
198,r_1_q,0.4386,1
198,p01_2,0.5099,0
198,p01_1,0.5112,0
198,p11_1,0.5312,0
198,m10_3,0.5322,0
198,p11_3,0.5323,0
198,m01_2,0.5454,0
198,p11_2,0.5463,0
198,as1_2,0.5510,0
198,as1_4,0.5513,0
198,bs1_1,0.5707,1
198,bs1_3,0.5714,1
198,p10_1,0.5720,1
198,p10_2,0.5739,1
198,ts0_1,0.6248,0
198,ys1_1_d,0.6352,0
198,ys1_3_d,0.6357,0
198,p01_2,0.6420,1
198,p10_3,0.6517,0
198,ts1_3,0.6620,1
198,m10_4,0.6675,0
198,m01_1,0.6797,0
198,m01_3,0.6803,0
198,bs1_4,0.7172,1
198,ts1_3,0.7291,0
198,p10_4,0.7846,0
198,ys1_0_d,0.7865,0
198,p01_3,0.7989,0
198,bs0_0,0.8098,1
198,p01_1,0.8217,1
198,bs1_2,0.8417,0
198,ys0_1_d,0.8853,0
198,ts1_4,0.8882,0
198,ys1_3_d,0.9281,1
198,ts0_3,0.9291,1
198,ys0_0_d,0.9306,1
198,ts0_1,0.9614,1
198,bs1_3,0.9937,0
198,bs0_0,1.0364,0
198,ys1_3_d,1.0965,0
198,bs0_2,1.1188,1
198,ys0_1_d,1.1416,1
198,ys0_2_d,1.1609,0
198,ys0_0_d,1.1635,0
198,ys0_3_d,1.2337,1
199,ys1_0,0.3740,0
199,ys1_3,0.3740,0
199,ys1_2,0.3740,0
199,ys0_2,0.3740,0
199,ys1_1,0.3740,0
199,r_0_q,0.3912,0
199,r_2_q,0.3912,0
199,r_1_q,0.3912,0
199,ys0_3,0.3958,1
199,ys1_4,0.3958,1
199,xs1_0_q,0.4119,1
199,xs0_0_q,0.4132,1
199,r_3_q,0.4439,1
199,xs1_4_q,0.4472,1
199,xs0_3_q,0.4799,1
199,xs1_1_q,0.4840,1
199,xs0_1_q,0.4857,1
199,p01_2,0.4990,0
199,p10_2,0.4990,0
199,p10_0,0.4990,0
199,p01_1,0.4990,0
199,p01_0,0.4990,0
199,p10_1,0.4990,0
199,as0_0,0.5040,0
199,bs1_1,0.5712,0
199,bs0_1,0.5764,0
199,p01_3,0.5828,1
199,p10_3,0.5950,1
199,ts0_2,0.6003,0
199,ts1_2,0.6015,0
199,ts1_1,0.6026,0
199,ts1_0,0.6027,0
199,ts0_0,0.6037,0
199,ts0_1,0.6052,0
199,as0_4,0.6073,0
199,p00_2,0.6134,1
199,p00_3,0.6162,0
199,bs0_3,0.6403,1
199,bs0_1,0.6612,1
199,bs1_1,0.6747,1
199,m01_0,0.6764,1
199,p00_0,0.6765,1
199,as1_4,0.6841,1
199,ys0_3_d,0.7033,0
199,as1_2,0.7200,1
199,bs1_0,0.7228,0
199,ts0_2,0.7281,1
199,as0_2,0.7303,1
199,ts1_3,0.7529,1
199,bs0_1,0.7736,0
199,ys1_1_d,0.8094,1
199,p01_0,0.8175,1
199,ys1_0_d,0.8313,1
199,bs0_2,0.8455,0
199,p11_1,0.8691,1
199,m10_2,0.8698,1
199,p00_2,0.8719,0
199,m10_1,0.8807,1
199,ys0_1_d,0.8929,0
199,ys0_2_d,0.9077,1
199,ys0_3_d,0.9475,1
199,ts0_2,0.9865,0
199,p10_2,1.0121,1
199,p10_1,1.0161,1
199,bs0_1,1.1138,1
199,ts1_2,1.1539,1
199,ys0_1_d,1.2243,1
199,bs1_1,1.2337,0
199,ys1_1_d,1.3512,0
