row,label,x,mask,r,charge_fC,-0.195,-0.185,-0.175,-0.165,-0.155,-0.145,-0.135,-0.125,-0.115,-0.105,-0.095,-0.085,-0.075,-0.065,-0.055,-0.045,-0.035,-0.025,-0.015,-0.005,0.005,0.015,0.025,0.035,0.045,0.055,0.065,0.075,0.085,0.095,0.105,0.115,0.125,0.135,0.145,0.155,0.165,0.175,0.185,0.195,0.205,0.215,0.225,0.235,0.245,0.255,0.265,0.275,0.285,0.295,0.305,0.315,0.325,0.335,0.345,0.355,0.365,0.375,0.385,0.395,0.405,0.415,0.425,0.435,0.445,0.455,0.465,0.475,0.485,0.495,0.505,0.515,0.525,0.535,0.545,0.555,0.565,0.575,0.585,0.595,0.605,0.615,0.625,0.635,0.645,0.655,0.665,0.675,0.685,0.695,0.705,0.715,0.725,0.735,0.745,0.755,0.765,0.775,0.785,0.795,0.805,0.815,0.825,0.835,0.845,0.855,0.865,0.875,0.885,0.895,0.905,0.915,0.925,0.935,0.945,0.955,0.965,0.975,0.985,0.995,1.005,1.015,1.025,1.035,1.045,1.055,1.065,1.075,1.085,1.095,1.105,1.115,1.125,1.135,1.145,1.155,1.165,1.175,1.185,1.195,1.205,1.215,1.225,1.235,1.245,1.255,1.265,1.275,1.285,1.295,1.305,1.315,1.325,1.335,1.345,1.355,1.365,1.375,1.385,1.395,1.405,1.415,1.425,1.435,1.445,1.455,1.465,1.475,1.485,1.495,1.505,1.515,1.525,1.535,1.545,1.555,1.565,1.575,1.585,1.595,1.605,1.615,1.625,1.635,1.645,1.655,1.665,1.675,1.685,1.695,1.705,1.715,1.725,1.735,1.745,1.755,1.765,1.775,1.785,1.795,1.805,1.815,1.825,1.835,1.845,1.855,1.865,1.875,1.885,1.895,1.905,1.915,1.925,1.935,1.945,1.955,1.965,1.975,1.985,1.995,2.005,2.015,2.025,2.035,2.045,2.055,2.065,2.075,2.085,2.095,2.105,2.115,2.125,2.135,2.145,2.155,2.165,2.175,2.185,2.195,2.205,2.215,2.225,2.235,2.245,2.255,2.265,2.275,2.285,2.295,2.305,2.315,2.325,2.335,2.345,2.355,2.365,2.375,2.385,2.395,2.405,2.415,2.425,2.435,2.445,2.455,2.465,2.475,2.485,2.495,2.505,2.515,2.525,2.535,2.545,2.555,2.565,2.575,2.585,2.595,2.605,2.615,2.625,2.635,2.645,2.655,2.665,2.675,2.685,2.695,2.705,2.715,2.725,2.735,2.745,2.755,2.765,2.775,2.785,2.795,2.805,2.815,2.825,2.835,2.845,2.855,2.865,2.875,2.885,2.895,2.905,2.915,2.925,2.935,2.945,2.955,2.965,2.975,2.985,2.995,3.005,3.015,3.025,3.035,3.045,3.055,3.065,3.075,3.085,3.095,3.105,3.115,3.125,3.135,3.145,3.155,3.165,3.175,3.185,3.195,3.205,3.215,3.225,3.235,3.245,3.255,3.265,3.275,3.285,3.295,3.305,3.315,3.325,3.335,3.345,3.355,3.365,3.375,3.385,3.395,3.405,3.415,3.425,3.435,3.445,3.455,3.465,3.475,3.485,3.495,3.505,3.515,3.525,3.535,3.545,3.555,3.565,3.575,3.585,3.595,3.605,3.615,3.625,3.635,3.645,3.655,3.665,3.675,3.685,3.695,3.705,3.715,3.725,3.735,3.745,3.755,3.765,3.775,3.785,3.795
2,1,12,0,0,245.4880,0.15,0.14,0.14,0.14,0.14,0.14,0.14,0.14,0.14,0.14,0.14,0.14,0.14,0.14,0.14,-135.78,-153.58,-157.11,-144.13,-86.71,37.50,193.93,336.12,518.75,741.02,866.86,659.20,505.41,406.06,361.17,358.85,366.01,346.58,332.33,384.87,495.04,595.68,643.75,650.38,634.34,593.71,533.91,466.04,389.57,311.10,246.06,200.85,175.01,168.68,176.83,186.77,193.01,203.65,220.94,231.08,212.49,167.05,123.71,98.00,86.25,84.98,90.25,94.45,99.54,112.05,122.19,118.08,107.79,100.51,95.59,96.97,102.76,97.84,83.78,75.57,73.14,74.12,79.14,79.96,67.77,51.66,42.28,35.63,29.09,23.57,18.85,15.00,11.87,9.38,7.40,5.85,4.63,3.69,2.95,2.37,1.93,1.58,1.30,1.09,0.92,0.79,0.68,0.60,0.53,0.48,0.44,0.40,0.37,0.35,0.33,0.31,0.30,0.29,0.28,0.27,0.26,0.26,0.25,0.24,0.24,0.24,0.23,0.23,0.22,0.22,0.22,0.21,0.21,0.21,0.21,0.20,0.20,0.20,0.20,0.19,0.19,0.19,0.19,0.19,0.19,0.18,0.18,0.18,0.18,0.18,0.17,0.17,0.17,0.17,0.17,0.17,0.17,0.16,0.16,0.16,0.16,0.16,0.16,0.16,0.16,0.15,0.15,0.15,0.15,0.15,0.15,0.15,0.15,0.15,0.14,0.14,0.14,0.14,0.14,0.14,0.14,0.14,0.14,0.14,0.14,0.13,0.13,0.13,0.13,0.13,0.13,0.13,0.13,0.13,0.13,0.13,0.13,0.13,0.12,0.12,0.12,0.12,0.12,0.12,0.12,0.12,0.12,0.12,0.12,0.12,0.12,0.12,0.12,0.11,0.11,0.11,0.11,0.11,0.11,0.12,80.80,76.04,78.91,92.52,120.50,167.72,231.46,305.05,387.73,465.61,423.90,556.69,718.30,805.50,749.95,549.44,321.02,201.15,161.54,136.71,111.50,89.32,78.80,68.94,50.44,30.98,20.09,15.91,13.29,11.24,9.48,7.98,6.71,5.63,4.72,3.96,3.32,2.80,2.35,1.99,1.69,1.44,1.23,1.06,0.92,0.80,0.71,0.63,0.56,0.50,0.46,0.42,0.39,0.36,0.33,0.31,0.29,0.28,0.27,0.26,0.25,0.24,0.23,0.23,0.22,0.21,0.21,0.20,0.20,0.20,0.19,0.19,0.19,0.18,0.18,0.18,0.18,0.17,0.17,0.17,0.17,0.16,0.16,0.16,0.16,0.16,0.15,0.15,0.15,0.15,0.15,0.15,0.14,0.14,0.14,0.14,0.14,0.14,0.14,0.13,-13.24,-15.48,-15.43,-12.48,-0.20,25.94,54.41,76.90,95.44,110.31,145.97,149.15,140.92,135.30,118.29,88.44,67.75,58.96,57.40,51.71,35.07,20.04,13.37,11.07,9.48,8.15,6.93,5.88,4.94,4.15,3.47,2.90,2.42,2.02,1.69,1.42,1.19,1.01,0.85,0.73,0.62,0.54,0.47,0.41,0.37,0.33,0.30,0.27,0.25,0.23,0.21,0.20,0.19,0.18,0.18,0.17,0.16,0.16,0.16,0.15,0.15,0.15,0.14,0.14,0.14,0.14,0.14,0.14,0.13,0.13,0.13,0.13,0.13,0.13,0.13,0.13,0.12,0.12,0.12,0.12,0.12,0.12,0.12,0.12,0.12
3,0,11,0,0,344.1050,0.12,0.12,0.12,0.12,0.11,0.11,0.11,0.11,0.11,0.11,0.11,0.11,0.11,0.11,0.11,-135.28,-152.69,-156.08,-143.14,-86.09,36.69,190.68,330.18,510.47,733.62,859.84,641.73,483.59,382.31,332.35,321.81,327.95,321.21,321.62,372.13,464.82,538.64,541.58,494.41,436.36,369.62,300.75,254.39,243.00,259.11,285.70,313.84,347.12,358.91,330.56,301.13,292.01,287.17,278.52,272.82,272.36,271.50,270.68,275.82,288.71,305.30,319.23,332.46,347.23,360.52,375.58,396.23,418.96,428.55,420.36,398.24,363.30,338.35,339.05,351.71,362.44,374.40,395.24,411.65,402.72,370.78,338.13,324.20,328.62,332.26,321.49,301.08,282.36,273.25,271.34,259.78,226.78,185.15,155.20,138.53,121.74,100.21,79.20,62.95,51.83,43.81,37.58,32.48,28.21,24.59,21.49,18.83,16.54,14.55,12.83,11.34,10.03,8.89,7.90,7.03,6.26,5.59,5.00,4.48,4.03,3.62,3.27,2.96,2.68,2.44,2.22,2.03,1.86,1.71,1.58,1.46,1.35,1.26,1.18,1.10,1.03,0.97,0.92,0.87,0.83,0.79,0.76,0.72,0.70,0.67,0.65,0.62,0.61,0.59,0.57,0.56,0.54,0.53,0.52,0.50,0.49,0.48,0.47,0.47,0.46,0.45,0.44,0.44,0.43,0.42,0.42,0.41,0.41,0.40,0.40,0.39,0.39,0.38,0.38,0.37,0.37,0.36,0.36,0.36,0.35,0.35,0.35,0.34,0.34,0.34,0.33,0.33,0.33,0.32,0.32,0.32,0.31,0.31,0.31,0.31,0.30,0.30,0.30,0.30,0.29,0.29,0.29,0.29,0.28,0.28,0.28,0.28,0.28,0.27,0.27,0.27,0.27,0.27,0.26,0.27,81.22,76.26,79.13,92.77,120.75,167.87,231.31,304.37,386.30,463.36,421.33,568.35,757.20,864.65,805.68,594.27,361.16,240.14,205.33,191.53,177.78,167.55,172.51,165.78,124.02,74.03,47.05,37.92,32.37,27.75,23.61,19.98,16.81,14.10,11.79,9.84,8.20,6.83,5.70,4.76,3.98,3.34,2.81,2.37,2.01,1.72,1.47,1.27,1.11,0.97,0.86,0.77,0.69,0.63,0.57,0.53,0.49,0.46,0.43,0.41,0.39,0.38,0.36,0.35,0.34,0.33,0.32,0.32,0.31,0.31,0.30,0.30,0.29,0.29,0.28,0.28,0.28,0.27,0.27,0.27,0.26,0.26,0.26,0.26,0.25,0.25,0.25,0.25,0.24,0.24,0.24,0.24,0.24,0.23,0.23,0.23,0.23,0.23,0.22,0.21,-0.65,0.22,0.22,0.22,0.21,0.21,0.21,0.21,0.21,0.21,0.21,0.20,0.20,0.20,0.20,0.20,0.20,0.19,0.19,0.19,0.19,0.19,0.19,0.19,0.19,0.19,0.18,0.18,0.18,0.18,0.18,0.18,0.18,0.18,0.18,0.18,0.17,0.17,0.17,0.17,0.17,0.17,0.17,0.17,0.17,0.17,0.17,0.16,0.16,0.16,0.16,0.16,0.16,0.16,0.16,0.16,0.16,0.16,0.16,0.16,0.15,0.15,0.15,0.15,0.15,0.15,0.15,0.15,0.15,0.15,0.15,0.15,0.15,0.15,0.15,0.14,0.14,0.14,0.14,0.14,0.14,0.14,0.14,0.14,0.14
4,0,11,0,0,151.8573,0.14,0.14,0.14,0.14,0.14,0.14,0.14,0.13,0.13,0.13,0.13,0.13,0.13,0.13,0.13,-135.80,-154.03,-157.64,-144.65,-87.05,37.87,195.53,339.31,523.57,744.33,861.16,655.34,500.00,396.48,346.43,336.54,333.63,302.99,276.62,296.84,328.19,331.98,308.10,259.36,196.82,141.49,98.85,65.01,40.87,24.96,15.21,9.48,6.15,4.19,3.01,2.26,1.76,1.42,1.17,0.99,0.85,0.74,0.65,0.58,0.52,0.48,0.44,0.41,0.38,0.36,0.34,0.32,0.31,0.30,0.29,0.28,0.27,0.27,0.26,0.26,0.25,0.25,0.24,0.24,0.23,0.23,0.23,0.22,0.22,0.22,0.21,0.21,0.21,0.21,0.20,0.20,0.20,0.20,0.20,0.19,0.19,0.19,0.19,0.19,0.18,0.18,0.18,0.18,0.18,0.18,0.17,0.17,0.17,0.17,0.17,0.17,0.17,0.17,0.16,0.16,0.16,0.16,0.16,0.16,0.16,0.16,0.15,0.15,0.15,0.15,0.15,0.15,0.15,0.15,0.15,0.15,0.15,0.14,0.14,0.14,0.14,0.14,0.14,0.14,0.14,0.14,0.14,0.14,0.14,0.13,0.13,0.13,0.13,0.13,0.13,0.13,0.13,0.13,0.13,0.13,0.13,0.13,0.13,0.13,0.13,0.12,0.12,0.12,0.12,0.12,0.12,0.12,0.12,0.12,0.12,0.12,0.12,0.12,0.12,0.12,0.12,0.12,0.12,0.12,0.11,0.11,0.11,0.11,0.11,0.11,0.11,0.11,0.11,0.11,0.11,0.11,0.11,0.11,0.11,0.11,0.11,0.11,0.11,0.11,0.11,0.11,0.11,0.10,0.10,0.10,0.10,0.10,0.10,0.10,0.10,0.10,0.10,0.10,0.10,0.10,81.75,76.05,78.91,92.53,120.51,167.70,231.27,304.51,386.68,464.04,420.10,540.89,681.86,750.51,688.85,484.45,247.48,123.53,82.00,55.29,37.44,25.52,17.75,12.59,9.18,6.85,5.24,4.09,3.26,2.63,2.16,1.80,1.51,1.28,1.09,0.94,0.82,0.72,0.63,0.56,0.50,0.46,0.42,0.38,0.35,0.33,0.30,0.29,0.27,0.26,0.24,0.23,0.22,0.22,0.21,0.20,0.20,0.19,0.19,0.18,0.18,0.17,0.17,0.17,0.16,0.16,0.16,0.16,0.15,0.15,0.15,0.15,0.15,0.14,0.14,0.14,0.14,0.14,0.14,0.13,0.13,0.13,0.13,0.13,0.13,0.13,0.12,0.12,0.12,0.12,0.12,0.12,0.12,0.12,0.12,0.12,0.11,0.11,0.11,0.10,1.28,-0.01,0.16,2.86,11.90,30.09,51.18,70.01,87.39,102.27,110.06,108.37,104.60,104.01,99.72,90.39,86.30,90.91,101.10,96.12,66.49,38.05,25.59,21.34,18.43,15.87,13.52,11.43,9.60,8.02,6.68,5.55,4.60,3.81,3.15,2.61,2.16,1.79,1.49,1.24,1.03,0.87,0.73,0.62,0.53,0.45,0.39,0.34,0.30,0.27,0.24,0.22,0.20,0.18,0.17,0.16,0.15,0.15,0.14,0.13,0.13,0.13,0.12,0.12,0.12,0.12,0.12,0.11,0.11,0.11,0.11,0.11,0.11,0.11,0.11,0.11,0.11,0.10,0.10,0.10,0.10,0.10,0.10,0.10,0.10
5,1,6,0,0,269.2215,0.10,0.10,0.10,0.10,0.10,0.10,0.10,0.10,0.10,0.10,0.10,0.09,0.09,0.09,0.10,-135.90,-153.72,-157.25,-144.25,-86.75,37.72,194.69,337.93,521.70,741.93,852.04,637.86,474.54,361.84,300.55,272.79,255.48,228.47,211.12,240.11,299.40,337.85,339.00,330.37,340.77,370.09,397.32,393.62,349.90,293.36,253.21,235.55,229.49,235.79,259.91,289.76,315.74,340.29,357.62,352.23,320.29,275.82,235.98,211.28,202.96,204.80,211.88,224.12,244.10,263.73,260.35,223.39,177.48,148.68,134.22,124.49,116.95,111.49,108.79,110.11,116.27,125.75,135.85,143.91,146.26,144.64,142.82,139.41,139.91,146.02,144.01,124.79,95.41,68.82,51.27,41.02,34.30,29.23,25.08,21.58,18.57,15.99,13.76,11.86,10.22,8.83,7.63,6.61,5.73,4.98,4.35,3.80,3.33,2.94,2.59,2.30,2.05,1.84,1.65,1.49,1.36,1.24,1.14,1.05,0.97,0.90,0.85,0.80,0.75,0.71,0.68,0.65,0.62,0.59,0.57,0.55,0.53,0.52,0.50,0.49,0.48,0.47,0.46,0.45,0.44,0.43,0.42,0.41,0.41,0.40,0.39,0.39,0.38,0.37,0.37,0.36,0.36,0.35,0.35,0.34,0.34,0.34,0.33,0.33,0.32,0.32,0.32,0.31,0.31,0.31,0.30,0.30,0.30,0.29,0.29,0.29,0.29,0.28,0.28,0.28,0.27,0.27,0.27,0.27,0.26,0.26,0.26,0.26,0.26,0.25,0.25,0.25,0.25,0.24,0.24,0.24,0.24,0.24,0.24,0.23,0.23,0.23,0.23,0.23,0.22,0.22,0.22,0.22,0.22,0.22,0.21,0.21,0.21,0.21,0.21,0.21,0.21,0.20,0.20,0.20,81.51,76.18,79.03,92.65,120.64,167.79,231.19,304.05,385.73,462.56,421.62,567.43,749.37,850.91,794.83,598.28,385.04,272.92,236.12,213.96,182.11,150.32,137.46,123.14,89.71,53.41,33.59,26.59,22.38,19.05,16.12,13.61,11.43,9.58,8.01,6.70,5.59,4.67,3.91,3.27,2.75,2.32,1.96,1.67,1.43,1.23,1.06,0.93,0.82,0.73,0.65,0.59,0.53,0.49,0.45,0.42,0.40,0.38,0.36,0.34,0.33,0.32,0.31,0.30,0.29,0.29,0.28,0.27,0.27,0.27,0.26,0.26,0.25,0.25,0.25,0.24,0.24,0.24,0.24,0.23,0.23,0.23,0.23,0.23,0.22,0.22,0.22,0.22,0.22,0.21,0.21,0.21,0.21,0.21,0.21,0.20,0.20,0.20,0.20,0.19,-13.22,-15.42,-15.37,-12.42,-0.14,26.00,54.47,76.97,95.51,110.37,146.04,149.21,140.99,135.36,118.35,88.51,67.81,59.01,57.44,51.75,35.08,20.04,13.42,11.14,9.54,8.21,6.99,5.93,5.00,4.21,3.53,2.96,2.48,2.08,1.75,1.47,1.25,1.06,0.91,0.78,0.68,0.59,0.52,0.47,0.42,0.38,0.35,0.32,0.30,0.28,0.27,0.25,0.24,0.23,0.23,0.22,0.21,0.21,0.21,0.20,0.20,0.20,0.19,0.19,0.19,0.19,0.19,0.19,0.18,0.18,0.18,0.18,0.18,0.18,0.18,0.17,0.17,0.17,0.17,0.17,0.17,0.17,0.17,0.17,0.16
6,0,11,0,0,336.6087,0.16,0.16,0.16,0.16,0.16,0.16,0.16,0.16,0.16,0.16,0.16,0.15,0.15,0.15,0.15,-135.34,-152.80,-156.19,-143.23,-86.08,37.11,191.97,332.49,513.48,739.82,885.22,674.23,519.97,425.80,392.59,411.03,444.09,445.59,448.07,515.33,637.36,739.39,750.98,682.87,584.06,474.48,369.98,292.81,251.34,242.68,257.15,282.28,309.46,334.97,348.12,345.19,336.62,327.73,327.42,337.96,348.18,349.43,342.71,334.40,317.82,276.27,221.79,185.22,171.37,166.30,162.85,160.99,164.85,175.02,178.07,169.26,162.80,167.62,181.06,194.78,203.34,212.91,230.49,242.99,228.92,195.17,166.23,152.73,155.56,166.86,176.22,179.93,178.25,177.07,181.18,181.94,167.14,142.20,123.33,117.36,117.59,115.44,110.15,101.98,85.58,66.28,53.68,44.32,35.49,28.19,22.11,17.24,13.37,10.36,8.03,6.24,4.87,3.83,3.04,2.45,2.00,1.66,1.40,1.21,1.06,0.95,0.86,0.80,0.75,0.71,0.67,0.65,0.63,0.61,0.59,0.58,0.57,0.56,0.55,0.54,0.53,0.52,0.51,0.50,0.50,0.49,0.48,0.48,0.47,0.46,0.46,0.45,0.45,0.44,0.44,0.43,0.43,0.42,0.42,0.41,0.41,0.40,0.40,0.39,0.39,0.39,0.38,0.38,0.37,0.37,0.37,0.36,0.36,0.36,0.35,0.35,0.35,0.34,0.34,0.34,0.33,0.33,0.33,0.33,0.32,0.32,0.32,0.31,0.31,0.31,0.31,0.30,0.30,0.30,0.30,0.30,0.29,0.29,0.29,0.29,0.28,0.28,0.28,0.28,0.28,0.27,0.27,0.27,0.27,0.27,0.26,0.26,0.26,0.26,0.26,0.26,0.25,0.25,0.25,0.26,81.53,76.21,79.07,92.69,120.67,167.86,231.47,304.84,387.43,465.60,426.91,572.19,753.75,857.08,806.09,611.11,393.64,279.48,242.65,219.59,186.70,154.28,140.87,125.64,91.22,54.74,35.17,28.10,23.69,20.18,17.09,14.46,12.17,10.23,8.58,7.20,6.04,5.07,4.27,3.60,3.05,2.59,2.21,1.90,1.64,1.42,1.25,1.10,0.98,0.88,0.79,0.72,0.66,0.61,0.57,0.54,0.51,0.48,0.46,0.44,0.42,0.41,0.40,0.39,0.38,0.37,0.36,0.35,0.35,0.34,0.33,0.33,0.32,0.32,0.31,0.31,0.30,0.30,0.30,0.29,0.29,0.29,0.28,0.28,0.28,0.27,0.27,0.27,0.27,0.26,0.26,0.26,0.26,0.25,0.25,0.25,0.25,0.24,0.24,0.23,-7.96,-10.26,-10.10,-6.34,7.87,37.41,70.46,98.01,121.96,141.81,170.78,171.77,163.78,159.70,145.54,119.37,102.81,99.99,105.68,98.57,67.65,38.61,26.01,21.69,18.69,16.09,13.70,11.60,9.76,8.18,6.83,5.69,4.74,3.95,3.29,2.74,2.29,1.92,1.62,1.37,1.16,1.00,0.86,0.75,0.65,0.58,0.51,0.46,0.42,0.39,0.36,0.33,0.31,0.30,0.28,0.27,0.26,0.26,0.25,0.24,0.24,0.23,0.23,0.23,0.22,0.22,0.22,0.21,0.21,0.21,0.21,0.21,0.21,0.21,0.20,0.20,0.20,0.20,0.20,0.20,0.20,0.19,0.19,0.19,0.19
7,1,22,0,0,317.0658,0.19,0.19,0.19,0.19,0.19,0.18,0.18,0.18,0.18,0.18,0.18,0.18,0.18,0.18,0.18,-135.58,-153.21,-156.67,-143.69,-86.38,37.46,193.45,335.13,517.00,744.02,896.92,694.80,547.40,460.29,437.64,473.63,520.88,521.35,518.72,597.16,741.24,856.05,864.32,794.10,727.13,685.45,643.44,572.52,469.69,366.87,289.24,237.58,204.09,191.12,200.75,216.38,224.01,229.14,239.71,251.33,253.51,244.05,232.13,224.44,219.88,217.52,220.55,233.57,258.58,283.93,286.34,263.78,240.42,228.16,221.37,217.64,218.48,226.10,237.85,236.03,208.42,175.20,152.39,131.61,112.08,99.44,91.81,86.16,82.38,80.64,81.18,83.67,87.20,89.46,88.99,86.13,83.71,84.41,82.95,73.59,58.39,42.87,31.47,24.60,20.19,16.97,14.39,12.26,10.47,8.95,7.67,6.58,5.66,4.88,4.22,3.67,3.20,2.80,2.46,2.18,1.94,1.73,1.56,1.41,1.28,1.17,1.08,1.00,0.93,0.87,0.82,0.77,0.73,0.70,0.67,0.64,0.62,0.60,0.58,0.56,0.54,0.53,0.52,0.50,0.49,0.48,0.47,0.47,0.46,0.45,0.44,0.43,0.43,0.42,0.42,0.41,0.40,0.40,0.39,0.39,0.38,0.38,0.38,0.37,0.37,0.36,0.36,0.36,0.35,0.35,0.34,0.34,0.34,0.33,0.33,0.33,0.32,0.32,0.32,0.32,0.31,0.31,0.31,0.30,0.30,0.30,0.30,0.29,0.29,0.29,0.29,0.28,0.28,0.28,0.28,0.28,0.27,0.27,0.27,0.27,0.27,0.26,0.26,0.26,0.26,0.26,0.25,0.25,0.25,0.25,0.25,0.25,0.24,0.24,0.24,0.24,0.24,0.24,0.23,0.24,81.62,76.20,79.05,92.67,120.65,167.84,231.46,304.84,387.46,465.71,425.37,558.46,719.93,806.90,753.06,554.94,326.38,205.71,165.84,140.42,114.54,91.98,81.10,70.64,51.50,31.93,21.21,16.98,14.25,12.09,10.23,8.66,7.32,6.18,5.22,4.42,3.74,3.18,2.71,2.32,1.99,1.72,1.50,1.31,1.16,1.03,0.92,0.83,0.75,0.69,0.64,0.59,0.55,0.52,0.49,0.46,0.44,0.42,0.41,0.39,0.38,0.37,0.36,0.35,0.34,0.34,0.33,0.32,0.32,0.31,0.31,0.30,0.30,0.29,0.29,0.28,0.28,0.27,0.27,0.27,0.26,0.26,0.26,0.25,0.25,0.25,0.25,0.24,0.24,0.24,0.24,0.23,0.23,0.23,0.23,0.22,0.22,0.22,0.22,0.21,-13.19,-15.40,-15.35,-12.40,-0.12,26.02,54.48,76.98,95.52,110.39,146.05,149.23,141.00,135.38,118.36,88.52,67.82,59.02,57.45,51.76,35.09,20.05,13.43,11.15,9.55,8.22,7.00,5.94,5.01,4.22,3.54,2.97,2.49,2.09,1.76,1.48,1.26,1.07,0.92,0.79,0.69,0.60,0.53,0.47,0.42,0.39,0.35,0.33,0.30,0.29,0.27,0.26,0.25,0.24,0.23,0.22,0.22,0.21,0.21,0.21,0.20,0.20,0.20,0.20,0.19,0.19,0.19,0.19,0.19,0.18,0.18,0.18,0.18,0.18,0.18,0.18,0.17,0.17,0.17,0.17,0.17,0.17,0.17,0.17,0.17
8,1,15,0,0,321.9716,0.17,0.16,0.16,0.16,0.16,0.16,0.16,0.16,0.16,0.16,0.16,0.16,0.15,0.15,0.15,-135.24,-152.69,-156.08,-143.13,-86.08,36.78,191.03,331.03,511.89,735.49,862.71,644.96,485.32,382.17,332.01,322.13,328.57,321.65,321.40,370.73,462.86,539.59,549.37,505.07,439.08,361.72,288.24,237.53,213.61,211.57,223.74,240.56,255.31,267.72,280.81,290.82,286.50,268.96,258.48,267.73,288.31,306.31,319.64,337.85,359.30,368.37,367.38,377.95,400.24,418.07,441.02,486.38,525.92,521.51,484.81,447.76,433.06,441.44,449.21,445.58,439.51,414.36,357.82,300.67,260.55,231.97,216.50,209.87,195.02,169.14,142.97,120.77,102.72,87.65,74.24,62.55,52.55,44.13,37.10,31.28,26.46,22.48,19.17,16.43,14.14,12.21,10.60,9.23,8.06,7.07,6.22,5.49,4.86,4.32,3.85,3.44,3.08,2.77,2.50,2.26,2.05,1.87,1.71,1.56,1.44,1.33,1.23,1.15,1.07,1.00,0.94,0.89,0.84,0.80,0.76,0.72,0.69,0.66,0.64,0.62,0.59,0.58,0.56,0.54,0.53,0.51,0.50,0.49,0.48,0.47,0.46,0.45,0.44,0.44,0.43,0.42,0.42,0.41,0.40,0.40,0.39,0.39,0.38,0.38,0.37,0.37,0.36,0.36,0.36,0.35,0.35,0.34,0.34,0.34,0.33,0.33,0.33,0.32,0.32,0.32,0.31,0.31,0.31,0.31,0.30,0.30,0.30,0.30,0.29,0.29,0.29,0.29,0.28,0.28,0.28,0.28,0.27,0.27,0.27,0.27,0.27,0.26,0.26,0.26,0.26,0.26,0.25,0.25,0.25,0.25,0.25,0.25,0.24,0.24,0.24,0.24,0.24,0.24,0.23,0.24,81.20,76.12,78.99,92.59,120.55,167.83,231.82,305.92,389.41,468.33,429.67,567.26,734.96,828.24,776.79,584.34,369.94,257.96,218.79,190.40,152.16,113.87,92.87,76.44,53.98,32.79,21.22,16.66,13.79,11.61,9.76,8.23,6.93,5.84,4.91,4.14,3.50,2.96,2.51,2.14,1.84,1.58,1.37,1.20,1.05,0.93,0.83,0.75,0.68,0.62,0.57,0.53,0.50,0.47,0.44,0.42,0.40,0.39,0.37,0.36,0.35,0.34,0.33,0.32,0.32,0.31,0.31,0.30,0.30,0.29,0.29,0.28,0.28,0.27,0.27,0.27,0.26,0.26,0.26,0.26,0.25,0.25,0.25,0.24,0.24,0.24,0.24,0.24,0.23,0.23,0.23,0.23,0.23,0.22,0.22,0.22,0.22,0.22,0.21,0.20,4.76,5.33,5.43,6.24,8.17,11.59,16.16,21.22,26.62,31.59,24.88,22.69,22.92,24.37,27.17,30.90,35.08,41.09,48.39,46.98,32.75,18.78,12.75,10.69,9.28,8.02,6.85,5.81,4.90,4.11,3.44,2.88,2.40,2.00,1.68,1.40,1.18,1.00,0.84,0.72,0.62,0.53,0.47,0.41,0.36,0.33,0.30,0.27,0.25,0.23,0.22,0.21,0.20,0.19,0.18,0.18,0.17,0.17,0.17,0.16,0.16,0.16,0.16,0.15,0.15,0.15,0.15,0.15,0.15,0.15,0.15,0.15,0.14,0.14,0.14,0.14,0.14,0.14,0.14,0.14,0.14,0.14,0.14,0.14,0.14
9,0,11,0,0,216.2006,0.14,0.14,0.14,0.13,0.13,0.13,0.13,0.13,0.13,0.13,0.13,0.13,0.13,0.13,0.13,-135.42,-153.14,-156.60,-143.63,-86.40,37.11,192.35,333.40,515.20,736.82,854.97,638.85,478.49,372.11,316.17,296.06,289.26,270.13,258.61,293.02,367.09,440.12,472.14,456.49,408.91,333.29,241.25,163.83,113.31,81.97,62.85,51.54,44.83,40.80,38.33,36.88,36.41,37.31,40.17,45.34,52.65,60.88,68.62,75.75,83.68,94.38,107.62,118.73,119.84,109.67,101.92,107.98,120.60,129.80,136.19,143.75,148.89,141.65,123.05,108.26,106.49,111.09,114.69,118.04,122.63,132.28,153.27,176.93,184.13,173.85,161.30,153.93,151.62,154.09,155.68,148.49,133.04,114.47,93.43,71.93,54.98,43.47,35.28,29.00,23.97,19.88,16.52,13.76,11.50,9.64,8.11,6.84,5.80,4.94,4.22,3.63,3.13,2.72,2.37,2.08,1.83,1.62,1.45,1.30,1.17,1.06,0.97,0.89,0.82,0.76,0.71,0.66,0.62,0.59,0.56,0.53,0.51,0.48,0.47,0.45,0.43,0.42,0.41,0.40,0.39,0.38,0.37,0.36,0.35,0.34,0.34,0.33,0.33,0.32,0.32,0.31,0.31,0.30,0.30,0.29,0.29,0.29,0.28,0.28,0.28,0.27,0.27,0.27,0.27,0.26,0.26,0.26,0.26,0.25,0.25,0.25,0.25,0.24,0.24,0.24,0.24,0.24,0.23,0.23,0.23,0.23,0.23,0.22,0.22,0.22,0.22,0.22,0.22,0.21,0.21,0.21,0.21,0.21,0.21,0.20,0.20,0.20,0.20,0.20,0.20,0.20,0.20,0.19,0.19,0.19,0.19,0.19,0.19,0.19,0.19,0.18,0.18,0.18,0.18,0.19,81.26,76.15,79.02,92.65,120.63,167.78,231.29,304.43,386.49,463.68,421.37,560.88,735.86,832.58,773.65,567.26,338.34,219.21,182.35,163.26,143.90,127.86,125.15,116.54,85.98,51.46,33.02,26.55,22.51,19.21,16.29,13.76,11.56,9.69,8.10,6.76,5.64,4.71,3.93,3.29,2.76,2.32,1.96,1.66,1.41,1.21,1.05,0.91,0.80,0.70,0.63,0.56,0.51,0.47,0.43,0.40,0.37,0.35,0.33,0.32,0.30,0.29,0.28,0.27,0.27,0.26,0.25,0.25,0.24,0.24,0.24,0.23,0.23,0.23,0.22,0.22,0.22,0.21,0.21,0.21,0.21,0.21,0.20,0.20,0.20,0.20,0.20,0.19,0.19,0.19,0.19,0.19,0.19,0.19,0.18,0.18,0.18,0.18,0.18,0.17,-0.56,0.18,0.17,0.17,0.17,0.17,0.17,0.17,0.16,0.16,0.17,0.16,0.16,0.16,0.16,0.16,0.16,0.15,0.15,0.15,0.15,0.15,0.15,0.15,0.15,0.15,0.15,0.15,0.15,0.14,0.14,0.14,0.14,0.14,0.14,0.14,0.14,0.14,0.14,0.14,0.14,0.14,0.14,0.13,0.13,0.13,0.13,0.13,0.13,0.13,0.13,0.13,0.13,0.13,0.13,0.13,0.13,0.13,0.13,0.13,0.12,0.12,0.12,0.12,0.12,0.12,0.12,0.12,0.12,0.12,0.12,0.12,0.12,0.12,0.12,0.12,0.12,0.12,0.12,0.12,0.12,0.11,0.11,0.11,0.11
10,0,11,0,0,136.0118,0.11,0.11,0.11,0.11,0.11,0.11,0.11,0.11,0.11,0.11,0.11,0.11,0.11,0.11,0.11,-135.61,-153.62,-157.16,-144.18,-86.74,37.50,194.02,336.67,520.05,740.09,849.29,634.97,473.01,362.10,300.81,272.61,255.26,226.47,205.61,220.45,249.64,264.66,255.02,219.92,172.74,128.98,91.80,60.94,38.50,23.54,14.32,8.88,5.72,3.87,2.74,2.04,1.57,1.25,1.02,0.85,0.72,0.62,0.54,0.48,0.43,0.39,0.35,0.32,0.30,0.28,0.27,0.25,0.24,0.23,0.22,0.21,0.21,0.20,0.20,0.19,0.19,0.19,0.18,0.18,0.18,0.17,0.17,0.17,0.17,0.17,0.16,0.16,0.16,0.16,0.16,0.16,0.16,0.15,0.15,0.15,0.15,0.15,0.15,0.14,0.14,0.14,0.14,0.14,0.14,0.14,0.14,0.14,0.13,0.13,0.13,0.13,0.13,0.13,0.13,0.13,0.13,0.13,0.13,0.12,0.12,0.12,0.12,0.12,0.12,0.12,0.12,0.12,0.12,0.12,0.12,0.12,0.12,0.11,0.11,0.11,0.11,0.11,0.11,0.11,0.11,0.11,0.11,0.11,0.11,0.11,0.11,0.11,0.11,0.11,0.11,0.10,0.10,0.10,0.10,0.10,0.10,0.10,0.10,0.10,0.10,0.10,0.10,0.10,0.10,0.10,0.10,0.10,0.10,0.10,0.10,0.10,0.10,0.10,0.10,0.09,0.09,0.09,0.09,0.09,0.09,0.09,0.09,0.09,0.09,0.09,0.09,0.09,0.09,0.09,0.09,0.09,0.09,0.09,0.09,0.09,0.09,0.09,0.09,0.09,0.09,0.09,0.09,0.09,0.09,0.09,0.08,0.08,0.08,0.08,0.08,0.08,0.08,0.08,0.08,0.08,81.66,76.03,78.89,92.51,120.49,167.68,231.25,304.46,386.61,463.95,420.05,540.97,681.87,749.62,685.58,479.93,244.30,121.59,80.41,53.98,36.47,24.80,17.20,12.17,8.85,6.58,5.02,3.90,3.09,2.49,2.04,1.68,1.40,1.18,1.00,0.85,0.74,0.64,0.56,0.50,0.44,0.39,0.36,0.32,0.30,0.27,0.25,0.24,0.22,0.21,0.20,0.19,0.18,0.17,0.17,0.16,0.16,0.15,0.15,0.15,0.14,0.14,0.14,0.14,0.13,0.13,0.13,0.13,0.13,0.12,0.12,0.12,0.12,0.12,0.12,0.12,0.11,0.11,0.11,0.11,0.11,0.11,0.11,0.11,0.11,0.10,0.10,0.10,0.10,0.10,0.10,0.10,0.10,0.10,0.10,0.10,0.10,0.09,0.09,0.09,-18.34,-20.65,-20.69,-18.56,-8.22,14.49,38.38,55.84,68.97,78.89,121.28,126.62,118.18,111.21,91.46,57.81,32.89,18.05,9.18,4.90,2.47,1.42,0.78,0.52,0.34,0.28,0.23,0.21,0.19,0.18,0.17,0.17,0.16,0.16,0.16,0.15,0.15,0.15,0.15,0.14,0.14,0.14,0.14,0.14,0.13,0.13,0.13,0.13,0.13,0.13,0.13,0.12,0.12,0.12,0.12,0.12,0.12,0.12,0.12,0.11,0.11,0.11,0.11,0.11,0.11,0.11,0.11,0.11,0.11,0.10,0.10,0.10,0.10,0.10,0.10,0.10,0.10,0.10,0.10,0.10,0.10,0.10,0.10,0.10,0.10
11,1,31,0,0,293.8426,0.09,0.09,0.09,0.09,0.09,0.09,0.09,0.09,0.09,0.09,0.09,0.09,0.09,0.09,0.09,-134.95,-152.23,-155.57,-142.64,-85.84,36.05,188.55,326.88,506.75,726.89,828.11,595.04,423.52,304.29,225.82,169.21,134.97,121.37,122.51,142.36,186.98,228.96,225.24,191.91,172.15,173.85,189.13,208.48,219.13,215.24,200.88,184.22,171.85,168.53,176.39,192.37,210.52,222.59,220.91,214.09,216.28,223.27,238.53,284.83,352.67,403.80,427.44,446.75,484.81,539.54,583.71,592.90,574.04,537.25,463.06,378.64,333.47,317.91,314.82,305.02,271.46,231.21,210.92,218.78,243.50,259.12,249.21,225.37,206.54,196.52,187.60,173.51,157.35,145.97,133.62,111.66,89.12,74.05,61.76,50.58,41.26,33.43,27.03,21.81,17.61,14.25,11.56,9.41,7.69,6.32,5.22,4.35,3.64,3.08,2.62,2.24,1.94,1.70,1.49,1.32,1.18,1.07,0.97,0.89,0.82,0.77,0.72,0.68,0.64,0.61,0.58,0.56,0.54,0.52,0.50,0.49,0.47,0.46,0.45,0.44,0.43,0.42,0.41,0.41,0.40,0.39,0.39,0.38,0.38,0.37,0.36,0.36,0.35,0.35,0.35,0.34,0.34,0.33,0.33,0.33,0.32,0.32,0.32,0.31,0.31,0.31,0.30,0.30,0.30,0.29,0.29,0.29,0.29,0.28,0.28,0.28,0.28,0.27,0.27,0.27,0.27,0.26,0.26,0.26,0.26,0.26,0.25,0.25,0.25,0.25,0.25,0.24,0.24,0.24,0.24,0.24,0.24,0.23,0.23,0.23,0.23,0.23,0.23,0.22,0.22,0.22,0.22,0.22,0.22,0.21,0.21,0.21,0.21,0.21,0.21,0.21,0.21,0.20,0.20,0.21,81.93,76.01,78.90,92.47,120.42,167.80,232.16,306.99,391.34,470.96,432.36,562.51,716.50,799.30,746.06,554.61,342.62,233.25,192.34,158.88,115.75,72.24,44.08,26.65,16.28,10.54,7.07,5.08,3.77,2.95,2.35,1.94,1.62,1.38,1.18,1.02,0.90,0.79,0.71,0.63,0.58,0.53,0.49,0.45,0.42,0.40,0.37,0.36,0.34,0.32,0.31,0.30,0.29,0.28,0.28,0.27,0.26,0.26,0.25,0.25,0.25,0.24,0.24,0.23,0.23,0.23,0.23,0.22,0.22,0.22,0.22,0.21,0.21,0.21,0.21,0.21,0.20,0.20,0.20,0.20,0.20,0.19,0.19,0.19,0.19,0.19,0.19,0.19,0.18,0.18,0.18,0.18,0.18,0.18,0.18,0.18,0.17,0.17,0.17,0.16,20.87,20.67,21.05,24.31,32.05,45.72,64.02,84.23,105.86,125.72,98.89,90.16,91.07,96.88,108.07,123.02,139.75,163.81,193.06,187.38,130.54,74.70,50.44,42.20,36.56,31.50,26.85,22.70,19.05,15.91,13.23,10.96,9.07,7.49,6.18,5.09,4.20,3.47,2.86,2.37,1.96,1.63,1.36,1.14,0.96,0.81,0.69,0.59,0.51,0.45,0.39,0.35,0.31,0.28,0.26,0.24,0.22,0.21,0.20,0.19,0.18,0.18,0.17,0.17,0.16,0.16,0.16,0.15,0.15,0.15,0.15,0.15,0.15,0.15,0.15,0.14,0.14,0.14,0.14,0.14,0.14,0.14,0.14,0.14,0.14
12,1,4,0,0,373.9726,0.14,0.14,0.14,0.14,0.14,0.13,0.13,0.13,0.13,0.13,0.13,0.13,0.13,0.13,0.14,-136.17,-154.11,-157.70,-144.70,-87.04,38.08,196.06,339.89,523.76,746.91,881.29,682.24,533.63,439.92,406.23,422.76,444.69,424.52,406.01,469.46,597.19,704.50,751.78,758.88,749.21,723.48,686.21,643.97,579.73,488.04,397.69,331.03,292.31,285.41,303.98,328.07,346.73,372.51,412.42,433.85,398.82,330.34,279.35,263.01,274.96,304.70,344.27,375.22,385.81,393.62,390.95,351.88,294.48,246.77,216.04,203.02,202.30,212.55,232.46,249.75,247.55,215.59,172.17,146.70,137.39,132.63,134.11,147.11,165.69,170.24,155.02,134.80,120.94,116.45,122.43,131.86,132.76,125.31,119.48,117.41,116.31,117.45,123.71,138.11,155.29,160.46,150.83,139.04,133.96,137.61,148.70,153.20,135.25,106.57,86.82,73.87,61.70,50.82,41.53,33.75,27.38,22.20,18.03,14.70,12.04,9.91,8.21,6.84,5.74,4.85,4.13,3.54,3.05,2.65,2.32,2.04,1.80,1.60,1.44,1.29,1.17,1.06,0.97,0.89,0.82,0.76,0.71,0.66,0.62,0.59,0.55,0.52,0.50,0.48,0.46,0.44,0.42,0.40,0.39,0.38,0.37,0.36,0.35,0.34,0.33,0.32,0.32,0.31,0.30,0.30,0.29,0.29,0.28,0.28,0.27,0.27,0.27,0.26,0.26,0.26,0.25,0.25,0.25,0.24,0.24,0.24,0.24,0.23,0.23,0.23,0.23,0.22,0.22,0.22,0.22,0.21,0.21,0.21,0.21,0.21,0.20,0.20,0.20,0.20,0.20,0.20,0.19,0.19,0.19,0.19,0.19,0.19,0.19,0.18,0.18,0.18,0.18,0.18,0.18,0.19,81.07,76.17,79.03,92.66,120.65,167.78,231.13,303.94,385.58,462.42,419.97,559.98,735.14,832.16,776.13,573.16,343.74,222.65,185.17,165.74,145.80,129.26,126.19,117.36,86.64,51.97,33.41,26.86,22.78,19.45,16.49,13.94,11.72,9.83,8.23,6.88,5.75,4.81,4.02,3.37,2.84,2.39,2.03,1.73,1.48,1.27,1.10,0.96,0.85,0.75,0.67,0.60,0.55,0.50,0.46,0.43,0.40,0.38,0.36,0.34,0.33,0.32,0.31,0.30,0.29,0.28,0.27,0.27,0.26,0.26,0.25,0.25,0.24,0.24,0.23,0.23,0.23,0.22,0.22,0.22,0.22,0.21,0.21,0.21,0.21,0.20,0.20,0.20,0.20,0.19,0.19,0.19,0.19,0.19,0.18,0.18,0.18,0.18,0.18,0.17,-22.27,-25.82,-25.78,-21.76,-4.31,33.19,73.60,104.82,129.93,149.75,206.59,212.45,199.99,190.84,163.92,117.28,84.16,67.95,61.98,54.15,36.30,20.74,13.76,11.33,9.65,8.29,7.04,5.97,5.03,4.23,3.55,2.98,2.50,2.10,1.76,1.49,1.26,1.07,0.92,0.79,0.69,0.60,0.53,0.47,0.43,0.39,0.35,0.33,0.30,0.29,0.27,0.26,0.25,0.24,0.23,0.22,0.21,0.21,0.21,0.20,0.20,0.19,0.19,0.19,0.19,0.18,0.18,0.18,0.18,0.18,0.18,0.17,0.17,0.17,0.17,0.17,0.17,0.16,0.16,0.16,0.16,0.16,0.16,0.16,0.16
13,1,26,0,0,337.5466,0.16,0.16,0.15,0.15,0.15,0.15,0.15,0.15,0.15,0.15,0.15,0.14,0.14,0.14,0.14,-135.34,-152.74,-156.14,-143.18,-86.07,36.97,191.51,331.59,512.17,738.15,881.87,670.84,518.67,426.49,393.30,411.25,444.49,446.83,450.80,519.55,637.18,722.15,712.89,635.46,542.49,457.50,395.63,360.93,343.19,341.98,349.11,350.54,358.94,381.28,410.43,437.27,442.46,416.25,380.83,363.50,362.06,362.82,369.23,389.80,409.12,404.66,385.17,356.91,325.05,314.26,314.16,306.48,301.30,307.49,320.94,324.92,306.08,275.39,257.21,247.66,220.97,179.34,144.60,122.64,108.11,97.27,88.79,82.36,78.35,77.64,80.62,85.47,89.39,90.13,85.39,78.96,75.27,72.32,71.68,74.81,75.27,67.09,52.75,39.10,29.78,24.26,20.63,17.87,15.58,13.60,11.89,10.39,9.09,7.96,6.97,6.12,5.38,4.74,4.19,3.71,3.30,2.94,2.63,2.37,2.14,1.94,1.77,1.62,1.49,1.38,1.28,1.19,1.12,1.05,1.00,0.94,0.90,0.86,0.82,0.79,0.76,0.74,0.72,0.70,0.68,0.66,0.64,0.63,0.62,0.60,0.59,0.58,0.57,0.56,0.55,0.54,0.54,0.53,0.52,0.51,0.51,0.50,0.49,0.49,0.48,0.48,0.47,0.47,0.46,0.45,0.45,0.45,0.44,0.44,0.43,0.43,0.42,0.42,0.42,0.41,0.41,0.40,0.40,0.40,0.39,0.39,0.39,0.38,0.38,0.38,0.37,0.37,0.37,0.36,0.36,0.36,0.36,0.35,0.35,0.35,0.34,0.34,0.34,0.34,0.33,0.33,0.33,0.33,0.32,0.32,0.32,0.32,0.32,0.31,0.31,0.31,0.31,0.30,0.30,0.31,81.88,76.32,79.18,92.83,120.82,167.91,231.21,303.98,385.67,462.73,421.31,568.94,758.08,865.36,807.20,597.60,364.79,242.99,207.85,193.81,179.69,169.21,173.95,166.79,124.74,74.76,47.71,38.49,32.87,28.21,24.03,20.36,17.16,14.41,12.07,10.10,8.44,7.06,5.90,4.95,4.15,3.50,2.96,2.51,2.15,1.84,1.59,1.39,1.22,1.07,0.96,0.86,0.78,0.71,0.66,0.61,0.57,0.54,0.51,0.48,0.46,0.45,0.43,0.42,0.40,0.39,0.39,0.38,0.37,0.36,0.36,0.35,0.34,0.34,0.33,0.33,0.33,0.32,0.32,0.31,0.31,0.31,0.30,0.30,0.30,0.30,0.29,0.29,0.29,0.28,0.28,0.28,0.28,0.27,0.27,0.27,0.27,0.27,0.26,0.25,-4.31,-4.99,-4.91,-3.03,4.07,18.84,35.36,49.14,61.11,71.03,85.52,86.02,82.02,79.97,72.89,59.81,51.53,50.12,52.96,49.41,33.94,19.42,13.12,10.97,9.46,8.16,6.97,5.92,4.99,4.21,3.53,2.96,2.48,2.09,1.76,1.48,1.26,1.07,0.92,0.79,0.69,0.61,0.54,0.48,0.43,0.40,0.36,0.34,0.32,0.30,0.28,0.27,0.26,0.25,0.24,0.24,0.23,0.23,0.22,0.22,0.22,0.22,0.21,0.21,0.21,0.21,0.21,0.20,0.20,0.20,0.20,0.20,0.20,0.20,0.20,0.19,0.19,0.19,0.19,0.19,0.19,0.19,0.19,0.19,0.19
14,0,11,0,0,229.3930,0.18,0.18,0.18,0.18,0.18,0.18,0.18,0.18,0.18,0.18,0.18,0.18,0.17,0.17,0.17,-135.93,-154.08,-157.68,-144.69,-87.02,38.17,196.39,340.74,525.25,748.82,883.63,684.94,535.34,440.62,407.46,425.93,449.25,427.38,406.02,451.94,524.58,556.79,539.12,484.33,399.70,304.37,222.80,167.12,136.86,123.53,118.77,116.23,112.91,108.29,102.97,98.15,95.33,96.20,100.75,107.11,112.23,111.73,106.54,104.06,105.30,107.25,117.23,139.61,161.59,171.74,174.83,182.61,200.50,217.66,215.72,193.58,167.95,150.16,142.43,145.42,155.06,160.02,147.53,123.48,103.70,89.70,78.26,69.53,64.17,63.79,66.62,66.02,55.46,41.51,33.43,27.91,22.51,17.97,14.12,11.00,8.50,6.54,5.02,3.85,2.97,2.30,1.80,1.43,1.15,0.95,0.80,0.69,0.61,0.55,0.51,0.48,0.46,0.44,0.43,0.42,0.42,0.41,0.41,0.40,0.40,0.39,0.39,0.39,0.38,0.38,0.37,0.37,0.37,0.36,0.36,0.36,0.35,0.35,0.34,0.34,0.34,0.33,0.33,0.33,0.32,0.32,0.32,0.31,0.31,0.31,0.30,0.30,0.30,0.29,0.29,0.29,0.29,0.28,0.28,0.28,0.28,0.27,0.27,0.27,0.27,0.26,0.26,0.26,0.26,0.25,0.25,0.25,0.25,0.25,0.25,0.24,0.24,0.24,0.24,0.24,0.23,0.23,0.23,0.23,0.23,0.23,0.22,0.22,0.22,0.22,0.22,0.22,0.22,0.21,0.21,0.21,0.21,0.21,0.21,0.21,0.21,0.20,0.20,0.20,0.20,0.20,0.20,0.20,0.20,0.19,0.19,0.19,0.19,0.19,0.19,0.19,0.19,0.19,0.19,0.18,81.47,76.12,78.98,92.58,120.56,167.79,231.45,304.87,387.43,465.41,425.84,563.95,731.81,824.90,776.38,587.63,372.37,258.51,219.26,190.74,152.17,113.87,92.84,76.33,53.84,32.65,21.09,16.54,13.67,11.51,9.67,8.15,6.86,5.78,4.86,4.10,3.46,2.94,2.50,2.13,1.83,1.58,1.37,1.20,1.05,0.93,0.84,0.75,0.68,0.63,0.58,0.54,0.50,0.47,0.45,0.43,0.41,0.39,0.38,0.36,0.35,0.34,0.34,0.33,0.32,0.31,0.31,0.30,0.30,0.29,0.29,0.28,0.28,0.27,0.27,0.27,0.26,0.26,0.26,0.25,0.25,0.25,0.25,0.24,0.24,0.24,0.24,0.23,0.23,0.23,0.23,0.22,0.22,0.22,0.22,0.22,0.21,0.21,0.21,0.20,-0.62,0.21,0.20,0.20,0.20,0.20,0.19,0.19,0.19,0.19,0.19,0.19,0.19,0.18,0.18,0.18,0.18,0.18,0.18,0.18,0.18,0.17,0.17,0.17,0.17,0.17,0.17,0.17,0.17,0.17,0.16,0.16,0.16,0.16,0.16,0.16,0.16,0.16,0.16,0.16,0.16,0.15,0.15,0.15,0.15,0.15,0.15,0.15,0.15,0.15,0.15,0.15,0.15,0.14,0.14,0.14,0.14,0.14,0.14,0.14,0.14,0.14,0.14,0.14,0.14,0.14,0.14,0.14,0.13,0.13,0.13,0.13,0.13,0.13,0.13,0.13,0.13,0.13,0.13,0.13,0.13,0.13,0.13,0.13,0.13
15,0,11,0,0,131.8090,0.13,0.12,0.12,0.12,0.12,0.12,0.12,0.12,0.12,0.12,0.12,0.12,0.12,0.12,0.12,-135.19,-152.77,-156.16,-143.19,-86.08,36.90,191.35,331.78,513.16,734.41,846.04,621.41,452.72,337.41,270.44,233.13,213.14,196.31,189.14,211.17,266.48,331.09,354.04,324.25,275.62,222.30,163.89,110.74,70.76,43.49,26.49,16.40,10.50,7.02,4.90,3.57,2.69,2.09,1.66,1.34,1.10,0.91,0.77,0.65,0.56,0.49,0.43,0.39,0.35,0.32,0.29,0.27,0.26,0.24,0.23,0.22,0.21,0.21,0.20,0.19,0.19,0.19,0.18,0.18,0.18,0.17,0.17,0.17,0.17,0.16,0.16,0.16,0.16,0.16,0.15,0.15,0.15,0.15,0.15,0.15,0.15,0.14,0.14,0.14,0.14,0.14,0.14,0.14,0.14,0.14,0.13,0.13,0.13,0.13,0.13,0.13,0.13,0.13,0.13,0.13,0.13,0.12,0.12,0.12,0.12,0.12,0.12,0.12,0.12,0.12,0.12,0.12,0.12,0.12,0.11,0.11,0.11,0.11,0.11,0.11,0.11,0.11,0.11,0.11,0.11,0.11,0.11,0.11,0.11,0.11,0.11,0.11,0.11,0.11,0.10,0.10,0.10,0.10,0.10,0.10,0.10,0.10,0.10,0.10,0.10,0.10,0.10,0.10,0.10,0.10,0.10,0.10,0.10,0.10,0.10,0.10,0.10,0.10,0.10,0.10,0.09,0.09,0.09,0.09,0.09,0.09,0.09,0.09,0.09,0.09,0.09,0.09,0.09,0.09,0.09,0.09,0.09,0.09,0.09,0.09,0.09,0.09,0.09,0.09,0.09,0.09,0.09,0.09,0.09,0.09,0.09,0.09,0.09,0.08,0.08,0.08,0.08,0.08,0.08,0.09,81.61,76.04,78.90,92.52,120.50,167.68,231.25,304.50,386.80,464.45,421.22,542.26,683.08,749.98,683.85,477.36,242.93,121.22,80.30,53.98,36.65,25.09,17.55,12.54,9.21,6.92,5.32,4.17,3.33,2.70,2.21,1.83,1.53,1.29,1.09,0.93,0.80,0.69,0.61,0.53,0.47,0.42,0.38,0.34,0.31,0.28,0.26,0.24,0.23,0.21,0.20,0.19,0.18,0.17,0.17,0.16,0.16,0.15,0.15,0.14,0.14,0.14,0.13,0.13,0.13,0.13,0.13,0.12,0.12,0.12,0.12,0.12,0.12,0.11,0.11,0.11,0.11,0.11,0.11,0.11,0.11,0.11,0.10,0.10,0.10,0.10,0.10,0.10,0.10,0.10,0.10,0.10,0.10,0.09,0.09,0.09,0.09,0.09,0.09,0.08,-0.29,0.09,0.09,0.09,0.09,0.09,0.08,0.08,0.08,0.08,0.09,0.08,0.08,0.08,0.08,0.08,0.08,0.08,0.08,0.08,0.08,0.08,0.08,0.08,0.08,0.08,0.08,0.07,0.07,0.07,0.07,0.07,0.07,0.07,0.07,0.07,0.07,0.07,0.07,0.07,0.07,0.07,0.07,0.07,0.07,0.07,0.07,0.07,0.07,0.07,0.07,0.07,0.07,0.07,0.07,0.07,0.07,0.07,0.07,0.07,0.07,0.07,0.07,0.07,0.06,0.06,0.06,0.06,0.06,0.06,0.06,0.06,0.06,0.06,0.06,0.06,0.06,0.06,0.06,0.06,0.06,0.06,0.06,0.06,0.06
16,0,11,0,0,109.5027,0.06,0.06,0.06,0.06,0.06,0.06,0.06,0.06,0.06,0.06,0.06,0.06,0.06,0.06,0.06,-135.43,-153.21,-156.67,-143.70,-86.45,37.02,192.21,333.71,516.42,733.28,818.17,588.22,412.20,283.36,194.33,120.34,62.27,27.05,9.14,0.98,-2.28,-3.26,-3.26,-2.88,-2.41,-1.94,-1.54,-1.21,-0.94,-0.72,-0.55,-0.42,-0.31,-0.23,-0.17,-0.12,-0.08,-0.05,-0.03,-0.01,0.00,0.02,0.02,0.03,0.04,0.04,0.04,0.04,0.05,0.05,0.05,0.05,0.05,0.05,0.05,0.05,0.05,0.05,0.05,0.05,0.05,0.05,0.05,0.05,0.05,0.05,0.05,0.05,0.05,0.05,0.05,0.05,0.05,0.05,0.05,0.05,0.05,0.05,0.05,0.05,0.05,0.05,0.05,0.05,0.05,0.05,0.05,0.05,0.05,0.05,0.05,0.05,0.05,0.05,0.05,0.05,0.05,0.05,0.05,0.05,0.05,0.05,0.05,0.05,0.05,0.05,0.05,0.05,0.05,0.05,0.05,0.05,0.05,0.05,0.05,0.05,0.05,0.05,0.05,0.05,0.05,0.05,0.05,0.05,0.05,0.05,0.05,0.05,0.05,0.05,0.05,0.05,0.05,0.05,0.05,0.05,0.05,0.05,0.05,0.05,0.05,0.04,0.04,0.04,0.04,0.04,0.04,0.04,0.04,0.04,0.04,0.04,0.04,0.04,0.04,0.04,0.04,0.04,0.04,0.04,0.04,0.04,0.04,0.04,0.04,0.04,0.04,0.04,0.04,0.04,0.04,0.04,0.04,0.04,0.04,0.04,0.04,0.04,0.04,0.04,0.04,0.04,0.04,0.04,0.04,0.04,0.04,0.04,0.04,0.04,0.04,0.04,0.04,0.04,0.04,0.04,0.04,0.04,0.04,0.04,81.55,75.99,78.85,92.47,120.45,167.63,231.16,304.31,386.28,463.28,418.66,539.60,680.38,746.50,677.73,469.30,236.30,116.27,75.91,50.15,33.43,22.37,15.23,10.55,7.50,5.44,4.05,3.07,2.37,1.86,1.48,1.18,0.96,0.78,0.64,0.53,0.44,0.37,0.31,0.26,0.22,0.19,0.17,0.15,0.13,0.11,0.10,0.09,0.09,0.08,0.07,0.07,0.07,0.06,0.06,0.06,0.05,0.05,0.05,0.05,0.05,0.05,0.05,0.05,0.05,0.05,0.05,0.05,0.05,0.05,0.05,0.05,0.05,0.05,0.05,0.05,0.05,0.05,0.05,0.05,0.05,0.05,0.05,0.05,0.05,0.05,0.05,0.05,0.05,0.05,0.05,0.04,0.04,0.04,0.05,0.05,0.05,0.05,0.05,0.04,10.39,10.30,10.49,12.12,15.99,22.82,31.97,42.08,52.89,62.82,49.41,45.04,45.50,48.40,54.00,61.47,69.84,81.87,96.50,93.66,65.25,37.33,25.19,21.07,18.25,15.72,13.40,11.32,9.49,7.92,6.58,5.45,4.50,3.72,3.06,2.52,2.07,1.71,1.40,1.16,0.95,0.79,0.65,0.54,0.45,0.38,0.32,0.27,0.23,0.20,0.17,0.15,0.13,0.12,0.11,0.10,0.09,0.08,0.08,0.07,0.07,0.07,0.06,0.06,0.06,0.06,0.06,0.06,0.05,0.05,0.05,0.05,0.05,0.05,0.05,0.05,0.05,0.05,0.05,0.05,0.05,0.05,0.05,0.05,0.05
17,1,2,0,0,308.4301,0.05,0.05,0.05,0.05,0.05,0.05,0.05,0.05,0.05,0.05,0.05,0.05,0.05,0.05,0.05,-136.17,-154.25,-157.84,-144.82,-87.09,38.17,196.46,341.26,526.45,745.07,847.06,634.27,468.54,351.01,284.51,248.12,218.95,181.20,154.38,169.34,204.54,221.17,223.95,232.63,254.98,288.03,316.07,320.27,295.76,259.62,236.42,235.91,249.54,273.84,310.36,348.99,383.81,420.64,454.36,465.59,439.39,383.91,330.40,305.50,310.25,339.13,391.91,455.39,508.13,529.19,508.63,470.93,458.66,472.11,479.80,480.47,467.34,413.83,357.51,336.15,331.87,326.16,303.18,262.59,227.47,210.17,197.75,183.18,170.40,158.69,143.20,124.21,106.31,91.25,78.07,66.40,56.20,47.40,39.87,33.48,28.07,23.52,19.70,16.51,13.84,11.62,9.77,8.22,6.94,5.87,4.98,4.23,3.61,3.10,2.67,2.31,2.00,1.75,1.54,1.36,1.21,1.08,0.97,0.88,0.80,0.74,0.68,0.63,0.59,0.55,0.52,0.49,0.47,0.45,0.43,0.41,0.40,0.38,0.37,0.36,0.35,0.34,0.33,0.32,0.32,0.31,0.30,0.30,0.29,0.29,0.28,0.28,0.27,0.27,0.26,0.26,0.26,0.25,0.25,0.24,0.24,0.24,0.23,0.23,0.23,0.23,0.22,0.22,0.22,0.21,0.21,0.21,0.21,0.21,0.20,0.20,0.20,0.20,0.19,0.19,0.19,0.19,0.19,0.18,0.18,0.18,0.18,0.18,0.18,0.17,0.17,0.17,0.17,0.17,0.17,0.16,0.16,0.16,0.16,0.16,0.16,0.16,0.16,0.15,0.15,0.15,0.15,0.15,0.15,0.15,0.15,0.14,0.14,0.14,0.14,0.14,0.14,0.14,0.14,0.14,80.85,76.00,78.85,92.43,120.40,167.72,231.65,305.49,388.54,466.85,428.41,564.57,725.39,813.05,765.02,587.39,392.18,288.93,248.06,211.46,155.22,95.47,56.80,33.03,19.08,11.62,7.24,4.89,3.39,2.54,1.94,1.56,1.28,1.08,0.92,0.80,0.71,0.63,0.57,0.52,0.48,0.45,0.42,0.39,0.37,0.35,0.34,0.32,0.31,0.30,0.29,0.28,0.27,0.27,0.26,0.25,0.25,0.24,0.24,0.23,0.23,0.23,0.22,0.22,0.22,0.21,0.21,0.21,0.21,0.20,0.20,0.20,0.20,0.19,0.19,0.19,0.19,0.18,0.18,0.18,0.18,0.18,0.17,0.17,0.17,0.17,0.17,0.17,0.16,0.16,0.16,0.16,0.16,0.16,0.16,0.15,0.15,0.15,0.15,0.14,-18.48,-20.59,-20.63,-18.50,-8.16,14.55,38.44,55.89,69.02,78.94,121.33,126.67,118.23,111.25,91.49,57.84,32.93,18.09,9.22,4.94,2.52,1.46,0.82,0.57,0.39,0.33,0.27,0.25,0.23,0.22,0.21,0.21,0.20,0.20,0.20,0.19,0.19,0.19,0.18,0.18,0.18,0.18,0.18,0.17,0.17,0.17,0.17,0.17,0.16,0.16,0.16,0.16,0.16,0.16,0.15,0.15,0.15,0.15,0.15,0.15,0.15,0.14,0.14,0.14,0.14,0.14,0.14,0.14,0.14,0.14,0.13,0.13,0.13,0.13,0.13,0.13,0.13,0.13,0.13,0.13,0.13,0.13,0.12,0.12,0.12
18,1,14,0,0,239.7961,0.12,0.12,0.12,0.12,0.12,0.12,0.12,0.12,0.12,0.12,0.11,0.11,0.11,0.11,0.11,-134.33,-150.95,-154.06,-141.15,-84.80,35.29,184.76,319.24,495.09,720.37,850.26,611.15,441.21,333.05,271.61,242.25,243.45,260.78,287.19,344.84,473.34,627.94,676.63,615.67,543.09,483.95,425.84,370.41,320.19,283.69,240.21,185.62,161.15,165.07,173.76,180.58,178.73,174.12,180.56,195.08,206.07,209.15,207.64,204.93,199.10,187.97,173.09,159.65,152.77,150.94,152.22,162.30,177.25,176.02,150.16,115.13,86.11,70.10,67.19,67.70,67.79,72.93,77.62,67.62,46.78,28.90,17.62,11.58,8.39,6.37,4.92,3.85,3.03,2.42,1.96,1.61,1.35,1.16,1.00,0.89,0.80,0.73,0.68,0.63,0.60,0.57,0.54,0.52,0.50,0.49,0.47,0.46,0.45,0.44,0.43,0.42,0.41,0.40,0.39,0.39,0.38,0.37,0.37,0.36,0.36,0.35,0.34,0.34,0.33,0.33,0.33,0.32,0.32,0.31,0.31,0.30,0.30,0.30,0.29,0.29,0.29,0.28,0.28,0.28,0.27,0.27,0.27,0.27,0.26,0.26,0.26,0.25,0.25,0.25,0.25,0.24,0.24,0.24,0.24,0.24,0.23,0.23,0.23,0.23,0.23,0.22,0.22,0.22,0.22,0.22,0.21,0.21,0.21,0.21,0.21,0.21,0.20,0.20,0.20,0.20,0.20,0.20,0.20,0.19,0.19,0.19,0.19,0.19,0.19,0.19,0.18,0.18,0.18,0.18,0.18,0.18,0.18,0.18,0.18,0.17,0.17,0.17,0.17,0.17,0.17,0.17,0.17,0.17,0.16,0.16,0.16,0.16,0.16,0.16,0.16,0.16,0.16,0.16,0.16,0.16,81.55,76.18,79.05,92.71,120.69,167.77,231.13,304.12,386.09,463.40,420.74,563.17,745.57,844.90,775.61,552.10,308.06,182.90,148.72,138.85,138.51,144.55,159.96,159.16,120.52,72.36,46.54,37.84,32.47,27.91,23.79,20.14,16.96,14.21,11.87,9.89,8.23,6.85,5.69,4.73,3.94,3.28,2.74,2.29,1.93,1.63,1.38,1.17,1.00,0.87,0.75,0.66,0.58,0.52,0.46,0.42,0.38,0.35,0.32,0.30,0.29,0.27,0.26,0.25,0.24,0.23,0.22,0.21,0.21,0.20,0.20,0.20,0.19,0.19,0.19,0.18,0.18,0.18,0.18,0.17,0.17,0.17,0.17,0.17,0.16,0.16,0.16,0.16,0.16,0.16,0.15,0.15,0.15,0.15,0.15,0.15,0.15,0.15,0.14,0.13,-4.19,-5.10,-5.03,-3.15,3.96,18.73,35.25,49.03,61.00,70.92,85.41,85.91,81.91,79.86,72.78,59.70,51.42,50.01,52.86,49.30,33.84,19.32,13.02,10.87,9.36,8.06,6.87,5.82,4.90,4.11,3.43,2.87,2.39,1.99,1.66,1.39,1.17,0.98,0.83,0.70,0.60,0.52,0.45,0.39,0.35,0.31,0.28,0.25,0.23,0.21,0.20,0.19,0.18,0.17,0.16,0.16,0.15,0.15,0.14,0.14,0.14,0.13,0.13,0.13,0.13,0.13,0.13,0.13,0.12,0.12,0.12,0.12,0.12,0.12,0.12,0.12,0.12,0.12,0.12,0.12,0.12,0.12,0.11,0.11,0.11
19,0,11,0,0,323.2752,0.11,0.11,0.11,0.11,0.11,0.11,0.11,0.11,0.11,0.11,0.11,0.11,0.11,0.11,0.11,-136.16,-154.49,-158.17,-145.17,-87.38,38.25,197.10,342.08,527.21,748.51,872.27,675.00,526.83,431.00,392.43,400.95,412.15,380.24,351.08,385.20,430.33,423.63,385.06,338.84,280.11,216.97,166.41,137.91,131.79,140.24,154.23,169.23,184.65,197.63,194.99,178.12,168.25,167.70,171.37,180.43,193.18,206.31,213.13,211.34,208.36,209.82,217.25,228.42,235.41,233.21,232.81,247.89,274.78,302.79,328.42,352.96,375.92,393.23,401.21,404.08,409.23,426.40,458.33,472.97,443.69,397.35,365.03,346.45,337.65,338.80,345.95,356.12,364.97,346.03,294.31,246.15,216.60,196.01,172.95,145.39,122.09,105.47,91.14,78.17,67.05,57.47,49.35,42.44,36.61,31.66,27.46,23.89,20.84,18.22,15.97,14.04,12.36,10.91,9.65,8.55,7.59,6.76,6.02,5.38,4.82,4.32,3.89,3.50,3.17,2.87,2.61,2.37,2.17,1.99,1.83,1.68,1.56,1.44,1.34,1.25,1.17,1.10,1.04,0.98,0.93,0.88,0.84,0.80,0.77,0.74,0.71,0.69,0.66,0.64,0.62,0.61,0.59,0.57,0.56,0.55,0.54,0.52,0.51,0.50,0.49,0.49,0.48,0.47,0.46,0.46,0.45,0.44,0.44,0.43,0.42,0.42,0.41,0.41,0.40,0.40,0.39,0.39,0.39,0.38,0.38,0.37,0.37,0.37,0.36,0.36,0.36,0.35,0.35,0.35,0.34,0.34,0.34,0.33,0.33,0.33,0.32,0.32,0.32,0.32,0.31,0.31,0.31,0.31,0.30,0.30,0.30,0.30,0.29,0.29,0.29,0.29,0.29,0.28,0.28,0.28,81.48,76.22,79.08,92.70,120.68,167.87,231.45,304.70,386.85,464.14,421.72,554.46,715.86,802.99,749.00,549.98,321.33,201.21,161.64,136.63,111.19,88.96,78.42,68.62,50.16,30.70,19.87,15.74,13.17,11.14,9.41,7.95,6.69,5.64,4.75,4.00,3.38,2.86,2.43,2.08,1.78,1.54,1.34,1.17,1.03,0.91,0.82,0.74,0.67,0.62,0.57,0.53,0.50,0.47,0.45,0.43,0.41,0.39,0.38,0.37,0.36,0.35,0.34,0.34,0.33,0.32,0.32,0.31,0.31,0.30,0.30,0.30,0.29,0.29,0.29,0.28,0.28,0.28,0.27,0.27,0.27,0.26,0.26,0.26,0.26,0.25,0.25,0.25,0.25,0.25,0.24,0.24,0.24,0.24,0.24,0.23,0.23,0.23,0.23,0.22,1.13,0.10,0.27,2.97,12.01,30.20,51.30,70.13,87.50,102.39,110.16,108.47,104.70,104.07,99.76,90.45,86.37,90.99,101.17,96.19,66.55,38.09,25.68,21.44,18.53,15.97,13.61,11.53,9.69,8.12,6.77,5.64,4.69,3.90,3.24,2.70,2.25,1.88,1.58,1.33,1.12,0.96,0.82,0.71,0.61,0.54,0.48,0.43,0.39,0.35,0.32,0.30,0.28,0.27,0.25,0.24,0.23,0.23,0.22,0.21,0.21,0.20,0.20,0.20,0.20,0.19,0.19,0.19,0.19,0.19,0.19,0.18,0.18,0.18,0.18,0.18,0.18,0.18,0.18,0.17,0.17,0.17,0.17,0.17,0.17
20,1,12,0,0,340.0209,0.17,0.17,0.17,0.17,0.17,0.17,0.16,0.16,0.16,0.16,0.16,0.16,0.16,0.16,0.16,-135.84,-153.69,-157.22,-144.22,-86.69,37.87,195.02,338.27,521.83,744.62,871.80,664.50,508.20,405.93,361.24,361.00,370.04,351.48,336.94,383.79,473.21,538.09,542.89,513.65,494.80,493.15,489.90,471.11,428.98,368.99,313.47,277.89,258.99,249.97,248.34,254.37,268.59,286.44,296.40,287.15,263.26,244.06,242.02,257.53,291.21,336.29,370.30,388.17,414.40,459.21,491.12,492.91,491.62,487.44,444.53,367.92,299.54,263.68,257.52,264.77,260.63,228.91,186.46,157.58,149.51,155.89,163.32,166.31,172.62,179.93,170.74,144.32,119.74,109.18,105.58,94.17,75.73,61.07,51.61,43.30,35.74,29.35,23.94,19.49,15.84,12.88,10.49,8.57,7.02,5.78,4.78,3.98,3.33,2.80,2.38,2.03,1.75,1.52,1.33,1.17,1.04,0.93,0.84,0.77,0.70,0.65,0.60,0.56,0.53,0.50,0.48,0.45,0.43,0.42,0.40,0.39,0.38,0.37,0.36,0.35,0.34,0.33,0.33,0.32,0.32,0.31,0.30,0.30,0.30,0.29,0.29,0.28,0.28,0.28,0.27,0.27,0.27,0.26,0.26,0.26,0.25,0.25,0.25,0.25,0.24,0.24,0.24,0.24,0.23,0.23,0.23,0.23,0.22,0.22,0.22,0.22,0.22,0.21,0.21,0.21,0.21,0.21,0.21,0.20,0.20,0.20,0.20,0.20,0.20,0.19,0.19,0.19,0.19,0.19,0.19,0.19,0.18,0.18,0.18,0.18,0.18,0.18,0.18,0.18,0.17,0.17,0.17,0.17,0.17,0.17,0.17,0.17,0.17,0.16,0.16,0.16,0.16,0.16,0.16,0.16,82.05,76.05,78.91,92.50,120.47,167.76,231.64,305.48,388.61,467.17,429.62,572.68,747.26,847.04,802.19,621.13,420.13,313.58,274.27,242.31,191.03,136.83,105.60,83.22,57.61,34.67,21.87,16.81,13.72,11.47,9.60,8.07,6.77,5.70,4.79,4.04,3.40,2.88,2.44,2.08,1.79,1.54,1.33,1.16,1.02,0.91,0.81,0.73,0.66,0.60,0.55,0.51,0.48,0.45,0.43,0.40,0.39,0.37,0.36,0.34,0.33,0.32,0.32,0.31,0.30,0.29,0.29,0.28,0.28,0.27,0.27,0.26,0.26,0.26,0.25,0.25,0.25,0.24,0.24,0.24,0.23,0.23,0.23,0.23,0.22,0.22,0.22,0.22,0.21,0.21,0.21,0.21,0.20,0.20,0.20,0.20,0.20,0.20,0.19,0.18,-16.98,-20.68,-20.54,-15.71,3.67,44.58,89.57,125.85,156.36,181.15,231.32,234.98,222.77,215.17,191.11,148.14,119.15,108.92,110.21,100.96,68.86,39.33,26.33,21.86,18.77,16.14,13.73,11.62,9.77,8.19,6.83,5.70,4.74,3.95,3.29,2.74,2.29,1.92,1.61,1.36,1.16,0.99,0.85,0.74,0.64,0.57,0.51,0.45,0.41,0.38,0.35,0.32,0.30,0.29,0.27,0.26,0.25,0.24,0.23,0.23,0.22,0.22,0.22,0.21,0.21,0.20,0.20,0.20,0.20,0.19,0.19,0.19,0.19,0.19,0.19,0.19,0.18,0.18,0.18,0.18,0.18,0.18,0.18,0.18,0.17
21,1,19,0,0,356.3389,0.17,0.17,0.17,0.17,0.17,0.17,0.17,0.16,0.16,0.16,0.16,0.16,0.16,0.16,0.16,-134.95,-151.86,-155.12,-142.18,-85.43,36.28,188.59,325.93,503.83,733.30,895.87,681.33,530.82,445.94,423.38,458.86,515.48,539.20,561.25,661.48,851.25,1027.64,1063.44,983.95,887.41,799.73,725.89,670.63,623.44,578.94,515.50,451.61,434.95,435.22,420.57,410.81,414.58,425.76,438.85,437.83,401.99,339.45,282.74,253.42,257.45,283.91,315.71,341.00,347.55,346.26,346.30,323.25,280.41,234.43,193.54,175.97,175.76,181.99,199.26,217.89,212.02,183.02,158.72,149.40,137.53,116.22,100.03,91.88,88.01,89.77,90.36,78.74,60.97,48.92,41.05,33.79,27.45,22.12,17.73,14.16,11.31,9.05,7.26,5.86,4.76,3.90,3.22,2.69,2.28,1.95,1.69,1.48,1.32,1.18,1.08,0.99,0.92,0.86,0.81,0.77,0.74,0.71,0.68,0.66,0.64,0.62,0.61,0.59,0.58,0.57,0.56,0.55,0.54,0.53,0.52,0.51,0.50,0.49,0.49,0.48,0.47,0.47,0.46,0.46,0.45,0.44,0.44,0.43,0.43,0.42,0.42,0.41,0.41,0.41,0.40,0.40,0.39,0.39,0.39,0.38,0.38,0.37,0.37,0.37,0.36,0.36,0.36,0.35,0.35,0.35,0.34,0.34,0.34,0.34,0.33,0.33,0.33,0.32,0.32,0.32,0.32,0.31,0.31,0.31,0.31,0.30,0.30,0.30,0.30,0.29,0.29,0.29,0.29,0.29,0.28,0.28,0.28,0.28,0.28,0.27,0.27,0.27,0.27,0.27,0.27,0.26,0.26,0.26,0.26,0.26,0.26,0.25,0.25,0.25,0.25,0.25,0.25,0.24,0.24,0.26,81.11,76.21,79.08,92.71,120.68,167.86,231.57,305.23,388.30,467.07,427.75,567.91,743.11,841.08,786.12,581.35,348.65,226.83,189.27,169.27,149.09,132.35,129.07,120.25,89.60,54.57,35.47,28.60,24.30,20.78,17.67,14.97,12.63,10.63,8.93,7.50,6.29,5.29,4.45,3.76,3.18,2.70,2.31,1.98,1.71,1.48,1.30,1.14,1.02,0.91,0.82,0.75,0.68,0.63,0.59,0.55,0.52,0.49,0.46,0.44,0.43,0.41,0.40,0.39,0.37,0.36,0.36,0.35,0.34,0.33,0.33,0.32,0.32,0.31,0.31,0.30,0.30,0.29,0.29,0.28,0.28,0.28,0.27,0.27,0.27,0.26,0.26,0.26,0.26,0.25,0.25,0.25,0.24,0.24,0.24,0.24,0.24,0.23,0.23,0.22,-4.30,-5.02,-4.95,-3.07,4.04,18.82,35.34,49.11,61.08,71.00,85.48,85.98,81.97,79.89,72.78,59.73,51.47,50.07,52.92,49.37,33.91,19.39,13.09,10.93,9.43,8.13,6.93,5.89,4.96,4.17,3.50,2.93,2.45,2.05,1.72,1.45,1.23,1.04,0.89,0.76,0.66,0.57,0.51,0.45,0.40,0.36,0.33,0.31,0.28,0.27,0.25,0.24,0.23,0.22,0.21,0.21,0.20,0.20,0.19,0.19,0.19,0.18,0.18,0.18,0.18,0.18,0.18,0.17,0.17,0.17,0.17,0.17,0.17,0.17,0.17,0.16,0.16,0.16,0.16,0.16,0.16,0.16,0.16,0.16,0.16
22,0,11,0,0,338.4800,0.16,0.15,0.15,0.15,0.15,0.15,0.15,0.15,0.15,0.15,0.15,0.15,0.15,0.15,0.15,-135.65,-153.54,-157.07,-144.10,-86.69,37.51,193.92,336.16,518.86,741.11,866.37,658.78,505.49,406.78,362.29,360.96,369.34,349.53,334.27,375.68,447.49,491.83,486.60,445.84,385.78,312.56,239.31,184.43,153.55,141.99,145.95,161.58,182.13,203.15,224.85,244.43,251.34,247.32,251.87,267.29,281.03,289.79,297.07,306.47,319.78,333.57,342.76,347.52,340.68,327.18,338.12,374.93,406.50,418.07,419.73,411.48,385.52,354.88,328.46,312.48,320.57,347.29,365.16,357.68,338.21,322.78,306.74,280.75,259.47,262.36,272.21,262.61,240.71,226.29,223.77,226.26,222.64,205.28,177.47,153.93,142.54,134.87,123.53,107.72,90.50,75.49,63.46,53.89,46.05,39.48,33.88,29.09,24.98,21.47,18.46,15.89,13.69,11.82,10.22,8.86,7.70,6.71,5.86,5.13,4.51,3.98,3.52,3.13,2.79,2.50,2.25,2.04,1.85,1.68,1.54,1.42,1.31,1.22,1.13,1.06,1.00,0.94,0.89,0.85,0.81,0.77,0.74,0.71,0.68,0.66,0.64,0.62,0.60,0.59,0.57,0.56,0.55,0.53,0.52,0.51,0.50,0.49,0.48,0.48,0.47,0.46,0.45,0.45,0.44,0.44,0.43,0.42,0.42,0.41,0.41,0.40,0.40,0.39,0.39,0.39,0.38,0.38,0.37,0.37,0.37,0.36,0.36,0.35,0.35,0.35,0.34,0.34,0.34,0.34,0.33,0.33,0.33,0.32,0.32,0.32,0.32,0.31,0.31,0.31,0.31,0.30,0.30,0.30,0.30,0.29,0.29,0.29,0.29,0.28,0.28,0.28,0.28,0.28,0.27,0.27,81.64,76.25,79.11,92.74,120.72,167.87,231.38,304.53,386.59,463.78,421.48,561.32,736.56,834.02,777.70,572.50,341.41,220.65,183.38,163.97,144.41,128.18,125.40,117.27,87.31,52.55,33.52,26.85,22.78,19.46,16.53,13.98,11.77,9.88,8.28,6.93,5.80,4.86,4.08,3.43,2.89,2.45,2.08,1.78,1.53,1.32,1.15,1.01,0.90,0.80,0.72,0.66,0.60,0.56,0.52,0.49,0.46,0.43,0.41,0.40,0.38,0.37,0.36,0.35,0.34,0.33,0.33,0.32,0.32,0.31,0.31,0.30,0.30,0.29,0.29,0.29,0.28,0.28,0.28,0.27,0.27,0.27,0.26,0.26,0.26,0.26,0.26,0.25,0.25,0.25,0.25,0.24,0.24,0.24,0.24,0.24,0.23,0.23,0.23,0.22,-13.26,-15.39,-15.33,-12.39,-0.11,26.02,54.49,76.99,95.53,110.40,146.07,149.24,141.02,135.44,118.45,88.58,67.87,59.06,57.50,51.80,35.16,20.13,13.46,11.16,9.57,8.24,7.02,5.96,5.03,4.23,3.55,2.98,2.50,2.11,1.77,1.50,1.27,1.09,0.93,0.81,0.70,0.62,0.55,0.49,0.44,0.40,0.37,0.35,0.32,0.30,0.29,0.28,0.27,0.26,0.25,0.24,0.24,0.23,0.23,0.22,0.22,0.22,0.22,0.21,0.21,0.21,0.21,0.21,0.20,0.20,0.20,0.20,0.20,0.20,0.20,0.19,0.19,0.19,0.19,0.19,0.19,0.19,0.19,0.19,0.18
23,1,30,0,0,316.0976,0.18,0.18,0.18,0.18,0.18,0.18,0.18,0.18,0.18,0.17,0.17,0.17,0.17,0.17,0.17,-135.44,-153.11,-156.58,-143.62,-86.40,37.14,192.54,333.68,515.45,739.75,874.39,665.39,512.67,416.85,377.49,385.42,405.99,397.10,390.86,446.47,545.01,614.14,603.88,541.09,485.15,452.90,424.58,378.04,315.82,258.16,213.31,179.63,156.31,142.69,137.94,139.44,143.51,145.53,142.19,138.63,142.02,149.83,162.35,188.56,223.63,250.61,266.42,284.64,318.73,364.60,392.48,383.46,364.68,363.65,354.54,332.77,323.20,325.60,331.42,316.64,272.69,228.55,202.30,185.43,171.67,163.98,164.74,168.47,170.74,170.88,168.05,159.17,145.20,132.89,128.67,129.99,121.59,104.54,93.26,88.02,86.82,89.99,88.98,75.23,58.03,47.80,40.36,33.12,27.04,21.85,17.61,14.15,11.38,9.17,7.42,6.04,4.95,4.08,3.40,2.86,2.43,2.09,1.82,1.60,1.42,1.28,1.16,1.06,0.98,0.91,0.86,0.81,0.77,0.74,0.71,0.68,0.66,0.64,0.62,0.60,0.59,0.58,0.56,0.55,0.54,0.53,0.52,0.51,0.50,0.50,0.49,0.48,0.48,0.47,0.46,0.46,0.45,0.44,0.44,0.43,0.43,0.42,0.42,0.41,0.41,0.41,0.40,0.40,0.39,0.39,0.38,0.38,0.38,0.37,0.37,0.37,0.36,0.36,0.36,0.35,0.35,0.35,0.34,0.34,0.34,0.33,0.33,0.33,0.33,0.32,0.32,0.32,0.32,0.31,0.31,0.31,0.31,0.30,0.30,0.30,0.30,0.29,0.29,0.29,0.29,0.29,0.28,0.28,0.28,0.28,0.28,0.27,0.27,0.27,0.27,0.27,0.26,0.26,0.26,0.26,82.52,76.11,78.98,92.56,120.51,167.86,232.09,306.67,390.81,470.41,433.81,576.11,750.74,852.79,811.25,628.86,423.43,315.48,276.19,243.92,192.34,138.03,106.66,83.89,57.81,34.87,22.36,17.35,14.21,11.91,9.99,8.42,7.09,5.99,5.06,4.28,3.63,3.09,2.64,2.26,1.95,1.70,1.48,1.30,1.16,1.03,0.93,0.84,0.77,0.71,0.66,0.62,0.58,0.55,0.52,0.50,0.48,0.46,0.44,0.43,0.42,0.41,0.40,0.39,0.38,0.37,0.37,0.36,0.35,0.35,0.34,0.34,0.33,0.33,0.32,0.32,0.32,0.31,0.31,0.31,0.30,0.30,0.30,0.29,0.29,0.29,0.28,0.28,0.28,0.28,0.27,0.27,0.27,0.27,0.26,0.26,0.26,0.26,0.25,0.24,0.95,0.13,0.30,2.99,12.03,30.23,51.32,70.15,87.53,102.41,110.19,108.51,104.73,104.09,99.79,90.47,86.39,91.00,101.13,96.17,66.45,37.95,25.67,21.48,18.56,15.99,13.63,11.55,9.71,8.14,6.79,5.66,4.71,3.91,3.26,2.71,2.26,1.89,1.59,1.34,1.14,0.97,0.83,0.72,0.63,0.55,0.49,0.44,0.40,0.37,0.34,0.32,0.30,0.28,0.27,0.26,0.25,0.24,0.23,0.23,0.22,0.22,0.22,0.21,0.21,0.21,0.20,0.20,0.20,0.20,0.20,0.20,0.19,0.19,0.19,0.19,0.19,0.19,0.19,0.19,0.18,0.18,0.18,0.18,0.18
24,0,11,0,0,298.1928,0.18,0.18,0.18,0.18,0.18,0.18,0.17,0.17,0.17,0.17,0.17,0.17,0.17,0.17,0.17,-135.23,-152.66,-156.05,-143.10,-86.05,36.79,190.93,330.43,510.52,736.29,879.90,668.83,517.52,426.39,392.67,408.57,439.21,439.07,440.99,513.90,658.34,798.90,853.99,822.71,735.85,598.04,441.53,319.14,244.09,202.21,179.73,166.60,156.96,148.49,140.81,134.59,131.33,133.13,140.58,152.12,164.56,172.28,174.80,179.41,188.53,201.07,224.11,257.76,281.91,283.53,280.29,294.87,325.56,351.92,356.37,341.79,321.35,297.01,270.46,255.07,252.24,244.61,218.94,187.87,170.59,165.26,158.95,143.06,124.12,111.72,106.69,104.64,101.65,96.97,92.91,92.20,89.89,79.96,64.09,47.73,35.52,28.02,23.15,19.56,16.69,14.30,12.28,10.56,9.09,7.85,6.79,5.89,5.12,4.47,3.91,3.44,3.03,2.69,2.39,2.14,1.92,1.73,1.57,1.44,1.32,1.21,1.12,1.04,0.98,0.92,0.86,0.82,0.78,0.74,0.71,0.68,0.66,0.63,0.61,0.59,0.58,0.56,0.55,0.53,0.52,0.51,0.50,0.49,0.48,0.47,0.46,0.46,0.45,0.44,0.44,0.43,0.42,0.42,0.41,0.41,0.40,0.40,0.39,0.39,0.38,0.38,0.38,0.37,0.37,0.36,0.36,0.36,0.35,0.35,0.35,0.34,0.34,0.34,0.33,0.33,0.33,0.32,0.32,0.32,0.32,0.31,0.31,0.31,0.31,0.30,0.30,0.30,0.30,0.29,0.29,0.29,0.29,0.28,0.28,0.28,0.28,0.28,0.27,0.27,0.27,0.27,0.27,0.27,0.26,0.26,0.26,0.26,0.26,0.25,0.25,0.25,0.25,0.25,0.25,0.25,81.27,76.25,79.12,92.75,120.74,167.86,231.33,304.45,386.58,463.99,422.59,569.21,757.97,866.44,810.10,600.23,365.92,243.77,208.73,194.55,180.19,169.57,174.18,166.65,124.03,74.08,47.53,38.47,32.84,28.15,23.95,20.27,17.07,14.32,11.98,10.01,8.35,6.97,5.82,4.87,4.08,3.43,2.89,2.45,2.08,1.78,1.53,1.33,1.16,1.02,0.90,0.81,0.73,0.66,0.61,0.56,0.52,0.49,0.46,0.44,0.42,0.40,0.39,0.37,0.36,0.35,0.34,0.34,0.33,0.32,0.32,0.31,0.31,0.30,0.30,0.29,0.29,0.28,0.28,0.28,0.28,0.27,0.27,0.27,0.26,0.26,0.26,0.26,0.25,0.25,0.25,0.25,0.24,0.24,0.24,0.24,0.24,0.23,0.23,0.22,-0.70,0.23,0.22,0.22,0.22,0.22,0.22,0.21,0.21,0.21,0.21,0.21,0.21,0.20,0.20,0.20,0.20,0.20,0.20,0.20,0.19,0.19,0.19,0.19,0.19,0.19,0.19,0.19,0.19,0.18,0.18,0.18,0.18,0.18,0.18,0.18,0.18,0.18,0.17,0.17,0.17,0.17,0.17,0.17,0.17,0.17,0.17,0.17,0.17,0.16,0.16,0.16,0.16,0.16,0.16,0.16,0.16,0.16,0.16,0.16,0.16,0.16,0.15,0.15,0.15,0.15,0.15,0.15,0.15,0.15,0.15,0.15,0.15,0.15,0.15,0.15,0.15,0.14,0.14,0.14,0.14,0.14,0.14,0.14,0.14
25,0,11,0,0,151.8495,0.14,0.14,0.14,0.14,0.14,0.14,0.14,0.14,0.14,0.13,0.13,0.13,0.13,0.13,0.13,-135.80,-154.03,-157.64,-144.65,-87.04,37.88,195.53,339.31,523.57,744.29,861.01,655.26,500.04,396.55,346.47,336.56,333.65,303.02,276.61,296.75,328.06,331.90,308.07,259.32,196.78,141.47,98.83,65.00,40.86,24.95,15.21,9.48,6.15,4.19,3.00,2.25,1.76,1.42,1.17,0.99,0.85,0.74,0.65,0.58,0.52,0.47,0.44,0.40,0.38,0.35,0.33,0.32,0.31,0.30,0.29,0.28,0.27,0.26,0.26,0.25,0.25,0.24,0.24,0.23,0.23,0.23,0.22,0.22,0.22,0.21,0.21,0.21,0.21,0.20,0.20,0.20,0.20,0.19,0.19,0.19,0.19,0.19,0.18,0.18,0.18,0.18,0.18,0.18,0.17,0.17,0.17,0.17,0.17,0.17,0.17,0.16,0.16,0.16,0.16,0.16,0.16,0.16,0.16,0.16,0.15,0.15,0.15,0.15,0.15,0.15,0.15,0.15,0.15,0.15,0.14,0.14,0.14,0.14,0.14,0.14,0.14,0.14,0.14,0.14,0.14,0.14,0.14,0.13,0.13,0.13,0.13,0.13,0.13,0.13,0.13,0.13,0.13,0.13,0.13,0.13,0.13,0.13,0.12,0.12,0.12,0.12,0.12,0.12,0.12,0.12,0.12,0.12,0.12,0.12,0.12,0.12,0.12,0.12,0.12,0.12,0.12,0.11,0.11,0.11,0.11,0.11,0.11,0.11,0.11,0.11,0.11,0.11,0.11,0.11,0.11,0.11,0.11,0.11,0.11,0.11,0.11,0.11,0.11,0.11,0.10,0.10,0.10,0.10,0.10,0.10,0.10,0.10,0.10,0.10,0.10,0.10,0.10,0.10,0.10,0.10,81.74,76.05,78.91,92.53,120.50,167.70,231.27,304.51,386.68,464.03,420.11,540.91,681.89,750.52,688.85,484.48,247.50,123.52,81.98,55.29,37.44,25.52,17.75,12.59,9.18,6.85,5.24,4.09,3.26,2.64,2.16,1.80,1.51,1.28,1.09,0.94,0.82,0.72,0.63,0.56,0.51,0.46,0.42,0.38,0.35,0.33,0.31,0.29,0.27,0.26,0.24,0.23,0.23,0.22,0.21,0.20,0.20,0.19,0.19,0.18,0.18,0.18,0.17,0.17,0.17,0.16,0.16,0.16,0.16,0.15,0.15,0.15,0.15,0.15,0.14,0.14,0.14,0.14,0.14,0.14,0.13,0.13,0.13,0.13,0.13,0.13,0.13,0.12,0.12,0.12,0.12,0.12,0.12,0.12,0.12,0.12,0.12,0.11,0.11,0.11,1.28,-0.01,0.16,2.86,11.90,30.09,51.18,70.02,87.39,102.28,110.06,108.37,104.61,104.01,99.72,90.39,86.30,90.91,101.10,96.11,66.48,38.03,25.59,21.34,18.43,15.87,13.52,11.43,9.60,8.02,6.68,5.55,4.60,3.81,3.15,2.61,2.16,1.79,1.49,1.24,1.04,0.87,0.73,0.62,0.53,0.46,0.39,0.34,0.30,0.27,0.24,0.22,0.20,0.19,0.17,0.16,0.15,0.15,0.14,0.14,0.13,0.13,0.12,0.12,0.12,0.12,0.12,0.11,0.11,0.11,0.11,0.11,0.11,0.11,0.11,0.11,0.11,0.11,0.11,0.10,0.10,0.10,0.10,0.10,0.10
26,1,12,0,0,308.4676,0.10,0.10,0.10,0.10,0.10,0.10,0.10,0.10,0.10,0.10,0.10,0.10,0.10,0.09,0.10,-135.89,-153.72,-157.25,-144.25,-86.75,37.73,194.69,337.93,521.70,741.92,851.94,637.80,474.55,361.87,300.56,272.78,255.48,228.59,211.42,240.50,299.57,337.25,337.83,330.66,343.98,374.77,403.32,412.72,391.94,346.45,299.77,269.31,253.38,246.10,245.56,252.21,266.84,284.91,295.17,286.53,262.99,243.63,241.18,256.36,289.89,335.25,369.82,387.88,413.77,458.11,490.42,492.49,490.65,487.68,446.34,368.68,299.31,263.47,256.78,263.31,259.60,229.24,187.12,157.49,148.76,154.89,162.39,165.88,172.98,180.84,171.46,144.92,120.82,110.46,105.88,92.47,73.55,60.07,50.91,42.54,35.11,28.80,23.50,19.13,15.55,12.65,10.30,8.42,6.90,5.68,4.70,3.91,3.27,2.75,2.33,1.99,1.71,1.48,1.29,1.13,1.00,0.89,0.80,0.73,0.67,0.61,0.57,0.53,0.49,0.47,0.44,0.42,0.40,0.38,0.37,0.36,0.35,0.34,0.33,0.32,0.31,0.30,0.30,0.29,0.28,0.28,0.27,0.27,0.27,0.26,0.26,0.25,0.25,0.25,0.24,0.24,0.24,0.23,0.23,0.23,0.23,0.22,0.22,0.22,0.22,0.21,0.21,0.21,0.21,0.21,0.20,0.20,0.20,0.20,0.20,0.19,0.19,0.19,0.19,0.19,0.19,0.18,0.18,0.18,0.18,0.18,0.18,0.18,0.17,0.17,0.17,0.17,0.17,0.17,0.17,0.16,0.16,0.16,0.16,0.16,0.16,0.16,0.16,0.16,0.15,0.15,0.15,0.15,0.15,0.15,0.15,0.15,0.15,0.15,0.14,0.14,0.14,0.14,0.14,0.14,81.94,76.03,78.88,92.48,120.44,167.73,231.60,305.38,388.34,466.57,428.33,571.35,745.87,844.79,797.07,614.55,415.56,310.47,271.41,239.91,189.13,135.25,104.25,82.08,56.63,33.82,21.14,16.19,13.18,11.00,9.18,7.71,6.45,5.41,4.53,3.81,3.20,2.70,2.28,1.93,1.65,1.41,1.21,1.05,0.92,0.81,0.72,0.64,0.58,0.53,0.48,0.45,0.42,0.39,0.37,0.35,0.33,0.32,0.31,0.30,0.29,0.28,0.27,0.27,0.26,0.25,0.25,0.24,0.24,0.24,0.23,0.23,0.23,0.22,0.22,0.22,0.22,0.21,0.21,0.21,0.21,0.20,0.20,0.20,0.20,0.20,0.19,0.19,0.19,0.19,0.19,0.18,0.18,0.18,0.18,0.18,0.18,0.17,0.17,0.16,-13.27,-15.45,-15.39,-12.44,-0.16,25.97,54.44,76.94,95.48,110.35,146.01,149.19,140.96,135.34,118.32,88.48,67.79,58.98,57.41,51.72,35.06,20.01,13.40,11.11,9.52,8.19,6.96,5.91,4.97,4.18,3.50,2.93,2.45,2.06,1.72,1.45,1.22,1.04,0.88,0.76,0.65,0.57,0.50,0.44,0.39,0.36,0.32,0.30,0.28,0.26,0.24,0.23,0.22,0.21,0.20,0.20,0.19,0.19,0.18,0.18,0.18,0.17,0.17,0.17,0.17,0.16,0.16,0.16,0.16,0.16,0.16,0.16,0.15,0.15,0.15,0.15,0.15,0.15,0.15,0.15,0.15,0.15,0.14,0.14,0.14
27,0,11,0,0,373.1591,0.14,0.14,0.14,0.14,0.14,0.14,0.14,0.14,0.14,0.13,0.13,0.13,0.13,0.13,0.13,-134.85,-151.86,-155.11,-142.18,-85.44,36.17,188.27,325.54,503.63,730.54,876.11,654.57,496.83,401.62,362.56,370.45,400.29,413.84,430.57,506.01,655.21,805.81,845.40,781.42,689.73,580.69,458.73,362.48,312.45,301.19,310.85,329.43,355.68,365.33,337.96,306.18,294.82,289.91,281.39,275.09,274.29,273.50,272.33,276.91,289.56,306.22,320.04,332.95,347.11,359.76,374.74,394.55,416.56,427.55,420.36,396.62,360.56,336.30,336.09,346.09,356.45,371.57,394.78,408.97,392.98,355.58,325.22,317.40,325.69,330.27,319.47,299.29,281.33,273.34,272.06,259.48,224.00,180.17,149.96,135.43,123.09,105.01,83.75,65.39,52.56,43.81,37.35,32.20,27.95,24.35,21.29,18.66,16.39,14.43,12.73,11.25,9.96,8.83,7.85,6.99,6.23,5.57,4.98,4.47,4.02,3.62,3.27,2.96,2.69,2.44,2.23,2.04,1.87,1.72,1.59,1.47,1.37,1.28,1.19,1.12,1.05,0.99,0.94,0.89,0.85,0.81,0.78,0.74,0.72,0.69,0.67,0.64,0.63,0.61,0.59,0.57,0.56,0.55,0.54,0.52,0.51,0.50,0.49,0.48,0.48,0.47,0.46,0.45,0.45,0.44,0.43,0.43,0.42,0.42,0.41,0.41,0.40,0.40,0.39,0.39,0.38,0.38,0.38,0.37,0.37,0.36,0.36,0.36,0.35,0.35,0.35,0.34,0.34,0.34,0.33,0.33,0.33,0.33,0.32,0.32,0.32,0.32,0.31,0.31,0.31,0.30,0.30,0.30,0.30,0.30,0.29,0.29,0.29,0.29,0.28,0.28,0.28,0.28,0.28,0.28,81.25,76.28,79.15,92.79,120.77,167.89,231.36,304.51,386.77,464.49,423.80,570.62,759.28,866.81,808.25,597.43,364.41,243.38,208.63,194.55,180.37,169.87,174.54,167.03,124.41,74.44,47.86,38.75,33.09,28.37,24.15,20.44,17.21,14.45,12.09,10.10,8.43,7.04,5.88,4.92,4.12,3.47,2.92,2.48,2.11,1.80,1.55,1.35,1.18,1.04,0.92,0.82,0.74,0.68,0.62,0.57,0.53,0.50,0.47,0.45,0.43,0.41,0.40,0.38,0.37,0.36,0.35,0.34,0.34,0.33,0.32,0.32,0.31,0.31,0.30,0.30,0.29,0.29,0.29,0.28,0.28,0.28,0.27,0.27,0.27,0.27,0.26,0.26,0.26,0.25,0.25,0.25,0.25,0.25,0.24,0.24,0.24,0.24,0.24,0.22,-9.62,-10.14,-10.16,-9.10,-3.93,7.42,19.36,28.09,34.66,39.62,60.82,63.48,59.26,55.81,45.95,29.10,16.63,9.20,4.75,2.61,1.40,0.87,0.55,0.42,0.33,0.29,0.26,0.26,0.24,0.24,0.23,0.23,0.23,0.23,0.22,0.22,0.22,0.22,0.21,0.21,0.21,0.21,0.21,0.20,0.20,0.20,0.20,0.20,0.20,0.20,0.19,0.19,0.19,0.19,0.19,0.19,0.19,0.18,0.18,0.18,0.18,0.18,0.18,0.18,0.18,0.18,0.18,0.17,0.17,0.17,0.17,0.17,0.17,0.17,0.17,0.17,0.17,0.16,0.16,0.16,0.16,0.16,0.16,0.16,0.16
28,1,27,0,0,255.5234,0.16,0.16,0.16,0.16,0.15,0.15,0.15,0.15,0.15,0.15,0.15,0.15,0.15,0.15,0.15,-135.55,-153.53,-157.07,-144.11,-86.73,37.38,193.69,335.88,518.71,741.13,866.36,658.89,505.64,406.85,362.10,360.92,369.96,350.17,333.30,367.45,422.70,447.98,422.29,356.70,284.00,229.37,194.51,170.47,151.45,133.31,116.15,101.90,92.28,88.89,92.48,101.33,111.67,118.56,118.25,115.50,117.54,122.52,133.50,162.35,201.90,231.07,245.13,256.22,273.15,292.82,311.13,322.80,319.67,293.78,244.65,196.54,172.28,167.09,172.89,177.65,170.41,160.98,161.53,169.52,176.48,178.17,175.59,175.84,177.91,170.18,149.87,129.04,119.35,115.28,103.19,83.98,68.39,58.13,49.12,40.88,33.87,27.89,22.92,18.82,15.46,12.72,10.50,8.70,7.24,6.05,5.08,4.29,3.65,3.13,2.69,2.34,2.04,1.80,1.60,1.43,1.29,1.17,1.07,0.98,0.91,0.85,0.79,0.75,0.71,0.67,0.64,0.62,0.59,0.57,0.55,0.54,0.52,0.51,0.50,0.48,0.47,0.46,0.45,0.45,0.44,0.43,0.42,0.42,0.41,0.40,0.40,0.39,0.39,0.38,0.38,0.37,0.37,0.37,0.36,0.36,0.35,0.35,0.35,0.34,0.34,0.33,0.33,0.33,0.32,0.32,0.32,0.32,0.31,0.31,0.31,0.30,0.30,0.30,0.30,0.29,0.29,0.29,0.29,0.28,0.28,0.28,0.28,0.28,0.27,0.27,0.27,0.27,0.27,0.26,0.26,0.26,0.26,0.26,0.25,0.25,0.25,0.25,0.25,0.25,0.24,0.24,0.24,0.24,0.24,0.24,0.23,0.23,0.23,0.23,0.23,0.23,0.23,0.22,0.22,0.23,81.63,76.10,78.98,92.57,120.53,167.82,231.81,305.90,389.25,467.86,428.45,565.90,733.96,828.67,780.55,588.84,371.14,257.19,217.93,189.43,151.13,113.10,92.29,75.91,53.50,32.41,20.94,16.44,13.60,11.45,9.63,8.12,6.83,5.76,4.85,4.09,3.45,2.92,2.48,2.12,1.82,1.57,1.36,1.19,1.05,0.93,0.83,0.75,0.68,0.62,0.57,0.53,0.50,0.47,0.44,0.42,0.40,0.39,0.37,0.36,0.35,0.34,0.34,0.33,0.32,0.31,0.31,0.30,0.30,0.29,0.29,0.29,0.28,0.28,0.27,0.27,0.27,0.26,0.26,0.26,0.26,0.25,0.25,0.25,0.25,0.24,0.24,0.24,0.24,0.23,0.23,0.23,0.23,0.23,0.22,0.22,0.22,0.22,0.22,0.21,-4.30,-5.03,-4.96,-3.08,4.02,18.80,35.32,49.09,61.06,70.98,85.47,85.96,81.97,79.92,72.84,59.76,51.49,50.09,52.98,49.41,34.01,19.54,13.11,10.91,9.41,8.12,6.93,5.88,4.96,4.17,3.49,2.93,2.45,2.05,1.72,1.45,1.22,1.04,0.88,0.76,0.66,0.57,0.50,0.45,0.40,0.36,0.33,0.30,0.28,0.26,0.25,0.24,0.23,0.22,0.21,0.21,0.20,0.20,0.19,0.19,0.19,0.18,0.18,0.18,0.18,0.18,0.18,0.17,0.17,0.17,0.17,0.17,0.17,0.17,0.17,0.17,0.16,0.16,0.16,0.16,0.16,0.16,0.16,0.16,0.16
29,1,23,0,0,253.8601,0.16,0.16,0.16,0.15,0.15,0.15,0.15,0.15,0.15,0.15,0.15,0.15,0.15,0.15,0.15,-135.18,-152.64,-156.05,-143.10,-86.10,36.58,190.45,329.89,510.31,733.68,860.24,642.41,484.03,382.26,331.58,320.38,326.47,319.65,317.87,364.96,462.14,555.70,576.83,531.42,479.11,439.34,404.08,365.47,313.42,254.73,207.48,177.79,163.20,170.45,200.36,231.28,250.82,271.44,294.89,300.79,280.65,251.16,229.96,221.51,209.67,189.95,183.43,188.27,200.64,223.24,228.96,193.42,138.00,93.20,66.04,53.20,49.08,50.13,54.01,58.99,63.80,68.28,73.58,81.11,90.79,101.41,106.44,101.03,92.08,86.05,83.10,84.19,88.66,88.12,75.41,59.64,50.36,43.45,36.55,30.63,25.47,21.16,17.56,14.60,12.17,10.19,8.57,7.25,6.16,5.26,4.52,3.91,3.39,2.96,2.60,2.29,2.03,1.81,1.62,1.45,1.31,1.18,1.08,0.98,0.90,0.83,0.77,0.71,0.66,0.62,0.58,0.55,0.52,0.49,0.47,0.45,0.43,0.41,0.40,0.38,0.37,0.36,0.35,0.34,0.33,0.32,0.31,0.31,0.30,0.30,0.29,0.28,0.28,0.28,0.27,0.27,0.26,0.26,0.26,0.25,0.25,0.25,0.24,0.24,0.24,0.24,0.23,0.23,0.23,0.23,0.23,0.22,0.22,0.22,0.22,0.22,0.21,0.21,0.21,0.21,0.21,0.21,0.20,0.20,0.20,0.20,0.20,0.20,0.19,0.19,0.19,0.19,0.19,0.19,0.19,0.19,0.18,0.18,0.18,0.18,0.18,0.18,0.18,0.18,0.18,0.17,0.17,0.17,0.17,0.17,0.17,0.17,0.17,0.17,0.17,0.16,0.16,0.16,0.16,0.16,81.46,76.11,78.99,92.61,120.58,167.77,231.44,304.97,387.60,465.51,422.64,550.33,704.98,784.69,721.86,510.74,269.87,144.92,105.63,84.28,72.07,65.98,65.82,61.97,46.67,29.02,19.37,15.69,13.32,11.34,9.62,8.13,6.85,5.76,4.83,4.06,3.41,2.87,2.42,2.04,1.73,1.47,1.26,1.09,0.94,0.82,0.72,0.64,0.57,0.51,0.46,0.42,0.39,0.36,0.34,0.32,0.30,0.28,0.27,0.26,0.25,0.24,0.24,0.23,0.22,0.22,0.21,0.21,0.21,0.20,0.20,0.20,0.19,0.19,0.19,0.19,0.18,0.18,0.18,0.18,0.18,0.17,0.17,0.17,0.17,0.17,0.16,0.16,0.16,0.16,0.16,0.16,0.16,0.15,0.15,0.15,0.15,0.15,0.15,0.14,1.20,0.03,0.20,2.89,11.93,30.13,51.22,70.05,87.43,102.31,110.09,108.41,104.63,104.00,99.69,90.38,86.30,90.91,101.06,96.10,66.41,37.92,25.59,21.39,18.47,15.91,13.55,11.46,9.63,8.05,6.71,5.58,4.63,3.83,3.18,2.63,2.19,1.82,1.51,1.27,1.06,0.90,0.76,0.65,0.56,0.48,0.42,0.37,0.33,0.30,0.27,0.25,0.23,0.21,0.20,0.19,0.18,0.17,0.17,0.16,0.16,0.15,0.15,0.15,0.14,0.14,0.14,0.14,0.14,0.14,0.13,0.13,0.13,0.13,0.13,0.13,0.13,0.13,0.13,0.13,0.13,0.12,0.12,0.12,0.12
30,1,11,0,0,263.0897,0.12,0.12,0.12,0.12,0.12,0.12,0.12,0.12,0.12,0.12,0.12,0.12,0.12,0.12,0.12,-135.99,-154.05,-157.66,-144.67,-87.07,37.85,195.53,339.38,523.69,744.41,860.72,655.09,500.25,396.75,346.74,336.55,332.48,302.06,279.38,314.65,374.21,399.88,400.14,393.89,357.52,283.46,207.06,158.65,139.20,139.26,151.55,169.01,184.99,199.99,217.32,232.46,234.99,228.31,227.79,237.27,249.89,261.35,277.29,302.84,323.49,324.29,310.97,282.73,248.63,239.62,257.16,280.88,299.98,313.96,327.97,336.19,318.90,276.19,233.20,205.32,192.13,191.77,201.06,207.27,195.34,165.39,131.26,104.67,87.18,75.31,67.18,63.03,64.14,67.40,65.28,53.78,40.73,33.46,28.09,22.77,18.35,14.58,11.52,9.06,7.11,5.59,4.41,3.50,2.81,2.28,1.87,1.57,1.33,1.15,1.02,0.91,0.83,0.76,0.71,0.67,0.64,0.61,0.59,0.57,0.55,0.54,0.52,0.51,0.50,0.49,0.48,0.47,0.46,0.45,0.45,0.44,0.43,0.42,0.42,0.41,0.40,0.40,0.39,0.39,0.38,0.38,0.37,0.37,0.36,0.36,0.35,0.35,0.34,0.34,0.33,0.33,0.33,0.32,0.32,0.32,0.31,0.31,0.30,0.30,0.30,0.30,0.29,0.29,0.29,0.28,0.28,0.28,0.28,0.27,0.27,0.27,0.27,0.26,0.26,0.26,0.26,0.25,0.25,0.25,0.25,0.25,0.24,0.24,0.24,0.24,0.24,0.23,0.23,0.23,0.23,0.23,0.23,0.22,0.22,0.22,0.22,0.22,0.22,0.21,0.21,0.21,0.21,0.21,0.21,0.21,0.20,0.20,0.20,0.20,0.20,0.20,0.20,0.19,0.19,0.19,80.99,76.14,79.00,92.62,120.59,167.79,231.36,304.59,386.73,464.00,421.66,554.71,716.13,802.12,744.98,544.66,318.17,199.45,160.07,135.43,110.38,88.36,77.93,68.15,49.68,30.31,19.57,15.48,12.94,10.94,9.23,7.78,6.54,5.50,4.62,3.88,3.26,2.75,2.32,1.97,1.68,1.44,1.24,1.07,0.93,0.82,0.73,0.65,0.59,0.53,0.49,0.45,0.42,0.39,0.37,0.35,0.33,0.32,0.31,0.30,0.29,0.28,0.27,0.27,0.26,0.26,0.25,0.25,0.24,0.24,0.24,0.23,0.23,0.23,0.22,0.22,0.22,0.22,0.21,0.21,0.21,0.21,0.21,0.20,0.20,0.20,0.20,0.20,0.19,0.19,0.19,0.19,0.19,0.19,0.19,0.18,0.18,0.18,0.18,0.17,-18.51,-20.57,-20.60,-18.47,-8.13,14.59,38.48,55.93,69.06,78.97,121.33,126.68,118.23,111.16,91.35,57.77,32.90,18.08,9.23,4.96,2.54,1.49,0.85,0.59,0.42,0.35,0.29,0.28,0.26,0.25,0.24,0.24,0.23,0.23,0.22,0.22,0.22,0.21,0.21,0.21,0.21,0.20,0.20,0.20,0.20,0.19,0.19,0.19,0.19,0.19,0.19,0.18,0.18,0.18,0.18,0.18,0.18,0.17,0.17,0.17,0.17,0.17,0.17,0.17,0.16,0.16,0.16,0.16,0.16,0.16,0.16,0.16,0.16,0.15,0.15,0.15,0.15,0.15,0.15,0.15,0.15,0.15,0.15,0.15,0.15
31,1,31,0,0,303.3977,0.14,0.14,0.14,0.14,0.14,0.14,0.14,0.14,0.14,0.14,0.14,0.14,0.14,0.13,0.13,-134.92,-152.21,-155.55,-142.62,-85.80,36.18,188.88,327.22,506.88,729.58,847.97,621.78,457.19,348.36,286.57,257.50,249.56,244.25,248.03,285.68,360.65,429.77,430.36,375.16,323.22,292.23,275.41,266.56,256.10,237.89,214.65,192.75,177.36,172.32,179.21,194.69,212.44,223.91,221.66,214.67,216.90,223.93,239.53,286.31,354.03,404.55,427.68,446.98,485.87,541.05,585.23,594.14,573.57,535.62,462.08,378.37,333.58,318.56,315.43,304.85,271.36,232.29,213.40,222.30,246.10,259.35,247.95,223.69,205.64,197.23,188.39,171.74,153.19,142.95,134.64,114.95,91.27,75.09,62.78,51.59,42.13,34.18,27.64,22.31,18.01,14.56,11.80,9.60,7.85,6.44,5.33,4.43,3.71,3.13,2.67,2.29,1.98,1.73,1.53,1.36,1.22,1.10,1.01,0.92,0.85,0.80,0.75,0.71,0.67,0.64,0.61,0.59,0.57,0.55,0.53,0.52,0.50,0.49,0.48,0.47,0.46,0.45,0.44,0.43,0.43,0.42,0.41,0.41,0.40,0.40,0.39,0.39,0.38,0.38,0.37,0.37,0.36,0.36,0.35,0.35,0.35,0.34,0.34,0.33,0.33,0.32,0.32,0.32,0.32,0.32,0.31,0.31,0.31,0.30,0.30,0.30,0.30,0.29,0.29,0.29,0.29,0.28,0.28,0.28,0.28,0.27,0.27,0.27,0.27,0.27,0.26,0.26,0.26,0.26,0.26,0.25,0.25,0.25,0.25,0.25,0.25,0.24,0.24,0.24,0.24,0.24,0.24,0.23,0.23,0.23,0.23,0.23,0.23,0.22,0.22,0.22,0.22,0.22,0.22,0.22,81.85,76.03,78.92,92.49,120.44,167.82,232.20,307.09,391.61,471.57,433.65,563.80,717.86,801.47,750.64,560.66,347.36,236.67,195.32,161.45,117.86,73.96,45.51,27.84,17.29,11.39,7.80,5.71,4.32,3.42,2.77,2.30,1.94,1.66,1.43,1.25,1.10,0.98,0.87,0.79,0.72,0.66,0.60,0.56,0.52,0.49,0.46,0.44,0.42,0.40,0.38,0.37,0.36,0.34,0.33,0.32,0.32,0.31,0.30,0.30,0.29,0.29,0.28,0.28,0.27,0.27,0.26,0.26,0.26,0.25,0.25,0.25,0.24,0.24,0.24,0.23,0.23,0.23,0.23,0.22,0.22,0.22,0.22,0.22,0.21,0.21,0.21,0.21,0.21,0.20,0.20,0.20,0.20,0.20,0.20,0.19,0.19,0.19,0.19,0.18,10.16,10.44,10.63,12.25,16.12,22.96,32.11,42.21,53.03,62.96,49.55,45.18,45.63,48.53,54.13,61.60,69.96,81.99,96.59,93.75,65.31,37.37,25.29,21.19,18.37,15.84,13.51,11.43,9.61,8.03,6.69,5.56,4.61,3.82,3.17,2.63,2.18,1.81,1.51,1.26,1.06,0.89,0.76,0.65,0.55,0.48,0.42,0.37,0.33,0.30,0.27,0.25,0.23,0.21,0.20,0.19,0.18,0.18,0.17,0.16,0.16,0.16,0.15,0.15,0.15,0.15,0.15,0.14,0.14,0.14,0.14,0.14,0.14,0.14,0.14,0.14,0.14,0.14,0.13,0.13,0.13,0.13,0.13,0.13,0.13
32,1,14,0,0,205.6548,0.13,0.13,0.13,0.13,0.13,0.13,0.13,0.13,0.13,0.13,0.13,0.12,0.12,0.12,0.13,-135.44,-153.09,-156.55,-143.59,-86.42,36.91,191.78,332.30,513.69,735.08,852.34,636.07,477.15,372.21,316.11,294.93,287.22,268.46,258.52,300.46,393.55,488.02,537.29,542.21,517.37,461.73,384.35,299.06,216.59,154.09,117.82,98.57,86.09,75.94,66.82,59.06,52.88,48.25,45.09,43.53,43.89,46.44,51.20,57.72,64.72,71.63,79.16,86.94,90.92,88.00,82.78,80.77,81.81,85.63,93.84,104.35,111.08,110.31,101.64,87.59,75.06,70.23,71.86,73.12,74.87,81.21,81.93,66.21,44.54,28.80,19.04,13.78,10.71,8.57,6.94,5.67,4.66,3.87,3.24,2.73,2.33,2.00,1.73,1.51,1.33,1.18,1.05,0.95,0.85,0.78,0.71,0.65,0.60,0.56,0.52,0.49,0.46,0.43,0.41,0.39,0.37,0.35,0.34,0.33,0.31,0.30,0.29,0.28,0.28,0.27,0.26,0.26,0.25,0.25,0.24,0.24,0.23,0.23,0.22,0.22,0.22,0.21,0.21,0.21,0.21,0.20,0.20,0.20,0.20,0.19,0.19,0.19,0.19,0.19,0.18,0.18,0.18,0.18,0.18,0.18,0.17,0.17,0.17,0.17,0.17,0.17,0.17,0.16,0.16,0.16,0.16,0.16,0.16,0.16,0.16,0.16,0.15,0.15,0.15,0.15,0.15,0.15,0.15,0.15,0.15,0.15,0.14,0.14,0.14,0.14,0.14,0.14,0.14,0.14,0.14,0.14,0.14,0.13,0.13,0.13,0.13,0.13,0.13,0.13,0.13,0.13,0.13,0.13,0.13,0.13,0.13,0.12,0.12,0.12,0.12,0.12,0.12,0.12,0.12,0.13,81.07,76.11,78.98,92.62,120.61,167.72,231.14,304.14,385.94,462.74,418.54,553.89,722.81,812.62,747.49,530.88,287.97,162.27,125.45,110.06,103.88,103.95,111.68,109.46,82.67,49.88,32.12,25.99,22.21,19.04,16.20,13.71,11.54,9.67,8.08,6.74,5.62,4.68,3.90,3.25,2.71,2.27,1.90,1.60,1.35,1.15,0.98,0.84,0.73,0.63,0.56,0.49,0.44,0.39,0.36,0.33,0.30,0.28,0.26,0.25,0.23,0.22,0.21,0.21,0.20,0.19,0.19,0.18,0.18,0.18,0.17,0.17,0.17,0.16,0.16,0.16,0.16,0.16,0.15,0.15,0.15,0.15,0.15,0.15,0.14,0.14,0.14,0.14,0.14,0.14,0.14,0.13,0.13,0.13,0.13,0.13,0.13,0.13,0.13,0.12,-4.23,-5.12,-5.05,-3.16,3.94,18.72,35.24,49.01,60.98,70.90,85.38,85.88,81.88,79.79,72.69,59.64,51.38,49.99,52.86,49.30,33.87,19.37,13.02,10.84,9.34,8.05,6.85,5.81,4.88,4.10,3.42,2.85,2.38,1.98,1.65,1.38,1.15,0.97,0.82,0.69,0.59,0.50,0.44,0.38,0.33,0.29,0.26,0.24,0.22,0.20,0.19,0.17,0.16,0.16,0.15,0.14,0.14,0.13,0.13,0.13,0.13,0.12,0.12,0.12,0.12,0.12,0.12,0.12,0.11,0.11,0.11,0.11,0.11,0.11,0.11,0.11,0.11,0.11,0.11,0.11,0.11,0.10,0.10,0.10,0.10
33,0,11,0,0,298.4594,0.10,0.10,0.10,0.10,0.10,0.10,0.10,0.10,0.10,0.10,0.10,0.10,0.10,0.10,0.10,-135.97,-154.08,-157.68,-144.69,-87.07,37.90,195.64,339.49,523.75,744.33,860.40,654.69,499.91,396.72,346.98,337.16,333.84,303.71,280.10,309.06,352.38,357.20,332.15,299.03,255.85,204.44,159.55,133.81,129.62,139.97,155.22,170.11,185.83,198.63,194.22,177.03,167.35,166.40,170.31,179.68,192.28,204.06,210.06,209.35,207.12,208.53,215.54,226.25,232.97,231.24,232.15,248.32,275.29,303.07,328.53,351.11,368.80,381.61,390.70,398.02,406.69,425.54,456.61,470.12,443.10,399.65,367.74,348.10,338.18,338.70,345.86,357.46,366.83,347.16,296.85,250.36,220.47,198.67,174.21,146.02,122.94,106.20,91.60,78.48,67.24,57.58,49.39,42.44,36.58,31.61,27.40,23.82,20.76,18.14,15.89,13.96,12.28,10.83,9.57,8.47,7.52,6.68,5.95,5.31,4.75,4.25,3.82,3.44,3.10,2.80,2.54,2.31,2.11,1.92,1.76,1.62,1.50,1.38,1.28,1.20,1.12,1.05,0.98,0.93,0.88,0.83,0.79,0.75,0.72,0.69,0.66,0.64,0.62,0.60,0.58,0.56,0.54,0.53,0.52,0.50,0.49,0.48,0.47,0.46,0.45,0.45,0.44,0.43,0.42,0.42,0.41,0.40,0.40,0.39,0.39,0.38,0.38,0.37,0.37,0.36,0.36,0.36,0.35,0.35,0.34,0.34,0.34,0.33,0.33,0.33,0.32,0.32,0.32,0.32,0.31,0.31,0.31,0.30,0.30,0.30,0.30,0.29,0.29,0.29,0.29,0.28,0.28,0.28,0.28,0.28,0.27,0.27,0.27,0.27,0.26,0.26,0.26,0.26,0.26,0.25,81.40,76.20,79.06,92.68,120.66,167.85,231.42,304.65,386.79,464.06,421.66,554.49,715.82,802.09,745.81,545.63,318.26,199.30,160.07,135.33,110.22,88.24,77.88,68.20,49.83,30.44,19.65,15.55,13.00,11.00,9.28,7.83,6.59,5.54,4.66,3.92,3.30,2.79,2.36,2.01,1.72,1.47,1.27,1.11,0.97,0.86,0.77,0.69,0.63,0.57,0.53,0.49,0.46,0.43,0.41,0.39,0.37,0.36,0.35,0.34,0.33,0.32,0.31,0.31,0.30,0.29,0.29,0.28,0.28,0.28,0.27,0.27,0.27,0.26,0.26,0.26,0.25,0.25,0.25,0.25,0.24,0.24,0.24,0.24,0.24,0.23,0.23,0.23,0.23,0.23,0.22,0.22,0.22,0.22,0.22,0.22,0.21,0.21,0.21,0.20,-0.49,0.21,0.20,0.20,0.20,0.20,0.20,0.20,0.19,0.19,0.19,0.19,0.19,0.19,0.19,0.19,0.18,0.18,0.18,0.18,0.18,0.18,0.18,0.18,0.18,0.17,0.17,0.17,0.17,0.17,0.17,0.17,0.17,0.17,0.17,0.17,0.16,0.16,0.16,0.16,0.16,0.16,0.16,0.16,0.16,0.16,0.16,0.16,0.15,0.15,0.15,0.15,0.15,0.15,0.15,0.15,0.15,0.15,0.15,0.15,0.15,0.15,0.15,0.14,0.14,0.14,0.14,0.14,0.14,0.14,0.14,0.14,0.14,0.14,0.14,0.14,0.14,0.14,0.14,0.13,0.13,0.13,0.13,0.13,0.13
34,0,11,0,0,119.0119,0.13,0.13,0.13,0.13,0.13,0.13,0.13,0.13,0.13,0.13,0.13,0.13,0.13,0.13,0.13,-135.39,-153.18,-156.64,-143.67,-86.40,37.17,192.56,334.08,516.59,735.96,837.68,614.76,446.01,327.69,255.22,208.72,176.92,149.96,134.67,144.28,171.38,197.57,201.96,180.45,148.69,116.47,84.74,56.84,36.13,22.12,13.44,8.31,5.33,3.58,2.52,1.86,1.42,1.12,0.91,0.75,0.63,0.54,0.47,0.41,0.37,0.33,0.30,0.28,0.26,0.24,0.23,0.22,0.21,0.20,0.19,0.19,0.18,0.18,0.17,0.17,0.17,0.16,0.16,0.16,0.16,0.16,0.15,0.15,0.15,0.15,0.15,0.15,0.14,0.14,0.14,0.14,0.14,0.14,0.14,0.14,0.13,0.13,0.13,0.13,0.13,0.13,0.13,0.13,0.13,0.13,0.13,0.13,0.13,0.13,0.12,0.12,0.12,0.12,0.12,0.12,0.12,0.12,0.12,0.12,0.12,0.12,0.12,0.12,0.12,0.12,0.11,0.11,0.11,0.11,0.11,0.11,0.11,0.11,0.11,0.11,0.11,0.11,0.11,0.11,0.11,0.11,0.11,0.11,0.11,0.11,0.10,0.10,0.10,0.10,0.10,0.10,0.10,0.10,0.10,0.10,0.10,0.10,0.10,0.10,0.10,0.10,0.10,0.10,0.10,0.10,0.10,0.10,0.10,0.10,0.10,0.10,0.10,0.09,0.09,0.09,0.09,0.09,0.09,0.09,0.09,0.09,0.09,0.09,0.09,0.09,0.09,0.09,0.09,0.09,0.09,0.09,0.09,0.09,0.09,0.09,0.09,0.09,0.09,0.09,0.09,0.09,0.09,0.09,0.09,0.09,0.09,0.09,0.09,0.08,0.08,0.08,0.08,0.08,0.08,0.08,81.62,76.03,78.89,92.51,120.49,167.68,231.24,304.44,386.57,463.89,420.00,541.02,681.84,748.72,682.34,475.43,241.12,119.68,78.87,52.70,35.52,24.09,16.68,11.77,8.53,6.33,4.81,3.73,2.95,2.36,1.92,1.58,1.31,1.10,0.92,0.78,0.67,0.58,0.51,0.44,0.39,0.35,0.31,0.28,0.26,0.24,0.22,0.20,0.19,0.18,0.17,0.16,0.16,0.15,0.15,0.14,0.14,0.13,0.13,0.13,0.12,0.12,0.12,0.12,0.11,0.11,0.11,0.11,0.11,0.11,0.11,0.11,0.11,0.11,0.10,0.10,0.10,0.10,0.10,0.10,0.10,0.10,0.10,0.10,0.10,0.10,0.10,0.10,0.09,0.09,0.09,0.09,0.09,0.09,0.09,0.09,0.09,0.09,0.09,0.08,-0.29,0.09,0.09,0.09,0.08,0.08,0.08,0.08,0.08,0.08,0.08,0.08,0.08,0.08,0.08,0.08,0.08,0.08,0.08,0.08,0.08,0.08,0.08,0.08,0.08,0.08,0.07,0.07,0.07,0.07,0.07,0.07,0.07,0.07,0.07,0.07,0.07,0.07,0.07,0.07,0.07,0.07,0.07,0.07,0.07,0.07,0.07,0.07,0.07,0.07,0.07,0.07,0.07,0.07,0.07,0.07,0.07,0.07,0.07,0.07,0.07,0.07,0.07,0.07,0.07,0.07,0.07,0.07,0.07,0.06,0.06,0.06,0.06,0.06,0.06,0.06,0.06,0.06,0.06,0.06,0.06,0.06,0.06,0.06,0.06
35,0,11,0,0,97.7029,0.06,0.06,0.06,0.06,0.06,0.06,0.06,0.06,0.06,0.06,0.06,0.06,0.06,0.06,0.06,-135.44,-153.22,-156.68,-143.71,-86.46,37.02,192.21,333.70,516.42,733.25,817.91,587.99,412.10,283.34,194.30,120.30,62.24,27.03,9.14,0.97,-2.28,-3.26,-3.26,-2.88,-2.41,-1.94,-1.54,-1.20,-0.94,-0.72,-0.55,-0.42,-0.31,-0.23,-0.17,-0.12,-0.08,-0.05,-0.03,-0.01,0.00,0.02,0.02,0.03,0.04,0.04,0.04,0.04,0.05,0.05,0.05,0.05,0.05,0.05,0.05,0.05,0.05,0.05,0.05,0.05,0.05,0.05,0.05,0.05,0.05,0.05,0.05,0.05,0.05,0.05,0.05,0.05,0.05,0.05,0.05,0.05,0.05,0.05,0.05,0.05,0.05,0.05,0.05,0.05,0.05,0.05,0.05,0.05,0.05,0.05,0.05,0.05,0.05,0.05,0.05,0.05,0.05,0.05,0.05,0.05,0.05,0.05,0.05,0.05,0.05,0.05,0.05,0.05,0.05,0.05,0.05,0.05,0.05,0.05,0.05,0.05,0.05,0.05,0.05,0.05,0.05,0.05,0.05,0.05,0.05,0.05,0.05,0.05,0.05,0.05,0.05,0.05,0.05,0.05,0.05,0.05,0.05,0.05,0.05,0.05,0.05,0.05,0.05,0.05,0.05,0.05,0.05,0.05,0.05,0.05,0.05,0.05,0.05,0.05,0.05,0.04,0.04,0.04,0.04,0.04,0.04,0.04,0.04,0.04,0.04,0.04,0.04,0.04,0.04,0.04,0.04,0.04,0.04,0.04,0.04,0.04,0.04,0.04,0.04,0.04,0.04,0.04,0.04,0.04,0.04,0.04,0.04,0.04,0.04,0.04,0.04,0.04,0.04,0.04,0.04,0.04,0.04,0.04,0.04,0.04,81.54,75.98,78.85,92.46,120.44,167.63,231.17,304.31,386.26,463.24,418.68,539.72,680.48,746.51,677.59,469.06,236.12,116.20,75.87,50.12,33.41,22.36,15.23,10.55,7.50,5.44,4.05,3.07,2.37,1.86,1.48,1.19,0.96,0.78,0.64,0.53,0.44,0.37,0.31,0.26,0.22,0.19,0.17,0.15,0.13,0.11,0.10,0.09,0.09,0.08,0.07,0.07,0.07,0.06,0.06,0.06,0.05,0.05,0.05,0.05,0.05,0.05,0.05,0.05,0.05,0.05,0.05,0.05,0.05,0.05,0.05,0.05,0.05,0.05,0.05,0.05,0.05,0.05,0.05,0.05,0.05,0.05,0.05,0.05,0.05,0.05,0.05,0.05,0.05,0.05,0.05,0.05,0.05,0.05,0.05,0.05,0.05,0.05,0.05,0.04,-0.28,0.05,0.04,0.04,0.04,0.04,0.04,0.04,0.04,0.04,0.05,0.04,0.04,0.04,0.04,0.04,0.04,0.04,0.04,0.04,0.04,0.04,0.04,0.04,0.04,0.04,0.04,0.04,0.04,0.04,0.04,0.04,0.04,0.04,0.04,0.04,0.04,0.04,0.04,0.04,0.04,0.04,0.04,0.04,0.04,0.04,0.04,0.04,0.04,0.04,0.04,0.04,0.04,0.04,0.04,0.04,0.04,0.04,0.04,0.04,0.04,0.04,0.04,0.04,0.04,0.04,0.04,0.04,0.04,0.04,0.04,0.04,0.04,0.04,0.04,0.04,0.04,0.04,0.04,0.04,0.04,0.04,0.04,0.04,0.04
36,0,11,0,0,112.2140,0.04,0.04,0.04,0.04,0.04,0.04,0.04,0.04,0.04,0.04,0.04,0.04,0.04,0.04,0.04,-135.46,-153.25,-156.71,-143.74,-86.49,36.99,192.17,333.65,516.36,733.21,817.86,587.84,411.88,283.12,194.12,120.15,62.13,26.96,9.09,0.95,-2.30,-3.28,-3.28,-2.90,-2.42,-1.96,-1.56,-1.22,-0.95,-0.74,-0.57,-0.44,-0.33,-0.25,-0.19,-0.14,-0.10,-0.07,-0.05,-0.03,-0.01,-0.00,0.01,0.01,0.02,0.02,0.02,0.03,0.03,0.03,0.03,0.03,0.03,0.03,0.03,0.03,0.03,0.03,0.03,0.03,0.03,0.03,0.03,0.03,0.03,0.03,0.03,0.03,0.04,0.03,0.03,0.03,0.03,0.03,0.03,0.03,0.03,0.03,0.03,0.03,0.03,0.03,0.03,0.03,0.03,0.03,0.03,0.03,0.03,0.03,0.03,0.03,0.03,0.03,0.03,0.03,0.03,0.03,0.03,0.03,0.03,0.03,0.03,0.03,0.03,0.03,0.03,0.03,0.03,0.03,0.03,0.03,0.03,0.03,0.03,0.03,0.03,0.03,0.03,0.03,0.03,0.03,0.03,0.03,0.03,0.03,0.03,0.03,0.03,0.03,0.03,0.03,0.03,0.03,0.03,0.03,0.03,0.03,0.03,0.03,0.03,0.03,0.03,0.03,0.03,0.03,0.03,0.03,0.03,0.03,0.03,0.03,0.03,0.03,0.03,0.03,0.03,0.03,0.03,0.03,0.03,0.03,0.03,0.03,0.03,0.03,0.03,0.03,0.03,0.03,0.03,0.03,0.03,0.03,0.03,0.03,0.03,0.03,0.03,0.03,0.03,0.03,0.03,0.03,0.03,0.03,0.03,0.03,0.03,0.03,0.03,0.03,0.03,0.03,0.03,0.03,0.03,0.03,0.03,0.03,81.52,75.97,78.83,92.45,120.43,167.62,231.16,304.29,386.23,463.20,418.67,539.77,680.53,746.50,677.42,468.71,235.86,116.12,75.84,50.09,33.39,22.33,15.21,10.53,7.48,5.43,4.03,3.05,2.35,1.84,1.46,1.17,0.94,0.76,0.63,0.51,0.42,0.35,0.29,0.24,0.21,0.18,0.15,0.13,0.11,0.10,0.09,0.08,0.07,0.06,0.06,0.05,0.05,0.05,0.04,0.04,0.04,0.04,0.04,0.04,0.04,0.04,0.04,0.03,0.03,0.03,0.03,0.03,0.03,0.03,0.03,0.03,0.03,0.03,0.03,0.03,0.03,0.03,0.03,0.03,0.03,0.03,0.03,0.03,0.03,0.03,0.03,0.03,0.03,0.03,0.03,0.03,0.03,0.03,0.03,0.03,0.03,0.03,0.03,0.02,-12.94,-15.59,-15.53,-12.58,-0.31,25.81,54.28,76.80,95.33,110.22,145.92,149.08,140.87,135.42,118.51,88.55,67.78,58.95,57.39,51.67,35.06,20.06,13.31,10.98,9.40,8.07,6.85,5.80,4.87,4.07,3.40,2.83,2.35,1.95,1.62,1.35,1.12,0.94,0.78,0.66,0.56,0.47,0.40,0.35,0.30,0.26,0.23,0.20,0.18,0.16,0.15,0.14,0.13,0.12,0.11,0.11,0.10,0.10,0.09,0.09,0.09,0.09,0.09,0.08,0.08,0.08,0.08,0.08,0.08,0.08,0.08,0.07,0.07,0.07,0.07,0.07,0.07,0.07,0.07,0.07,0.07,0.07,0.07,0.07,0.07
37,1,23,0,0,225.2488,0.07,0.07,0.07,0.07,0.07,0.06,0.06,0.06,0.06,0.06,0.06,0.06,0.06,0.06,0.06,-135.35,-152.78,-156.18,-143.23,-86.19,36.59,190.64,330.59,511.68,732.74,842.69,618.02,451.43,337.79,270.61,232.93,213.55,199.18,195.88,226.32,288.32,337.36,333.58,301.43,287.56,300.55,328.51,348.93,338.68,303.03,264.09,234.19,214.30,213.22,235.98,263.56,277.45,281.06,280.32,272.60,250.72,212.32,173.42,150.67,141.99,138.93,139.09,145.56,157.00,158.76,136.31,102.15,79.53,69.04,61.82,55.89,51.47,48.44,47.12,47.72,50.49,55.30,61.64,67.58,70.97,71.65,70.58,71.48,73.70,70.06,58.29,43.05,30.35,22.44,17.81,14.73,12.40,10.52,8.95,7.63,6.51,5.57,4.77,4.10,3.53,3.05,2.65,2.31,2.02,1.78,1.57,1.40,1.25,1.13,1.02,0.93,0.85,0.79,0.73,0.68,0.64,0.60,0.57,0.54,0.52,0.50,0.48,0.46,0.44,0.43,0.42,0.41,0.40,0.39,0.38,0.37,0.36,0.36,0.35,0.34,0.34,0.33,0.33,0.32,0.32,0.31,0.31,0.31,0.30,0.30,0.29,0.29,0.29,0.28,0.28,0.28,0.27,0.27,0.27,0.27,0.26,0.26,0.26,0.25,0.25,0.25,0.25,0.24,0.24,0.24,0.24,0.24,0.23,0.23,0.23,0.23,0.23,0.22,0.22,0.22,0.22,0.22,0.22,0.21,0.21,0.21,0.21,0.21,0.21,0.20,0.20,0.20,0.20,0.20,0.20,0.20,0.19,0.19,0.19,0.19,0.19,0.19,0.19,0.18,0.18,0.18,0.18,0.18,0.18,0.18,0.18,0.18,0.17,0.17,0.17,0.17,0.17,0.17,0.17,0.17,81.59,76.09,78.96,92.57,120.54,167.76,231.49,305.07,387.72,465.59,424.18,557.36,718.67,803.82,743.14,539.48,313.90,197.30,158.60,134.32,109.79,88.07,77.86,68.14,49.73,30.45,19.68,15.57,13.01,11.01,9.28,7.82,6.56,5.51,4.61,3.87,3.24,2.72,2.29,1.93,1.63,1.39,1.19,1.02,0.88,0.77,0.67,0.60,0.53,0.48,0.43,0.40,0.36,0.34,0.32,0.30,0.28,0.27,0.26,0.25,0.24,0.23,0.23,0.22,0.22,0.21,0.21,0.20,0.20,0.20,0.19,0.19,0.19,0.19,0.18,0.18,0.18,0.18,0.18,0.18,0.17,0.17,0.17,0.17,0.17,0.17,0.16,0.16,0.16,0.16,0.16,0.16,0.16,0.16,0.15,0.15,0.15,0.15,0.15,0.14,1.18,0.03,0.20,2.89,11.94,30.13,51.23,70.06,87.44,102.32,110.09,108.41,104.64,104.00,99.70,90.38,86.30,90.91,101.04,96.08,66.37,37.86,25.58,21.40,18.48,15.91,13.55,11.46,9.63,8.06,6.71,5.58,4.63,3.84,3.18,2.64,2.19,1.82,1.52,1.27,1.06,0.90,0.76,0.65,0.56,0.48,0.42,0.37,0.33,0.30,0.27,0.25,0.23,0.21,0.20,0.19,0.18,0.17,0.17,0.16,0.16,0.15,0.15,0.15,0.15,0.14,0.14,0.14,0.14,0.14,0.14,0.14,0.13,0.13,0.13,0.13,0.13,0.13,0.13,0.13,0.13,0.13,0.13,0.13,0.12
38,0,11,0,0,267.0042,0.12,0.12,0.12,0.12,0.12,0.12,0.12,0.12,0.12,0.12,0.12,0.12,0.12,0.12,0.12,-135.79,-153.66,-157.19,-144.21,-86.76,37.58,194.31,337.01,520.21,742.84,868.90,661.46,506.73,406.20,361.66,360.75,368.56,348.29,333.82,381.64,469.56,533.64,552.21,537.69,484.66,389.34,286.08,212.50,173.88,160.66,164.62,177.11,190.17,203.44,219.71,234.19,236.29,229.34,228.65,238.02,250.59,262.02,277.84,303.23,323.98,324.95,311.27,282.25,248.27,240.31,258.49,282.13,300.77,314.59,328.86,336.61,317.93,274.33,231.50,204.26,191.60,191.73,201.31,206.80,193.40,162.64,128.92,103.14,86.19,74.63,66.77,62.97,64.48,67.65,64.60,52.64,40.04,33.03,27.67,22.41,18.05,14.33,11.32,8.90,6.99,5.50,4.34,3.45,2.77,2.25,1.86,1.55,1.32,1.15,1.01,0.91,0.83,0.77,0.72,0.68,0.64,0.62,0.59,0.57,0.56,0.54,0.53,0.52,0.50,0.49,0.48,0.47,0.47,0.46,0.45,0.44,0.43,0.43,0.42,0.41,0.41,0.40,0.39,0.39,0.38,0.38,0.37,0.37,0.36,0.36,0.35,0.35,0.34,0.34,0.33,0.33,0.33,0.32,0.32,0.32,0.31,0.31,0.31,0.30,0.30,0.30,0.29,0.29,0.29,0.28,0.28,0.28,0.28,0.27,0.27,0.27,0.27,0.26,0.26,0.26,0.26,0.25,0.25,0.25,0.25,0.24,0.24,0.24,0.24,0.24,0.23,0.23,0.23,0.23,0.23,0.23,0.22,0.22,0.22,0.22,0.22,0.22,0.21,0.21,0.21,0.21,0.21,0.21,0.21,0.20,0.20,0.20,0.20,0.20,0.20,0.20,0.19,0.19,0.19,0.20,81.00,76.14,79.00,92.62,120.59,167.79,231.38,304.65,386.94,464.52,422.88,555.90,717.22,803.28,746.70,546.57,319.47,200.73,161.59,136.77,111.48,89.39,78.87,68.72,49.84,30.48,19.95,15.88,13.28,11.24,9.49,8.00,6.73,5.66,4.76,4.00,3.37,2.84,2.40,2.04,1.74,1.49,1.29,1.11,0.97,0.86,0.76,0.68,0.61,0.55,0.51,0.47,0.44,0.41,0.38,0.36,0.34,0.33,0.32,0.31,0.30,0.29,0.28,0.27,0.27,0.26,0.26,0.25,0.25,0.24,0.24,0.24,0.23,0.23,0.23,0.22,0.22,0.22,0.21,0.21,0.21,0.21,0.21,0.20,0.20,0.20,0.20,0.19,0.19,0.19,0.19,0.19,0.19,0.18,0.18,0.18,0.18,0.18,0.18,0.17,-0.52,0.17,0.17,0.17,0.17,0.17,0.16,0.16,0.16,0.16,0.16,0.16,0.16,0.15,0.15,0.15,0.15,0.15,0.15,0.15,0.15,0.15,0.15,0.14,0.14,0.14,0.14,0.14,0.14,0.14,0.14,0.14,0.14,0.14,0.14,0.13,0.13,0.13,0.13,0.13,0.13,0.13,0.13,0.13,0.13,0.13,0.13,0.13,0.13,0.12,0.12,0.12,0.12,0.12,0.12,0.12,0.12,0.12,0.12,0.12,0.12,0.12,0.12,0.12,0.12,0.12,0.11,0.11,0.11,0.11,0.11,0.11,0.11,0.11,0.11,0.11,0.11,0.11,0.11,0.11,0.11,0.11,0.11,0.11,0.11
39,0,11,0,0,135.0608,0.11,0.11,0.10,0.10,0.10,0.10,0.10,0.10,0.10,0.10,0.10,0.10,0.10,0.10,0.10,-135.41,-153.21,-156.67,-143.69,-86.43,37.14,192.53,334.04,516.53,735.91,837.66,614.67,445.82,327.50,255.09,208.62,176.83,149.91,134.62,144.20,171.29,197.51,201.93,180.41,148.64,116.44,84.71,56.82,36.10,22.10,13.42,8.29,5.30,3.55,2.50,1.83,1.40,1.10,0.89,0.73,0.61,0.52,0.45,0.39,0.34,0.31,0.28,0.25,0.23,0.22,0.20,0.19,0.18,0.18,0.17,0.16,0.16,0.15,0.15,0.15,0.14,0.14,0.14,0.14,0.14,0.13,0.13,0.13,0.13,0.13,0.13,0.12,0.12,0.12,0.12,0.12,0.12,0.12,0.12,0.12,0.11,0.11,0.11,0.11,0.11,0.11,0.11,0.11,0.11,0.11,0.11,0.11,0.10,0.10,0.10,0.10,0.10,0.10,0.10,0.10,0.10,0.10,0.10,0.10,0.10,0.10,0.10,0.10,0.10,0.10,0.10,0.09,0.09,0.09,0.09,0.09,0.09,0.09,0.09,0.09,0.09,0.09,0.09,0.09,0.09,0.09,0.09,0.09,0.09,0.09,0.09,0.09,0.09,0.09,0.09,0.08,0.08,0.08,0.08,0.08,0.08,0.08,0.08,0.08,0.08,0.08,0.08,0.08,0.08,0.08,0.08,0.08,0.08,0.08,0.08,0.08,0.08,0.08,0.08,0.08,0.08,0.08,0.08,0.08,0.08,0.08,0.08,0.08,0.07,0.07,0.07,0.07,0.07,0.07,0.07,0.07,0.07,0.07,0.07,0.07,0.07,0.07,0.07,0.07,0.07,0.07,0.07,0.07,0.07,0.07,0.07,0.07,0.07,0.07,0.07,0.07,0.07,0.07,0.07,0.07,81.60,76.01,78.87,92.49,120.47,167.66,231.22,304.42,386.54,463.85,419.98,541.06,681.88,748.70,682.21,475.19,240.92,119.61,78.84,52.67,35.50,24.07,16.65,11.75,8.51,6.31,4.79,3.71,2.93,2.35,1.91,1.56,1.29,1.08,0.91,0.77,0.66,0.57,0.49,0.43,0.38,0.33,0.30,0.27,0.24,0.22,0.20,0.19,0.18,0.16,0.16,0.15,0.14,0.14,0.13,0.13,0.12,0.12,0.11,0.11,0.11,0.11,0.10,0.10,0.10,0.10,0.10,0.10,0.10,0.10,0.09,0.09,0.09,0.09,0.09,0.09,0.09,0.09,0.09,0.09,0.09,0.08,0.08,0.08,0.08,0.08,0.08,0.08,0.08,0.08,0.08,0.08,0.08,0.08,0.08,0.08,0.08,0.08,0.08,0.07,1.37,-0.05,0.12,2.82,11.86,30.05,51.15,69.98,87.35,102.24,110.02,108.34,104.57,103.98,99.69,90.35,86.27,90.89,101.09,96.10,66.49,38.06,25.57,21.30,18.40,15.84,13.49,11.40,9.57,8.00,6.65,5.52,4.57,3.78,3.12,2.58,2.13,1.76,1.46,1.21,1.01,0.84,0.71,0.59,0.50,0.43,0.37,0.32,0.28,0.24,0.22,0.19,0.18,0.16,0.15,0.14,0.13,0.12,0.12,0.11,0.11,0.10,0.10,0.10,0.10,0.09,0.09,0.09,0.09,0.09,0.09,0.09,0.09,0.09,0.09,0.08,0.08,0.08,0.08,0.08,0.08,0.08,0.08,0.08,0.08
40,1,17,0,0,349.6579,0.08,0.08,0.08,0.08,0.08,0.08,0.08,0.08,0.08,0.08,0.08,0.08,0.08,0.07,0.08,-135.92,-153.75,-157.27,-144.28,-86.77,37.70,194.65,337.86,521.63,741.90,852.08,637.73,474.22,361.42,300.11,272.57,256.08,230.15,212.97,240.01,295.24,329.05,325.75,310.85,314.81,344.90,392.74,442.51,461.42,432.15,383.30,346.66,328.45,333.29,361.48,393.95,415.53,432.22,450.15,463.99,456.77,420.20,379.14,359.80,365.01,389.33,428.07,480.52,534.34,549.49,506.65,454.85,444.86,461.72,473.62,481.97,492.97,497.43,506.20,514.96,488.18,421.98,342.73,273.47,221.82,192.07,182.05,180.31,183.35,189.60,185.25,161.21,130.97,109.42,98.58,97.60,105.73,120.84,134.23,137.27,128.33,111.76,97.76,93.76,92.86,82.25,65.47,53.49,45.66,38.40,31.84,26.23,21.48,17.56,14.34,11.73,9.61,7.91,6.53,5.42,4.53,3.80,3.21,2.73,2.34,2.02,1.75,1.53,1.35,1.20,1.07,0.96,0.87,0.79,0.73,0.67,0.62,0.58,0.55,0.52,0.49,0.46,0.44,0.43,0.41,0.39,0.38,0.37,0.36,0.35,0.34,0.33,0.33,0.32,0.31,0.31,0.30,0.30,0.29,0.29,0.28,0.28,0.27,0.27,0.27,0.26,0.26,0.26,0.25,0.25,0.25,0.24,0.24,0.24,0.24,0.23,0.23,0.23,0.23,0.22,0.22,0.22,0.22,0.22,0.21,0.21,0.21,0.21,0.21,0.20,0.20,0.20,0.20,0.20,0.20,0.19,0.19,0.19,0.19,0.19,0.19,0.19,0.18,0.18,0.18,0.18,0.18,0.18,0.18,0.17,0.17,0.17,0.17,0.17,0.17,0.17,0.17,0.16,0.16,0.17,80.94,76.09,78.94,92.55,120.53,167.75,231.39,304.71,387.06,464.71,422.82,549.08,696.71,770.70,711.40,515.34,293.86,177.69,136.47,106.71,76.36,48.66,30.71,19.41,12.52,8.50,5.98,4.44,3.39,2.68,2.16,1.79,1.49,1.27,1.09,0.94,0.82,0.73,0.65,0.58,0.53,0.48,0.44,0.41,0.38,0.36,0.34,0.32,0.31,0.29,0.28,0.27,0.26,0.25,0.25,0.24,0.23,0.23,0.22,0.22,0.22,0.21,0.21,0.21,0.20,0.20,0.20,0.19,0.19,0.19,0.19,0.18,0.18,0.18,0.18,0.18,0.17,0.17,0.17,0.17,0.17,0.17,0.16,0.16,0.16,0.16,0.16,0.16,0.15,0.15,0.15,0.15,0.15,0.15,0.15,0.15,0.15,0.14,0.14,0.13,1.33,0.02,0.19,2.89,11.93,30.12,51.22,70.05,87.42,102.30,110.08,108.40,104.63,103.99,99.68,90.37,86.30,90.92,101.10,96.12,66.48,38.02,25.61,21.37,18.46,15.90,13.54,11.46,9.62,8.05,6.70,5.57,4.62,3.83,3.17,2.63,2.18,1.81,1.51,1.26,1.06,0.89,0.75,0.64,0.55,0.48,0.41,0.36,0.32,0.29,0.26,0.24,0.22,0.20,0.19,0.18,0.17,0.17,0.16,0.15,0.15,0.15,0.14,0.14,0.14,0.14,0.13,0.13,0.13,0.13,0.13,0.13,0.13,0.13,0.12,0.12,0.12,0.12,0.12,0.12,0.12,0.12,0.12,0.12,0.12
41,1,2,0,0,254.3543,0.12,0.12,0.12,0.11,0.11,0.11,0.11,0.11,0.11,0.11,0.11,0.11,0.11,0.11,0.11,-135.70,-153.31,-156.76,-143.77,-86.39,37.54,193.61,335.70,518.24,740.30,860.57,644.15,480.51,370.95,315.80,297.52,291.44,273.74,265.01,307.70,395.06,471.59,500.52,496.83,475.39,431.11,368.18,296.98,232.32,192.32,180.19,184.02,191.16,199.61,211.04,220.44,218.17,206.73,200.31,203.68,210.38,214.86,222.76,245.66,274.24,282.57,267.20,234.14,196.20,180.38,182.61,183.58,179.55,174.78,177.93,197.78,229.25,249.24,251.62,255.51,250.47,214.12,175.43,159.48,142.81,117.97,101.00,92.31,88.46,90.11,89.78,76.96,59.13,47.77,40.04,32.76,26.53,21.28,16.97,13.48,10.69,8.49,6.75,5.39,4.32,3.49,2.84,2.33,1.93,1.62,1.37,1.17,1.02,0.89,0.79,0.71,0.65,0.59,0.55,0.51,0.48,0.46,0.43,0.42,0.40,0.39,0.37,0.36,0.35,0.34,0.33,0.33,0.32,0.31,0.31,0.30,0.29,0.29,0.28,0.28,0.28,0.27,0.27,0.26,0.26,0.26,0.25,0.25,0.25,0.24,0.24,0.24,0.23,0.23,0.23,0.23,0.22,0.22,0.22,0.22,0.21,0.21,0.21,0.21,0.20,0.20,0.20,0.20,0.20,0.19,0.19,0.19,0.19,0.19,0.19,0.18,0.18,0.18,0.18,0.18,0.18,0.17,0.17,0.17,0.17,0.17,0.17,0.17,0.16,0.16,0.16,0.16,0.16,0.16,0.16,0.16,0.15,0.15,0.15,0.15,0.15,0.15,0.15,0.15,0.15,0.14,0.14,0.14,0.14,0.14,0.14,0.14,0.14,0.14,0.14,0.14,0.13,0.13,0.13,0.14,81.18,76.03,78.88,92.47,120.44,167.73,231.61,305.42,388.54,467.14,428.04,559.21,713.37,794.59,741.81,555.28,346.09,235.87,194.81,161.37,117.73,73.70,45.14,27.42,16.84,10.95,7.37,5.30,3.93,3.08,2.45,2.02,1.68,1.43,1.22,1.07,0.93,0.83,0.74,0.66,0.60,0.55,0.51,0.47,0.44,0.41,0.39,0.37,0.35,0.33,0.32,0.31,0.30,0.29,0.28,0.27,0.26,0.26,0.25,0.24,0.24,0.23,0.23,0.22,0.22,0.22,0.21,0.21,0.21,0.20,0.20,0.20,0.19,0.19,0.19,0.19,0.18,0.18,0.18,0.18,0.18,0.17,0.17,0.17,0.17,0.17,0.16,0.16,0.16,0.16,0.16,0.16,0.15,0.15,0.15,0.15,0.15,0.15,0.15,0.13,-18.42,-20.60,-20.64,-18.51,-8.17,14.55,38.44,55.89,69.02,78.93,121.31,126.66,118.21,111.18,91.39,57.78,32.89,18.07,9.21,4.93,2.51,1.45,0.82,0.56,0.38,0.32,0.26,0.25,0.22,0.22,0.21,0.20,0.20,0.19,0.19,0.19,0.18,0.18,0.18,0.18,0.17,0.17,0.17,0.17,0.17,0.16,0.16,0.16,0.16,0.16,0.16,0.15,0.15,0.15,0.15,0.15,0.15,0.14,0.14,0.14,0.14,0.14,0.14,0.14,0.14,0.13,0.13,0.13,0.13,0.13,0.13,0.13,0.13,0.13,0.13,0.12,0.12,0.12,0.12,0.12,0.12,0.12,0.12,0.12,0.12
42,0,11,0,0,325.0953,0.12,0.12,0.12,0.11,0.11,0.11,0.11,0.11,0.11,0.11,0.11,0.11,0.11,0.11,0.11,-134.53,-151.35,-154.54,-141.62,-85.12,35.56,185.97,321.57,498.54,721.96,842.14,604.69,434.53,323.33,256.52,218.15,207.82,215.39,234.03,279.27,379.12,495.30,525.77,472.42,412.69,359.96,302.01,252.61,224.73,221.56,237.87,265.79,300.25,333.57,350.31,352.12,350.21,343.71,345.34,359.65,369.39,365.38,350.50,327.92,299.18,265.66,234.23,216.46,215.34,222.40,232.56,249.87,271.89,284.53,284.51,282.15,284.79,298.56,315.69,323.19,330.40,352.27,383.71,401.08,390.22,368.83,352.03,333.10,318.63,318.26,320.43,315.81,308.78,306.10,307.01,300.96,278.92,235.94,182.86,144.89,126.94,115.84,105.15,94.74,84.77,75.46,66.90,59.10,52.05,45.72,40.07,35.06,30.64,26.76,23.37,20.40,17.82,15.57,13.62,11.93,10.47,9.19,8.09,7.14,6.31,5.59,4.97,4.42,3.95,3.54,3.18,2.86,2.59,2.35,2.14,1.96,1.80,1.66,1.53,1.42,1.33,1.24,1.16,1.10,1.04,0.98,0.93,0.89,0.85,0.81,0.78,0.75,0.73,0.70,0.68,0.66,0.64,0.63,0.61,0.60,0.58,0.57,0.56,0.55,0.54,0.53,0.52,0.51,0.50,0.49,0.49,0.48,0.47,0.47,0.46,0.45,0.45,0.44,0.44,0.43,0.43,0.42,0.42,0.41,0.41,0.40,0.40,0.40,0.39,0.39,0.38,0.38,0.38,0.37,0.37,0.37,0.36,0.36,0.36,0.35,0.35,0.35,0.34,0.34,0.34,0.34,0.33,0.33,0.33,0.32,0.32,0.32,0.32,0.31,0.31,0.31,0.31,0.30,0.30,0.31,81.87,76.32,79.19,92.84,120.83,167.91,231.27,304.22,386.06,463.07,419.64,561.54,743.59,843.04,774.17,550.98,307.25,182.18,147.85,137.90,137.54,143.59,159.07,158.47,120.01,71.90,46.15,37.54,32.23,27.71,23.62,20.00,16.84,14.11,11.79,9.83,8.19,6.82,5.67,4.73,3.94,3.30,2.77,2.33,1.97,1.67,1.43,1.23,1.06,0.93,0.82,0.73,0.65,0.59,0.53,0.49,0.45,0.42,0.40,0.38,0.36,0.35,0.33,0.32,0.31,0.31,0.30,0.29,0.29,0.28,0.28,0.27,0.27,0.27,0.26,0.26,0.26,0.25,0.25,0.25,0.25,0.24,0.24,0.24,0.24,0.24,0.23,0.23,0.23,0.23,0.23,0.23,0.22,0.22,0.22,0.22,0.22,0.22,0.22,0.20,-0.46,0.21,0.21,0.21,0.21,0.20,0.20,0.20,0.20,0.20,0.20,0.20,0.20,0.19,0.19,0.19,0.19,0.19,0.19,0.19,0.19,0.19,0.18,0.18,0.18,0.18,0.18,0.18,0.18,0.18,0.18,0.18,0.18,0.17,0.17,0.17,0.17,0.17,0.17,0.17,0.17,0.17,0.17,0.17,0.17,0.17,0.16,0.16,0.16,0.16,0.16,0.16,0.16,0.16,0.16,0.16,0.16,0.16,0.16,0.16,0.15,0.15,0.15,0.15,0.15,0.15,0.15,0.15,0.15,0.15,0.15,0.15,0.15,0.15,0.15,0.15,0.15,0.14,0.14,0.14,0.14,0.14,0.14,0.14,0.14
43,0,11,0,0,122.9133,0.14,0.14,0.14,0.14,0.14,0.14,0.14,0.14,0.14,0.14,0.14,0.13,0.13,0.13,0.13,-135.99,-154.43,-158.11,-145.12,-87.36,38.13,196.72,341.60,526.96,745.86,853.09,648.84,493.18,386.61,331.15,312.07,297.36,256.64,222.12,229.85,232.96,198.38,156.00,115.52,69.85,35.64,19.68,11.11,6.24,3.59,2.16,1.40,0.98,0.75,0.62,0.54,0.49,0.45,0.42,0.40,0.38,0.37,0.35,0.34,0.33,0.31,0.30,0.29,0.29,0.28,0.27,0.27,0.26,0.25,0.25,0.24,0.24,0.23,0.23,0.23,0.22,0.22,0.22,0.21,0.21,0.21,0.21,0.20,0.20,0.20,0.20,0.19,0.19,0.19,0.19,0.19,0.18,0.18,0.18,0.18,0.18,0.18,0.18,0.17,0.17,0.17,0.17,0.17,0.17,0.17,0.16,0.16,0.16,0.16,0.16,0.16,0.16,0.16,0.16,0.15,0.15,0.15,0.15,0.15,0.15,0.15,0.15,0.15,0.15,0.15,0.14,0.14,0.14,0.14,0.14,0.14,0.14,0.14,0.14,0.14,0.14,0.14,0.14,0.14,0.13,0.13,0.13,0.13,0.13,0.13,0.13,0.13,0.13,0.13,0.13,0.13,0.13,0.13,0.13,0.13,0.12,0.12,0.12,0.12,0.12,0.12,0.12,0.12,0.12,0.12,0.12,0.12,0.12,0.12,0.12,0.12,0.12,0.12,0.12,0.12,0.11,0.11,0.11,0.11,0.11,0.11,0.11,0.11,0.11,0.11,0.11,0.11,0.11,0.11,0.11,0.11,0.11,0.11,0.11,0.11,0.11,0.11,0.11,0.11,0.11,0.10,0.10,0.10,0.10,0.10,0.10,0.10,0.10,0.10,0.10,0.10,0.10,0.10,0.10,0.10,81.77,76.04,78.90,92.52,120.50,167.69,231.26,304.44,386.46,463.49,418.87,539.58,680.57,749.24,687.36,482.55,245.66,122.00,80.59,54.03,36.32,24.52,16.87,11.82,8.50,6.25,4.72,3.64,2.87,2.30,1.87,1.54,1.28,1.08,0.92,0.79,0.69,0.60,0.53,0.47,0.42,0.38,0.35,0.32,0.30,0.28,0.26,0.25,0.23,0.22,0.21,0.20,0.20,0.19,0.18,0.18,0.17,0.17,0.17,0.16,0.16,0.16,0.15,0.15,0.15,0.15,0.15,0.14,0.14,0.14,0.14,0.14,0.14,0.13,0.13,0.13,0.13,0.13,0.13,0.13,0.12,0.12,0.12,0.12,0.12,0.12,0.12,0.12,0.12,0.12,0.11,0.11,0.11,0.11,0.11,0.11,0.11,0.11,0.11,0.10,-0.40,0.11,0.11,0.10,0.10,0.10,0.10,0.10,0.10,0.10,0.10,0.10,0.10,0.10,0.10,0.09,0.09,0.09,0.09,0.09,0.09,0.09,0.09,0.09,0.09,0.09,0.09,0.09,0.09,0.09,0.09,0.09,0.09,0.09,0.09,0.09,0.09,0.08,0.08,0.08,0.08,0.08,0.08,0.08,0.08,0.08,0.08,0.08,0.08,0.08,0.08,0.08,0.08,0.08,0.08,0.08,0.08,0.08,0.08,0.08,0.08,0.08,0.08,0.08,0.08,0.08,0.08,0.08,0.08,0.08,0.08,0.07,0.07,0.07,0.07,0.07,0.07,0.07,0.07,0.07,0.07,0.07,0.07,0.07,0.07
44,0,11,0,0,97.7253,0.07,0.07,0.07,0.07,0.07,0.07,0.07,0.07,0.07,0.07,0.07,0.07,0.07,0.07,0.07,-135.43,-153.21,-156.67,-143.70,-86.45,37.03,192.23,333.72,516.45,733.25,817.75,587.91,412.18,283.48,194.41,120.38,62.29,27.06,9.15,0.98,-2.28,-3.26,-3.26,-2.88,-2.40,-1.94,-1.54,-1.20,-0.93,-0.72,-0.55,-0.41,-0.31,-0.23,-0.16,-0.11,-0.08,-0.05,-0.02,-0.00,0.01,0.02,0.03,0.04,0.04,0.04,0.05,0.05,0.05,0.05,0.05,0.05,0.05,0.05,0.06,0.06,0.06,0.06,0.06,0.05,0.06,0.06,0.06,0.06,0.06,0.06,0.06,0.06,0.06,0.06,0.06,0.06,0.06,0.06,0.06,0.06,0.06,0.06,0.05,0.05,0.05,0.05,0.05,0.05,0.05,0.05,0.05,0.05,0.05,0.05,0.05,0.05,0.05,0.05,0.05,0.05,0.05,0.05,0.05,0.05,0.05,0.05,0.05,0.05,0.05,0.05,0.05,0.05,0.05,0.05,0.05,0.05,0.05,0.05,0.05,0.05,0.05,0.05,0.05,0.05,0.05,0.05,0.05,0.05,0.05,0.05,0.05,0.05,0.05,0.05,0.05,0.05,0.05,0.05,0.05,0.05,0.05,0.05,0.05,0.05,0.05,0.05,0.05,0.05,0.05,0.05,0.05,0.05,0.05,0.05,0.05,0.05,0.05,0.05,0.05,0.05,0.05,0.05,0.05,0.05,0.05,0.05,0.05,0.05,0.05,0.05,0.05,0.05,0.05,0.05,0.05,0.05,0.05,0.05,0.05,0.05,0.05,0.05,0.05,0.05,0.05,0.05,0.05,0.05,0.05,0.05,0.05,0.05,0.05,0.05,0.05,0.05,0.05,0.05,0.05,0.05,0.05,0.05,0.05,0.05,81.54,75.99,78.85,92.47,120.45,167.63,231.17,304.31,386.26,463.24,418.69,539.74,680.50,746.53,677.63,469.15,236.19,116.20,75.86,50.12,33.42,22.36,15.24,10.56,7.51,5.45,4.06,3.08,2.38,1.87,1.49,1.19,0.97,0.79,0.65,0.54,0.45,0.37,0.31,0.27,0.23,0.20,0.17,0.15,0.13,0.12,0.11,0.10,0.09,0.08,0.08,0.08,0.07,0.07,0.06,0.06,0.06,0.06,0.06,0.06,0.06,0.06,0.06,0.05,0.05,0.05,0.05,0.05,0.05,0.05,0.05,0.05,0.05,0.05,0.05,0.05,0.05,0.05,0.05,0.05,0.05,0.05,0.05,0.05,0.05,0.05,0.05,0.05,0.05,0.05,0.05,0.05,0.05,0.05,0.05,0.05,0.05,0.05,0.05,0.04,-0.27,0.05,0.05,0.05,0.05,0.05,0.05,0.05,0.05,0.05,0.05,0.05,0.05,0.05,0.05,0.05,0.05,0.05,0.05,0.05,0.05,0.05,0.05,0.05,0.05,0.05,0.05,0.05,0.05,0.04,0.04,0.04,0.04,0.04,0.04,0.04,0.04,0.04,0.04,0.04,0.04,0.04,0.04,0.04,0.04,0.04,0.04,0.04,0.04,0.04,0.04,0.04,0.04,0.04,0.04,0.04,0.04,0.04,0.04,0.04,0.04,0.04,0.04,0.04,0.04,0.04,0.04,0.04,0.04,0.04,0.04,0.04,0.04,0.04,0.04,0.04,0.04,0.04,0.04,0.04,0.04,0.04,0.04,0.04,0.04
45,0,11,0,0,97.6324,0.04,0.04,0.04,0.04,0.04,0.04,0.04,0.04,0.04,0.04,0.04,0.04,0.04,0.04,0.04,-135.46,-153.24,-156.71,-143.73,-86.49,37.00,192.18,333.66,516.37,733.21,817.79,587.81,411.91,283.18,194.16,120.18,62.15,26.97,9.10,0.95,-2.30,-3.28,-3.28,-2.90,-2.42,-1.96,-1.56,-1.22,-0.95,-0.74,-0.57,-0.43,-0.33,-0.25,-0.19,-0.14,-0.10,-0.07,-0.04,-0.03,-0.01,-0.00,0.01,0.01,0.02,0.02,0.03,0.03,0.03,0.03,0.03,0.03,0.03,0.03,0.03,0.03,0.03,0.03,0.04,0.04,0.04,0.04,0.04,0.04,0.03,0.03,0.04,0.04,0.04,0.04,0.04,0.04,0.04,0.04,0.04,0.04,0.04,0.04,0.04,0.04,0.04,0.04,0.04,0.04,0.04,0.04,0.04,0.04,0.04,0.04,0.04,0.04,0.04,0.04,0.04,0.04,0.04,0.04,0.04,0.04,0.04,0.03,0.03,0.04,0.04,0.03,0.03,0.03,0.03,0.03,0.03,0.03,0.03,0.03,0.03,0.03,0.03,0.03,0.03,0.03,0.03,0.03,0.03,0.03,0.03,0.03,0.03,0.03,0.03,0.03,0.03,0.03,0.03,0.03,0.03,0.03,0.03,0.03,0.03,0.03,0.03,0.03,0.03,0.03,0.03,0.03,0.03,0.03,0.03,0.03,0.03,0.03,0.03,0.03,0.03,0.03,0.03,0.03,0.03,0.03,0.03,0.03,0.03,0.03,0.03,0.03,0.03,0.03,0.03,0.03,0.03,0.03,0.03,0.03,0.03,0.03,0.03,0.03,0.03,0.03,0.03,0.03,0.03,0.03,0.03,0.03,0.03,0.03,0.03,0.03,0.03,0.03,0.03,0.03,0.03,0.03,0.03,0.03,0.03,0.03,81.52,75.97,78.83,92.45,120.43,167.62,231.16,304.30,386.24,463.20,418.67,539.79,680.54,746.51,677.43,468.75,235.88,116.12,75.84,50.09,33.39,22.33,15.21,10.54,7.48,5.43,4.03,3.05,2.36,1.85,1.46,1.17,0.95,0.77,0.63,0.52,0.43,0.35,0.30,0.25,0.21,0.18,0.15,0.13,0.12,0.10,0.09,0.08,0.07,0.07,0.06,0.06,0.05,0.05,0.05,0.04,0.04,0.04,0.04,0.04,0.04,0.04,0.04,0.04,0.03,0.03,0.03,0.03,0.03,0.03,0.03,0.03,0.03,0.03,0.03,0.03,0.03,0.03,0.03,0.03,0.03,0.03,0.03,0.03,0.03,0.03,0.03,0.03,0.03,0.03,0.03,0.03,0.03,0.03,0.03,0.03,0.03,0.03,0.03,0.03,-0.29,0.03,0.03,0.03,0.03,0.03,0.03,0.03,0.03,0.03,0.04,0.03,0.03,0.03,0.03,0.03,0.03,0.03,0.03,0.03,0.03,0.03,0.03,0.03,0.03,0.03,0.03,0.03,0.03,0.03,0.03,0.03,0.03,0.03,0.03,0.03,0.03,0.03,0.03,0.03,0.03,0.03,0.03,0.03,0.03,0.03,0.03,0.03,0.03,0.03,0.03,0.03,0.03,0.03,0.03,0.03,0.03,0.03,0.03,0.03,0.03,0.03,0.03,0.03,0.03,0.03,0.03,0.03,0.03,0.03,0.03,0.03,0.03,0.03,0.03,0.03,0.03,0.03,0.03,0.03,0.03,0.03,0.03,0.03,0.03
46,0,11,0,0,97.5854,0.03,0.03,0.03,0.03,0.03,0.03,0.03,0.03,0.03,0.03,0.03,0.03,0.03,0.03,0.03,-135.47,-153.26,-156.72,-143.75,-86.50,36.98,192.16,333.62,516.34,733.19,817.80,587.74,411.77,283.03,194.04,120.08,62.07,26.92,9.07,0.93,-2.31,-3.29,-3.28,-2.91,-2.43,-1.97,-1.56,-1.23,-0.96,-0.75,-0.58,-0.44,-0.34,-0.26,-0.20,-0.15,-0.11,-0.08,-0.05,-0.04,-0.02,-0.01,-0.00,0.01,0.01,0.01,0.02,0.02,0.02,0.02,0.02,0.02,0.02,0.02,0.02,0.02,0.03,0.03,0.03,0.03,0.03,0.03,0.03,0.02,0.02,0.02,0.03,0.03,0.03,0.03,0.03,0.03,0.03,0.03,0.03,0.03,0.03,0.03,0.03,0.03,0.03,0.03,0.03,0.03,0.03,0.03,0.03,0.03,0.03,0.03,0.03,0.03,0.03,0.03,0.03,0.03,0.03,0.03,0.03,0.03,0.03,0.03,0.03,0.03,0.03,0.03,0.03,0.03,0.03,0.03,0.03,0.03,0.03,0.03,0.03,0.03,0.03,0.03,0.03,0.03,0.03,0.03,0.03,0.03,0.03,0.03,0.03,0.03,0.03,0.03,0.03,0.03,0.03,0.03,0.03,0.03,0.03,0.03,0.03,0.03,0.03,0.03,0.03,0.03,0.03,0.03,0.03,0.03,0.03,0.03,0.03,0.03,0.03,0.03,0.03,0.03,0.03,0.02,0.02,0.03,0.03,0.02,0.02,0.02,0.02,0.02,0.02,0.02,0.02,0.02,0.02,0.02,0.02,0.02,0.02,0.02,0.02,0.02,0.02,0.02,0.02,0.02,0.02,0.02,0.02,0.02,0.02,0.02,0.02,0.02,0.02,0.02,0.02,0.02,0.02,0.02,0.02,0.02,0.02,0.02,81.52,75.96,78.82,92.44,120.42,167.61,231.15,304.29,386.22,463.17,418.66,539.82,680.57,746.49,677.32,468.51,235.70,116.06,75.82,50.07,33.37,22.32,15.20,10.52,7.47,5.42,4.02,3.04,2.35,1.84,1.46,1.16,0.94,0.76,0.62,0.51,0.42,0.35,0.29,0.24,0.20,0.17,0.14,0.12,0.11,0.09,0.08,0.07,0.06,0.06,0.05,0.05,0.04,0.04,0.04,0.04,0.03,0.03,0.03,0.03,0.03,0.03,0.03,0.03,0.03,0.03,0.03,0.03,0.03,0.03,0.02,0.02,0.02,0.02,0.02,0.03,0.03,0.03,0.03,0.03,0.03,0.03,0.03,0.03,0.03,0.03,0.03,0.03,0.03,0.03,0.03,0.03,0.03,0.03,0.03,0.03,0.03,0.03,0.03,0.02,-0.29,0.03,0.03,0.03,0.02,0.02,0.02,0.02,0.02,0.02,0.03,0.02,0.02,0.02,0.02,0.02,0.02,0.02,0.02,0.02,0.02,0.02,0.02,0.02,0.02,0.02,0.02,0.02,0.02,0.02,0.02,0.02,0.02,0.02,0.02,0.02,0.02,0.02,0.02,0.02,0.02,0.02,0.02,0.02,0.02,0.02,0.02,0.02,0.02,0.02,0.02,0.02,0.02,0.02,0.02,0.02,0.02,0.02,0.02,0.02,0.02,0.02,0.02,0.02,0.02,0.02,0.02,0.02,0.02,0.02,0.02,0.02,0.02,0.02,0.02,0.02,0.02,0.02,0.02,0.02,0.02,0.02,0.02,0.02,0.02
47,0,11,0,0,97.5565,0.02,0.02,0.02,0.02,0.02,0.02,0.02,0.02,0.02,0.02,0.02,0.02,0.02,0.02,0.02,-135.48,-153.27,-156.73,-143.76,-86.51,36.97,192.15,333.60,516.31,733.18,817.80,587.68,411.68,282.94,193.96,120.02,62.03,26.90,9.06,0.92,-2.32,-3.29,-3.29,-2.91,-2.43,-1.97,-1.57,-1.23,-0.97,-0.75,-0.58,-0.45,-0.35,-0.27,-0.20,-0.15,-0.11,-0.08,-0.06,-0.04,-0.03,-0.02,-0.01,-0.00,0.00,0.01,0.01,0.01,0.01,0.02,0.02,0.02,0.02,0.02,0.02,0.02,0.02,0.02,0.02,0.02,0.02,0.02,0.02,0.02,0.02,0.02,0.02,0.02,0.02,0.02,0.02,0.02,0.02,0.02,0.02,0.02,0.02,0.02,0.02,0.02,0.02,0.02,0.02,0.02,0.02,0.02,0.02,0.02,0.02,0.02,0.02,0.02,0.02,0.02,0.02,0.02,0.02,0.02,0.02,0.02,0.02,0.02,0.02,0.02,0.02,0.02,0.02,0.02,0.02,0.02,0.02,0.02,0.02,0.02,0.02,0.02,0.02,0.02,0.02,0.02,0.02,0.02,0.02,0.02,0.02,0.02,0.02,0.02,0.02,0.02,0.02,0.02,0.02,0.02,0.02,0.02,0.02,0.02,0.02,0.02,0.02,0.02,0.02,0.02,0.02,0.02,0.02,0.02,0.02,0.02,0.02,0.02,0.02,0.02,0.02,0.02,0.02,0.02,0.02,0.02,0.02,0.02,0.02,0.02,0.02,0.02,0.02,0.02,0.02,0.02,0.02,0.02,0.02,0.02,0.02,0.02,0.02,0.02,0.02,0.02,0.02,0.02,0.02,0.02,0.02,0.02,0.02,0.02,0.02,0.02,0.02,0.02,0.02,0.02,0.02,0.02,0.02,0.02,0.02,0.02,81.51,75.95,78.82,92.43,120.41,167.61,231.15,304.28,386.20,463.15,418.66,539.85,680.60,746.49,677.24,468.36,235.58,116.03,75.80,50.06,33.36,22.31,15.19,10.52,7.47,5.41,4.02,3.04,2.34,1.83,1.45,1.16,0.93,0.75,0.61,0.50,0.41,0.34,0.28,0.23,0.20,0.16,0.14,0.12,0.10,0.09,0.08,0.07,0.06,0.05,0.05,0.04,0.04,0.03,0.03,0.03,0.03,0.03,0.03,0.02,0.02,0.02,0.02,0.02,0.02,0.02,0.02,0.02,0.02,0.02,0.02,0.02,0.02,0.02,0.02,0.02,0.02,0.02,0.02,0.02,0.02,0.02,0.02,0.02,0.02,0.02,0.02,0.02,0.02,0.02,0.02,0.02,0.02,0.02,0.02,0.02,0.02,0.02,0.02,0.01,-0.30,0.02,0.02,0.02,0.02,0.02,0.02,0.02,0.02,0.02,0.02,0.02,0.02,0.02,0.02,0.02,0.02,0.02,0.02,0.02,0.02,0.02,0.02,0.02,0.02,0.02,0.02,0.02,0.02,0.02,0.02,0.02,0.02,0.02,0.02,0.02,0.02,0.02,0.02,0.02,0.02,0.02,0.02,0.02,0.02,0.02,0.02,0.02,0.02,0.02,0.02,0.02,0.02,0.02,0.02,0.02,0.02,0.02,0.02,0.02,0.02,0.02,0.02,0.02,0.02,0.02,0.02,0.02,0.02,0.02,0.02,0.02,0.02,0.02,0.02,0.02,0.02,0.02,0.02,0.02,0.02,0.02,0.02,0.02,0.02
48,0,11,0,0,97.5364,0.02,0.02,0.02,0.02,0.02,0.02,0.02,0.02,0.02,0.02,0.02,0.02,0.02,0.02,0.02,-135.49,-153.27,-156.74,-143.76,-86.52,36.96,192.14,333.59,516.29,733.17,817.80,587.64,411.61,282.87,193.91,119.97,61.99,26.87,9.04,0.92,-2.32,-3.29,-3.29,-2.91,-2.43,-1.97,-1.57,-1.24,-0.97,-0.75,-0.58,-0.45,-0.35,-0.27,-0.21,-0.16,-0.12,-0.09,-0.06,-0.05,-0.03,-0.02,-0.01,-0.00,0.00,0.00,0.01,0.01,0.01,0.01,0.01,0.01,0.01,0.01,0.02,0.02,0.02,0.02,0.02,0.02,0.02,0.02,0.02,0.02,0.02,0.02,0.02,0.02,0.02,0.02,0.02,0.02,0.02,0.02,0.02,0.02,0.02,0.02,0.02,0.02,0.02,0.02,0.02,0.02,0.02,0.02,0.02,0.02,0.02,0.02,0.02,0.02,0.02,0.02,0.02,0.02,0.02,0.02,0.02,0.02,0.02,0.02,0.02,0.02,0.02,0.02,0.02,0.02,0.02,0.02,0.02,0.02,0.02,0.02,0.02,0.02,0.02,0.02,0.02,0.02,0.02,0.02,0.02,0.02,0.02,0.02,0.02,0.02,0.02,0.02,0.02,0.02,0.02,0.02,0.02,0.02,0.02,0.02,0.02,0.02,0.02,0.02,0.02,0.02,0.02,0.02,0.02,0.02,0.02,0.02,0.02,0.02,0.02,0.02,0.02,0.02,0.02,0.02,0.02,0.02,0.02,0.02,0.02,0.02,0.02,0.02,0.02,0.02,0.02,0.02,0.02,0.02,0.02,0.02,0.02,0.02,0.02,0.02,0.02,0.02,0.02,0.02,0.02,0.02,0.02,0.02,0.02,0.02,0.02,0.02,0.02,0.02,0.02,0.02,0.02,0.02,0.02,0.02,0.02,0.02,81.51,75.95,78.81,92.43,120.41,167.60,231.15,304.28,386.19,463.13,418.65,539.87,680.62,746.48,677.18,468.24,235.49,116.00,75.79,50.05,33.35,22.30,15.18,10.51,7.46,5.41,4.01,3.04,2.34,1.83,1.45,1.15,0.93,0.75,0.61,0.50,0.41,0.34,0.28,0.23,0.19,0.16,0.14,0.11,0.10,0.08,0.07,0.06,0.05,0.05,0.04,0.04,0.04,0.03,0.03,0.03,0.03,0.02,0.02,0.02,0.02,0.02,0.02,0.02,0.02,0.02,0.02,0.02,0.02,0.02,0.02,0.02,0.02,0.02,0.01,0.01,0.02,0.02,0.02,0.02,0.02,0.02,0.02,0.02,0.02,0.02,0.02,0.02,0.02,0.02,0.02,0.02,0.02,0.02,0.02,0.02,0.02,0.02,0.02,0.01,-0.30,0.02,0.02,0.02,0.02,0.02,0.02,0.02,0.02,0.02,0.02,0.02,0.02,0.02,0.02,0.02,0.02,0.02,0.02,0.02,0.02,0.02,0.02,0.02,0.02,0.02,0.02,0.02,0.02,0.02,0.02,0.02,0.02,0.02,0.02,0.02,0.02,0.02,0.02,0.02,0.02,0.02,0.02,0.02,0.02,0.02,0.02,0.02,0.02,0.02,0.02,0.02,0.02,0.02,0.02,0.02,0.02,0.02,0.02,0.02,0.02,0.02,0.02,0.02,0.02,0.02,0.02,0.02,0.02,0.02,0.02,0.02,0.02,0.02,0.02,0.02,0.02,0.02,0.02,0.02,0.02,0.02,0.02,0.02,0.02
49,1,11,0,0,112.1186,0.02,0.02,0.02,0.02,0.02,0.02,0.02,0.02,0.02,0.02,0.02,0.02,0.02,0.02,0.02,-135.49,-153.28,-156.74,-143.77,-86.52,36.96,192.13,333.58,516.28,733.16,817.80,587.60,411.56,282.82,193.87,119.93,61.97,26.86,9.03,0.91,-2.32,-3.30,-3.29,-2.91,-2.44,-1.98,-1.57,-1.24,-0.97,-0.76,-0.59,-0.45,-0.35,-0.27,-0.21,-0.16,-0.12,-0.09,-0.07,-0.05,-0.03,-0.02,-0.01,-0.01,-0.00,0.00,0.00,0.01,0.01,0.01,0.01,0.01,0.01,0.01,0.01,0.01,0.01,0.01,0.01,0.01,0.01,0.01,0.01,0.01,0.01,0.01,0.01,0.01,0.01,0.01,0.01,0.01,0.01,0.01,0.01,0.01,0.01,0.01,0.01,0.01,0.01,0.01,0.01,0.01,0.01,0.01,0.01,0.01,0.01,0.01,0.01,0.01,0.01,0.01,0.01,0.01,0.01,0.01,0.01,0.01,0.01,0.01,0.01,0.01,0.02,0.01,0.01,0.02,0.02,0.02,0.02,0.02,0.02,0.02,0.02,0.02,0.02,0.02,0.02,0.02,0.02,0.02,0.02,0.02,0.02,0.02,0.02,0.02,0.02,0.02,0.02,0.02,0.02,0.02,0.01,0.02,0.02,0.01,0.01,0.02,0.02,0.01,0.01,0.02,0.02,0.01,0.01,0.02,0.02,0.01,0.01,0.02,0.02,0.01,0.01,0.01,0.02,0.01,0.01,0.02,0.02,0.01,0.01,0.01,0.01,0.01,0.01,0.01,0.01,0.01,0.01,0.01,0.01,0.01,0.01,0.01,0.01,0.01,0.01,0.01,0.01,0.01,0.01,0.01,0.01,0.01,0.01,0.01,0.01,0.01,0.01,0.01,0.01,0.01,0.01,0.01,0.01,0.01,0.01,0.01,81.50,75.95,78.81,92.43,120.41,167.60,231.15,304.27,386.18,463.12,418.65,539.90,680.64,746.48,677.13,468.14,235.41,115.97,75.79,50.04,33.35,22.30,15.18,10.51,7.46,5.40,4.01,3.03,2.34,1.82,1.44,1.15,0.92,0.75,0.61,0.50,0.41,0.33,0.28,0.23,0.19,0.16,0.13,0.11,0.10,0.08,0.07,0.06,0.05,0.05,0.04,0.04,0.03,0.03,0.03,0.02,0.02,0.02,0.02,0.02,0.02,0.02,0.02,0.02,0.02,0.02,0.01,0.01,0.01,0.01,0.01,0.01,0.01,0.01,0.01,0.01,0.01,0.01,0.01,0.01,0.01,0.02,0.02,0.02,0.02,0.02,0.02,0.02,0.02,0.02,0.02,0.02,0.02,0.02,0.02,0.02,0.02,0.02,0.02,0.01,-12.96,-15.60,-15.54,-12.60,-0.33,25.79,54.26,76.78,95.31,110.20,145.92,149.06,140.87,135.52,118.66,88.63,67.83,58.97,57.39,51.67,35.05,20.06,13.30,10.97,9.38,8.06,6.84,5.78,4.85,4.06,3.38,2.81,2.33,1.94,1.61,1.33,1.11,0.92,0.77,0.64,0.54,0.46,0.39,0.33,0.28,0.25,0.21,0.19,0.17,0.15,0.14,0.12,0.11,0.11,0.10,0.09,0.09,0.08,0.08,0.08,0.07,0.07,0.07,0.07,0.07,0.07,0.07,0.06,0.06,0.06,0.06,0.06,0.06,0.06,0.06,0.06,0.06,0.06,0.06,0.06,0.06,0.06,0.05,0.05,0.05
50,1,30,0,0,294.0351,0.05,0.05,0.05,0.05,0.05,0.05,0.05,0.05,0.05,0.05,0.05,0.05,0.05,0.05,0.05,-135.37,-152.80,-156.20,-143.25,-86.21,36.57,190.61,330.54,511.62,732.71,842.67,617.88,451.28,337.72,270.64,232.79,212.70,197.46,194.23,226.82,292.82,345.78,345.49,318.81,310.49,321.96,331.23,316.36,277.02,234.37,198.85,170.73,150.58,138.77,135.01,136.76,141.03,143.90,141.42,138.04,141.21,148.76,160.69,186.21,221.10,248.46,264.62,282.21,315.18,361.20,391.55,384.53,364.60,362.84,356.19,335.69,324.32,324.71,329.89,317.78,276.48,231.43,203.67,186.30,172.17,163.71,163.94,167.62,170.39,170.70,167.74,159.27,145.35,132.81,127.53,129.38,123.67,106.71,94.13,88.29,86.18,89.16,89.91,77.90,60.40,49.10,41.43,34.15,27.86,22.54,18.15,14.57,11.70,9.41,7.59,6.15,5.02,4.12,3.41,2.85,2.41,2.06,1.78,1.55,1.37,1.22,1.10,1.00,0.92,0.85,0.79,0.75,0.71,0.67,0.64,0.61,0.59,0.57,0.55,0.54,0.52,0.51,0.50,0.49,0.48,0.47,0.46,0.45,0.44,0.44,0.43,0.42,0.42,0.41,0.40,0.40,0.39,0.39,0.38,0.38,0.37,0.37,0.36,0.36,0.36,0.35,0.35,0.34,0.34,0.34,0.33,0.33,0.32,0.32,0.32,0.32,0.31,0.31,0.31,0.30,0.30,0.30,0.29,0.29,0.29,0.29,0.28,0.28,0.28,0.28,0.27,0.27,0.27,0.27,0.26,0.26,0.26,0.26,0.26,0.25,0.25,0.25,0.25,0.25,0.24,0.24,0.24,0.24,0.24,0.24,0.23,0.23,0.23,0.23,0.23,0.23,0.22,0.22,0.22,0.22,82.36,76.05,78.92,92.50,120.46,167.81,232.02,306.50,390.38,469.56,432.49,575.43,750.01,849.80,801.64,615.82,414.86,310.42,271.71,240.46,189.95,135.96,104.93,82.60,57.02,34.25,21.54,16.55,13.50,11.30,9.45,7.95,6.67,5.61,4.71,3.96,3.34,2.82,2.39,2.03,1.74,1.50,1.29,1.13,0.99,0.87,0.78,0.70,0.63,0.58,0.53,0.49,0.46,0.43,0.41,0.39,0.37,0.36,0.34,0.33,0.32,0.32,0.31,0.30,0.30,0.29,0.28,0.28,0.28,0.27,0.27,0.26,0.26,0.26,0.25,0.25,0.25,0.25,0.24,0.24,0.24,0.24,0.23,0.23,0.23,0.23,0.23,0.22,0.22,0.22,0.22,0.22,0.21,0.21,0.21,0.21,0.21,0.21,0.20,0.19,20.70,20.70,21.08,24.34,32.08,45.75,64.05,84.26,105.89,125.75,98.93,90.19,91.11,96.91,108.10,123.05,139.78,163.83,193.06,187.38,130.53,74.67,50.46,42.23,36.59,31.53,26.88,22.72,19.07,15.93,13.25,10.99,9.09,7.51,6.20,5.12,4.22,3.49,2.88,2.39,1.98,1.65,1.38,1.16,0.98,0.83,0.71,0.61,0.53,0.46,0.41,0.37,0.33,0.30,0.28,0.26,0.24,0.23,0.22,0.21,0.20,0.19,0.19,0.18,0.18,0.18,0.17,0.17,0.17,0.17,0.16,0.16,0.16,0.16,0.16,0.16,0.16,0.16,0.16,0.16,0.15,0.15,0.15,0.15,0.15
51,1,0,0,0,352.8617,0.15,0.15,0.15,0.15,0.15,0.15,0.15,0.15,0.15,0.15,0.14,0.14,0.14,0.14,0.15,-136.24,-154.22,-157.80,-144.77,-87.02,38.43,197.02,341.37,525.35,751.24,903.86,711.55,568.37,483.75,467.09,511.87,559.90,547.08,530.51,610.87,766.21,898.48,956.12,947.77,892.15,799.37,698.85,619.01,545.00,463.50,397.93,367.12,363.56,382.71,421.49,463.05,496.97,534.93,577.17,592.06,548.83,461.39,374.36,319.71,308.16,335.81,386.08,424.90,431.53,416.37,397.53,382.98,367.33,329.45,262.06,194.37,152.05,133.80,125.76,120.62,115.34,100.79,74.93,49.96,32.72,21.91,15.47,11.26,8.27,6.10,4.52,3.37,2.53,1.93,1.49,1.17,0.94,0.77,0.65,0.56,0.50,0.45,0.41,0.38,0.36,0.34,0.33,0.32,0.31,0.30,0.29,0.29,0.28,0.28,0.27,0.27,0.26,0.26,0.26,0.25,0.25,0.24,0.24,0.24,0.24,0.23,0.23,0.23,0.22,0.22,0.22,0.22,0.21,0.21,0.21,0.21,0.20,0.20,0.20,0.20,0.20,0.19,0.19,0.19,0.19,0.19,0.18,0.18,0.18,0.18,0.18,0.17,0.17,0.17,0.17,0.17,0.17,0.17,0.16,0.16,0.16,0.16,0.16,0.16,0.16,0.15,0.15,0.15,0.15,0.15,0.15,0.15,0.15,0.14,0.14,0.14,0.14,0.14,0.14,0.14,0.14,0.14,0.14,0.13,0.13,0.13,0.13,0.13,0.13,0.13,0.13,0.13,0.13,0.13,0.12,0.12,0.12,0.12,0.12,0.12,0.12,0.12,0.12,0.12,0.12,0.12,0.12,0.11,0.11,0.11,0.11,0.11,0.11,0.11,0.11,0.11,0.11,0.11,0.11,0.12,80.71,76.23,79.06,92.73,120.75,167.72,230.45,302.06,382.15,457.55,412.87,555.75,738.09,837.55,774.74,560.52,317.59,188.84,153.23,142.55,140.84,145.88,160.65,159.50,120.73,72.44,46.45,37.70,32.34,27.78,23.67,20.03,16.86,14.14,11.81,9.85,8.21,6.83,5.69,4.74,3.96,3.31,2.78,2.34,1.97,1.67,1.43,1.23,1.06,0.92,0.81,0.71,0.63,0.57,0.51,0.47,0.43,0.40,0.37,0.35,0.33,0.31,0.30,0.28,0.27,0.26,0.25,0.25,0.24,0.23,0.23,0.22,0.22,0.21,0.21,0.20,0.20,0.20,0.19,0.19,0.19,0.18,0.18,0.18,0.18,0.17,0.17,0.17,0.17,0.16,0.16,0.16,0.16,0.16,0.16,0.15,0.15,0.15,0.15,0.14,-27.63,-30.97,-31.03,-27.83,-12.31,21.76,57.60,83.77,103.47,118.32,181.89,189.92,177.25,166.68,136.98,86.58,49.26,27.03,13.74,7.33,3.70,2.12,1.16,0.78,0.51,0.42,0.33,0.31,0.28,0.27,0.25,0.25,0.24,0.23,0.23,0.22,0.22,0.21,0.21,0.21,0.20,0.20,0.20,0.19,0.19,0.19,0.19,0.18,0.18,0.18,0.18,0.17,0.17,0.17,0.17,0.17,0.16,0.16,0.16,0.16,0.16,0.15,0.15,0.15,0.15,0.15,0.15,0.15,0.14,0.14,0.14,0.14,0.14,0.14,0.14,0.14,0.13,0.13,0.13,0.13,0.13,0.13,0.13,0.13,0.13
