row,label,x,mask,r,charge_fC,-0.195,-0.185,-0.175,-0.165,-0.155,-0.145,-0.135,-0.125,-0.115,-0.105,-0.095,-0.085,-0.075,-0.065,-0.055,-0.045,-0.035,-0.025,-0.015,-0.005,0.005,0.015,0.025,0.035,0.045,0.055,0.065,0.075,0.085,0.095,0.105,0.115,0.125,0.135,0.145,0.155,0.165,0.175,0.185,0.195,0.205,0.215,0.225,0.235,0.245,0.255,0.265,0.275,0.285,0.295,0.305,0.315,0.325,0.335,0.345,0.355,0.365,0.375,0.385,0.395,0.405,0.415,0.425,0.435,0.445,0.455,0.465,0.475,0.485,0.495,0.505,0.515,0.525,0.535,0.545,0.555,0.565,0.575,0.585,0.595,0.605,0.615,0.625,0.635,0.645,0.655,0.665,0.675,0.685,0.695,0.705,0.715,0.725,0.735,0.745,0.755,0.765,0.775,0.785,0.795,0.805,0.815,0.825,0.835,0.845,0.855,0.865,0.875,0.885,0.895,0.905,0.915,0.925,0.935,0.945,0.955,0.965,0.975,0.985,0.995,1.005,1.015,1.025,1.035,1.045,1.055,1.065,1.075,1.085,1.095,1.105,1.115,1.125,1.135,1.145,1.155,1.165,1.175,1.185,1.195,1.205,1.215,1.225,1.235,1.245,1.255,1.265,1.275,1.285,1.295,1.305,1.315,1.325,1.335,1.345,1.355,1.365,1.375,1.385,1.395,1.405,1.415,1.425,1.435,1.445,1.455,1.465,1.475,1.485,1.495,1.505,1.515,1.525,1.535,1.545,1.555,1.565,1.575,1.585,1.595,1.605,1.615,1.625,1.635,1.645,1.655,1.665,1.675,1.685,1.695,1.705,1.715,1.725,1.735,1.745,1.755,1.765,1.775,1.785,1.795,1.805,1.815,1.825,1.835,1.845,1.855,1.865,1.875,1.885,1.895,1.905,1.915,1.925,1.935,1.945,1.955,1.965,1.975,1.985,1.995,2.005,2.015,2.025,2.035,2.045,2.055,2.065,2.075,2.085,2.095,2.105,2.115,2.125,2.135,2.145,2.155,2.165,2.175,2.185,2.195,2.205,2.215,2.225,2.235,2.245,2.255,2.265,2.275,2.285,2.295,2.305,2.315,2.325,2.335,2.345,2.355,2.365,2.375,2.385,2.395,2.405,2.415,2.425,2.435,2.445,2.455,2.465,2.475,2.485,2.495,2.505,2.515,2.525,2.535,2.545,2.555,2.565,2.575,2.585,2.595,2.605,2.615,2.625,2.635,2.645,2.655,2.665,2.675,2.685,2.695,2.705,2.715,2.725,2.735,2.745,2.755,2.765,2.775,2.785,2.795,2.805,2.815,2.825,2.835,2.845,2.855,2.865,2.875,2.885,2.895,2.905,2.915,2.925,2.935,2.945,2.955,2.965,2.975,2.985,2.995,3.005,3.015,3.025,3.035,3.045,3.055,3.065,3.075,3.085,3.095,3.105,3.115,3.125,3.135,3.145,3.155,3.165,3.175,3.185,3.195,3.205,3.215,3.225,3.235,3.245,3.255,3.265,3.275,3.285,3.295,3.305,3.315,3.325,3.335,3.345,3.355,3.365,3.375,3.385,3.395,3.405,3.415,3.425,3.435,3.445,3.455,3.465,3.475,3.485,3.495,3.505,3.515,3.525,3.535,3.545,3.555,3.565,3.575,3.585,3.595,3.605,3.615,3.625,3.635,3.645,3.655,3.665,3.675,3.685,3.695,3.705,3.715,3.725,3.735,3.745,3.755,3.765,3.775,3.785,3.795
2,1,20,29,29,999.4282,0.59,0.59,0.58,0.58,0.58,0.57,0.57,0.57,0.56,0.56,0.56,0.56,0.55,0.55,0.55,-338.03,-381.32,-389.79,-357.44,-214.90,91.93,476.98,826.01,1277.04,1839.30,2177.52,1638.83,1249.10,1005.41,899.44,906.00,954.59,953.84,965.02,1125.38,1418.40,1653.00,1667.43,1528.95,1374.71,1235.94,1118.74,1049.06,1034.51,1055.74,1078.10,1096.84,1130.61,1181.30,1190.11,1151.66,1149.58,1175.47,1182.56,1157.65,1097.58,1034.63,992.89,977.61,995.74,1025.51,1037.48,1034.83,1043.13,1062.66,1070.19,1059.78,1041.12,1034.50,1031.83,992.02,918.03,850.35,808.11,788.61,789.03,805.67,820.06,818.14,812.08,819.13,845.35,865.02,818.42,714.04,631.82,602.45,594.46,574.63,547.67,521.35,481.25,424.51,366.21,316.10,278.46,256.06,249.23,253.91,253.18,233.58,205.06,187.67,175.98,154.60,131.80,117.54,113.09,115.88,115.00,105.12,93.57,83.95,71.60,56.02,41.98,32.50,26.90,23.22,20.41,18.07,16.03,14.24,12.66,11.26,10.03,8.94,7.98,7.15,6.41,5.77,5.21,4.71,4.28,3.90,3.57,3.28,3.03,2.81,2.61,2.44,2.29,2.16,2.04,1.94,1.84,1.76,1.69,1.62,1.56,1.51,1.47,1.42,1.38,1.35,1.32,1.29,1.26,1.23,1.21,1.19,1.17,1.15,1.13,1.12,1.10,1.08,1.07,1.06,1.04,1.03,1.02,1.01,1.00,0.98,0.97,0.96,0.95,0.94,0.94,0.93,0.92,0.91,0.90,0.89,0.88,0.88,0.87,0.86,0.85,0.85,0.84,0.83,0.83,0.82,0.81,0.81,0.80,0.79,0.79,0.78,0.78,0.77,0.76,0.76,0.75,0.75,0.74,0.74,0.73,0.73,0.72,0.72,0.71,0.71,205.23,190.78,197.94,232.07,302.04,419.72,577.85,759.63,963.55,1155.73,1047.09,1391.58,1826.03,2060.59,1899.75,1358.53,751.07,435.08,343.84,309.23,298.15,303.15,329.51,325.79,247.55,149.67,96.43,78.23,67.03,57.56,49.04,41.53,35.00,29.38,24.60,20.57,17.19,14.36,12.02,10.07,8.45,7.12,6.02,5.12,4.37,3.76,3.25,2.83,2.48,2.20,1.96,1.77,1.61,1.47,1.35,1.26,1.18,1.11,1.06,1.01,0.97,0.93,0.90,0.88,0.85,0.83,0.81,0.79,0.78,0.77,0.75,0.74,0.73,0.72,0.71,0.70,0.69,0.69,0.68,0.67,0.66,0.66,0.65,0.64,0.64,0.63,0.63,0.62,0.62,0.61,0.60,0.60,0.60,0.59,0.59,0.58,0.58,0.57,0.57,0.54,32.40,31.18,31.93,39.51,60.16,98.85,147.40,196.57,246.39,291.06,258.60,243.82,241.41,249.47,261.94,275.06,296.06,336.73,390.60,377.15,262.00,149.60,101.29,84.87,73.48,63.31,53.96,45.63,38.33,32.04,26.68,22.15,18.36,15.19,12.57,10.40,8.61,7.14,5.93,4.94,4.13,3.46,2.92,2.48,2.11,1.82,1.57,1.37,1.21,1.08,0.97,0.88,0.81,0.75,0.70,0.66,0.62,0.59,0.57,0.55,0.54,0.52,0.51,0.50,0.49,0.48,0.48,0.47,0.47,0.46,0.46,0.46,0.45,0.45,0.45,0.45,0.44,0.44,0.44,0.44,0.43,0.43,0.43,0.43,0.43
3,0,16,0,17,930.6147,0.42,0.42,0.42,0.42,0.42,0.41,0.41,0.41,0.41,0.41,0.41,0.40,0.40,0.40,0.41,-342.28,-389.09,-398.62,-365.97,-220.06,99.32,505.97,879.40,1351.29,1907.02,2242.21,1787.22,1428.55,1197.26,1137.23,1222.43,1290.45,1189.62,1084.99,1204.78,1387.74,1409.76,1349.18,1302.94,1250.49,1197.21,1138.59,1042.81,928.10,827.81,755.85,724.84,732.06,762.41,813.42,875.49,901.75,868.71,828.04,831.87,881.21,952.49,988.26,960.04,919.78,904.46,907.12,919.34,921.34,910.30,918.80,959.18,1005.64,1026.68,1025.76,1026.00,1004.82,934.40,851.36,796.53,763.73,753.78,757.11,756.58,754.16,704.86,604.99,527.78,498.94,489.80,466.30,436.96,423.39,392.85,329.05,265.56,223.56,200.03,191.41,195.95,204.38,212.76,226.57,238.23,239.21,232.78,220.87,205.76,193.93,188.29,183.38,173.42,162.28,155.53,149.53,138.69,129.38,126.80,124.75,121.09,122.49,125.08,115.17,99.28,89.83,85.39,85.41,88.74,85.77,71.08,55.11,45.84,38.66,31.69,25.89,20.96,16.94,13.67,11.06,8.98,7.33,6.03,5.00,4.18,3.54,3.03,2.62,2.29,2.03,1.81,1.64,1.50,1.38,1.28,1.20,1.13,1.07,1.02,0.98,0.94,0.91,0.88,0.85,0.83,0.81,0.79,0.77,0.76,0.74,0.73,0.72,0.71,0.69,0.68,0.67,0.66,0.65,0.65,0.64,0.63,0.62,0.61,0.61,0.60,0.59,0.59,0.58,0.58,0.57,0.56,0.56,0.55,0.55,0.54,0.54,0.53,0.53,0.52,0.52,0.51,0.51,0.51,0.50,0.50,0.49,0.49,0.49,0.48,0.48,0.47,0.47,0.47,0.46,0.46,0.46,0.45,0.45,0.45,0.44,0.43,205.01,190.29,197.37,231.36,301.33,419.41,578.24,760.86,966.05,1159.89,1060.83,1394.72,1787.07,1998.24,1885.59,1443.30,930.81,654.07,549.29,460.69,336.59,209.54,127.06,75.96,45.66,29.04,19.10,13.52,9.89,7.69,6.12,5.06,4.25,3.67,3.19,2.83,2.53,2.28,2.08,1.91,1.77,1.65,1.55,1.46,1.39,1.32,1.26,1.21,1.16,1.12,1.08,1.04,1.01,0.98,0.96,0.93,0.91,0.89,0.87,0.85,0.84,0.82,0.80,0.79,0.78,0.76,0.75,0.74,0.73,0.72,0.70,0.69,0.68,0.67,0.66,0.66,0.65,0.64,0.63,0.62,0.61,0.61,0.60,0.59,0.59,0.58,0.57,0.57,0.56,0.55,0.55,0.54,0.54,0.53,0.53,0.52,0.52,0.51,0.51,0.48,-62.62,-72.23,-72.19,-62.03,-16.79,80.92,185.64,265.54,328.88,378.43,534.51,551.57,518.21,492.91,419.31,292.40,201.24,154.00,133.16,113.22,75.09,42.92,28.33,23.22,19.68,16.90,14.34,12.19,10.29,8.69,7.31,6.16,5.19,4.39,3.72,3.17,2.71,2.33,2.02,1.76,1.55,1.38,1.24,1.12,1.02,0.94,0.87,0.81,0.77,0.73,0.69,0.67,0.64,0.62,0.60,0.59,0.58,0.56,0.55,0.54,0.53,0.53,0.52,0.52,0.51,0.50,0.50,0.50,0.49,0.48,0.48,0.48,0.47,0.46,0.46,0.46,0.45,0.45,0.45,0.45,0.44,0.44,0.44,0.43,0.43
4,1,18,31,16,873.5858,0.43,0.43,0.42,0.42,0.42,0.41,0.41,0.41,0.41,0.40,0.40,0.40,0.39,0.39,0.39,-336.34,-377.80,-385.60,-353.29,-212.09,89.39,465.67,805.17,1247.39,1816.24,2173.74,1592.23,1174.99,915.85,793.49,774.97,826.52,883.86,957.53,1149.53,1538.57,1947.71,2042.64,1865.59,1676.68,1526.69,1382.86,1253.99,1149.24,1077.10,976.24,846.86,795.98,804.99,789.66,763.00,755.69,732.08,682.53,640.49,608.70,577.59,551.57,526.20,498.63,483.92,489.40,496.14,490.90,487.16,495.26,498.51,493.73,492.34,490.72,482.30,468.19,458.10,448.09,439.57,449.61,476.28,500.69,514.69,529.71,562.67,610.14,652.83,670.47,643.25,590.15,520.08,436.64,394.20,398.63,403.04,385.70,363.69,356.79,350.72,330.88,309.78,301.43,309.94,336.27,370.88,378.67,352.94,331.14,315.67,284.15,240.01,203.07,183.19,177.32,177.55,174.00,168.41,167.89,171.91,179.79,181.49,170.20,160.43,155.65,142.12,120.47,101.31,88.62,81.48,78.43,79.14,82.32,85.79,87.73,85.28,79.24,74.40,71.25,69.16,70.87,74.06,71.32,60.13,45.38,33.51,26.26,21.89,18.82,16.40,14.35,12.58,11.04,9.70,8.53,7.52,6.64,5.88,5.22,4.65,4.16,3.73,3.37,3.05,2.78,2.54,2.34,2.16,2.01,1.87,1.76,1.65,1.57,1.49,1.42,1.36,1.31,1.26,1.22,1.18,1.15,1.12,1.09,1.06,1.04,1.02,1.00,0.98,0.97,0.95,0.94,0.92,0.91,0.90,0.89,0.88,0.87,0.86,0.85,0.84,0.83,0.82,0.81,0.80,0.80,0.79,0.78,0.77,0.77,0.76,0.75,0.75,0.74,0.73,0.73,0.72,0.72,0.71,0.70,0.70,203.33,190.53,197.69,231.71,301.62,419.73,579.39,764.21,972.90,1171.17,1076.54,1420.59,1840.48,2068.98,1926.95,1432.41,885.84,600.61,504.19,439.77,360.57,284.37,246.18,211.76,152.87,93.81,61.63,49.14,41.16,34.90,29.52,24.97,21.06,17.76,14.96,12.62,10.65,9.01,7.64,6.50,5.56,4.78,4.13,3.59,3.14,2.77,2.46,2.20,1.99,1.81,1.66,1.53,1.42,1.33,1.25,1.19,1.13,1.08,1.04,1.00,0.97,0.94,0.92,0.89,0.87,0.85,0.84,0.82,0.81,0.79,0.78,0.77,0.76,0.75,0.74,0.73,0.72,0.71,0.70,0.69,0.68,0.68,0.67,0.66,0.65,0.65,0.64,0.64,0.63,0.62,0.62,0.61,0.61,0.60,0.60,0.59,0.59,0.58,0.58,0.54,2.27,0.32,0.66,6.05,24.12,60.49,102.69,140.36,175.11,204.89,220.48,217.09,209.56,208.42,199.89,181.16,172.93,182.11,202.35,192.41,132.97,75.96,51.39,43.02,37.18,32.04,27.33,23.15,19.48,16.33,13.64,11.37,9.47,7.88,6.57,5.48,4.58,3.84,3.24,2.74,2.33,1.99,1.72,1.50,1.31,1.16,1.04,0.94,0.85,0.78,0.73,0.68,0.64,0.61,0.58,0.56,0.54,0.53,0.51,0.50,0.49,0.49,0.48,0.47,0.47,0.46,0.46,0.45,0.45,0.45,0.44,0.44,0.44,0.43,0.43,0.43,0.42,0.42,0.42,0.42,0.42,0.41,0.41,0.41,0.41
5,0,8,3,18,874.5169,0.41,0.40,0.40,0.40,0.40,0.40,0.39,0.39,0.39,0.39,0.39,0.38,0.38,0.38,0.39,-338.90,-383.27,-392.00,-359.57,-216.27,93.38,483.15,837.45,1293.09,1850.92,2172.48,1646.87,1257.78,1008.23,897.20,894.14,918.96,880.60,853.62,973.86,1206.32,1400.90,1456.76,1390.63,1254.50,1060.79,850.31,695.02,608.97,560.11,523.23,498.24,495.11,499.85,498.43,507.84,531.16,550.11,556.32,552.43,544.28,537.68,537.46,548.51,567.70,593.02,633.94,691.10,730.93,723.39,697.44,683.74,674.59,667.47,666.30,675.71,703.62,749.03,803.45,868.78,940.25,983.81,979.10,944.86,914.53,892.89,861.41,820.83,773.59,706.27,634.96,594.07,586.02,595.75,593.90,560.34,522.82,518.77,541.20,553.13,532.34,490.40,444.57,394.93,347.33,311.30,284.35,264.07,255.91,263.84,279.06,280.92,264.61,245.64,236.43,237.30,236.73,230.74,220.10,194.48,159.55,132.73,114.96,101.81,92.80,88.14,87.42,88.73,89.76,88.31,82.51,75.86,72.04,69.09,68.71,72.09,72.79,64.86,50.75,37.36,28.31,23.02,19.60,17.00,14.87,13.04,11.46,10.08,8.88,7.83,6.93,6.15,5.47,4.88,4.38,3.94,3.56,3.24,2.96,2.71,2.50,2.32,2.16,2.02,1.90,1.79,1.70,1.61,1.54,1.48,1.42,1.37,1.33,1.29,1.25,1.22,1.19,1.16,1.13,1.11,1.09,1.07,1.05,1.03,1.02,1.00,0.99,0.97,0.96,0.95,0.94,0.93,0.91,0.90,0.89,0.88,0.87,0.86,0.86,0.85,0.84,0.83,0.82,0.81,0.81,0.80,0.79,0.78,0.78,0.77,0.76,0.76,0.75,0.75,0.74,0.73,0.73,0.72,0.72,0.73,203.22,190.61,197.76,231.82,301.76,419.71,578.67,761.94,967.82,1161.89,1056.97,1390.44,1797.47,2014.88,1870.71,1363.65,787.15,485.28,387.98,330.14,276.07,231.58,214.25,193.26,142.58,87.22,56.79,45.42,38.29,32.58,27.61,23.36,19.70,16.59,13.96,11.76,9.90,8.36,7.08,6.01,5.13,4.40,3.79,3.29,2.88,2.54,2.25,2.01,1.82,1.65,1.52,1.40,1.31,1.22,1.15,1.09,1.04,1.00,0.96,0.93,0.90,0.88,0.86,0.84,0.82,0.80,0.79,0.77,0.76,0.75,0.74,0.73,0.72,0.71,0.70,0.69,0.68,0.68,0.67,0.66,0.66,0.65,0.64,0.64,0.63,0.62,0.62,0.61,0.61,0.60,0.60,0.59,0.59,0.58,0.58,0.57,0.57,0.56,0.56,0.53,-21.15,-25.56,-25.36,-18.65,7.84,63.53,125.04,175.10,217.58,252.28,316.91,321.07,304.85,295.12,263.93,207.94,170.71,159.10,163.26,150.46,102.92,58.87,39.55,32.92,28.32,24.39,20.79,17.63,14.85,12.48,10.45,8.75,7.32,6.12,5.13,4.31,3.64,3.08,2.62,2.24,1.94,1.68,1.47,1.30,1.16,1.05,0.95,0.87,0.81,0.76,0.71,0.68,0.65,0.62,0.60,0.58,0.56,0.55,0.54,0.53,0.52,0.51,0.51,0.50,0.50,0.49,0.49,0.48,0.48,0.47,0.47,0.47,0.46,0.46,0.46,0.46,0.45,0.45,0.45,0.45,0.44,0.44,0.44,0.44,0.43
6,0,21,25,26,938.8736,0.43,0.43,0.43,0.42,0.42,0.42,0.42,0.42,0.41,0.41,0.41,0.41,0.41,0.40,0.41,-338.71,-382.82,-391.49,-359.08,-215.94,93.05,481.70,834.95,1289.84,1846.86,2159.46,1625.76,1230.95,974.35,851.92,831.73,845.90,814.29,795.10,903.91,1106.65,1254.55,1241.10,1119.07,1012.05,956.78,926.60,906.18,893.81,877.60,839.29,790.37,757.65,749.39,742.67,733.59,750.36,795.32,855.14,905.60,914.51,874.23,806.89,753.23,738.72,764.50,829.96,918.87,1011.58,1089.08,1126.06,1123.70,1099.44,1063.45,1023.52,977.29,924.02,881.95,864.58,867.95,878.64,887.30,898.78,906.07,883.35,829.52,778.78,751.94,733.24,716.53,706.48,677.86,618.91,553.62,496.50,454.65,439.55,445.93,457.07,464.63,465.73,451.23,417.41,378.79,356.46,358.40,383.26,420.26,437.14,411.08,353.41,298.18,276.76,286.41,296.68,287.34,262.59,233.56,191.13,145.61,119.60,107.95,104.03,94.40,71.96,49.00,33.19,23.52,18.03,14.55,12.02,10.09,8.59,7.40,6.45,5.69,5.07,4.56,4.14,3.79,3.49,3.23,3.01,2.82,2.65,2.50,2.37,2.26,2.15,2.06,1.98,1.90,1.83,1.77,1.72,1.66,1.62,1.57,1.53,1.49,1.46,1.43,1.40,1.37,1.34,1.32,1.29,1.27,1.25,1.23,1.21,1.19,1.18,1.16,1.15,1.13,1.12,1.10,1.09,1.08,1.06,1.05,1.04,1.03,1.02,1.01,1.00,0.99,0.98,0.97,0.96,0.95,0.94,0.93,0.92,0.91,0.90,0.90,0.89,0.88,0.87,0.87,0.86,0.85,0.84,0.84,0.83,0.82,0.82,0.81,0.81,0.80,0.79,0.79,0.78,0.78,0.77,0.76,0.76,0.75,205.22,190.73,197.88,231.97,301.93,419.74,578.21,760.52,965.10,1157.83,1048.80,1373.12,1767.07,1968.78,1808.23,1281.05,682.30,370.16,273.12,222.92,195.50,183.34,186.95,178.87,135.69,83.78,54.98,44.39,37.76,32.26,27.43,23.23,19.61,16.52,13.90,11.69,9.85,8.31,7.02,5.95,5.07,4.34,3.73,3.23,2.82,2.48,2.19,1.96,1.76,1.60,1.46,1.35,1.26,1.18,1.11,1.05,1.00,0.96,0.92,0.89,0.87,0.85,0.82,0.81,0.79,0.78,0.76,0.75,0.74,0.73,0.72,0.71,0.70,0.69,0.68,0.68,0.67,0.66,0.66,0.65,0.64,0.64,0.63,0.63,0.62,0.62,0.61,0.61,0.60,0.60,0.59,0.59,0.58,0.58,0.57,0.57,0.57,0.56,0.56,0.53,4.10,0.18,0.70,8.79,35.91,90.48,153.77,210.26,262.39,307.04,330.38,325.33,314.03,312.20,299.32,271.32,259.06,272.89,303.36,288.44,199.42,113.98,76.90,64.25,55.52,47.82,40.75,34.49,28.99,24.26,20.23,16.83,13.98,11.60,9.63,8.00,6.65,5.55,4.64,3.89,3.28,2.78,2.37,2.04,1.76,1.54,1.35,1.20,1.08,0.98,0.89,0.82,0.77,0.72,0.68,0.65,0.62,0.60,0.58,0.57,0.55,0.54,0.53,0.52,0.52,0.51,0.50,0.50,0.49,0.49,0.48,0.48,0.48,0.47,0.47,0.47,0.47,0.46,0.46,0.46,0.45,0.45,0.45,0.45,0.45
7,0,5,3,4,1184.2297,0.44,0.44,0.44,0.44,0.44,0.43,0.43,0.43,0.43,0.43,0.42,0.42,0.42,0.42,0.43,-340.49,-385.75,-394.81,-362.27,-217.79,96.17,493.42,856.49,1319.71,1874.45,2186.05,1683.74,1299.63,1046.44,941.83,952.04,973.11,904.74,846.67,955.17,1140.67,1221.12,1183.94,1116.85,1076.44,1065.28,1045.44,1001.04,965.40,962.50,986.86,1039.93,1120.68,1225.21,1348.31,1483.07,1594.58,1634.24,1641.12,1663.51,1685.91,1690.42,1652.44,1576.69,1515.58,1506.98,1542.25,1575.22,1582.10,1573.58,1535.38,1447.08,1331.42,1242.46,1210.09,1193.48,1173.42,1189.12,1249.51,1316.69,1344.26,1318.67,1257.10,1209.94,1195.43,1147.11,1067.21,1034.94,1032.41,977.36,880.72,807.49,770.51,758.50,756.69,740.10,707.31,676.21,646.24,619.58,612.47,605.86,571.44,519.83,467.13,424.46,403.22,398.26,385.34,352.65,319.16,300.61,281.25,244.81,205.26,178.25,161.28,149.50,141.95,138.29,138.93,143.67,151.77,159.94,165.98,171.55,182.63,201.70,210.13,195.06,168.27,140.29,116.36,100.12,89.91,83.21,79.38,78.78,81.27,85.15,88.23,88.57,84.05,77.97,74.48,71.71,71.12,74.41,75.52,68.12,54.15,40.39,30.82,25.17,21.49,18.70,16.40,14.42,12.70,11.19,9.88,8.73,7.73,6.87,6.11,5.46,4.89,4.40,3.97,3.61,3.28,3.01,2.76,2.55,2.37,2.21,2.07,1.94,1.84,1.74,1.66,1.58,1.52,1.46,1.41,1.36,1.32,1.28,1.24,1.21,1.18,1.16,1.13,1.11,1.09,1.07,1.05,1.03,1.02,1.00,0.99,0.97,0.96,0.95,0.93,0.92,0.91,0.90,0.89,0.88,0.87,0.86,0.85,0.84,0.83,0.83,0.82,0.81,0.80,0.78,204.15,190.78,197.88,231.95,301.93,419.75,577.96,759.54,963.17,1155.08,1048.10,1375.91,1769.12,1972.13,1825.97,1329.15,762.27,462.80,363.40,300.55,240.98,190.75,165.84,143.59,104.89,64.88,42.46,33.63,28.07,23.73,20.04,16.93,14.29,12.06,10.19,8.62,7.31,6.22,5.32,4.57,3.95,3.43,3.00,2.65,2.36,2.11,1.91,1.74,1.60,1.48,1.38,1.29,1.22,1.16,1.10,1.06,1.02,0.98,0.96,0.93,0.91,0.89,0.87,0.85,0.84,0.82,0.81,0.80,0.79,0.77,0.76,0.75,0.74,0.74,0.73,0.72,0.71,0.70,0.70,0.69,0.68,0.68,0.67,0.66,0.66,0.65,0.64,0.64,0.63,0.63,0.62,0.62,0.61,0.61,0.60,0.60,0.59,0.59,0.58,0.56,2.43,0.33,0.67,6.06,24.13,60.51,102.70,140.37,175.12,204.90,220.46,217.08,209.54,208.35,199.78,181.10,172.90,182.10,202.37,192.43,133.03,76.03,51.41,43.02,37.19,32.05,27.33,23.16,19.49,16.34,13.65,11.38,9.48,7.89,6.58,5.49,4.59,3.85,3.25,2.75,2.34,2.00,1.73,1.51,1.32,1.17,1.05,0.95,0.86,0.79,0.74,0.69,0.65,0.62,0.59,0.57,0.55,0.54,0.52,0.51,0.50,0.49,0.49,0.48,0.47,0.47,0.47,0.46,0.46,0.45,0.45,0.45,0.44,0.44,0.44,0.44,0.43,0.43,0.43,0.43,0.42,0.42,0.42,0.42,0.41
8,1,17,17,1,902.2206,0.41,0.41,0.41,0.41,0.40,0.40,0.40,0.40,0.40,0.40,0.39,0.39,0.39,0.39,0.39,-339.63,-384.22,-392.97,-360.45,-216.49,95.27,488.93,848.43,1308.53,1863.58,2165.50,1635.62,1227.45,951.78,819.58,785.79,776.11,721.34,682.59,769.77,941.61,1065.53,1076.67,1013.07,940.40,877.32,816.88,770.83,752.42,751.63,749.29,750.02,765.22,798.23,839.19,883.26,922.83,934.30,939.44,960.83,978.10,979.92,959.53,922.27,903.04,927.35,970.05,976.39,968.77,1007.96,1079.78,1149.33,1175.55,1132.58,1067.03,1035.78,1026.48,996.01,948.56,917.99,903.33,873.45,830.52,800.32,775.69,724.69,665.08,620.50,574.71,537.85,518.07,505.67,501.97,497.03,479.99,457.66,434.91,406.27,372.77,349.57,349.16,353.21,339.19,319.91,312.07,304.60,282.06,241.67,191.34,149.44,126.00,115.06,109.16,105.30,102.52,102.94,109.01,109.17,94.43,78.98,71.19,66.11,61.35,57.23,53.85,51.42,50.41,51.41,54.85,60.08,64.97,68.96,72.76,77.32,85.00,95.25,99.61,92.99,83.55,76.54,67.28,53.70,39.83,29.88,24.11,20.57,17.97,15.85,14.01,12.39,10.95,9.67,8.54,7.55,6.67,5.90,5.23,4.64,4.13,3.68,3.29,2.95,2.65,2.39,2.16,1.97,1.80,1.64,1.51,1.40,1.30,1.21,1.13,1.07,1.01,0.95,0.91,0.87,0.83,0.80,0.77,0.74,0.72,0.70,0.68,0.66,0.65,0.63,0.62,0.61,0.59,0.58,0.57,0.57,0.56,0.55,0.54,0.53,0.53,0.52,0.51,0.51,0.50,0.50,0.49,0.49,0.48,0.48,0.47,0.47,0.46,0.46,0.46,0.45,0.45,0.44,0.44,0.44,0.43,0.43,203.76,190.49,197.56,231.64,301.64,419.40,577.27,758.16,961.06,1152.54,1046.20,1375.58,1768.37,1965.59,1808.18,1309.78,752.40,458.12,359.85,298.22,239.69,189.91,165.21,142.84,103.87,64.00,41.89,33.17,27.66,23.34,19.66,16.57,13.93,11.71,9.84,8.27,6.97,5.88,4.97,4.23,3.61,3.10,2.67,2.32,2.03,1.79,1.59,1.43,1.29,1.17,1.07,0.99,0.93,0.87,0.82,0.78,0.74,0.71,0.68,0.66,0.64,0.62,0.61,0.59,0.58,0.57,0.56,0.55,0.54,0.53,0.52,0.51,0.51,0.50,0.49,0.49,0.48,0.48,0.47,0.47,0.46,0.46,0.45,0.45,0.44,0.44,0.43,0.43,0.42,0.42,0.42,0.41,0.41,0.41,0.40,0.40,0.40,0.39,0.39,0.37,-53.07,-61.97,-61.91,-52.82,-12.76,73.57,166.35,237.54,294.31,338.92,473.88,488.24,459.13,437.55,373.97,263.72,184.90,145.02,128.58,110.77,73.84,42.21,27.90,22.91,19.46,16.71,14.19,12.05,10.15,8.56,7.18,6.04,5.07,4.27,3.60,3.05,2.60,2.22,1.91,1.66,1.45,1.27,1.13,1.01,0.92,0.84,0.77,0.72,0.67,0.63,0.60,0.57,0.55,0.53,0.52,0.50,0.49,0.48,0.47,0.46,0.45,0.44,0.44,0.44,0.43,0.42,0.42,0.42,0.41,0.41,0.41,0.40,0.40,0.39,0.39,0.39,0.38,0.38,0.38,0.38,0.38,0.37,0.37,0.37,0.37
9,0,23,10,9,932.3495,0.36,0.36,0.36,0.36,0.35,0.35,0.35,0.35,0.34,0.34,0.34,0.34,0.34,0.33,0.34,-337.99,-381.00,-389.29,-356.89,-214.39,92.05,476.74,826.03,1277.15,1839.14,2168.04,1612.26,1200.63,934.26,807.31,782.19,804.68,807.37,827.51,965.03,1220.20,1432.79,1430.75,1279.81,1137.66,1043.69,980.92,924.53,869.16,835.12,777.88,700.93,694.19,742.57,769.76,751.57,727.76,735.29,759.53,780.12,786.05,778.78,771.36,766.48,765.96,780.74,817.84,873.93,942.46,991.51,971.46,894.78,820.44,776.30,759.75,743.71,708.00,673.92,662.50,673.10,702.44,744.44,771.25,772.60,777.53,769.47,731.52,704.38,699.35,700.27,698.68,696.01,698.70,693.13,679.70,674.20,658.06,619.57,582.86,559.77,533.09,495.86,470.70,468.77,475.34,477.68,483.31,505.59,534.16,539.73,514.82,481.95,443.57,383.76,326.60,296.45,275.93,246.63,207.81,174.13,156.40,150.85,149.83,152.60,163.15,171.90,163.44,141.77,123.45,119.64,120.48,110.76,97.62,89.53,84.57,82.90,85.89,86.85,75.98,59.47,48.51,41.23,34.39,28.40,23.32,19.08,15.61,12.80,10.55,8.75,7.32,6.19,5.28,4.57,3.99,3.54,3.17,2.87,2.63,2.43,2.27,2.13,2.02,1.92,1.84,1.77,1.71,1.66,1.61,1.57,1.53,1.50,1.46,1.44,1.41,1.38,1.36,1.34,1.32,1.30,1.28,1.26,1.25,1.23,1.22,1.20,1.19,1.17,1.16,1.15,1.14,1.12,1.11,1.10,1.09,1.08,1.07,1.06,1.05,1.04,1.03,1.02,1.01,1.00,0.99,0.98,0.97,0.96,0.96,0.95,0.94,0.93,0.92,0.92,0.91,0.90,0.90,0.89,0.88,0.87,204.00,190.60,197.74,231.71,301.62,419.86,579.78,764.88,973.80,1172.05,1077.46,1405.32,1790.43,1993.72,1862.71,1395.53,870.05,593.71,490.68,406.24,297.00,187.21,115.88,71.44,44.83,29.91,20.77,15.39,11.78,9.45,7.72,6.49,5.51,4.77,4.15,3.67,3.26,2.93,2.64,2.41,2.21,2.05,1.90,1.78,1.68,1.59,1.51,1.44,1.38,1.33,1.28,1.24,1.20,1.17,1.14,1.11,1.09,1.06,1.04,1.02,1.01,0.99,0.97,0.96,0.94,0.93,0.92,0.90,0.89,0.88,0.87,0.86,0.85,0.84,0.83,0.82,0.81,0.81,0.80,0.79,0.78,0.77,0.77,0.76,0.75,0.75,0.74,0.73,0.73,0.72,0.71,0.71,0.70,0.70,0.69,0.69,0.68,0.68,0.67,0.64,-8.15,-9.84,-9.69,-5.93,8.27,37.81,70.85,98.41,122.35,142.20,171.19,172.17,164.18,160.13,146.00,119.80,103.22,100.38,106.06,98.95,68.02,38.98,26.37,22.06,19.05,16.45,14.06,11.96,10.11,8.53,7.18,6.04,5.09,4.29,3.63,3.08,2.63,2.26,1.96,1.70,1.50,1.33,1.19,1.07,0.98,0.90,0.84,0.79,0.74,0.71,0.68,0.65,0.63,0.61,0.60,0.58,0.57,0.56,0.56,0.55,0.54,0.54,0.53,0.53,0.52,0.52,0.51,0.51,0.51,0.50,0.50,0.50,0.50,0.49,0.49,0.49,0.49,0.48,0.48,0.48,0.48,0.47,0.47,0.47,0.47
10,0,9,6,9,835.5104,0.46,0.46,0.46,0.46,0.46,0.45,0.45,0.45,0.45,0.45,0.44,0.44,0.44,0.44,0.44,-337.35,-380.51,-388.82,-356.46,-214.27,91.04,473.41,819.89,1269.18,1825.00,2117.26,1546.72,1126.66,846.34,684.67,598.47,563.98,545.68,552.60,645.55,863.29,1113.48,1212.15,1150.78,1047.41,921.62,771.69,639.65,538.40,457.08,389.19,339.93,316.56,321.04,349.21,389.39,435.98,489.27,539.30,579.40,607.10,619.07,629.12,648.19,674.27,717.61,796.54,884.63,918.31,895.16,860.51,826.27,799.26,793.59,798.18,797.60,800.06,811.84,829.76,859.93,897.66,924.84,921.57,878.86,818.90,773.23,746.09,728.97,714.79,695.86,674.18,648.18,612.18,575.74,553.31,543.60,539.20,538.47,548.23,564.39,548.83,480.30,400.19,350.38,327.13,316.86,316.71,317.86,306.44,290.19,270.21,243.28,225.03,218.03,215.81,216.24,209.18,182.88,145.79,115.48,94.27,77.44,63.68,52.48,43.27,35.73,29.57,24.54,20.44,17.10,14.38,12.15,10.33,8.84,7.62,6.61,5.78,5.09,4.52,4.05,3.65,3.31,3.03,2.79,2.59,2.42,2.27,2.14,2.03,1.93,1.85,1.78,1.71,1.65,1.60,1.55,1.51,1.47,1.43,1.40,1.37,1.34,1.32,1.29,1.27,1.25,1.23,1.21,1.19,1.17,1.15,1.14,1.12,1.11,1.09,1.08,1.07,1.05,1.04,1.03,1.02,1.00,0.99,0.98,0.97,0.96,0.95,0.94,0.93,0.92,0.91,0.90,0.90,0.89,0.88,0.87,0.86,0.86,0.85,0.84,0.83,0.83,0.82,0.81,0.81,0.80,0.79,0.79,0.78,0.77,0.77,0.76,0.76,0.75,0.74,0.74,0.73,0.73,0.72,0.75,203.42,190.62,197.78,231.85,301.78,419.71,578.73,762.18,968.32,1162.65,1056.68,1385.67,1786.06,1993.36,1832.13,1308.09,723.61,421.11,325.48,272.70,233.34,205.97,199.65,184.95,137.66,84.37,55.34,44.56,37.74,32.17,27.30,23.09,19.46,16.37,13.75,11.55,9.71,8.17,6.88,5.82,4.94,4.22,3.61,3.12,2.71,2.37,2.09,1.86,1.66,1.50,1.37,1.26,1.17,1.09,1.02,0.97,0.92,0.88,0.85,0.82,0.80,0.78,0.76,0.74,0.72,0.71,0.70,0.69,0.68,0.67,0.66,0.65,0.64,0.64,0.63,0.62,0.62,0.61,0.61,0.60,0.60,0.59,0.59,0.58,0.58,0.57,0.57,0.56,0.56,0.55,0.55,0.55,0.54,0.54,0.54,0.53,0.53,0.52,0.52,0.49,-4.84,-10.22,-9.73,-0.57,31.71,97.62,172.87,238.09,296.78,346.41,390.98,388.59,373.07,367.89,345.21,300.30,275.52,281.90,307.90,290.83,200.59,114.62,77.22,64.45,55.62,47.89,40.80,34.53,29.02,24.29,20.25,16.85,14.00,11.62,9.65,8.02,6.67,5.56,4.65,3.91,3.29,2.79,2.38,2.05,1.77,1.55,1.36,1.21,1.09,0.98,0.90,0.83,0.77,0.73,0.69,0.66,0.63,0.61,0.59,0.57,0.56,0.55,0.54,0.53,0.52,0.51,0.51,0.50,0.50,0.49,0.49,0.48,0.48,0.48,0.47,0.47,0.47,0.47,0.46,0.46,0.46,0.46,0.45,0.45,0.45
11,1,13,1,22,1050.4625,0.45,0.44,0.44,0.44,0.44,0.44,0.43,0.43,0.43,0.43,0.43,0.42,0.42,0.42,0.43,-339.88,-384.67,-393.60,-361.13,-217.19,94.84,488.68,847.49,1306.83,1864.40,2191.93,1685.65,1307.83,1067.03,972.95,998.86,1042.71,995.27,955.15,1090.25,1326.99,1465.78,1446.92,1355.96,1284.52,1248.41,1211.17,1162.67,1137.99,1158.70,1202.29,1256.47,1328.05,1414.33,1471.51,1509.53,1571.17,1609.82,1624.24,1661.18,1684.20,1608.32,1425.18,1232.16,1105.60,1049.74,1039.03,1022.71,989.54,974.09,985.95,1010.61,1001.91,935.05,855.22,795.85,759.90,745.13,737.93,740.34,767.13,809.76,841.90,828.06,760.74,680.57,629.53,630.05,681.34,750.15,779.44,750.79,685.67,602.94,530.38,476.88,427.32,381.69,342.74,300.90,263.21,241.75,231.79,225.66,223.56,229.21,234.02,214.76,175.71,146.71,132.10,121.53,112.65,105.78,101.57,101.53,107.36,119.09,132.75,144.33,153.77,161.54,161.80,148.95,132.68,125.70,126.22,124.87,115.39,99.90,86.19,79.62,80.16,84.56,89.63,93.35,95.21,100.46,107.45,102.17,88.64,80.70,77.96,79.06,83.76,83.06,69.73,53.74,44.56,37.75,31.03,25.41,20.61,16.69,13.50,10.95,8.92,7.32,6.06,5.07,4.29,3.67,3.19,2.81,2.50,2.25,2.06,1.90,1.77,1.66,1.58,1.50,1.44,1.39,1.34,1.30,1.27,1.24,1.21,1.19,1.16,1.14,1.12,1.11,1.09,1.08,1.06,1.05,1.03,1.02,1.01,1.00,0.99,0.98,0.96,0.95,0.94,0.94,0.93,0.92,0.91,0.90,0.89,0.88,0.87,0.87,0.86,0.85,0.84,0.84,0.83,0.82,0.82,0.81,0.80,0.80,0.79,0.78,0.78,0.74,205.12,190.75,197.89,231.97,301.93,419.76,578.16,760.27,964.55,1157.00,1048.97,1377.91,1778.55,1988.60,1839.52,1326.61,739.32,430.47,332.57,278.20,236.85,208.15,201.01,186.16,138.98,85.36,55.85,44.90,38.02,32.41,27.52,23.29,19.66,16.57,13.95,11.75,9.91,8.37,7.10,6.03,5.16,4.43,3.83,3.33,2.92,2.57,2.29,2.05,1.86,1.69,1.56,1.44,1.35,1.27,1.19,1.14,1.08,1.04,1.00,0.97,0.94,0.92,0.90,0.88,0.86,0.84,0.83,0.81,0.80,0.79,0.78,0.77,0.76,0.75,0.74,0.73,0.72,0.71,0.71,0.70,0.69,0.68,0.68,0.67,0.67,0.66,0.65,0.65,0.64,0.64,0.63,0.63,0.62,0.61,0.61,0.61,0.60,0.60,0.59,0.57,3.96,0.22,0.73,8.82,35.94,90.52,153.81,210.30,262.43,307.07,330.40,325.36,314.05,312.18,299.28,271.31,259.05,272.89,303.33,288.43,199.37,113.90,76.90,64.29,55.54,47.84,40.77,34.51,29.01,24.28,20.25,16.85,13.99,11.62,9.65,8.02,6.67,5.57,4.66,3.91,3.30,2.80,2.39,2.05,1.78,1.55,1.37,1.22,1.09,0.99,0.91,0.84,0.78,0.73,0.70,0.66,0.64,0.61,0.59,0.58,0.57,0.55,0.54,0.53,0.53,0.52,0.51,0.51,0.50,0.50,0.50,0.49,0.49,0.48,0.48,0.48,0.47,0.47,0.47,0.47,0.46,0.46,0.46,0.46,0.45
12,1,10,8,1,1143.7824,0.45,0.45,0.45,0.44,0.44,0.44,0.44,0.44,0.43,0.43,0.43,0.43,0.43,0.43,0.44,-340.36,-385.42,-394.39,-361.85,-217.43,96.20,492.95,855.41,1317.74,1874.45,2197.19,1693.16,1307.42,1055.53,956.82,976.97,1009.24,949.81,899.67,1022.57,1239.66,1362.26,1351.03,1287.47,1240.61,1212.96,1159.03,1060.62,959.17,899.87,898.47,953.29,1038.14,1115.73,1191.97,1294.78,1385.59,1415.93,1410.06,1416.09,1464.93,1539.39,1569.00,1524.70,1466.72,1467.66,1519.68,1536.71,1460.95,1328.68,1217.45,1135.30,1061.24,1013.68,993.59,980.38,966.19,953.38,926.63,887.17,862.28,846.62,839.76,863.50,903.93,925.19,919.48,888.28,836.71,784.15,746.37,740.51,765.10,794.05,804.59,799.68,746.07,639.13,568.60,534.52,480.37,422.58,380.69,354.56,349.60,360.10,370.15,376.10,384.26,393.95,406.32,393.75,340.06,292.65,274.10,263.16,250.31,242.51,240.46,232.72,216.55,204.66,201.50,203.70,210.85,223.90,235.10,230.79,218.66,215.00,216.07,212.04,204.94,197.24,181.60,160.63,146.02,139.15,139.31,145.20,147.34,139.40,130.32,127.29,125.74,123.76,122.01,122.20,128.82,134.78,131.53,127.15,126.34,123.07,117.56,110.98,97.20,77.99,63.26,54.43,46.86,39.80,33.80,28.61,24.26,20.61,17.58,15.06,12.98,11.24,9.78,8.57,7.54,6.68,5.94,5.31,4.77,4.30,3.90,3.55,3.25,2.98,2.74,2.54,2.36,2.20,2.05,1.93,1.82,1.72,1.63,1.55,1.47,1.41,1.35,1.30,1.25,1.21,1.17,1.13,1.10,1.07,1.04,1.01,0.99,0.97,0.95,0.93,0.91,0.90,0.88,0.87,0.85,0.84,0.83,0.82,0.80,0.79,0.78,0.78,203.69,190.74,197.83,231.89,301.86,419.72,578.00,759.72,963.68,1156.19,1052.00,1385.54,1785.33,1994.06,1852.16,1365.50,813.32,520.30,421.04,354.97,282.45,215.96,180.46,151.74,109.33,67.44,43.90,34.53,28.66,24.15,20.34,17.17,14.48,12.22,10.32,8.73,7.41,6.31,5.39,4.63,4.00,3.48,3.05,2.69,2.39,2.15,1.94,1.77,1.62,1.50,1.40,1.31,1.24,1.18,1.12,1.07,1.03,0.99,0.97,0.94,0.92,0.89,0.87,0.86,0.84,0.83,0.81,0.80,0.79,0.77,0.76,0.75,0.74,0.73,0.72,0.72,0.71,0.70,0.69,0.68,0.68,0.67,0.66,0.66,0.65,0.64,0.64,0.63,0.62,0.62,0.61,0.61,0.60,0.60,0.59,0.59,0.58,0.58,0.57,0.54,-35.26,-41.05,-40.95,-34.00,-4.27,59.35,128.23,181.96,225.61,260.31,352.84,361.85,341.18,326.52,282.66,206.10,152.22,127.18,119.58,106.06,71.51,40.89,27.33,22.63,19.36,16.66,14.19,12.06,10.19,8.60,7.23,6.09,5.13,4.33,3.66,3.11,2.66,2.28,1.98,1.72,1.51,1.34,1.20,1.08,0.99,0.91,0.84,0.79,0.74,0.70,0.67,0.65,0.62,0.61,0.59,0.57,0.56,0.55,0.54,0.53,0.53,0.52,0.52,0.51,0.50,0.50,0.50,0.49,0.49,0.48,0.48,0.48,0.47,0.47,0.47,0.46,0.46,0.46,0.45,0.45,0.45,0.45,0.44,0.44,0.44
13,1,30,16,24,910.1984,0.44,0.43,0.43,0.43,0.43,0.42,0.42,0.42,0.42,0.41,0.41,0.41,0.41,0.41,0.41,-338.07,-381.37,-389.72,-357.30,-214.58,92.57,478.33,828.71,1280.71,1840.60,2160.18,1605.87,1193.70,924.45,791.74,755.96,765.20,756.15,764.15,885.26,1124.26,1339.01,1357.28,1223.29,1101.19,1035.13,991.74,958.94,939.47,931.55,901.96,846.33,829.89,848.83,869.63,912.67,954.96,956.83,928.20,890.71,863.72,859.18,871.40,899.35,931.12,962.10,998.47,1012.94,985.67,911.82,815.36,755.12,739.74,740.64,747.32,752.52,750.39,746.19,744.38,747.24,756.38,769.99,786.16,807.96,810.04,758.85,680.25,616.28,581.13,578.96,587.11,567.62,523.77,481.04,450.68,427.41,402.96,377.93,357.82,354.01,361.06,352.81,321.78,286.18,263.94,254.75,243.95,224.56,207.09,202.90,213.48,225.88,221.03,199.23,182.37,183.37,187.94,179.46,167.28,166.05,170.96,170.02,163.71,152.41,137.21,130.21,130.49,128.86,124.14,115.83,99.91,78.96,62.63,53.08,45.31,38.10,32.03,26.80,22.45,18.81,15.82,13.36,11.34,9.68,8.31,7.18,6.24,5.46,4.81,4.26,3.79,3.40,3.07,2.78,2.54,2.32,2.14,1.98,1.84,1.72,1.61,1.52,1.44,1.36,1.30,1.24,1.19,1.14,1.10,1.06,1.03,1.00,0.97,0.95,0.92,0.90,0.88,0.86,0.85,0.83,0.82,0.80,0.79,0.78,0.77,0.76,0.75,0.74,0.73,0.72,0.71,0.70,0.70,0.69,0.68,0.67,0.67,0.66,0.65,0.65,0.64,0.64,0.63,0.63,0.62,0.61,0.61,0.60,0.60,0.59,0.59,0.59,0.58,0.58,0.57,0.57,0.56,0.56,0.56,0.55,203.89,190.54,197.66,231.74,301.70,419.55,578.03,760.32,965.20,1158.82,1056.61,1403.35,1830.19,2059.38,1909.13,1405.18,848.66,557.33,463.52,408.76,348.41,294.40,274.68,248.78,182.56,110.31,71.18,56.96,48.08,40.93,34.67,29.29,24.64,20.70,17.35,14.54,12.18,10.21,8.57,7.22,6.10,5.17,4.41,3.77,3.25,2.82,2.46,2.17,1.93,1.72,1.55,1.41,1.30,1.20,1.12,1.05,0.99,0.94,0.90,0.86,0.83,0.80,0.78,0.76,0.74,0.72,0.71,0.69,0.68,0.67,0.66,0.65,0.64,0.63,0.62,0.61,0.61,0.60,0.59,0.58,0.58,0.57,0.57,0.56,0.56,0.55,0.54,0.54,0.53,0.53,0.53,0.52,0.52,0.51,0.51,0.50,0.50,0.50,0.49,0.46,-21.04,-25.63,-25.42,-18.71,7.77,63.45,124.96,175.03,217.51,252.22,316.88,321.03,304.81,295.16,264.01,207.97,170.70,159.07,163.19,150.39,102.82,58.75,39.48,32.86,28.27,24.34,20.73,17.58,14.80,12.43,10.40,8.69,7.26,6.07,5.08,4.26,3.58,3.03,2.57,2.19,1.88,1.63,1.42,1.25,1.11,1.00,0.90,0.82,0.76,0.71,0.66,0.63,0.60,0.57,0.55,0.53,0.52,0.50,0.49,0.48,0.47,0.46,0.46,0.46,0.45,0.44,0.44,0.44,0.43,0.43,0.43,0.42,0.42,0.41,0.41,0.41,0.41,0.40,0.40,0.40,0.40,0.40,0.39,0.39,0.39
14,1,13,24,9,983.0309,0.39,0.39,0.38,0.38,0.38,0.38,0.38,0.37,0.37,0.37,0.37,0.37,0.36,0.36,0.37,-338.94,-383.09,-391.73,-359.28,-215.95,93.70,483.69,838.48,1294.31,1854.55,2187.30,1660.68,1268.25,1017.28,911.92,921.81,963.62,940.88,924.71,1051.36,1282.69,1452.35,1434.97,1281.77,1134.92,1051.56,1007.06,973.80,954.17,948.64,909.02,845.08,817.99,820.39,826.29,845.34,888.38,931.38,971.97,1032.03,1095.84,1116.94,1065.56,966.02,874.97,834.61,848.68,898.95,963.45,1005.87,1009.41,968.19,880.98,782.95,705.68,649.25,607.70,592.47,617.13,672.60,734.17,786.65,825.22,861.19,899.72,902.86,865.30,825.36,788.51,749.45,723.31,714.38,701.86,670.40,633.19,608.29,596.44,599.34,607.70,591.85,561.21,540.83,528.05,521.73,520.10,515.48,497.54,458.18,406.46,363.91,336.58,314.11,295.71,285.59,268.81,225.63,172.02,134.05,110.53,94.05,81.78,72.13,64.40,58.36,54.06,51.91,52.39,55.78,62.00,69.10,75.35,81.07,86.40,92.07,100.86,116.65,137.13,149.98,146.49,135.12,128.64,130.76,141.80,151.75,141.12,113.37,90.65,77.12,65.21,54.05,44.56,36.49,29.86,24.43,20.05,16.53,13.72,11.46,9.65,8.20,7.03,6.09,5.32,4.69,4.17,3.74,3.38,3.08,2.83,2.61,2.43,2.27,2.13,2.01,1.91,1.82,1.74,1.66,1.60,1.54,1.49,1.45,1.41,1.37,1.33,1.30,1.27,1.25,1.22,1.20,1.18,1.16,1.14,1.12,1.11,1.09,1.08,1.06,1.05,1.04,1.03,1.01,1.00,0.99,0.98,0.97,0.96,0.95,0.94,0.93,0.93,0.92,0.91,0.90,0.89,0.89,0.88,0.87,0.86,0.84,203.62,190.61,197.75,231.74,301.66,419.84,579.50,764.07,972.06,1168.96,1072.39,1407.63,1807.25,2023.35,1897.77,1428.34,895.22,614.25,513.32,434.25,330.15,226.15,162.41,119.14,80.58,50.49,33.55,25.80,20.79,17.25,14.39,12.15,10.28,8.75,7.48,6.43,5.54,4.81,4.20,3.69,3.27,2.92,2.62,2.37,2.17,1.99,1.84,1.72,1.61,1.52,1.44,1.37,1.32,1.26,1.22,1.18,1.15,1.11,1.09,1.06,1.04,1.02,1.00,0.98,0.97,0.95,0.94,0.92,0.91,0.90,0.89,0.87,0.86,0.85,0.84,0.83,0.82,0.82,0.81,0.80,0.79,0.78,0.77,0.77,0.76,0.75,0.75,0.74,0.73,0.73,0.72,0.71,0.71,0.70,0.70,0.69,0.68,0.68,0.67,0.64,-3.08,-4.71,-4.46,0.11,16.25,49.20,86.82,119.43,148.77,173.58,195.87,194.67,186.91,184.33,172.99,150.52,138.12,141.30,154.29,145.76,100.63,57.64,38.95,32.57,28.15,24.28,20.73,17.59,14.84,12.47,10.45,8.75,7.32,6.13,5.14,4.32,3.65,3.09,2.64,2.26,1.95,1.70,1.49,1.32,1.18,1.07,0.98,0.90,0.84,0.78,0.74,0.70,0.67,0.65,0.63,0.61,0.59,0.58,0.57,0.56,0.55,0.55,0.54,0.53,0.53,0.52,0.52,0.51,0.51,0.51,0.50,0.50,0.50,0.49,0.49,0.49,0.49,0.48,0.48,0.48,0.48,0.48,0.47,0.47,0.47
15,0,14,11,1,664.8162,0.47,0.46,0.46,0.46,0.46,0.46,0.45,0.45,0.45,0.45,0.45,0.44,0.44,0.44,0.44,-338.02,-381.54,-389.97,-357.57,-214.87,92.31,477.85,827.68,1279.42,1836.81,2145.16,1591.84,1182.74,914.68,776.17,727.63,721.16,698.30,695.52,807.38,1046.25,1290.64,1380.08,1317.05,1192.76,1023.49,825.34,651.17,524.57,444.85,400.35,377.41,367.16,343.46,310.21,302.97,316.04,332.30,350.15,370.78,398.18,428.89,452.48,465.01,472.98,484.29,503.11,521.42,523.55,508.78,495.25,461.48,390.65,333.47,306.10,286.53,270.84,264.33,267.59,277.81,299.52,326.01,338.69,331.27,317.40,312.96,309.08,298.07,298.12,311.50,320.43,320.00,317.59,310.62,283.09,237.27,197.75,177.58,173.40,178.42,183.69,185.73,188.55,195.50,203.02,201.27,187.99,170.77,152.51,133.14,118.17,112.83,113.65,114.79,119.70,131.35,137.68,128.31,112.80,98.67,85.79,77.55,72.95,69.96,70.97,73.86,71.02,59.73,44.88,32.92,25.63,21.28,18.26,15.88,13.88,12.17,10.67,9.38,8.25,7.27,6.42,5.69,5.05,4.50,4.03,3.62,3.27,2.97,2.70,2.48,2.28,2.11,1.96,1.84,1.72,1.63,1.54,1.47,1.40,1.34,1.29,1.25,1.21,1.17,1.14,1.11,1.08,1.06,1.03,1.01,1.00,0.98,0.96,0.95,0.93,0.92,0.91,0.90,0.88,0.87,0.86,0.85,0.84,0.83,0.83,0.82,0.81,0.80,0.79,0.79,0.78,0.77,0.76,0.76,0.75,0.74,0.74,0.73,0.73,0.72,0.71,0.71,0.70,0.70,0.69,0.69,0.68,0.68,0.67,0.67,0.66,0.66,0.65,0.65,0.64,0.64,0.63,0.63,0.63,0.64,203.08,190.57,197.72,231.79,301.75,419.62,578.33,761.13,966.46,1160.14,1053.77,1383.06,1783.74,1991.23,1832.73,1312.55,728.00,423.74,327.80,274.70,234.72,207.06,200.49,185.31,137.53,84.25,55.47,44.73,37.88,32.29,27.40,23.18,19.54,16.45,13.82,11.62,9.76,8.22,6.94,5.87,4.98,4.25,3.65,3.15,2.73,2.39,2.10,1.87,1.67,1.51,1.38,1.26,1.17,1.09,1.02,0.96,0.91,0.87,0.84,0.81,0.79,0.76,0.74,0.73,0.71,0.70,0.68,0.67,0.66,0.65,0.64,0.63,0.62,0.62,0.61,0.60,0.60,0.59,0.58,0.58,0.57,0.57,0.56,0.56,0.55,0.55,0.54,0.54,0.53,0.53,0.53,0.52,0.52,0.51,0.51,0.51,0.50,0.50,0.50,0.47,-33.52,-41.24,-40.97,-31.32,7.44,89.23,179.22,251.80,312.82,362.41,462.78,470.09,445.67,430.58,382.53,296.51,238.47,218.01,220.56,202.05,137.86,78.80,52.78,43.83,37.65,32.39,27.57,23.36,19.65,16.49,13.78,11.51,9.59,8.00,6.68,5.59,4.69,3.95,3.34,2.84,2.42,2.09,1.81,1.58,1.40,1.24,1.12,1.01,0.93,0.86,0.80,0.75,0.71,0.68,0.65,0.63,0.61,0.59,0.58,0.56,0.55,0.54,0.54,0.53,0.52,0.51,0.51,0.51,0.50,0.49,0.49,0.49,0.48,0.48,0.48,0.47,0.47,0.46,0.46,0.46,0.46,0.46,0.45,0.45,0.45
16,0,15,6,30,1007.5608,0.45,0.44,0.44,0.44,0.44,0.43,0.43,0.43,0.43,0.42,0.42,0.42,0.42,0.42,0.42,-338.87,-382.84,-391.50,-359.09,-215.93,93.17,482.07,835.43,1290.12,1849.60,2178.79,1651.80,1264.55,1018.92,913.76,921.26,960.55,936.99,924.59,1064.69,1312.67,1482.42,1463.56,1334.29,1217.52,1138.92,1073.91,1016.00,983.73,992.88,1029.66,1085.52,1166.64,1254.29,1294.53,1294.47,1302.85,1298.51,1275.56,1237.36,1158.52,1061.79,997.65,987.36,1019.73,1082.16,1158.62,1199.77,1176.88,1104.59,1013.49,944.77,907.46,875.87,843.78,827.09,832.27,843.88,844.47,841.88,854.98,894.98,967.56,1035.52,1049.01,1028.13,991.30,915.43,827.89,770.02,723.63,665.23,598.25,530.63,472.79,436.13,410.77,373.71,329.65,298.30,286.04,285.56,281.16,273.85,273.46,272.95,263.07,249.42,243.40,248.36,260.05,274.11,284.65,286.52,281.74,260.45,227.22,202.41,190.08,189.98,188.99,171.45,142.90,114.20,90.13,74.45,68.35,70.06,71.83,72.85,78.81,81.63,68.27,46.66,29.94,19.47,13.85,10.71,8.59,7.03,5.84,4.91,4.20,3.65,3.22,2.89,2.62,2.41,2.24,2.11,1.99,1.90,1.82,1.75,1.69,1.64,1.60,1.56,1.52,1.49,1.45,1.43,1.40,1.37,1.35,1.33,1.31,1.29,1.27,1.25,1.23,1.22,1.20,1.18,1.17,1.15,1.14,1.13,1.11,1.10,1.09,1.07,1.06,1.05,1.04,1.03,1.02,1.01,1.00,0.99,0.98,0.97,0.96,0.95,0.94,0.93,0.92,0.91,0.91,0.90,0.89,0.88,0.87,0.87,0.86,0.85,0.84,0.84,0.83,0.82,0.82,0.81,0.80,0.80,0.79,0.79,0.78,0.77,0.77,0.76,203.84,190.74,197.89,231.98,301.94,419.75,578.24,760.61,965.33,1158.31,1051.65,1388.46,1803.00,2022.70,1869.16,1347.36,757.13,448.88,353.97,305.57,270.49,247.99,248.67,235.33,176.47,107.51,69.78,56.25,47.84,40.92,34.81,29.49,24.88,20.95,17.61,14.79,12.42,10.45,8.81,7.44,6.31,5.38,4.60,3.96,3.43,2.99,2.63,2.33,2.08,1.88,1.70,1.56,1.44,1.34,1.26,1.18,1.12,1.07,1.03,0.99,0.96,0.93,0.90,0.88,0.86,0.84,0.82,0.81,0.80,0.78,0.77,0.76,0.75,0.74,0.73,0.72,0.71,0.71,0.70,0.69,0.68,0.68,0.67,0.66,0.66,0.65,0.65,0.64,0.63,0.63,0.62,0.62,0.61,0.61,0.60,0.60,0.59,0.59,0.59,0.56,-12.13,-15.16,-14.94,-9.30,12.02,56.34,105.91,147.23,183.15,212.91,256.35,257.84,245.84,239.62,218.33,179.15,154.35,150.14,158.69,148.04,101.66,58.10,39.20,32.73,28.22,24.32,20.74,17.59,14.82,12.45,10.43,8.72,7.29,6.10,5.11,4.29,3.62,3.06,2.61,2.23,1.92,1.67,1.46,1.29,1.15,1.04,0.94,0.87,0.80,0.75,0.71,0.67,0.64,0.61,0.59,0.57,0.56,0.55,0.54,0.53,0.52,0.51,0.51,0.50,0.49,0.49,0.49,0.48,0.48,0.47,0.47,0.47,0.46,0.46,0.46,0.46,0.45,0.45,0.45,0.45,0.44,0.44,0.44,0.44,0.43
17,1,23,18,23,670.8116,0.43,0.43,0.43,0.43,0.42,0.42,0.42,0.42,0.42,0.41,0.41,0.41,0.41,0.41,0.41,-339.44,-384.27,-393.13,-360.66,-216.88,94.51,487.31,845.45,1304.73,1859.35,2162.37,1641.29,1248.64,988.86,867.00,847.98,851.32,793.90,750.12,839.88,995.91,1075.61,1041.17,945.10,847.83,779.19,735.46,698.58,664.65,640.93,624.87,618.33,632.43,643.34,637.36,645.19,652.04,618.83,564.64,522.46,495.77,487.93,500.90,527.67,550.79,556.94,554.44,550.16,539.00,508.27,455.73,397.91,358.70,346.70,343.54,333.13,325.15,328.09,337.73,349.23,344.99,327.34,328.25,353.76,374.12,369.40,358.43,350.29,316.33,262.80,226.86,208.01,194.80,187.89,187.13,190.76,197.25,206.04,215.63,229.68,242.84,239.95,228.78,224.96,229.65,242.66,253.88,242.13,205.44,165.57,137.31,117.50,102.92,94.13,91.28,89.72,80.96,65.10,51.18,42.63,35.55,29.04,23.64,19.11,15.43,12.46,10.11,8.24,6.78,5.62,4.72,4.02,3.46,3.02,2.68,2.40,2.18,2.00,1.85,1.73,1.63,1.55,1.48,1.42,1.36,1.32,1.28,1.24,1.21,1.18,1.15,1.13,1.10,1.08,1.06,1.04,1.02,1.01,0.99,0.97,0.96,0.95,0.93,0.92,0.91,0.90,0.88,0.87,0.86,0.85,0.84,0.83,0.82,0.82,0.81,0.80,0.79,0.78,0.77,0.77,0.76,0.75,0.74,0.74,0.73,0.72,0.72,0.71,0.70,0.70,0.69,0.69,0.68,0.68,0.67,0.66,0.66,0.65,0.65,0.64,0.64,0.63,0.63,0.63,0.62,0.62,0.61,0.61,0.60,0.60,0.59,0.59,0.59,0.58,0.58,0.58,0.57,0.57,0.56,0.56,204.04,190.34,197.49,231.50,301.43,419.54,578.93,762.91,969.81,1165.11,1064.32,1394.12,1786.90,1995.89,1863.13,1383.78,839.86,553.95,452.95,377.84,287.16,199.28,146.12,109.72,75.37,47.17,31.05,23.84,19.23,15.92,13.25,11.13,9.36,7.92,6.72,5.73,4.90,4.22,3.65,3.18,2.79,2.46,2.19,1.97,1.78,1.62,1.49,1.38,1.28,1.20,1.13,1.08,1.03,0.98,0.94,0.91,0.88,0.85,0.83,0.81,0.80,0.78,0.76,0.75,0.74,0.73,0.71,0.70,0.69,0.68,0.68,0.67,0.66,0.65,0.64,0.64,0.63,0.62,0.62,0.61,0.60,0.60,0.59,0.59,0.58,0.57,0.57,0.56,0.56,0.56,0.55,0.55,0.54,0.54,0.53,0.53,0.52,0.52,0.52,0.49,-12.14,-15.23,-15.01,-9.37,11.94,56.25,105.82,147.16,183.06,212.83,256.32,257.79,245.81,239.73,218.52,179.24,154.38,150.16,158.72,148.04,101.72,58.21,39.17,32.65,28.15,24.26,20.68,17.53,14.77,12.40,10.37,8.67,7.24,6.05,5.06,4.24,3.57,3.01,2.55,2.18,1.87,1.62,1.41,1.24,1.10,0.99,0.89,0.82,0.75,0.70,0.66,0.62,0.59,0.57,0.55,0.53,0.51,0.50,0.49,0.48,0.47,0.46,0.46,0.46,0.45,0.44,0.44,0.44,0.43,0.43,0.43,0.43,0.42,0.42,0.42,0.41,0.41,0.41,0.41,0.41,0.40,0.40,0.40,0.40,0.39
18,1,6,17,20,814.4593,0.39,0.39,0.39,0.39,0.39,0.38,0.38,0.38,0.38,0.38,0.37,0.37,0.37,0.37,0.37,-338.11,-381.61,-390.05,-357.65,-214.99,92.12,477.60,827.47,1279.47,1836.88,2143.84,1591.26,1183.47,915.60,776.27,727.80,723.08,703.17,702.07,814.22,1050.26,1280.12,1337.03,1246.31,1151.30,1083.11,1003.68,907.38,812.27,735.93,680.57,646.59,636.37,650.55,691.79,753.33,818.90,874.52,908.25,909.24,878.75,843.58,830.27,830.16,833.53,854.58,893.18,917.40,903.00,864.41,820.08,775.61,738.77,726.20,752.21,794.16,808.38,793.80,779.18,755.05,697.08,627.46,591.01,592.24,588.67,563.25,540.52,535.78,526.87,490.83,443.03,391.51,328.08,261.43,209.61,179.43,163.89,154.47,151.49,155.35,154.90,141.29,123.73,111.39,104.51,102.90,106.88,113.52,113.37,103.33,92.32,83.83,72.53,57.44,43.26,33.41,27.53,23.69,20.75,18.30,16.17,14.30,12.64,11.19,9.90,8.77,7.78,6.91,6.15,5.48,4.90,4.39,3.95,3.56,3.23,2.93,2.68,2.45,2.26,2.08,1.93,1.80,1.69,1.59,1.50,1.42,1.35,1.29,1.23,1.18,1.14,1.10,1.06,1.03,1.00,0.98,0.95,0.93,0.91,0.89,0.87,0.86,0.84,0.83,0.82,0.80,0.79,0.78,0.77,0.76,0.75,0.74,0.73,0.73,0.72,0.71,0.70,0.70,0.69,0.68,0.67,0.67,0.66,0.66,0.65,0.64,0.64,0.63,0.63,0.62,0.62,0.61,0.61,0.60,0.60,0.59,0.59,0.58,0.58,0.57,0.57,0.57,0.56,0.56,0.55,0.55,0.54,0.54,0.54,0.53,0.53,0.53,0.52,0.52,0.52,0.51,0.51,0.51,0.50,0.51,204.65,190.53,197.68,231.78,301.76,419.50,577.74,759.63,963.66,1155.83,1049.86,1404.85,1852.66,2098.23,1942.66,1417.67,839.94,539.58,450.03,409.64,373.59,347.49,353.69,337.20,251.40,150.56,96.33,77.66,66.17,56.64,48.14,40.70,34.23,28.70,23.98,20.02,16.69,13.91,11.60,9.68,8.10,6.80,5.72,4.84,4.11,3.50,3.01,2.60,2.27,1.99,1.76,1.57,1.42,1.29,1.17,1.08,1.01,0.94,0.89,0.85,0.81,0.78,0.75,0.72,0.70,0.68,0.67,0.65,0.64,0.63,0.62,0.61,0.60,0.59,0.58,0.57,0.57,0.56,0.55,0.55,0.54,0.54,0.53,0.53,0.52,0.52,0.51,0.51,0.50,0.50,0.49,0.49,0.49,0.48,0.48,0.47,0.47,0.47,0.46,0.44,-1.63,-5.03,-4.62,2.66,27.84,78.99,137.71,189.15,235.87,275.56,305.61,302.74,291.21,287.95,272.29,240.54,224.09,231.90,255.09,241.58,166.81,95.36,64.26,53.64,46.32,39.89,33.99,28.76,24.18,20.24,16.87,14.04,11.66,9.68,8.04,6.68,5.56,4.63,3.88,3.25,2.75,2.33,1.99,1.71,1.48,1.29,1.13,1.01,0.91,0.82,0.75,0.69,0.65,0.61,0.57,0.55,0.52,0.51,0.49,0.48,0.46,0.45,0.45,0.44,0.43,0.43,0.42,0.42,0.41,0.41,0.41,0.40,0.40,0.40,0.39,0.39,0.39,0.39,0.39,0.38,0.38,0.38,0.38,0.38,0.37
19,1,9,13,6,885.6907,0.37,0.37,0.37,0.37,0.36,0.36,0.36,0.36,0.36,0.36,0.35,0.35,0.35,0.35,0.36,-340.50,-385.87,-394.92,-362.40,-217.92,96.16,493.69,856.74,1319.62,1879.66,2225.66,1737.28,1367.15,1134.81,1063.46,1128.80,1201.77,1147.71,1092.88,1230.72,1458.04,1570.18,1535.41,1423.68,1288.24,1157.74,1037.20,927.33,842.52,791.12,745.00,697.19,686.77,707.79,720.02,724.44,723.13,685.21,628.43,599.67,612.68,656.37,696.72,717.17,732.47,753.82,778.96,785.25,763.41,732.15,711.13,679.81,623.39,590.42,597.04,611.72,614.57,609.66,606.50,613.24,648.17,709.87,767.02,800.09,828.99,816.96,712.91,586.44,504.62,456.14,418.84,386.04,363.15,358.09,375.99,409.40,444.87,474.38,503.15,537.29,557.92,561.35,569.22,565.18,525.29,465.54,407.10,359.91,331.71,324.88,331.34,333.62,319.99,301.59,290.34,271.60,236.41,203.73,183.21,169.05,160.59,154.92,144.50,127.61,109.81,97.62,92.42,91.93,92.83,92.44,90.31,86.72,85.19,86.00,81.91,69.59,53.27,39.05,29.68,24.00,20.14,17.20,14.79,12.77,11.07,9.62,8.39,7.35,6.46,5.71,5.07,4.53,4.07,3.68,3.34,3.05,2.81,2.60,2.42,2.26,2.13,2.01,1.91,1.82,1.74,1.67,1.61,1.55,1.50,1.46,1.42,1.38,1.35,1.32,1.29,1.26,1.24,1.22,1.20,1.18,1.16,1.14,1.12,1.11,1.09,1.08,1.07,1.05,1.04,1.03,1.02,1.00,0.99,0.98,0.97,0.96,0.95,0.94,0.93,0.92,0.91,0.91,0.90,0.89,0.88,0.87,0.86,0.86,0.85,0.84,0.83,0.83,0.82,0.81,0.81,0.80,0.79,0.79,0.78,0.77,203.50,190.77,197.87,231.94,301.92,419.75,577.99,759.70,963.72,1156.41,1049.29,1364.69,1737.38,1924.64,1778.31,1280.16,701.01,394.10,291.61,225.92,172.59,131.63,108.72,90.35,65.99,42.79,29.53,23.52,19.52,16.41,13.84,11.71,9.93,8.45,7.21,6.18,5.32,4.60,4.01,3.51,3.10,2.75,2.47,2.23,2.02,1.85,1.71,1.59,1.49,1.40,1.32,1.26,1.20,1.16,1.11,1.07,1.04,1.01,0.98,0.96,0.94,0.92,0.90,0.89,0.87,0.86,0.84,0.83,0.82,0.81,0.80,0.79,0.78,0.77,0.76,0.75,0.74,0.73,0.72,0.72,0.71,0.70,0.69,0.69,0.68,0.67,0.67,0.66,0.66,0.65,0.64,0.64,0.63,0.63,0.62,0.62,0.61,0.61,0.60,0.58,11.51,10.72,11.08,15.40,28.31,53.33,83.58,112.51,140.70,165.51,159.86,153.82,150.50,152.76,154.05,152.21,156.49,173.14,197.91,190.10,131.99,75.59,51.12,42.79,37.06,31.96,27.27,23.11,19.45,16.30,13.62,11.35,9.45,7.87,6.55,5.47,4.57,3.83,3.23,2.73,2.32,1.99,1.71,1.49,1.31,1.16,1.03,0.93,0.85,0.78,0.73,0.68,0.64,0.61,0.58,0.56,0.54,0.53,0.52,0.50,0.49,0.49,0.48,0.47,0.47,0.46,0.46,0.46,0.45,0.45,0.45,0.44,0.44,0.44,0.44,0.43,0.43,0.43,0.43,0.42,0.42,0.42,0.42,0.42,0.41
20,1,24,24,2,759.5559,0.41,0.41,0.41,0.41,0.41,0.40,0.40,0.40,0.40,0.40,0.40,0.39,0.39,0.39,0.40,-339.86,-384.66,-393.46,-360.92,-216.77,95.64,490.42,851.52,1313.37,1864.29,2140.62,1605.73,1188.68,897.99,743.99,673.30,622.67,545.02,493.37,553.60,678.84,761.83,786.70,788.57,770.79,715.88,621.07,505.64,398.17,325.10,298.27,310.37,337.24,363.22,393.15,428.29,446.17,433.66,420.75,432.86,460.41,485.59,488.82,470.07,463.20,499.85,567.55,614.88,628.85,657.41,724.25,802.14,844.56,829.91,789.27,767.77,772.67,783.69,803.28,837.38,883.78,930.46,938.88,888.83,779.23,647.09,565.56,548.92,553.33,549.17,538.28,516.31,489.09,479.39,475.82,456.60,424.29,386.83,354.60,330.65,313.05,306.35,310.46,322.70,331.30,320.65,285.71,233.92,191.67,172.97,164.23,157.99,154.58,155.27,152.97,138.05,121.76,115.81,116.17,116.86,117.09,117.58,119.00,123.74,132.54,137.99,133.47,126.04,122.87,120.31,113.60,105.22,100.44,99.71,102.71,111.70,125.80,133.57,130.03,127.52,130.18,130.61,126.78,119.57,105.77,85.08,67.01,56.62,48.61,40.98,34.52,28.93,24.25,20.34,17.11,14.44,12.25,10.44,8.95,7.71,6.68,5.83,5.11,4.51,3.99,3.56,3.19,2.88,2.60,2.37,2.17,1.99,1.84,1.71,1.59,1.49,1.40,1.32,1.25,1.18,1.13,1.08,1.03,0.99,0.96,0.92,0.90,0.87,0.84,0.82,0.80,0.78,0.77,0.75,0.74,0.72,0.71,0.70,0.69,0.68,0.67,0.66,0.65,0.64,0.63,0.62,0.61,0.61,0.60,0.59,0.59,0.58,0.58,0.57,0.56,0.56,0.55,0.55,0.54,0.54,203.88,190.48,197.56,231.59,301.57,419.49,577.86,759.69,963.79,1156.40,1053.46,1385.58,1778.16,1978.59,1832.04,1354.67,825.17,545.41,445.91,372.48,283.04,196.05,143.41,107.08,72.62,44.78,29.23,22.32,17.90,14.77,12.25,10.26,8.61,7.27,6.14,5.22,4.45,3.82,3.28,2.85,2.49,2.19,1.94,1.73,1.56,1.42,1.30,1.20,1.11,1.04,0.98,0.93,0.88,0.84,0.81,0.79,0.76,0.74,0.72,0.70,0.69,0.68,0.66,0.65,0.64,0.63,0.62,0.61,0.61,0.60,0.59,0.58,0.58,0.57,0.56,0.56,0.55,0.55,0.54,0.54,0.53,0.53,0.52,0.52,0.51,0.51,0.50,0.50,0.50,0.49,0.49,0.48,0.48,0.48,0.47,0.47,0.47,0.46,0.46,0.43,-26.04,-30.78,-30.67,-24.78,-0.24,52.02,108.95,153.97,191.04,220.79,292.18,298.51,282.07,271.03,237.11,177.29,135.81,118.16,114.98,103.59,70.27,40.19,26.90,22.32,19.13,16.47,14.03,11.91,10.05,8.46,7.10,5.96,5.00,4.21,3.54,3.00,2.54,2.17,1.86,1.61,1.40,1.23,1.09,0.98,0.88,0.81,0.74,0.69,0.64,0.61,0.58,0.55,0.53,0.51,0.50,0.48,0.47,0.46,0.45,0.45,0.44,0.43,0.43,0.43,0.42,0.42,0.42,0.41,0.41,0.40,0.40,0.40,0.39,0.39,0.39,0.39,0.39,0.38,0.38,0.38,0.38,0.38,0.37,0.37,0.37
21,0,3,8,16,953.2045,0.37,0.36,0.36,0.36,0.36,0.36,0.36,0.35,0.35,0.35,0.35,0.35,0.34,0.34,0.34,-337.96,-381.07,-389.33,-356.91,-214.30,92.36,477.34,827.02,1278.45,1837.98,2151.91,1588.50,1167.15,888.79,745.64,692.47,686.68,677.86,690.50,806.09,1046.55,1288.24,1348.95,1249.68,1127.21,1001.56,850.38,708.99,619.76,593.72,623.29,692.30,781.44,857.96,885.06,897.59,929.00,943.64,930.70,904.22,879.00,879.16,906.65,948.03,995.06,1047.27,1106.95,1152.86,1157.38,1129.80,1079.74,978.40,836.22,725.90,682.15,675.83,681.49,701.50,735.00,766.32,788.03,809.01,838.23,861.47,866.69,886.47,937.01,988.11,1011.99,984.17,898.93,790.32,704.53,656.64,617.35,567.19,523.15,489.16,455.46,434.64,431.93,429.68,420.33,407.62,398.04,389.34,369.12,336.34,302.92,276.20,255.09,237.94,224.85,218.28,221.37,228.71,226.91,211.00,191.76,178.59,171.90,172.70,179.85,189.01,192.86,187.82,181.49,181.58,188.35,191.09,177.58,151.69,128.30,117.06,115.43,115.21,118.00,129.36,135.96,120.31,89.32,62.26,46.49,36.84,29.23,23.30,18.44,14.57,11.51,9.12,7.27,5.85,4.76,3.93,3.30,2.82,2.45,2.17,1.95,1.78,1.65,1.54,1.46,1.39,1.34,1.29,1.25,1.21,1.18,1.16,1.13,1.11,1.09,1.07,1.05,1.03,1.02,1.00,0.99,0.97,0.96,0.95,0.93,0.92,0.91,0.90,0.89,0.88,0.87,0.86,0.85,0.84,0.83,0.82,0.81,0.80,0.79,0.78,0.78,0.77,0.76,0.75,0.75,0.74,0.73,0.73,0.72,0.71,0.71,0.70,0.69,0.69,0.68,0.68,0.67,0.67,0.66,0.66,0.65,0.64,203.93,190.58,197.69,231.73,301.69,419.64,578.43,761.29,967.04,1161.77,1060.61,1393.30,1792.55,1999.59,1848.73,1353.83,804.17,516.15,418.25,352.73,281.36,215.82,180.88,151.99,109.08,67.41,44.46,35.20,29.25,24.66,20.76,17.51,14.74,12.42,10.47,8.84,7.47,6.33,5.39,4.60,3.95,3.42,2.97,2.60,2.30,2.04,1.83,1.65,1.51,1.38,1.28,1.19,1.12,1.06,1.00,0.95,0.91,0.88,0.85,0.83,0.80,0.78,0.76,0.75,0.73,0.72,0.71,0.70,0.69,0.68,0.67,0.66,0.65,0.64,0.63,0.63,0.62,0.61,0.61,0.60,0.59,0.59,0.58,0.58,0.57,0.57,0.56,0.56,0.55,0.55,0.54,0.54,0.53,0.53,0.52,0.52,0.52,0.51,0.51,0.48,-20.73,-25.61,-25.40,-18.70,7.78,63.45,124.96,175.04,217.52,252.25,316.93,321.06,304.85,295.28,264.18,208.08,170.77,159.11,163.20,150.40,102.79,58.71,39.48,32.89,28.29,24.36,20.75,17.59,14.81,12.44,10.41,8.71,7.27,6.08,5.09,4.27,3.60,3.04,2.58,2.21,1.90,1.64,1.44,1.26,1.12,1.01,0.92,0.84,0.77,0.72,0.68,0.64,0.61,0.58,0.56,0.54,0.53,0.52,0.50,0.49,0.49,0.48,0.47,0.47,0.46,0.46,0.45,0.45,0.44,0.44,0.44,0.44,0.43,0.43,0.43,0.42,0.42,0.42,0.42,0.41,0.41,0.41,0.41,0.40,0.40
22,0,28,8,21,669.2556,0.40,0.40,0.40,0.39,0.39,0.39,0.39,0.39,0.38,0.38,0.38,0.38,0.38,0.37,0.38,-338.44,-382.15,-390.66,-358.24,-215.29,92.82,480.17,832.15,1285.68,1844.43,2162.57,1618.04,1212.56,948.10,820.59,793.00,805.00,785.16,779.05,894.17,1122.21,1319.58,1338.71,1220.13,1106.47,1033.76,971.40,912.14,864.22,826.73,780.32,732.77,712.16,698.25,657.48,624.61,628.64,629.18,608.64,592.07,596.98,615.61,626.61,630.02,639.77,653.47,634.90,588.95,568.22,556.37,524.13,489.18,460.57,425.77,381.43,340.29,311.70,298.58,301.89,315.29,327.10,335.74,349.04,364.35,355.54,308.17,253.33,219.39,199.93,184.79,173.36,167.70,168.22,169.82,164.90,158.45,159.65,163.95,164.90,161.54,156.54,155.17,155.45,146.69,124.24,94.67,68.07,49.98,39.12,32.08,26.89,22.77,19.37,16.52,14.13,12.11,10.42,8.99,7.78,6.77,5.91,5.19,4.58,4.07,3.63,3.26,2.95,2.68,2.45,2.25,2.08,1.94,1.81,1.70,1.61,1.53,1.45,1.39,1.33,1.28,1.24,1.20,1.16,1.13,1.10,1.07,1.04,1.02,1.00,0.98,0.96,0.94,0.93,0.91,0.90,0.88,0.87,0.86,0.85,0.83,0.82,0.81,0.80,0.79,0.78,0.77,0.77,0.76,0.75,0.74,0.73,0.73,0.72,0.71,0.70,0.70,0.69,0.68,0.68,0.67,0.67,0.66,0.65,0.65,0.64,0.64,0.63,0.63,0.62,0.62,0.61,0.61,0.60,0.60,0.59,0.59,0.58,0.58,0.58,0.57,0.57,0.56,0.56,0.56,0.55,0.55,0.54,0.54,0.54,0.53,0.53,0.53,0.52,0.52,0.52,0.51,0.51,0.51,0.50,0.50,204.28,190.46,197.59,231.66,301.62,419.51,578.14,760.74,965.94,1159.79,1052.29,1362.48,1728.50,1907.09,1745.12,1228.52,638.73,330.47,229.48,168.38,129.57,105.70,93.88,82.20,61.64,40.41,28.26,22.74,19.01,16.01,13.50,11.39,9.61,8.12,6.88,5.84,4.97,4.25,3.65,3.15,2.73,2.39,2.10,1.86,1.66,1.50,1.36,1.24,1.14,1.06,0.99,0.93,0.88,0.83,0.79,0.76,0.73,0.70,0.68,0.67,0.65,0.63,0.62,0.61,0.60,0.58,0.57,0.57,0.56,0.55,0.54,0.53,0.53,0.52,0.51,0.51,0.50,0.50,0.49,0.49,0.48,0.48,0.47,0.47,0.46,0.46,0.46,0.45,0.45,0.44,0.44,0.44,0.43,0.43,0.43,0.42,0.42,0.42,0.41,0.39,-29.66,-36.08,-35.89,-28.11,3.54,70.56,144.02,202.82,251.87,291.54,377.43,384.25,363.82,350.79,309.83,236.88,187.10,168.03,167.69,152.74,103.95,59.36,39.77,33.03,28.34,24.38,20.74,17.58,14.79,12.42,10.39,8.68,7.25,6.05,5.06,4.24,3.56,3.01,2.55,2.17,1.86,1.61,1.40,1.23,1.09,0.97,0.88,0.80,0.74,0.68,0.64,0.60,0.57,0.55,0.53,0.51,0.49,0.48,0.47,0.46,0.45,0.44,0.44,0.43,0.42,0.42,0.42,0.41,0.41,0.40,0.40,0.40,0.39,0.39,0.39,0.39,0.38,0.38,0.38,0.38,0.38,0.37,0.37,0.37,0.37
23,0,13,11,14,917.8788,0.37,0.36,0.36,0.36,0.36,0.36,0.35,0.35,0.35,0.35,0.35,0.34,0.34,0.34,0.34,-338.62,-382.47,-391.06,-358.66,-215.67,92.69,480.35,832.96,1287.63,1841.78,2130.87,1581.42,1171.33,895.59,746.28,681.50,653.73,613.58,599.32,692.77,867.19,989.68,979.01,903.39,850.98,819.13,770.00,709.37,679.57,707.04,787.96,902.97,1024.98,1133.33,1185.78,1194.03,1202.52,1173.16,1104.43,1041.01,1000.28,989.22,995.51,996.68,994.81,1016.71,1057.34,1066.15,1044.27,1024.83,994.51,955.80,926.77,886.89,825.25,773.29,745.68,718.74,681.56,644.59,619.34,612.48,610.89,593.98,565.27,547.91,556.28,581.13,606.33,627.56,644.41,647.30,613.54,564.11,536.98,498.45,441.44,400.00,369.65,340.77,317.58,301.89,286.63,270.25,257.45,254.65,264.82,267.95,254.72,245.70,250.27,259.97,260.24,244.57,220.31,196.60,179.86,172.35,173.83,182.00,191.67,194.50,186.28,181.63,192.65,200.85,190.44,172.17,158.53,150.68,147.63,151.76,154.88,141.48,115.49,91.16,71.70,57.07,46.75,38.79,32.39,27.12,22.77,19.17,16.19,13.73,11.69,10.01,8.61,7.46,6.49,5.69,5.02,4.46,3.98,3.59,3.25,2.96,2.72,2.51,2.33,2.18,2.05,1.93,1.83,1.75,1.67,1.60,1.55,1.49,1.45,1.40,1.37,1.33,1.30,1.27,1.25,1.22,1.20,1.18,1.16,1.14,1.12,1.11,1.09,1.08,1.06,1.05,1.04,1.03,1.01,1.00,0.99,0.98,0.97,0.96,0.95,0.94,0.93,0.92,0.91,0.91,0.90,0.89,0.88,0.87,0.87,0.86,0.85,0.84,0.84,0.83,0.82,0.82,0.81,0.80,0.80,0.79,0.79,0.78,204.18,190.60,197.76,231.78,301.71,419.76,578.99,762.75,969.31,1164.19,1059.98,1379.87,1759.14,1952.21,1801.05,1299.42,733.86,438.99,338.48,270.89,206.80,151.19,118.95,95.14,67.89,43.31,29.17,22.85,18.77,15.70,13.17,11.11,9.39,7.96,6.77,5.77,4.94,4.26,3.68,3.20,2.81,2.48,2.21,1.98,1.79,1.63,1.50,1.39,1.30,1.22,1.15,1.09,1.04,1.00,0.96,0.93,0.90,0.88,0.86,0.84,0.82,0.81,0.79,0.78,0.77,0.76,0.75,0.74,0.73,0.72,0.71,0.71,0.70,0.69,0.68,0.68,0.67,0.67,0.66,0.65,0.65,0.64,0.64,0.63,0.63,0.62,0.62,0.61,0.61,0.60,0.60,0.60,0.59,0.59,0.58,0.58,0.58,0.57,0.57,0.54,0.57,-5.05,-4.46,5.51,39.73,109.08,188.90,259.17,323.27,377.85,415.67,411.12,395.81,391.92,371.95,330.89,310.35,322.78,356.09,337.62,233.12,133.16,89.80,75.01,64.77,55.77,47.51,40.20,33.78,28.26,23.56,19.59,16.26,13.49,11.19,9.29,7.72,6.43,5.37,4.50,3.79,3.20,2.72,2.33,2.01,1.75,1.53,1.36,1.21,1.10,1.00,0.92,0.85,0.80,0.75,0.72,0.68,0.66,0.64,0.62,0.60,0.59,0.58,0.57,0.56,0.55,0.54,0.54,0.53,0.53,0.52,0.52,0.52,0.51,0.51,0.50,0.50,0.50,0.50,0.49,0.49,0.49,0.48,0.48,0.48
24,0,8,16,18,1105.8939,0.48,0.48,0.47,0.47,0.47,0.47,0.47,0.46,0.46,0.46,0.46,0.45,0.45,0.45,0.46,-339.57,-383.89,-392.67,-360.20,-216.51,94.48,486.65,843.73,1301.43,1860.39,2191.25,1674.84,1288.81,1041.70,941.72,958.99,1000.89,967.04,941.45,1087.12,1362.35,1566.35,1590.77,1512.52,1447.84,1421.62,1406.80,1381.56,1344.18,1302.59,1237.64,1156.89,1118.70,1145.38,1232.12,1378.21,1537.28,1655.57,1745.32,1838.93,1908.79,1882.36,1746.19,1578.23,1448.47,1387.08,1385.86,1391.74,1354.93,1291.70,1247.90,1211.27,1151.22,1089.12,1061.66,1069.86,1100.77,1137.54,1152.12,1131.14,1078.14,1000.76,917.43,851.20,806.84,767.53,744.80,749.22,726.60,655.31,599.16,585.55,575.62,523.23,433.14,356.85,312.44,286.29,270.88,263.59,250.77,226.52,206.79,197.83,194.30,191.34,186.96,182.31,177.21,177.32,188.71,197.60,192.46,182.41,171.58,161.54,157.86,158.33,156.47,146.66,131.50,114.36,93.30,72.66,57.28,46.61,38.80,32.62,27.58,23.40,19.93,17.03,14.60,12.57,10.87,9.44,8.23,7.21,6.35,5.62,5.00,4.47,4.01,3.63,3.29,3.01,2.76,2.54,2.36,2.20,2.05,1.93,1.82,1.73,1.64,1.57,1.50,1.44,1.39,1.34,1.30,1.26,1.22,1.19,1.16,1.13,1.11,1.09,1.06,1.04,1.02,1.01,0.99,0.97,0.96,0.95,0.93,0.92,0.91,0.89,0.88,0.87,0.86,0.85,0.84,0.83,0.82,0.81,0.80,0.80,0.79,0.78,0.77,0.76,0.76,0.75,0.74,0.73,0.73,0.72,0.71,0.71,0.70,0.70,0.69,0.68,0.68,0.67,0.67,0.66,0.66,0.65,0.65,0.64,0.64,0.63,0.63,0.62,0.62,0.60,203.34,190.54,197.67,231.72,301.68,419.60,578.32,761.02,966.27,1159.98,1056.98,1396.59,1810.36,2032.65,1892.28,1397.15,837.46,542.19,444.71,383.67,316.71,256.12,228.29,200.89,146.59,89.43,57.92,46.03,38.61,32.76,27.70,23.41,19.72,16.60,13.96,11.75,9.89,8.35,7.06,6.00,5.12,4.39,3.78,3.28,2.87,2.53,2.24,2.00,1.81,1.64,1.50,1.39,1.29,1.21,1.14,1.08,1.03,0.98,0.95,0.91,0.89,0.86,0.84,0.82,0.80,0.78,0.77,0.75,0.74,0.73,0.71,0.70,0.69,0.68,0.68,0.67,0.66,0.65,0.64,0.64,0.63,0.62,0.61,0.61,0.60,0.60,0.59,0.58,0.58,0.57,0.57,0.56,0.56,0.55,0.55,0.54,0.54,0.53,0.53,0.50,-33.84,-41.21,-40.94,-31.29,7.48,89.30,179.27,251.84,312.87,362.44,462.76,470.09,445.65,430.37,382.20,296.32,238.36,217.93,220.48,201.99,137.76,78.65,52.76,43.86,37.67,32.41,27.58,23.37,19.66,16.50,13.79,11.52,9.60,8.01,6.69,5.60,4.70,3.96,3.34,2.84,2.43,2.09,1.82,1.59,1.40,1.25,1.12,1.02,0.93,0.86,0.80,0.75,0.71,0.68,0.65,0.63,0.61,0.59,0.58,0.56,0.55,0.54,0.54,0.53,0.52,0.51,0.51,0.50,0.50,0.49,0.49,0.49,0.48,0.47,0.47,0.47,0.46,0.46,0.46,0.46,0.45,0.45,0.45,0.45,0.44
25,1,31,13,5,970.2257,0.44,0.44,0.44,0.43,0.43,0.43,0.42,0.42,0.42,0.42,0.42,0.41,0.41,0.41,0.41,-338.55,-382.12,-390.63,-358.21,-215.28,92.90,480.34,831.99,1284.80,1848.18,2197.57,1667.30,1279.04,1037.91,943.91,970.97,1034.86,1032.31,1036.75,1201.45,1502.82,1741.73,1750.58,1598.64,1446.89,1333.82,1231.09,1138.19,1079.01,1068.99,1077.72,1090.13,1139.98,1205.17,1237.04,1265.82,1301.73,1290.97,1251.41,1237.42,1246.83,1269.83,1291.04,1279.23,1244.21,1228.24,1230.05,1192.98,1124.09,1077.93,1053.82,1037.58,1009.71,950.28,875.38,814.49,789.23,794.73,794.88,759.24,702.28,659.80,643.51,638.35,614.51,577.72,564.28,576.25,591.04,589.62,569.10,549.15,543.76,539.87,511.59,452.55,386.85,332.27,296.59,278.50,257.23,231.22,212.44,199.01,190.53,188.89,187.02,173.60,149.73,125.84,106.20,90.45,77.11,65.23,54.97,46.17,38.75,32.52,27.33,23.02,19.45,16.50,14.05,12.03,10.36,8.97,7.81,6.85,6.05,5.37,4.81,4.33,3.93,3.58,3.29,3.03,2.82,2.63,2.46,2.32,2.20,2.09,1.99,1.90,1.82,1.75,1.69,1.64,1.58,1.54,1.49,1.45,1.42,1.38,1.35,1.32,1.29,1.27,1.24,1.22,1.20,1.18,1.16,1.14,1.12,1.11,1.09,1.08,1.06,1.05,1.03,1.02,1.01,1.00,0.98,0.97,0.96,0.95,0.94,0.93,0.92,0.91,0.90,0.89,0.88,0.87,0.87,0.86,0.85,0.84,0.83,0.83,0.82,0.81,0.80,0.80,0.79,0.78,0.78,0.77,0.77,0.76,0.75,0.75,0.74,0.74,0.73,0.72,0.72,0.71,0.71,0.70,0.70,0.69,0.69,0.68,0.68,0.67,0.67,0.66,203.96,190.56,197.70,231.75,301.69,419.67,578.74,762.25,968.82,1164.32,1060.67,1375.85,1748.67,1936.94,1787.17,1281.64,699.52,393.82,291.75,226.31,173.73,133.08,110.32,92.17,68.02,44.63,30.94,24.68,20.52,17.27,14.57,12.33,10.45,8.87,7.55,6.45,5.53,4.77,4.13,3.59,3.15,2.78,2.47,2.22,2.00,1.82,1.66,1.53,1.43,1.33,1.25,1.18,1.13,1.08,1.03,0.99,0.95,0.92,0.90,0.87,0.85,0.83,0.82,0.80,0.78,0.77,0.76,0.74,0.73,0.72,0.71,0.70,0.69,0.68,0.67,0.67,0.66,0.65,0.64,0.63,0.63,0.62,0.61,0.61,0.60,0.60,0.59,0.58,0.58,0.57,0.57,0.56,0.56,0.55,0.55,0.54,0.54,0.54,0.53,0.50,-10.19,-15.34,-14.94,-6.60,23.75,86.26,156.92,217.09,270.38,315.03,366.28,366.08,350.32,343.54,317.99,269.44,240.52,240.90,259.57,243.95,167.85,95.79,64.61,53.95,46.52,40.05,34.12,28.88,24.28,20.34,16.97,14.13,11.75,9.77,8.12,6.76,5.64,4.72,3.96,3.33,2.82,2.40,2.06,1.78,1.55,1.36,1.21,1.08,0.98,0.89,0.82,0.76,0.71,0.67,0.64,0.61,0.59,0.57,0.55,0.54,0.53,0.51,0.51,0.50,0.49,0.48,0.48,0.47,0.47,0.46,0.46,0.46,0.45,0.45,0.45,0.44,0.44,0.44,0.44,0.43,0.43,0.43,0.43,0.42,0.42
26,1,23,3,10,1108.2579,0.42,0.42,0.42,0.41,0.41,0.41,0.41,0.40,0.40,0.40,0.40,0.40,0.39,0.39,0.40,-339.18,-383.39,-392.10,-359.65,-216.21,93.81,484.27,839.72,1296.41,1851.86,2156.61,1624.70,1226.84,964.13,836.63,807.93,808.87,766.50,741.54,853.51,1065.97,1218.23,1225.74,1157.17,1106.35,1084.55,1065.38,1045.36,1038.33,1049.33,1055.09,1059.39,1102.28,1183.71,1240.24,1261.68,1277.64,1248.77,1190.20,1175.79,1217.73,1276.35,1310.46,1316.76,1320.15,1360.49,1439.92,1494.08,1488.04,1445.43,1390.61,1345.92,1321.64,1298.24,1286.60,1311.76,1329.72,1310.71,1317.77,1371.21,1365.53,1248.64,1110.04,1021.02,966.50,904.49,823.32,743.58,688.65,671.61,691.20,726.51,748.93,749.46,738.88,724.47,711.96,696.54,667.28,638.80,619.24,595.20,558.21,497.15,409.59,331.00,284.53,257.56,239.69,226.06,213.25,197.90,182.83,173.01,168.19,172.06,187.04,203.07,207.00,197.26,184.88,182.49,175.52,149.83,122.37,106.45,101.58,97.99,81.60,57.26,38.08,25.78,18.90,14.85,12.06,9.93,8.26,6.93,5.88,5.04,4.36,3.81,3.37,3.00,2.70,2.45,2.25,2.07,1.92,1.80,1.69,1.60,1.52,1.45,1.38,1.33,1.28,1.24,1.20,1.16,1.13,1.10,1.07,1.05,1.03,1.00,0.98,0.97,0.95,0.93,0.92,0.90,0.89,0.88,0.86,0.85,0.84,0.83,0.82,0.81,0.80,0.79,0.78,0.77,0.76,0.75,0.74,0.74,0.73,0.72,0.71,0.71,0.70,0.69,0.69,0.68,0.67,0.67,0.66,0.66,0.65,0.64,0.64,0.63,0.63,0.62,0.62,0.61,0.61,0.60,0.60,0.59,0.59,0.58,0.58,0.57,0.57,0.57,0.56,0.53,204.78,190.55,197.68,231.76,301.73,419.55,577.92,759.97,964.17,1156.47,1050.12,1391.75,1812.51,2037.12,1885.87,1373.78,800.68,500.38,405.56,354.04,306.56,268.48,259.24,240.50,178.96,108.37,69.50,55.60,47.07,40.15,34.05,28.78,24.21,20.33,17.03,14.26,11.94,10.01,8.40,7.06,5.96,5.05,4.30,3.68,3.16,2.74,2.39,2.10,1.87,1.67,1.50,1.37,1.26,1.16,1.08,1.01,0.95,0.90,0.86,0.83,0.80,0.78,0.75,0.73,0.71,0.70,0.68,0.67,0.66,0.65,0.64,0.63,0.62,0.61,0.60,0.60,0.59,0.58,0.57,0.57,0.56,0.56,0.55,0.55,0.54,0.54,0.53,0.53,0.52,0.52,0.51,0.51,0.50,0.50,0.50,0.49,0.49,0.48,0.48,0.45,3.84,0.11,0.62,8.71,35.83,90.40,153.69,210.19,262.32,306.98,330.32,325.27,313.95,312.13,299.25,271.25,258.98,272.80,303.23,288.33,199.25,113.77,76.80,64.19,55.45,47.75,40.68,34.41,28.91,24.19,20.15,16.76,13.90,11.53,9.56,7.93,6.58,5.48,4.57,3.82,3.21,2.71,2.30,1.97,1.69,1.47,1.28,1.13,1.01,0.91,0.82,0.76,0.70,0.65,0.61,0.58,0.56,0.53,0.51,0.50,0.49,0.47,0.46,0.46,0.45,0.44,0.44,0.43,0.43,0.42,0.42,0.42,0.41,0.41,0.41,0.40,0.40,0.40,0.40,0.39,0.39,0.39,0.39,0.38,0.38
27,1,12,4,16,832.3975,0.38,0.38,0.38,0.37,0.37,0.37,0.37,0.37,0.36,0.36,0.36,0.36,0.36,0.36,0.37,-340.45,-385.53,-394.49,-361.95,-217.51,96.23,493.19,855.65,1317.75,1877.04,2217.18,1720.04,1341.11,1099.60,1017.57,1065.06,1122.68,1069.81,1021.09,1161.48,1407.87,1556.44,1556.17,1478.70,1384.57,1286.70,1170.87,1040.89,928.89,863.35,843.28,857.15,900.08,963.17,1021.47,1065.70,1084.25,1038.99,964.85,915.97,886.19,868.36,857.78,851.41,861.20,904.54,969.53,991.29,947.95,889.19,835.38,780.74,722.25,662.39,609.25,566.00,535.25,507.30,469.60,429.77,403.38,400.69,420.11,441.47,441.33,416.84,398.98,411.68,434.15,444.96,441.27,410.61,356.01,309.11,284.76,272.49,268.10,267.74,262.22,249.94,231.59,208.01,187.03,165.16,138.26,117.71,105.16,96.75,93.87,94.35,88.97,73.30,57.01,47.32,39.82,32.68,26.75,21.71,17.60,14.25,11.57,9.42,7.72,6.37,5.31,4.46,3.79,3.26,2.83,2.49,2.21,1.99,1.80,1.65,1.53,1.42,1.34,1.26,1.20,1.15,1.10,1.06,1.02,0.99,0.96,0.93,0.91,0.89,0.87,0.85,0.83,0.82,0.80,0.79,0.78,0.77,0.75,0.74,0.73,0.72,0.71,0.70,0.69,0.69,0.68,0.67,0.66,0.65,0.65,0.64,0.63,0.63,0.62,0.61,0.61,0.60,0.60,0.59,0.58,0.58,0.57,0.57,0.56,0.56,0.55,0.55,0.54,0.54,0.53,0.53,0.52,0.52,0.52,0.51,0.51,0.50,0.50,0.50,0.49,0.49,0.48,0.48,0.48,0.47,0.47,0.47,0.46,0.46,0.46,0.45,0.45,0.45,0.44,0.44,0.44,0.43,0.43,0.43,0.43,0.42,203.74,190.37,197.47,231.51,301.48,419.42,577.97,760.23,965.01,1158.54,1057.01,1394.79,1801.20,2018.74,1886.71,1410.75,868.74,580.01,480.17,409.93,323.86,241.09,195.02,159.65,113.25,69.55,45.22,35.39,29.19,24.50,20.57,17.32,14.57,12.28,10.34,8.74,7.39,6.28,5.35,4.58,3.94,3.41,2.97,2.61,2.31,2.06,1.84,1.67,1.52,1.40,1.29,1.20,1.13,1.07,1.01,0.96,0.92,0.88,0.85,0.82,0.80,0.78,0.76,0.74,0.72,0.71,0.69,0.68,0.67,0.65,0.64,0.63,0.62,0.61,0.60,0.60,0.59,0.58,0.57,0.56,0.56,0.55,0.54,0.54,0.53,0.52,0.52,0.51,0.51,0.50,0.50,0.49,0.49,0.48,0.48,0.47,0.47,0.46,0.46,0.43,-31.87,-35.91,-35.90,-30.82,-8.20,40.65,93.01,132.96,164.63,189.40,267.44,275.97,259.29,246.63,209.83,146.38,100.79,77.17,66.73,56.77,37.68,21.58,14.32,11.78,10.01,8.61,7.33,6.26,5.30,4.50,3.81,3.24,2.75,2.35,2.01,1.74,1.51,1.32,1.16,1.03,0.92,0.84,0.76,0.70,0.65,0.61,0.58,0.55,0.52,0.50,0.49,0.47,0.46,0.45,0.44,0.43,0.42,0.42,0.41,0.40,0.40,0.39,0.39,0.39,0.38,0.38,0.38,0.37,0.37,0.37,0.37,0.36,0.36,0.36,0.35,0.35,0.35,0.35,0.34,0.34,0.34,0.34,0.34,0.33,0.33
28,0,14,2,22,801.7647,0.33,0.33,0.33,0.32,0.32,0.32,0.32,0.32,0.31,0.31,0.31,0.31,0.31,0.31,0.31,-337.79,-380.95,-389.24,-356.84,-214.35,91.91,476.11,824.75,1275.42,1834.55,2146.56,1583.24,1165.00,889.65,746.01,691.62,685.79,676.58,687.73,795.52,1016.32,1235.57,1278.20,1156.75,1003.75,854.85,709.04,596.44,532.36,512.57,518.97,540.21,579.99,634.52,647.35,602.64,575.98,586.29,603.36,598.80,557.09,506.59,478.91,474.91,489.78,524.83,574.05,622.74,673.15,713.59,711.73,689.95,672.85,639.86,596.36,566.75,538.76,512.61,506.01,509.91,515.73,517.08,512.75,526.37,548.47,542.89,527.42,518.12,498.39,473.56,458.16,455.19,462.95,471.22,473.80,476.92,486.94,500.84,509.92,505.31,483.56,439.29,391.49,376.13,382.87,384.89,385.83,393.66,396.85,383.87,350.17,294.54,238.45,202.83,179.89,162.99,154.26,149.52,149.14,160.39,181.72,194.53,186.23,172.40,167.70,149.69,116.42,94.08,85.70,84.95,78.22,58.36,37.13,22.80,14.32,9.92,7.40,5.71,4.50,3.61,2.96,2.48,2.12,1.86,1.66,1.51,1.40,1.31,1.24,1.18,1.14,1.10,1.07,1.04,1.02,1.00,0.98,0.96,0.95,0.93,0.92,0.90,0.89,0.88,0.87,0.86,0.84,0.83,0.82,0.82,0.81,0.80,0.79,0.78,0.77,0.76,0.76,0.75,0.74,0.73,0.73,0.72,0.71,0.71,0.70,0.69,0.69,0.68,0.68,0.67,0.66,0.66,0.65,0.65,0.64,0.64,0.63,0.63,0.62,0.62,0.61,0.61,0.60,0.60,0.59,0.59,0.59,0.58,0.58,0.57,0.57,0.57,0.56,0.56,0.55,0.55,0.55,0.54,0.54,0.53,204.17,190.55,197.68,231.76,301.73,419.54,577.92,760.07,964.71,1157.98,1053.75,1395.60,1815.77,2037.45,1879.46,1364.59,795.73,499.53,406.30,355.18,307.93,270.06,260.81,241.18,178.50,108.04,69.94,56.19,47.59,40.59,34.43,29.10,24.49,20.57,17.24,14.44,12.08,10.12,8.49,7.14,6.02,5.10,4.33,3.70,3.18,2.75,2.40,2.10,1.86,1.66,1.49,1.35,1.24,1.14,1.06,0.99,0.93,0.88,0.84,0.81,0.78,0.75,0.73,0.71,0.69,0.68,0.66,0.65,0.64,0.63,0.62,0.61,0.60,0.59,0.59,0.58,0.57,0.56,0.56,0.55,0.55,0.54,0.54,0.53,0.53,0.52,0.52,0.51,0.51,0.50,0.50,0.50,0.49,0.49,0.48,0.48,0.48,0.47,0.47,0.44,-10.28,-15.40,-15.00,-6.66,23.69,86.20,156.86,217.03,270.32,314.98,366.23,366.03,350.27,343.56,318.04,269.45,240.51,240.89,259.58,243.95,167.90,95.87,64.58,53.89,46.47,40.01,34.07,28.84,24.24,20.30,16.93,14.09,11.71,9.73,8.08,6.73,5.60,4.68,3.92,3.30,2.79,2.37,2.03,1.74,1.51,1.33,1.17,1.04,0.94,0.86,0.79,0.73,0.68,0.64,0.61,0.58,0.56,0.54,0.52,0.51,0.49,0.48,0.48,0.47,0.46,0.45,0.45,0.44,0.44,0.44,0.43,0.43,0.43,0.42,0.42,0.42,0.41,0.41,0.41,0.41,0.41,0.40,0.40,0.40,0.40
29,0,4,20,5,1018.8322,0.39,0.39,0.39,0.39,0.39,0.38,0.38,0.38,0.38,0.38,0.38,0.37,0.37,0.37,0.38,-339.84,-384.51,-393.35,-360.85,-216.87,95.16,489.22,848.45,1307.87,1867.99,2208.03,1700.38,1318.14,1075.71,987.52,1024.93,1081.48,1043.05,1008.57,1148.50,1395.30,1549.23,1527.14,1407.03,1297.24,1239.29,1218.02,1205.35,1186.28,1165.95,1111.69,1007.06,933.77,933.42,964.27,1008.01,1049.70,1050.58,1035.89,1059.40,1097.16,1088.03,1007.19,890.61,803.55,773.97,785.98,809.39,826.71,827.59,815.13,812.11,816.79,813.69,799.65,774.82,751.46,746.50,753.68,752.35,744.24,742.38,753.71,788.60,839.73,862.98,836.03,772.72,702.87,668.38,678.23,705.95,718.43,714.09,712.25,711.22,710.56,702.23,676.47,644.10,611.72,583.97,559.59,542.17,542.35,538.39,509.67,470.12,426.11,364.57,303.28,267.98,244.22,215.25,186.55,166.69,152.55,140.46,131.33,126.00,125.75,131.44,141.55,149.84,149.40,139.78,127.13,117.78,116.28,124.16,133.62,136.38,131.91,121.12,100.53,74.20,52.57,37.73,28.28,22.01,17.37,13.81,11.05,8.92,7.27,5.99,5.00,4.24,3.64,3.18,2.81,2.53,2.30,2.11,1.97,1.84,1.74,1.66,1.59,1.53,1.47,1.43,1.39,1.35,1.32,1.29,1.26,1.23,1.21,1.19,1.17,1.15,1.13,1.11,1.09,1.08,1.06,1.05,1.03,1.02,1.01,1.00,0.98,0.97,0.96,0.95,0.94,0.93,0.92,0.91,0.90,0.89,0.88,0.87,0.86,0.85,0.84,0.84,0.83,0.82,0.81,0.80,0.80,0.79,0.78,0.78,0.77,0.76,0.76,0.75,0.74,0.74,0.73,0.72,0.72,0.71,0.71,0.70,0.70,0.67,204.48,190.63,197.74,231.79,301.75,419.67,578.30,760.79,965.91,1159.76,1057.15,1390.00,1790.07,2001.45,1863.38,1375.10,817.64,523.15,423.93,357.21,284.22,217.67,182.05,152.88,109.94,68.02,44.75,35.37,29.40,24.80,20.91,17.67,14.91,12.60,10.65,9.02,7.66,6.53,5.59,4.80,4.15,3.61,3.16,2.79,2.48,2.22,2.01,1.83,1.68,1.55,1.44,1.35,1.27,1.21,1.15,1.10,1.05,1.02,0.98,0.96,0.93,0.91,0.89,0.87,0.85,0.83,0.82,0.81,0.79,0.78,0.77,0.76,0.75,0.74,0.73,0.72,0.71,0.70,0.69,0.69,0.68,0.67,0.66,0.66,0.65,0.64,0.64,0.63,0.62,0.62,0.61,0.61,0.60,0.60,0.59,0.59,0.58,0.58,0.57,0.54,-53.38,-61.79,-61.73,-52.64,-12.58,73.74,166.52,237.71,294.48,339.09,474.05,488.40,459.29,437.73,374.15,263.89,185.07,145.18,128.71,110.90,73.95,42.29,28.04,23.07,19.62,16.86,14.34,12.20,10.30,8.70,7.33,6.18,5.22,4.42,3.75,3.19,2.74,2.36,2.05,1.79,1.58,1.41,1.27,1.15,1.05,0.97,0.90,0.85,0.80,0.76,0.73,0.70,0.68,0.66,0.64,0.63,0.61,0.60,0.59,0.58,0.57,0.57,0.56,0.56,0.55,0.54,0.54,0.54,0.53,0.52,0.52,0.52,0.51,0.51,0.51,0.50,0.50,0.49,0.49,0.49,0.49,0.48,0.48,0.48,0.47
30,0,11,29,26,1122.5368,0.47,0.47,0.47,0.46,0.46,0.46,0.45,0.45,0.45,0.45,0.44,0.44,0.44,0.44,0.44,-337.44,-380.21,-388.46,-356.11,-213.99,91.11,473.34,819.49,1267.97,1830.85,2164.78,1607.13,1202.49,945.88,823.56,804.17,837.01,849.87,878.56,1030.40,1320.00,1580.12,1596.97,1432.37,1289.36,1203.79,1118.78,1033.25,982.67,989.42,1034.44,1096.06,1186.03,1290.22,1332.83,1312.36,1291.74,1245.06,1166.09,1099.08,1076.13,1109.26,1168.46,1225.84,1282.49,1344.95,1401.20,1423.75,1409.10,1367.75,1299.83,1233.43,1213.03,1240.30,1282.11,1317.69,1346.09,1358.36,1340.16,1290.68,1236.20,1216.10,1218.86,1208.42,1185.55,1159.26,1138.49,1124.81,1081.48,1000.47,940.35,903.99,857.17,811.21,756.95,675.21,592.42,544.25,531.25,529.19,526.13,517.31,486.36,426.23,363.16,328.52,306.45,270.53,228.38,190.23,157.28,130.95,111.22,97.24,88.79,85.74,86.38,87.78,89.42,92.30,99.20,103.90,94.40,78.94,70.42,66.17,62.04,58.34,55.39,53.51,53.16,54.77,58.41,63.73,69.06,72.39,73.46,72.39,72.65,75.43,73.79,63.57,48.52,34.78,25.63,20.32,16.89,14.35,12.31,10.62,9.19,7.99,6.97,6.11,5.38,4.76,4.24,3.80,3.43,3.11,2.84,2.62,2.42,2.26,2.11,1.99,1.89,1.79,1.71,1.65,1.58,1.53,1.48,1.44,1.40,1.37,1.34,1.31,1.28,1.26,1.23,1.21,1.19,1.18,1.16,1.14,1.13,1.11,1.10,1.09,1.07,1.06,1.05,1.04,1.03,1.01,1.00,0.99,0.98,0.97,0.96,0.96,0.95,0.94,0.93,0.92,0.91,0.90,0.90,0.89,0.88,0.87,0.87,0.86,0.85,0.85,0.84,0.83,0.83,0.80,204.20,190.62,197.79,231.81,301.72,419.82,579.42,764.08,972.25,1169.44,1068.90,1387.95,1767.07,1962.95,1816.56,1314.63,743.76,446.52,345.54,276.89,211.99,155.97,123.28,98.95,71.16,46.18,31.87,25.28,20.87,17.51,14.73,12.45,10.54,8.95,7.63,6.52,5.60,4.83,4.19,3.65,3.21,2.84,2.53,2.28,2.06,1.88,1.73,1.60,1.49,1.39,1.32,1.25,1.19,1.14,1.09,1.06,1.02,0.99,0.96,0.94,0.92,0.90,0.88,0.87,0.85,0.84,0.83,0.81,0.80,0.79,0.78,0.77,0.76,0.75,0.74,0.73,0.73,0.72,0.71,0.70,0.70,0.69,0.68,0.68,0.67,0.66,0.66,0.65,0.65,0.64,0.64,0.63,0.63,0.62,0.62,0.61,0.61,0.60,0.60,0.57,23.81,20.84,21.56,30.22,56.04,106.09,166.58,224.46,280.85,330.47,319.21,307.12,300.48,305.05,307.64,303.94,312.48,345.74,395.17,379.58,263.22,150.30,101.67,85.12,73.64,63.43,54.06,45.72,38.41,32.11,26.75,22.22,18.42,15.26,12.63,10.46,8.67,7.20,5.99,5.00,4.18,3.52,2.97,2.53,2.16,1.87,1.62,1.42,1.26,1.13,1.02,0.93,0.85,0.79,0.74,0.70,0.67,0.64,0.61,0.59,0.58,0.56,0.55,0.54,0.53,0.52,0.52,0.51,0.51,0.50,0.50,0.49,0.49,0.48,0.48,0.48,0.48,0.47,0.47,0.47,0.47,0.46,0.46,0.46,0.46
31,1,10,0,17,891.4918,0.45,0.45,0.45,0.45,0.45,0.44,0.44,0.44,0.44,0.44,0.43,0.43,0.43,0.43,0.44,-340.25,-385.22,-394.19,-361.68,-217.45,95.60,491.20,852.13,1313.28,1869.42,2189.60,1685.07,1303.64,1056.42,957.04,973.46,1001.88,939.83,889.89,1024.07,1275.64,1452.60,1516.66,1524.70,1477.17,1358.84,1194.62,1025.48,886.23,800.18,772.69,795.42,844.44,891.99,937.68,1000.86,1054.51,1060.30,1040.85,1021.90,996.02,969.33,941.73,911.51,899.68,926.94,995.06,1057.13,1042.53,934.87,800.57,706.21,658.60,652.42,675.96,714.24,759.40,783.39,762.92,708.17,641.48,588.93,557.96,536.12,527.71,525.19,513.51,501.09,492.38,472.97,430.01,370.67,316.32,277.89,252.95,237.41,226.59,220.68,214.51,201.56,187.94,169.00,142.17,121.52,108.33,96.60,86.25,77.80,72.21,70.49,72.59,77.46,83.01,87.31,89.69,94.11,102.58,101.52,88.64,79.43,76.09,76.05,80.72,82.66,71.62,55.20,44.95,38.02,31.32,25.55,20.65,16.62,13.34,10.72,8.65,7.01,5.72,4.71,3.92,3.31,2.82,2.44,2.14,1.89,1.70,1.55,1.43,1.32,1.24,1.17,1.12,1.07,1.03,0.99,0.96,0.94,0.91,0.89,0.87,0.85,0.84,0.82,0.81,0.80,0.78,0.77,0.76,0.75,0.74,0.73,0.72,0.71,0.70,0.70,0.69,0.68,0.67,0.66,0.66,0.65,0.64,0.64,0.63,0.62,0.62,0.61,0.61,0.60,0.59,0.59,0.58,0.58,0.57,0.57,0.56,0.56,0.55,0.55,0.54,0.54,0.53,0.53,0.53,0.52,0.52,0.51,0.51,0.51,0.50,0.50,0.49,0.49,0.49,0.48,0.48,0.48,0.47,0.47,0.47,0.46,202.73,190.37,197.49,231.53,301.49,419.46,578.25,761.01,966.20,1159.62,1057.13,1401.29,1821.63,2051.38,1918.54,1434.18,887.36,597.45,499.47,434.92,355.02,278.41,240.30,206.85,149.17,90.31,57.92,45.71,38.13,32.25,27.20,22.94,19.29,16.21,13.61,11.44,9.62,8.10,6.84,5.79,4.93,4.22,3.63,3.14,2.73,2.40,2.12,1.89,1.70,1.54,1.40,1.29,1.20,1.12,1.05,0.99,0.94,0.90,0.86,0.83,0.81,0.78,0.76,0.74,0.72,0.71,0.69,0.68,0.67,0.65,0.64,0.63,0.62,0.61,0.61,0.60,0.59,0.58,0.57,0.57,0.56,0.55,0.55,0.54,0.54,0.53,0.52,0.52,0.51,0.51,0.50,0.50,0.49,0.49,0.48,0.48,0.48,0.47,0.47,0.44,-66.33,-77.51,-77.39,-65.35,-13.01,99.47,220.71,314.40,389.72,449.19,619.78,637.32,599.99,572.75,492.13,352.07,252.58,203.90,185.88,162.39,108.77,62.06,41.20,33.95,28.91,24.82,21.07,17.87,15.04,12.66,10.61,8.89,7.45,6.25,5.25,4.43,3.74,3.18,2.72,2.34,2.03,1.77,1.56,1.38,1.24,1.12,1.02,0.94,0.87,0.82,0.77,0.73,0.70,0.67,0.65,0.63,0.61,0.59,0.58,0.57,0.56,0.55,0.54,0.54,0.53,0.52,0.52,0.51,0.50,0.50,0.50,0.49,0.48,0.48,0.48,0.48,0.47,0.46,0.46,0.46,0.46,0.45,0.45,0.45,0.44
32,0,12,27,6,1128.7458,0.44,0.44,0.43,0.43,0.43,0.42,0.42,0.42,0.42,0.41,0.41,0.41,0.41,0.40,0.41,-337.32,-379.77,-387.97,-355.65,-213.78,90.55,471.48,815.58,1261.73,1831.14,2207.03,1661.26,1274.01,1044.30,960.58,1004.73,1102.80,1145.48,1192.13,1400.81,1784.16,2113.90,2120.30,1893.82,1702.41,1601.86,1521.78,1432.85,1358.71,1318.08,1262.74,1223.86,1269.07,1350.36,1382.03,1363.50,1343.38,1284.38,1200.88,1159.04,1164.60,1193.16,1206.29,1194.09,1181.22,1197.69,1235.68,1247.58,1228.11,1184.67,1106.29,995.76,888.44,831.50,812.81,801.07,799.99,825.04,863.32,890.74,904.48,900.43,877.80,854.57,860.73,890.25,909.23,913.83,900.91,861.16,809.84,775.65,784.78,838.20,884.39,870.18,805.89,710.51,612.12,540.08,479.50,421.28,374.23,346.83,327.89,301.70,274.49,254.30,238.73,225.22,214.92,206.93,200.68,198.32,199.62,198.49,187.51,170.37,153.91,138.48,127.61,125.00,126.62,128.28,131.58,139.19,153.06,173.11,186.10,177.13,153.75,132.75,119.37,112.67,114.67,124.12,128.71,116.89,93.54,73.45,60.93,50.54,41.02,32.95,26.23,20.78,16.43,13.01,10.36,8.31,6.74,5.53,4.62,3.92,3.39,2.98,2.67,2.43,2.25,2.10,1.99,1.90,1.83,1.77,1.72,1.68,1.64,1.61,1.58,1.55,1.53,1.51,1.48,1.46,1.45,1.43,1.41,1.39,1.38,1.36,1.34,1.33,1.31,1.30,1.29,1.27,1.26,1.25,1.23,1.22,1.21,1.20,1.19,1.18,1.16,1.15,1.14,1.13,1.12,1.11,1.10,1.09,1.08,1.07,1.07,1.06,1.05,1.04,1.03,1.02,1.01,1.01,1.00,0.99,0.98,0.98,0.97,0.96,0.95,0.94,204.63,190.79,197.97,232.01,301.92,419.97,579.50,764.09,972.28,1169.67,1068.61,1389.43,1775.61,1977.50,1830.64,1317.66,727.53,419.62,319.54,258.53,210.86,175.69,160.30,143.06,106.57,67.76,46.16,37.32,31.50,26.79,22.76,19.32,16.38,13.89,11.79,10.02,8.54,7.30,6.27,5.41,4.69,4.10,3.60,3.19,2.85,2.56,2.32,2.12,1.95,1.80,1.68,1.58,1.49,1.42,1.35,1.29,1.24,1.20,1.16,1.13,1.10,1.08,1.05,1.03,1.01,0.99,0.97,0.96,0.94,0.93,0.92,0.90,0.89,0.88,0.87,0.86,0.85,0.84,0.83,0.82,0.81,0.81,0.80,0.79,0.78,0.77,0.77,0.76,0.75,0.75,0.74,0.73,0.73,0.72,0.72,0.71,0.70,0.70,0.69,0.67,-24.60,-30.68,-30.39,-21.80,11.79,82.25,160.28,224.12,278.58,323.20,402.32,406.97,386.75,374.95,336.66,267.61,222.11,209.10,216.09,199.74,136.73,78.16,52.56,43.78,37.68,32.45,27.65,23.45,19.75,16.59,13.88,11.61,9.70,8.11,6.79,5.70,4.80,4.05,3.44,2.94,2.53,2.19,1.92,1.69,1.50,1.35,1.22,1.12,1.03,0.96,0.91,0.86,0.82,0.78,0.75,0.73,0.71,0.69,0.68,0.66,0.65,0.64,0.64,0.63,0.62,0.61,0.61,0.61,0.60,0.59,0.59,0.59,0.58,0.58,0.57,0.57,0.56,0.56,0.56,0.56,0.55,0.55,0.55,0.54,0.54
33,0,23,14,31,900.8277,0.54,0.54,0.53,0.53,0.53,0.52,0.52,0.52,0.52,0.51,0.51,0.51,0.51,0.50,0.51,-338.48,-382.48,-391.18,-358.81,-215.90,92.42,479.84,831.62,1285.54,1842.01,2150.94,1617.53,1228.10,976.28,853.16,830.47,842.43,809.78,793.40,912.34,1129.01,1283.89,1286.97,1196.31,1088.71,986.34,908.53,867.62,859.58,875.64,891.82,898.72,907.19,912.40,894.18,878.20,907.50,954.56,975.43,980.30,989.05,989.55,971.94,965.94,993.39,1036.99,1076.00,1106.99,1144.40,1168.20,1151.44,1108.53,1058.48,1013.50,959.37,886.52,838.60,843.85,873.06,896.20,915.16,934.40,942.67,939.68,931.80,906.65,858.94,800.16,738.39,672.81,599.09,524.23,459.19,407.08,372.15,356.67,347.89,334.65,317.70,296.74,280.28,266.89,245.25,219.32,191.86,169.77,159.84,150.37,129.05,103.32,84.69,71.16,59.14,48.93,40.42,33.39,27.66,23.00,19.23,16.18,13.72,11.73,10.11,8.79,7.71,6.82,6.08,5.47,4.96,4.53,4.16,3.85,3.58,3.35,3.15,2.97,2.82,2.68,2.56,2.45,2.35,2.26,2.18,2.11,2.05,1.99,1.93,1.88,1.84,1.79,1.75,1.71,1.68,1.64,1.61,1.58,1.56,1.53,1.50,1.48,1.46,1.44,1.41,1.39,1.38,1.36,1.34,1.32,1.31,1.29,1.27,1.26,1.24,1.23,1.22,1.20,1.19,1.18,1.16,1.15,1.14,1.13,1.12,1.11,1.10,1.09,1.08,1.07,1.06,1.05,1.04,1.03,1.02,1.01,1.00,0.99,0.98,0.98,0.97,0.96,0.95,0.94,0.94,0.93,0.92,0.91,0.91,0.90,0.89,0.89,0.88,0.87,0.87,0.86,0.86,0.85,0.84,0.84,0.83,0.83,203.71,190.59,197.78,231.81,301.72,419.82,579.49,764.24,972.03,1167.96,1062.75,1376.31,1749.49,1941.54,1794.25,1283.02,694.94,388.71,286.64,221.44,169.54,129.56,107.36,89.60,65.72,42.67,29.37,23.38,19.43,16.36,13.81,11.70,9.92,8.43,7.19,6.15,5.28,4.56,3.95,3.45,3.03,2.69,2.40,2.16,1.95,1.78,1.64,1.52,1.42,1.33,1.26,1.20,1.14,1.10,1.06,1.02,0.99,0.96,0.94,0.92,0.90,0.88,0.87,0.85,0.84,0.83,0.81,0.80,0.79,0.78,0.77,0.76,0.76,0.75,0.74,0.73,0.73,0.72,0.71,0.70,0.70,0.69,0.69,0.68,0.67,0.67,0.66,0.66,0.65,0.65,0.64,0.64,0.63,0.63,0.62,0.62,0.62,0.61,0.61,0.58,27.36,26.10,26.75,33.52,52.23,87.51,131.48,175.59,220.00,259.69,233.94,221.35,218.71,225.32,234.99,244.38,261.20,295.87,342.48,330.44,229.57,131.18,88.79,74.38,64.40,55.50,47.32,40.04,33.64,28.14,23.45,19.48,16.16,13.40,11.10,9.20,7.64,6.35,5.29,4.42,3.71,3.13,2.65,2.26,1.95,1.69,1.47,1.30,1.16,1.04,0.94,0.86,0.80,0.75,0.70,0.67,0.64,0.61,0.59,0.57,0.56,0.55,0.54,0.53,0.52,0.51,0.51,0.50,0.50,0.49,0.49,0.49,0.48,0.48,0.48,0.48,0.47,0.47,0.47,0.47,0.46,0.46,0.46,0.46,0.46
34,0,19,0,24,999.5575,0.45,0.45,0.45,0.45,0.45,0.44,0.44,0.44,0.44,0.44,0.44,0.43,0.43,0.43,0.44,-340.27,-385.53,-394.60,-362.09,-217.79,95.53,491.44,852.90,1315.02,1866.44,2158.60,1649.31,1262.26,1002.79,880.49,859.66,852.22,774.70,712.25,805.46,985.83,1093.11,1109.75,1100.28,1102.06,1111.07,1100.24,1063.48,1022.29,988.48,963.37,961.39,987.86,1048.95,1165.34,1317.76,1427.10,1446.99,1430.72,1439.69,1467.16,1488.13,1496.19,1486.46,1468.11,1479.41,1505.01,1459.00,1320.39,1170.25,1070.23,1023.64,1018.87,1035.28,1070.98,1120.00,1135.78,1091.53,1006.96,913.73,816.63,723.83,679.72,688.56,710.96,721.22,706.61,670.76,625.18,589.65,576.71,566.91,541.23,496.66,444.10,403.73,389.02,391.57,389.32,379.84,364.67,316.37,250.96,212.21,196.12,184.56,171.51,164.17,164.03,164.22,162.97,163.78,168.37,172.96,175.54,172.47,159.33,146.16,142.33,140.86,135.28,127.92,117.42,98.40,77.31,63.54,54.47,46.21,38.93,32.68,27.38,22.96,19.29,16.27,13.78,11.73,10.04,8.65,7.49,6.53,5.73,5.05,4.48,4.00,3.59,3.24,2.94,2.68,2.46,2.26,2.09,1.94,1.81,1.70,1.60,1.51,1.43,1.36,1.30,1.24,1.19,1.15,1.11,1.07,1.03,1.00,0.98,0.95,0.93,0.90,0.88,0.87,0.85,0.83,0.82,0.80,0.79,0.78,0.76,0.75,0.74,0.73,0.72,0.71,0.70,0.69,0.68,0.68,0.67,0.66,0.65,0.65,0.64,0.63,0.63,0.62,0.61,0.61,0.60,0.60,0.59,0.59,0.58,0.58,0.57,0.57,0.56,0.56,0.55,0.55,0.54,0.54,0.53,0.53,0.52,0.52,0.52,0.51,0.51,0.50,203.00,190.45,197.58,231.65,301.62,419.48,577.92,759.98,963.96,1155.66,1049.28,1395.98,1823.78,2056.32,1913.74,1412.67,851.14,555.51,460.51,405.65,345.02,290.90,271.30,245.91,180.49,108.47,69.08,54.96,46.34,39.45,33.40,28.21,23.72,19.91,16.67,13.96,11.68,9.78,8.21,6.90,5.82,4.93,4.20,3.59,3.09,2.68,2.34,2.06,1.82,1.63,1.47,1.34,1.23,1.13,1.05,0.99,0.93,0.88,0.85,0.81,0.78,0.76,0.74,0.72,0.70,0.68,0.67,0.66,0.65,0.64,0.63,0.62,0.61,0.60,0.59,0.58,0.58,0.57,0.56,0.56,0.55,0.55,0.54,0.54,0.53,0.53,0.52,0.52,0.51,0.51,0.50,0.50,0.49,0.49,0.49,0.48,0.48,0.47,0.47,0.44,-50.00,-56.64,-56.66,-49.45,-16.49,55.08,131.33,188.73,233.53,268.21,388.63,402.51,377.38,357.70,301.11,204.05,133.58,95.14,75.88,61.63,40.16,23.03,15.06,12.24,10.29,8.84,7.50,6.41,5.44,4.63,3.93,3.35,2.86,2.46,2.12,1.84,1.61,1.42,1.26,1.13,1.02,0.93,0.86,0.79,0.74,0.70,0.66,0.63,0.61,0.59,0.57,0.55,0.54,0.53,0.52,0.51,0.50,0.49,0.49,0.48,0.47,0.47,0.47,0.46,0.46,0.45,0.45,0.45,0.44,0.44,0.44,0.43,0.43,0.42,0.42,0.42,0.41,0.41,0.41,0.41,0.41,0.40,0.40,0.40,0.40
35,0,6,24,29,939.3641,0.39,0.39,0.39,0.39,0.38,0.38,0.38,0.38,0.38,0.37,0.37,0.37,0.37,0.36,0.36,-337.84,-381.14,-389.53,-357.17,-214.73,91.64,475.93,824.24,1274.70,1836.36,2168.12,1620.89,1222.59,970.35,853.75,843.45,879.18,879.32,891.64,1026.88,1273.59,1474.58,1456.49,1271.51,1095.69,991.28,934.59,888.61,838.16,808.82,773.38,711.35,694.72,741.36,761.17,720.75,694.45,702.38,705.70,687.23,663.95,661.01,677.98,703.46,733.49,767.62,809.70,861.20,923.79,971.73,962.10,921.02,894.46,872.03,843.95,824.62,823.74,845.90,888.46,944.83,1004.83,1039.85,1036.95,1037.69,1073.66,1102.32,1086.49,1038.91,970.89,896.59,835.40,788.90,754.08,739.23,739.83,725.30,678.51,624.71,597.33,567.79,499.63,418.06,346.13,287.66,248.54,228.53,217.52,207.59,199.02,194.47,192.03,179.49,152.99,128.68,117.29,115.02,116.86,120.23,124.75,129.99,135.83,145.43,157.66,152.69,131.26,121.06,123.10,122.58,113.75,97.85,80.12,65.78,55.89,48.64,42.79,37.77,33.38,29.50,26.09,23.08,20.43,18.11,16.07,14.28,12.72,11.36,10.16,9.12,8.20,7.40,6.70,6.08,5.55,5.07,4.65,4.29,3.96,3.68,3.43,3.20,3.01,2.83,2.67,2.53,2.41,2.30,2.20,2.11,2.03,1.95,1.89,1.83,1.77,1.72,1.68,1.63,1.59,1.56,1.53,1.49,1.47,1.44,1.41,1.39,1.37,1.35,1.33,1.31,1.29,1.27,1.26,1.24,1.22,1.21,1.20,1.18,1.17,1.16,1.15,1.13,1.12,1.11,1.10,1.09,1.08,1.07,1.06,1.05,1.04,1.03,1.02,1.01,1.01,1.00,0.99,0.98,0.97,0.96,0.96,0.94,204.12,190.82,197.99,232.03,301.97,419.94,579.09,762.82,969.53,1164.91,1062.54,1396.46,1803.49,2020.06,1872.36,1361.82,785.62,485.52,388.88,331.32,277.72,233.58,216.35,194.90,143.71,88.38,58.08,46.63,39.37,33.54,28.47,24.13,20.39,17.22,14.53,12.27,10.37,8.78,7.47,6.37,5.46,4.71,4.08,3.56,3.13,2.78,2.48,2.24,2.03,1.86,1.72,1.59,1.49,1.41,1.33,1.27,1.22,1.17,1.13,1.10,1.07,1.04,1.02,1.00,0.98,0.96,0.94,0.93,0.91,0.90,0.89,0.88,0.87,0.86,0.85,0.84,0.83,0.82,0.81,0.80,0.80,0.79,0.78,0.78,0.77,0.76,0.75,0.75,0.74,0.74,0.73,0.73,0.72,0.71,0.71,0.70,0.70,0.69,0.69,0.66,2.35,0.43,0.77,6.16,24.24,60.62,102.81,140.47,175.22,204.99,220.56,217.18,209.64,208.43,199.85,181.18,172.99,182.20,202.48,192.54,133.15,76.16,51.51,43.11,37.28,32.14,27.43,23.25,19.58,16.43,13.74,11.47,9.57,7.99,6.67,5.58,4.68,3.94,3.34,2.84,2.43,2.10,1.82,1.60,1.41,1.26,1.14,1.03,0.95,0.88,0.83,0.78,0.74,0.71,0.68,0.66,0.64,0.62,0.61,0.60,0.59,0.58,0.57,0.57,0.56,0.55,0.55,0.54,0.54,0.54,0.53,0.53,0.53,0.52,0.52,0.52,0.52,0.51,0.51,0.51,0.50,0.50,0.50,0.50,0.50
36,0,6,17,9,912.6766,0.49,0.49,0.49,0.49,0.48,0.48,0.48,0.48,0.48,0.47,0.47,0.47,0.47,0.47,0.47,-339.34,-384.14,-393.00,-360.55,-216.84,94.31,486.66,844.20,1303.03,1857.54,2160.53,1639.23,1247.45,988.56,866.13,846.11,849.81,794.46,751.73,845.67,1022.29,1137.06,1128.34,1044.46,971.25,937.03,909.81,874.06,851.69,851.00,855.56,861.36,872.50,892.83,930.89,998.31,1075.14,1120.20,1151.01,1208.07,1272.65,1290.13,1234.45,1132.33,1029.84,959.45,926.51,906.87,886.05,880.93,914.29,974.45,990.21,926.34,844.19,786.78,749.54,718.41,688.34,677.22,690.89,711.16,724.23,736.68,738.80,695.19,620.55,568.11,546.60,536.91,533.89,544.17,564.86,584.80,597.91,591.58,550.58,479.77,408.90,364.07,350.26,364.76,399.56,435.18,447.47,428.92,394.27,350.04,293.45,239.47,206.60,194.64,197.70,205.33,192.67,152.70,110.56,80.36,58.75,43.96,33.60,25.84,19.90,15.36,11.89,9.27,7.29,5.80,4.68,3.83,3.19,2.71,2.34,2.06,1.84,1.68,1.54,1.44,1.36,1.29,1.23,1.18,1.15,1.11,1.08,1.05,1.03,1.01,0.99,0.97,0.95,0.94,0.92,0.91,0.89,0.88,0.87,0.86,0.84,0.83,0.82,0.81,0.80,0.79,0.78,0.77,0.77,0.76,0.75,0.74,0.73,0.73,0.72,0.71,0.70,0.70,0.69,0.68,0.68,0.67,0.66,0.66,0.65,0.65,0.64,0.64,0.63,0.63,0.62,0.61,0.61,0.60,0.60,0.60,0.59,0.59,0.58,0.58,0.57,0.57,0.56,0.56,0.56,0.55,0.55,0.54,0.54,0.54,0.53,0.53,0.53,0.52,0.52,0.52,0.51,0.51,0.50,0.50,0.50,0.48,204.00,190.39,197.53,231.58,301.53,419.49,578.35,761.32,966.72,1160.22,1056.02,1394.42,1807.60,2030.52,1890.13,1392.49,831.65,537.77,441.04,380.21,313.61,253.47,226.04,198.79,144.53,87.64,56.56,44.91,37.62,31.87,26.91,22.69,19.07,16.02,13.44,11.27,9.46,7.96,6.71,5.67,4.81,4.11,3.52,3.04,2.64,2.31,2.04,1.81,1.62,1.47,1.34,1.23,1.14,1.06,1.00,0.94,0.89,0.85,0.82,0.79,0.77,0.74,0.72,0.71,0.69,0.68,0.66,0.65,0.64,0.63,0.62,0.61,0.60,0.60,0.59,0.58,0.57,0.57,0.56,0.55,0.55,0.54,0.54,0.53,0.53,0.52,0.52,0.51,0.51,0.50,0.50,0.49,0.49,0.49,0.48,0.48,0.47,0.47,0.47,0.44,-35.61,-41.15,-41.05,-34.09,-4.37,59.26,128.14,181.87,225.51,260.19,352.72,361.75,341.07,326.36,282.46,205.94,152.09,127.08,119.54,106.01,71.53,40.96,27.27,22.53,19.26,16.57,14.10,11.98,10.11,8.52,7.15,6.01,5.05,4.25,3.59,3.04,2.58,2.21,1.90,1.65,1.44,1.27,1.13,1.01,0.92,0.84,0.77,0.72,0.67,0.64,0.61,0.58,0.56,0.54,0.52,0.51,0.50,0.49,0.48,0.47,0.46,0.46,0.46,0.45,0.44,0.44,0.44,0.43,0.43,0.42,0.42,0.42,0.41,0.41,0.41,0.41,0.40,0.40,0.40,0.40,0.39,0.39,0.39,0.39,0.39
37,1,16,13,29,945.6020,0.38,0.38,0.38,0.38,0.37,0.37,0.37,0.37,0.37,0.36,0.36,0.36,0.36,0.36,0.36,-338.02,-381.54,-390.01,-357.64,-215.10,91.73,476.82,826.19,1277.90,1838.00,2160.52,1615.15,1216.30,960.18,837.34,817.49,841.35,831.50,835.22,960.35,1195.15,1391.95,1397.67,1251.82,1093.73,966.20,864.02,802.05,786.15,803.67,801.81,772.56,782.44,832.31,839.36,796.15,780.68,787.90,784.16,780.01,781.66,803.00,855.56,920.76,975.22,1020.81,1065.47,1118.21,1184.62,1213.86,1175.92,1117.88,1072.12,1039.55,1020.35,1014.63,1018.45,1022.02,1028.07,1049.49,1084.26,1116.59,1138.98,1148.59,1140.13,1118.54,1070.84,966.77,836.54,725.44,633.20,558.51,498.96,456.23,433.96,419.12,396.05,369.41,353.31,346.79,336.40,313.66,291.45,285.22,292.22,300.53,306.26,306.70,291.20,271.08,260.06,241.88,218.56,209.04,201.86,172.30,129.64,97.47,75.86,60.35,49.16,40.36,33.29,27.57,22.95,19.22,16.21,13.78,11.82,10.21,8.90,7.83,6.93,6.19,5.57,5.04,4.59,4.21,3.88,3.60,3.36,3.14,2.95,2.79,2.64,2.51,2.40,2.29,2.20,2.11,2.04,1.97,1.91,1.85,1.80,1.75,1.71,1.67,1.63,1.59,1.56,1.53,1.50,1.47,1.45,1.42,1.40,1.38,1.36,1.34,1.32,1.30,1.28,1.27,1.25,1.24,1.22,1.21,1.19,1.18,1.17,1.15,1.14,1.13,1.12,1.11,1.10,1.08,1.07,1.06,1.05,1.04,1.03,1.02,1.02,1.01,1.00,0.99,0.98,0.97,0.96,0.96,0.95,0.94,0.93,0.93,0.92,0.91,0.90,0.90,0.89,0.88,0.88,0.87,0.86,0.86,0.85,0.84,0.84,0.84,203.30,190.66,197.83,231.86,301.78,419.82,579.19,763.32,970.53,1166.29,1065.43,1403.69,1816.91,2040.95,1899.79,1397.73,834.06,541.00,444.62,383.46,316.80,256.52,228.91,201.36,146.74,89.65,58.41,46.57,39.10,33.21,28.11,23.79,20.07,16.92,14.26,12.02,10.15,8.59,7.28,6.20,5.31,4.57,3.95,3.44,3.02,2.67,2.38,2.14,1.94,1.77,1.63,1.52,1.42,1.34,1.26,1.20,1.15,1.10,1.07,1.04,1.01,0.98,0.96,0.94,0.92,0.90,0.89,0.87,0.86,0.85,0.84,0.83,0.81,0.80,0.80,0.79,0.78,0.77,0.76,0.75,0.75,0.74,0.73,0.73,0.72,0.71,0.71,0.70,0.70,0.69,0.68,0.68,0.67,0.67,0.66,0.66,0.65,0.65,0.64,0.62,2.16,0.39,0.73,6.12,24.20,60.59,102.78,140.44,175.19,204.96,220.50,217.13,209.59,208.31,199.69,181.07,172.91,182.13,202.41,192.48,133.08,76.08,51.47,43.08,37.25,32.11,27.39,23.21,19.55,16.39,13.70,11.44,9.53,7.95,6.63,5.55,4.65,3.91,3.30,2.80,2.40,2.06,1.79,1.56,1.38,1.23,1.10,1.00,0.92,0.85,0.79,0.75,0.71,0.68,0.65,0.63,0.61,0.59,0.58,0.57,0.56,0.55,0.54,0.53,0.53,0.52,0.52,0.51,0.51,0.51,0.50,0.50,0.50,0.49,0.49,0.49,0.49,0.48,0.48,0.48,0.48,0.47,0.47,0.47,0.47
38,0,7,25,9,975.8843,0.47,0.46,0.46,0.46,0.46,0.45,0.45,0.45,0.45,0.45,0.44,0.44,0.44,0.44,0.45,-339.10,-383.70,-392.50,-360.06,-216.57,93.80,484.82,840.76,1298.18,1854.38,2165.42,1642.47,1252.88,998.91,881.78,869.66,882.81,834.56,799.73,910.56,1122.35,1283.10,1308.26,1239.36,1156.31,1071.55,957.91,813.15,666.83,559.14,509.33,505.56,521.74,544.27,580.43,634.34,682.06,689.54,666.35,653.31,669.94,715.60,775.04,834.59,902.83,992.88,1090.06,1144.02,1133.71,1091.42,1041.21,982.57,920.83,876.62,866.14,890.39,942.70,1008.76,1072.89,1134.22,1206.00,1271.50,1269.06,1194.37,1112.66,1041.18,975.95,934.80,916.99,909.49,873.67,797.72,732.67,693.54,652.32,604.39,566.99,556.03,570.90,585.05,559.95,501.20,444.23,395.57,356.71,338.45,339.93,338.05,310.65,268.85,237.78,217.03,195.16,175.00,158.64,144.50,133.67,127.46,125.58,124.62,119.24,106.35,89.15,74.12,66.30,67.01,70.00,70.98,75.21,81.46,76.20,56.84,36.89,23.63,15.92,11.76,9.18,7.34,5.96,4.91,4.11,3.49,3.01,2.64,2.36,2.13,1.95,1.80,1.69,1.59,1.51,1.44,1.38,1.33,1.29,1.25,1.22,1.19,1.16,1.13,1.11,1.09,1.07,1.05,1.03,1.02,1.00,0.99,0.97,0.96,0.95,0.93,0.92,0.91,0.90,0.89,0.88,0.87,0.86,0.85,0.84,0.83,0.82,0.82,0.81,0.80,0.79,0.78,0.78,0.77,0.76,0.75,0.75,0.74,0.74,0.73,0.72,0.72,0.71,0.70,0.70,0.69,0.69,0.68,0.68,0.67,0.67,0.66,0.66,0.65,0.65,0.64,0.64,0.63,0.63,0.62,0.62,0.61,0.61,0.62,203.50,190.34,197.50,231.50,301.41,419.61,579.37,764.11,971.96,1168.15,1069.64,1410.40,1823.45,2052.25,1927.42,1451.62,915.04,632.72,532.92,459.24,361.09,262.96,207.07,165.86,116.22,70.94,45.83,35.69,29.31,24.57,20.60,17.36,14.60,12.31,10.38,8.78,7.44,6.33,5.40,4.63,3.99,3.47,3.03,2.67,2.37,2.11,1.91,1.73,1.59,1.46,1.36,1.27,1.20,1.14,1.08,1.03,0.99,0.95,0.93,0.90,0.88,0.86,0.84,0.82,0.80,0.79,0.77,0.76,0.75,0.74,0.73,0.72,0.71,0.70,0.69,0.68,0.67,0.67,0.66,0.65,0.65,0.64,0.63,0.63,0.62,0.61,0.61,0.60,0.60,0.59,0.59,0.58,0.58,0.57,0.57,0.56,0.56,0.55,0.55,0.52,-5.36,-10.20,-9.70,-0.55,31.74,97.66,172.90,238.12,296.80,346.41,390.96,388.58,373.06,367.81,345.08,300.22,275.48,281.91,308.00,290.91,200.77,114.89,77.28,64.43,55.62,47.89,40.80,34.53,29.02,24.29,20.26,16.86,14.00,11.62,9.65,8.02,6.67,5.57,4.66,3.91,3.30,2.79,2.38,2.05,1.77,1.55,1.36,1.21,1.09,0.98,0.90,0.83,0.77,0.73,0.69,0.65,0.63,0.60,0.58,0.57,0.55,0.54,0.53,0.53,0.52,0.51,0.50,0.50,0.49,0.49,0.48,0.48,0.47,0.47,0.47,0.47,0.46,0.46,0.46,0.45,0.45,0.45,0.45,0.44,0.44
39,1,4,7,3,1046.6496,0.44,0.44,0.43,0.43,0.43,0.43,0.43,0.42,0.42,0.42,0.42,0.41,0.41,0.41,0.42,-338.79,-382.51,-391.10,-358.68,-215.66,92.96,481.08,833.25,1286.52,1850.53,2207.83,1686.27,1305.33,1071.94,988.18,1031.44,1107.03,1100.46,1097.93,1276.49,1619.95,1922.05,2006.28,1912.98,1758.60,1560.11,1334.68,1148.72,1029.02,956.07,904.27,875.51,881.85,913.68,936.63,941.53,941.26,919.64,893.73,887.90,891.74,913.63,957.45,1006.60,1055.81,1116.46,1175.62,1211.20,1209.05,1160.49,1092.34,1028.33,987.77,986.07,1002.77,1009.09,995.05,974.57,968.13,979.56,986.16,962.66,913.67,861.28,808.80,732.44,641.21,580.99,557.04,538.19,509.33,478.40,456.74,448.99,457.02,475.52,499.42,530.60,558.25,567.50,559.20,543.22,526.41,508.00,486.00,462.33,431.87,390.62,359.35,347.87,332.65,297.21,252.52,213.32,184.78,167.74,158.10,151.63,143.40,128.59,109.09,90.49,77.70,73.68,75.06,75.62,77.65,83.74,82.54,65.29,43.71,28.51,19.22,14.22,11.25,9.17,7.60,6.38,5.43,4.68,4.10,3.64,3.28,2.98,2.75,2.56,2.40,2.27,2.15,2.06,1.98,1.91,1.84,1.79,1.74,1.69,1.65,1.61,1.58,1.55,1.52,1.49,1.46,1.44,1.41,1.39,1.37,1.35,1.33,1.31,1.29,1.28,1.26,1.24,1.23,1.21,1.20,1.18,1.17,1.16,1.14,1.13,1.12,1.11,1.10,1.08,1.07,1.06,1.05,1.04,1.03,1.02,1.01,1.00,0.99,0.98,0.97,0.97,0.96,0.95,0.94,0.93,0.92,0.92,0.91,0.90,0.89,0.89,0.88,0.87,0.86,0.86,0.85,0.84,0.84,0.83,0.83,0.82,0.81,0.81,203.32,190.85,197.99,232.09,302.06,419.82,578.12,760.16,964.55,1157.38,1052.88,1408.34,1856.52,2104.56,1957.43,1438.08,855.75,550.28,459.13,417.57,380.07,352.74,357.96,340.74,254.31,152.94,98.39,79.47,67.75,58.05,49.40,41.85,35.28,29.66,24.87,20.84,17.45,14.62,12.27,10.31,8.69,7.36,6.25,5.34,4.59,3.97,3.46,3.03,2.68,2.39,2.15,1.95,1.79,1.65,1.53,1.43,1.34,1.27,1.21,1.16,1.12,1.08,1.05,1.02,0.99,0.97,0.95,0.93,0.91,0.90,0.88,0.87,0.86,0.84,0.83,0.82,0.81,0.80,0.79,0.78,0.77,0.77,0.76,0.75,0.74,0.74,0.73,0.72,0.72,0.71,0.70,0.70,0.69,0.69,0.68,0.67,0.67,0.66,0.66,0.63,-30.33,-35.84,-35.65,-27.88,3.78,70.83,144.28,203.07,252.12,291.78,377.60,384.43,363.98,350.73,309.64,236.85,187.17,168.15,167.86,152.93,104.15,59.56,39.97,33.23,28.54,24.58,20.94,17.78,14.99,12.61,10.58,8.87,7.43,6.24,5.25,4.43,3.75,3.19,2.73,2.35,2.04,1.79,1.58,1.41,1.26,1.15,1.05,0.97,0.91,0.85,0.81,0.77,0.74,0.71,0.69,0.67,0.66,0.64,0.63,0.62,0.61,0.60,0.60,0.59,0.58,0.57,0.57,0.57,0.56,0.55,0.55,0.55,0.54,0.54,0.54,0.53,0.53,0.53,0.52,0.52,0.52,0.52,0.51,0.51,0.51
40,0,4,17,23,973.9057,0.50,0.50,0.50,0.50,0.49,0.49,0.49,0.49,0.48,0.48,0.48,0.48,0.47,0.47,0.47,-339.20,-383.76,-392.57,-360.13,-216.56,94.17,485.97,842.58,1300.04,1861.52,2207.28,1698.48,1322.00,1087.54,1004.06,1049.50,1119.14,1091.57,1064.27,1202.44,1433.87,1568.45,1516.76,1341.47,1159.60,1037.63,988.89,1001.65,1047.50,1084.68,1069.86,1008.55,956.42,932.53,913.45,913.88,956.56,1018.00,1081.36,1148.22,1188.00,1138.03,997.76,864.99,811.61,826.52,883.64,959.17,1040.32,1130.01,1210.20,1252.12,1236.21,1166.34,1082.18,1018.34,985.75,975.92,978.02,994.49,1022.73,1061.15,1093.46,1096.53,1078.15,1033.72,951.59,850.87,739.84,636.90,569.80,525.87,478.96,417.29,356.43,313.47,281.87,259.55,240.04,209.90,179.35,158.70,144.71,137.05,132.93,121.83,101.00,81.52,69.02,58.77,49.30,41.38,34.64,29.07,24.47,20.70,17.61,15.09,13.02,11.32,9.92,8.75,7.79,6.98,6.29,5.71,5.22,4.80,4.43,4.12,3.84,3.60,3.39,3.20,3.03,2.89,2.75,2.63,2.53,2.43,2.34,2.26,2.19,2.12,2.06,2.00,1.94,1.90,1.85,1.81,1.77,1.73,1.69,1.66,1.63,1.60,1.57,1.54,1.52,1.49,1.47,1.45,1.43,1.41,1.39,1.37,1.35,1.33,1.32,1.30,1.28,1.27,1.25,1.24,1.22,1.21,1.20,1.18,1.17,1.16,1.15,1.14,1.12,1.11,1.10,1.09,1.08,1.07,1.06,1.05,1.04,1.03,1.02,1.01,1.01,1.00,0.99,0.98,0.97,0.96,0.96,0.95,0.94,0.93,0.93,0.92,0.91,0.90,0.90,0.89,0.88,0.88,0.87,0.86,0.86,0.85,0.85,0.84,0.83,0.82,205.14,190.64,197.79,231.80,301.73,419.81,579.17,763.20,970.38,1166.35,1065.53,1389.83,1775.80,1980.37,1848.70,1363.37,802.23,506.84,404.83,331.76,252.59,179.77,136.30,105.75,74.62,47.77,32.26,25.21,20.63,17.24,14.47,12.24,10.37,8.84,7.55,6.48,5.59,4.85,4.23,3.72,3.29,2.93,2.63,2.38,2.17,1.99,1.85,1.72,1.61,1.52,1.44,1.37,1.31,1.26,1.21,1.17,1.14,1.11,1.08,1.06,1.03,1.01,0.99,0.98,0.96,0.94,0.93,0.91,0.90,0.89,0.88,0.87,0.85,0.84,0.83,0.82,0.82,0.81,0.80,0.79,0.78,0.77,0.77,0.76,0.75,0.74,0.74,0.73,0.72,0.72,0.71,0.70,0.70,0.69,0.69,0.68,0.68,0.67,0.67,0.64,-8.74,-15.33,-14.76,-3.72,35.68,116.39,208.15,287.14,357.80,417.32,476.32,474.46,454.93,447.48,417.59,359.75,326.79,331.82,360.73,340.11,234.45,133.98,90.25,75.30,64.97,55.94,47.66,40.33,33.90,28.38,23.67,19.70,16.37,13.60,11.30,9.39,7.82,6.53,5.47,4.59,3.88,3.29,2.81,2.42,2.10,1.84,1.62,1.44,1.30,1.18,1.08,1.00,0.93,0.88,0.83,0.79,0.76,0.73,0.71,0.69,0.67,0.66,0.65,0.64,0.63,0.62,0.62,0.61,0.60,0.59,0.59,0.59,0.58,0.57,0.57,0.57,0.56,0.56,0.56,0.55,0.55,0.55,0.55,0.54,0.54
41,1,21,14,0,1079.7958,0.54,0.53,0.53,0.53,0.52,0.52,0.52,0.52,0.51,0.51,0.51,0.51,0.50,0.50,0.51,-339.11,-382.94,-391.58,-359.14,-215.83,93.78,483.67,838.13,1293.49,1855.98,2203.54,1684.06,1301.41,1062.95,974.17,1008.91,1071.55,1054.29,1046.84,1228.03,1571.08,1852.97,1921.53,1860.44,1794.30,1713.72,1561.59,1341.73,1122.94,982.26,941.19,981.19,1070.54,1172.89,1295.11,1439.15,1512.35,1431.81,1281.73,1204.74,1252.28,1387.86,1519.23,1584.81,1610.68,1674.88,1785.82,1821.66,1709.74,1500.25,1277.63,1078.01,911.40,824.58,807.91,811.76,815.94,816.23,813.74,795.44,746.22,679.51,625.13,603.12,620.40,666.43,695.06,676.10,634.71,593.69,561.19,547.66,545.76,532.48,505.48,483.09,464.34,435.05,405.76,395.17,403.78,404.94,379.07,350.30,331.56,308.80,286.75,269.69,246.29,218.20,195.70,177.96,158.54,137.81,120.99,110.83,106.45,105.60,106.25,107.03,107.59,108.12,107.95,106.00,106.23,114.04,123.15,121.01,103.00,76.99,55.55,42.84,35.70,31.06,27.53,24.58,22.01,19.73,17.69,15.87,14.24,12.78,11.49,10.33,9.30,8.39,7.58,6.86,6.22,5.65,5.15,4.70,4.30,3.95,3.64,3.36,3.11,2.89,2.70,2.52,2.37,2.23,2.10,1.99,1.89,1.80,1.72,1.65,1.59,1.53,1.47,1.42,1.38,1.34,1.30,1.27,1.24,1.21,1.18,1.16,1.13,1.11,1.09,1.07,1.05,1.04,1.02,1.01,0.99,0.98,0.97,0.95,0.94,0.93,0.92,0.91,0.90,0.89,0.88,0.87,0.86,0.85,0.84,0.84,0.83,0.82,0.81,0.81,0.80,0.79,0.78,0.78,0.77,0.76,0.76,0.75,0.75,0.74,0.73,0.74,202.79,190.73,197.86,231.94,301.91,419.73,578.18,760.43,965.17,1158.53,1054.16,1395.15,1815.74,2042.30,1895.97,1387.15,812.31,509.61,413.68,361.09,312.39,273.36,263.32,243.46,180.77,109.95,71.35,57.35,48.60,41.48,35.22,29.81,25.14,21.16,17.78,14.94,12.56,10.57,8.91,7.54,6.40,5.46,4.69,4.04,3.51,3.07,2.70,2.40,2.15,1.94,1.77,1.62,1.50,1.40,1.31,1.23,1.17,1.12,1.07,1.03,1.00,0.97,0.94,0.92,0.89,0.87,0.86,0.84,0.83,0.81,0.80,0.79,0.77,0.76,0.75,0.74,0.73,0.73,0.72,0.71,0.70,0.69,0.69,0.68,0.67,0.67,0.66,0.65,0.65,0.64,0.63,0.63,0.62,0.62,0.61,0.61,0.60,0.60,0.59,0.56,-21.15,-25.53,-25.32,-18.62,7.87,63.56,125.07,175.13,217.61,252.32,316.95,321.11,304.88,295.15,263.96,207.97,170.73,159.12,163.26,150.46,102.90,58.83,39.56,32.95,28.35,24.42,20.81,17.66,14.88,12.51,10.48,8.77,7.34,6.14,5.15,4.33,3.66,3.10,2.64,2.26,1.96,1.70,1.49,1.32,1.18,1.07,0.97,0.89,0.83,0.77,0.73,0.69,0.66,0.64,0.62,0.60,0.58,0.57,0.56,0.55,0.54,0.53,0.52,0.52,0.51,0.51,0.50,0.50,0.49,0.49,0.49,0.48,0.48,0.47,0.47,0.47,0.47,0.46,0.46,0.46,0.46,0.45,0.45,0.45,0.45
42,0,11,12,25,851.7034,0.44,0.44,0.44,0.44,0.43,0.43,0.43,0.43,0.42,0.42,0.42,0.42,0.42,0.41,0.42,-339.05,-383.42,-392.15,-359.71,-216.26,93.88,484.71,840.60,1297.71,1856.29,2179.34,1654.85,1262.47,1008.28,897.13,897.43,926.50,892.08,866.59,980.12,1183.43,1319.57,1297.16,1164.91,1023.07,910.56,833.32,802.94,813.63,834.62,833.95,820.05,824.66,836.07,824.99,820.17,847.88,884.81,921.12,956.53,973.59,952.31,896.85,839.71,803.11,769.69,753.38,785.41,833.63,852.23,829.36,777.27,708.89,654.18,632.12,626.08,625.62,629.36,638.09,659.04,703.04,766.43,806.83,764.10,652.39,545.58,477.94,444.27,429.37,420.09,411.56,403.66,392.51,376.78,370.26,383.30,404.54,413.95,414.91,418.93,410.31,392.99,389.48,378.66,338.64,295.32,263.42,227.76,194.11,173.08,158.60,146.33,136.11,129.66,130.56,129.28,114.18,95.73,84.64,77.55,71.28,65.98,61.78,59.16,58.94,61.87,67.06,72.32,75.85,74.86,70.14,66.47,64.35,63.17,65.72,69.63,67.45,56.68,42.30,30.83,23.95,19.91,17.12,14.92,13.08,11.48,10.08,8.87,7.80,6.88,6.07,5.38,4.77,4.25,3.80,3.41,3.07,2.78,2.53,2.31,2.12,1.95,1.81,1.69,1.58,1.49,1.40,1.33,1.27,1.21,1.17,1.12,1.08,1.05,1.02,0.99,0.96,0.94,0.92,0.90,0.88,0.87,0.85,0.84,0.83,0.81,0.80,0.79,0.78,0.77,0.76,0.75,0.74,0.74,0.73,0.72,0.71,0.71,0.70,0.69,0.69,0.68,0.67,0.67,0.66,0.66,0.65,0.64,0.64,0.63,0.63,0.62,0.62,0.61,0.61,0.60,0.60,0.60,0.59,0.59,203.40,190.39,197.53,231.53,301.46,419.58,579.01,763.11,970.34,1166.29,1066.92,1396.91,1789.43,1997.83,1864.76,1386.70,843.98,557.65,455.97,380.51,289.56,201.37,147.91,111.33,76.81,48.40,32.10,24.75,20.02,16.62,13.86,11.66,9.83,8.33,7.08,6.04,5.18,4.46,3.86,3.37,2.96,2.62,2.33,2.09,1.89,1.73,1.58,1.47,1.36,1.28,1.21,1.14,1.09,1.04,1.00,0.96,0.93,0.90,0.88,0.86,0.84,0.82,0.80,0.79,0.77,0.76,0.75,0.73,0.72,0.71,0.70,0.69,0.68,0.67,0.67,0.66,0.65,0.64,0.64,0.63,0.62,0.62,0.61,0.60,0.60,0.59,0.58,0.58,0.57,0.57,0.56,0.56,0.55,0.55,0.54,0.54,0.53,0.53,0.53,0.50,-12.11,-15.22,-15.00,-9.36,11.96,56.29,105.86,147.18,183.09,212.84,256.27,257.77,245.77,239.51,218.19,179.04,154.27,150.09,158.70,148.03,101.73,58.22,39.18,32.65,28.15,24.26,20.68,17.53,14.77,12.40,10.37,8.67,7.24,6.05,5.06,4.24,3.57,3.01,2.55,2.18,1.87,1.62,1.41,1.24,1.10,0.99,0.89,0.82,0.75,0.70,0.66,0.62,0.59,0.56,0.54,0.53,0.51,0.50,0.49,0.48,0.47,0.46,0.46,0.45,0.45,0.44,0.44,0.43,0.43,0.43,0.42,0.42,0.42,0.41,0.41,0.41,0.41,0.40,0.40,0.40,0.40,0.40,0.39,0.39,0.39
43,0,28,6,25,855.8619,0.39,0.39,0.38,0.38,0.38,0.38,0.38,0.37,0.37,0.37,0.37,0.37,0.36,0.36,0.37,-338.09,-381.59,-390.04,-357.65,-215.01,92.02,477.41,827.24,1279.26,1836.92,2144.91,1592.20,1183.59,915.11,775.89,727.89,723.36,703.02,701.67,813.05,1046.75,1276.28,1342.53,1262.11,1149.58,1029.03,892.42,756.32,639.07,553.40,491.20,447.80,429.41,435.15,460.14,497.80,538.53,578.58,610.32,612.56,583.92,546.80,516.02,495.92,486.94,489.61,502.99,516.94,516.10,508.06,517.53,540.80,554.48,557.69,561.88,573.79,597.41,625.51,645.14,659.03,677.19,703.24,744.68,802.89,861.14,902.45,929.49,942.64,924.33,879.62,849.76,856.81,880.93,882.73,842.33,771.29,690.70,635.03,617.71,621.98,623.78,594.64,532.44,465.79,420.62,395.21,376.58,358.46,341.81,330.99,317.00,288.35,256.01,239.96,247.54,268.16,273.75,251.61,224.75,211.54,209.73,220.00,230.89,219.79,192.69,171.23,156.28,141.89,131.29,122.29,107.92,87.83,66.81,50.25,39.37,32.07,26.70,22.48,19.06,16.24,13.90,11.96,10.34,8.99,7.86,6.91,6.11,5.43,4.86,4.38,3.97,3.61,3.31,3.05,2.83,2.64,2.47,2.33,2.20,2.09,1.99,1.90,1.82,1.75,1.69,1.64,1.59,1.54,1.50,1.46,1.43,1.39,1.36,1.34,1.31,1.29,1.26,1.24,1.22,1.20,1.18,1.17,1.15,1.13,1.12,1.10,1.09,1.08,1.06,1.05,1.04,1.03,1.01,1.00,0.99,0.98,0.97,0.96,0.95,0.94,0.93,0.92,0.91,0.91,0.90,0.89,0.88,0.87,0.86,0.86,0.85,0.84,0.84,0.83,0.82,0.81,0.81,0.80,0.79,0.81,203.87,190.69,197.84,231.90,301.84,419.78,578.72,761.99,967.98,1162.36,1058.46,1393.11,1800.43,2014.74,1861.99,1350.35,778.07,480.03,383.96,327.36,274.59,230.98,214.08,192.83,141.71,86.58,56.60,45.36,38.26,32.57,27.62,23.39,19.74,16.64,14.01,11.80,9.94,8.40,7.10,6.03,5.15,4.41,3.80,3.30,2.88,2.54,2.25,2.01,1.81,1.65,1.51,1.40,1.30,1.22,1.15,1.09,1.04,1.00,0.96,0.93,0.91,0.88,0.86,0.84,0.82,0.81,0.79,0.78,0.77,0.76,0.75,0.74,0.73,0.72,0.71,0.71,0.70,0.69,0.68,0.68,0.67,0.66,0.66,0.65,0.65,0.64,0.64,0.63,0.63,0.62,0.62,0.61,0.61,0.60,0.60,0.59,0.59,0.58,0.58,0.55,-26.28,-30.67,-30.55,-24.66,-0.11,52.16,109.09,154.10,191.18,220.92,292.25,298.59,282.15,270.96,236.97,177.24,135.83,118.21,115.07,103.69,70.37,40.30,27.01,22.42,19.24,16.58,14.13,12.02,10.15,8.57,7.21,6.07,5.11,4.31,3.65,3.10,2.64,2.27,1.96,1.71,1.50,1.33,1.19,1.08,0.98,0.90,0.84,0.78,0.74,0.70,0.67,0.64,0.62,0.60,0.59,0.58,0.56,0.55,0.55,0.54,0.53,0.52,0.52,0.52,0.51,0.50,0.50,0.50,0.49,0.49,0.49,0.49,0.48,0.48,0.48,0.47,0.47,0.47,0.46,0.46,0.46,0.46,0.45,0.45,0.45
44,0,25,14,13,947.7118,0.45,0.45,0.44,0.44,0.44,0.44,0.43,0.43,0.43,0.43,0.43,0.42,0.42,0.42,0.42,-338.31,-382.28,-390.89,-358.51,-215.64,92.40,479.44,831.03,1284.81,1841.10,2144.96,1602.52,1202.55,940.51,807.01,767.85,766.71,735.22,720.32,819.42,1007.22,1152.83,1145.55,1028.30,919.40,849.86,789.31,729.41,684.17,661.57,663.39,693.96,744.13,780.21,803.90,851.32,895.13,890.15,871.77,879.43,911.66,962.45,1014.44,1049.92,1061.03,1063.75,1069.62,1055.58,1012.43,961.90,924.78,901.07,876.52,857.38,863.02,887.76,904.49,907.09,926.49,976.38,1013.75,977.48,878.59,782.35,709.74,665.75,666.50,689.48,694.90,678.74,655.71,618.64,579.47,572.08,581.97,576.89,554.45,531.86,519.74,509.07,500.95,506.09,524.09,531.37,502.50,453.71,415.65,399.68,403.43,416.62,434.96,453.71,460.44,447.95,419.58,384.82,343.53,290.57,238.62,203.11,183.15,174.79,175.00,172.95,154.60,126.37,105.28,91.90,80.16,69.29,59.65,51.12,43.71,37.31,31.82,27.14,23.16,19.79,16.94,14.52,12.48,10.76,9.31,8.09,7.06,6.18,5.45,4.82,4.29,3.85,3.47,3.14,2.87,2.63,2.43,2.26,2.11,1.98,1.87,1.77,1.69,1.61,1.55,1.49,1.44,1.39,1.35,1.32,1.28,1.25,1.22,1.20,1.17,1.15,1.13,1.11,1.09,1.08,1.06,1.04,1.03,1.02,1.00,0.99,0.98,0.97,0.95,0.94,0.93,0.92,0.91,0.90,0.89,0.88,0.87,0.86,0.86,0.85,0.84,0.83,0.82,0.82,0.81,0.80,0.79,0.79,0.78,0.77,0.77,0.76,0.75,0.75,0.74,0.73,0.73,0.72,0.72,0.71,0.71,0.71,203.55,190.39,197.57,231.55,301.45,419.70,579.77,765.20,974.04,1171.27,1072.20,1400.67,1793.27,2004.82,1873.70,1390.11,841.39,554.80,453.46,377.84,287.31,199.70,146.76,110.55,76.33,48.07,31.87,24.59,19.90,16.52,13.78,11.60,9.77,8.28,7.03,6.00,5.14,4.43,3.84,3.35,2.94,2.60,2.31,2.08,1.88,1.71,1.58,1.46,1.36,1.28,1.20,1.14,1.09,1.05,1.00,0.97,0.94,0.91,0.89,0.87,0.85,0.83,0.81,0.80,0.79,0.77,0.76,0.75,0.74,0.73,0.72,0.71,0.70,0.69,0.69,0.68,0.67,0.66,0.66,0.65,0.64,0.64,0.63,0.63,0.62,0.61,0.61,0.60,0.60,0.59,0.59,0.58,0.58,0.57,0.57,0.56,0.56,0.56,0.55,0.52,-6.85,-10.07,-9.75,-3.30,19.95,67.68,121.82,168.21,209.52,244.26,281.03,280.33,268.57,263.92,245.49,209.96,189.30,191.08,206.94,194.85,134.28,76.79,51.76,43.21,37.29,32.12,27.38,23.20,19.52,16.37,13.67,11.40,9.50,7.91,6.60,5.51,4.61,3.87,3.26,2.76,2.35,2.02,1.74,1.52,1.33,1.18,1.06,0.96,0.87,0.80,0.75,0.70,0.66,0.63,0.60,0.58,0.56,0.54,0.53,0.52,0.51,0.50,0.49,0.49,0.48,0.47,0.47,0.46,0.46,0.46,0.45,0.45,0.45,0.45,0.44,0.44,0.44,0.43,0.43,0.43,0.43,0.43,0.42,0.42,0.42
45,1,28,18,15,911.7996,0.42,0.41,0.41,0.41,0.41,0.41,0.40,0.40,0.40,0.40,0.40,0.39,0.39,0.39,0.40,-338.14,-381.80,-390.35,-357.98,-215.37,91.74,477.09,826.47,1278.18,1835.89,2148.66,1604.26,1206.81,950.11,821.56,789.30,797.25,774.53,769.25,894.08,1147.91,1386.39,1462.14,1397.34,1287.51,1156.81,1018.45,901.61,811.20,745.57,685.27,621.47,592.39,609.05,623.10,617.81,623.12,636.05,645.05,660.11,674.41,671.97,661.15,660.71,676.60,708.36,757.08,822.10,871.15,867.08,832.27,813.39,824.58,838.28,825.86,798.01,788.53,808.91,829.24,831.39,826.67,824.04,841.23,895.91,963.58,985.29,930.07,834.40,741.51,668.68,626.82,601.54,573.32,526.46,451.42,371.95,313.69,279.56,263.09,257.51,261.54,276.49,302.46,323.52,328.81,335.17,355.60,382.00,402.54,399.21,367.33,336.18,320.96,318.53,329.44,336.07,312.62,269.59,237.05,220.89,212.88,210.72,211.00,205.83,195.06,182.32,166.05,147.17,130.88,118.42,108.78,105.65,107.68,101.24,80.04,56.69,40.34,30.07,23.95,19.81,16.62,14.06,11.97,10.26,8.85,7.68,6.72,5.92,5.25,4.69,4.22,3.83,3.49,3.20,2.95,2.74,2.56,2.40,2.26,2.14,2.04,1.94,1.86,1.79,1.72,1.66,1.61,1.57,1.52,1.48,1.45,1.41,1.38,1.36,1.33,1.31,1.28,1.26,1.24,1.22,1.20,1.19,1.17,1.16,1.14,1.13,1.11,1.10,1.09,1.07,1.06,1.05,1.04,1.03,1.02,1.01,1.00,0.99,0.98,0.97,0.96,0.95,0.94,0.93,0.92,0.91,0.91,0.90,0.89,0.88,0.88,0.87,0.86,0.85,0.85,0.84,0.83,0.83,0.82,0.84,203.62,190.72,197.90,231.97,301.90,419.81,578.79,762.17,968.11,1162.07,1055.67,1391.37,1805.88,2027.07,1872.72,1346.39,753.75,446.31,351.94,303.79,269.11,247.05,248.01,234.31,174.91,106.26,69.23,55.93,47.59,40.70,34.62,29.33,24.74,20.82,17.49,14.69,12.33,10.37,8.73,7.37,6.25,5.32,4.55,3.91,3.38,2.95,2.59,2.29,2.05,1.84,1.67,1.53,1.42,1.32,1.23,1.16,1.10,1.05,1.01,0.97,0.94,0.91,0.89,0.87,0.85,0.83,0.82,0.80,0.79,0.78,0.77,0.76,0.75,0.74,0.73,0.72,0.71,0.71,0.70,0.69,0.69,0.68,0.67,0.67,0.66,0.66,0.65,0.65,0.64,0.64,0.63,0.63,0.62,0.62,0.61,0.61,0.60,0.60,0.60,0.57,12.89,10.59,11.12,18.15,40.09,83.31,134.65,182.42,227.98,267.68,269.82,262.09,255.01,256.67,253.67,242.50,242.69,263.95,298.89,286.10,198.33,113.46,76.61,64.05,55.41,47.74,40.71,34.45,28.96,24.24,20.21,16.81,13.96,11.59,9.62,7.99,6.65,5.54,4.63,3.89,3.28,2.78,2.37,2.03,1.76,1.53,1.35,1.20,1.08,0.98,0.89,0.82,0.77,0.72,0.68,0.65,0.63,0.60,0.59,0.57,0.56,0.54,0.54,0.53,0.52,0.51,0.51,0.50,0.50,0.49,0.49,0.49,0.48,0.48,0.48,0.47,0.47,0.47,0.47,0.46,0.46,0.46,0.46,0.46,0.45
46,0,8,4,24,965.2643,0.45,0.45,0.45,0.44,0.44,0.44,0.44,0.44,0.44,0.43,0.43,0.43,0.43,0.43,0.44,-340.55,-386.05,-395.19,-362.68,-218.14,96.12,493.72,856.82,1320.07,1875.10,2192.92,1698.86,1323.93,1081.05,987.27,1013.51,1047.16,975.31,909.55,1021.57,1212.98,1297.15,1266.09,1195.14,1136.00,1111.78,1095.77,1060.69,1023.19,1004.76,1001.47,1013.34,1055.86,1119.62,1212.94,1356.55,1482.42,1513.92,1493.95,1487.75,1480.77,1440.72,1373.69,1312.99,1282.98,1280.09,1288.63,1292.70,1291.54,1284.64,1253.87,1196.26,1106.29,994.38,914.17,884.83,874.01,852.61,817.20,777.49,729.75,661.10,586.47,538.01,519.40,508.90,487.44,451.53,414.47,393.31,379.01,341.49,287.55,248.43,231.11,231.01,241.54,252.91,259.33,265.52,284.31,318.35,342.48,326.36,286.62,261.48,241.17,205.98,172.13,152.90,146.36,144.40,133.43,115.81,102.80,94.97,88.80,81.13,74.40,70.48,67.62,67.96,71.45,71.02,61.78,47.28,34.50,26.30,21.52,18.35,15.92,13.90,12.17,10.66,9.35,8.20,7.21,6.35,5.60,4.95,4.40,3.91,3.50,3.14,2.83,2.56,2.32,2.12,1.95,1.80,1.67,1.55,1.45,1.37,1.29,1.22,1.16,1.11,1.07,1.02,0.99,0.96,0.93,0.90,0.88,0.85,0.83,0.82,0.80,0.78,0.77,0.75,0.74,0.73,0.72,0.71,0.70,0.69,0.68,0.67,0.66,0.66,0.65,0.64,0.63,0.63,0.62,0.61,0.61,0.60,0.60,0.59,0.58,0.58,0.57,0.57,0.56,0.56,0.55,0.55,0.54,0.54,0.53,0.53,0.53,0.52,0.52,0.51,0.51,0.50,0.50,0.50,0.49,0.49,0.49,0.48,0.48,0.48,0.47,0.47,204.26,190.36,197.49,231.53,301.49,419.46,578.23,760.95,966.01,1159.22,1054.55,1386.58,1786.63,1999.86,1864.81,1376.78,817.49,521.77,421.89,355.05,281.98,215.28,179.75,151.02,108.63,66.82,43.36,34.04,28.22,23.76,19.99,16.85,14.18,11.95,10.06,8.49,7.18,6.09,5.18,4.43,3.81,3.29,2.87,2.51,2.22,1.97,1.77,1.60,1.45,1.33,1.23,1.15,1.08,1.02,0.96,0.92,0.87,0.84,0.81,0.79,0.77,0.75,0.73,0.71,0.70,0.68,0.67,0.66,0.64,0.63,0.62,0.61,0.61,0.60,0.59,0.58,0.57,0.57,0.56,0.55,0.55,0.54,0.53,0.53,0.52,0.52,0.51,0.51,0.50,0.50,0.49,0.49,0.48,0.48,0.47,0.47,0.47,0.46,0.46,0.43,-30.28,-36.03,-35.85,-28.07,3.59,70.63,144.08,202.87,251.92,291.57,377.41,384.25,363.81,350.63,309.57,236.73,187.03,168.01,167.73,152.78,104.04,59.48,39.81,33.04,28.36,24.40,20.77,17.60,14.82,12.44,10.41,8.70,7.27,6.07,5.08,4.26,3.58,3.03,2.57,2.19,1.88,1.63,1.42,1.25,1.11,0.99,0.90,0.82,0.75,0.70,0.65,0.62,0.59,0.56,0.54,0.52,0.50,0.49,0.48,0.47,0.46,0.45,0.45,0.44,0.43,0.43,0.43,0.42,0.42,0.41,0.41,0.41,0.40,0.40,0.40,0.40,0.39,0.39,0.39,0.38,0.38,0.38,0.38,0.37,0.37
47,1,29,31,8,982.7871,0.37,0.37,0.37,0.36,0.36,0.36,0.36,0.35,0.35,0.35,0.35,0.35,0.34,0.34,0.35,-338.31,-381.73,-390.17,-357.76,-215.01,92.42,478.52,828.98,1281.13,1841.29,2166.04,1620.29,1218.19,959.33,837.52,818.84,842.19,832.30,837.26,970.28,1224.65,1442.80,1466.14,1344.69,1219.21,1118.53,1021.54,936.24,878.84,845.89,808.92,787.31,819.97,881.47,931.93,981.02,1039.30,1071.62,1081.63,1101.83,1127.35,1143.05,1130.54,1084.95,1035.38,1013.10,1031.07,1074.28,1117.78,1144.02,1136.12,1081.43,1002.21,952.54,942.43,939.43,932.61,932.61,932.91,916.75,887.88,843.18,773.09,697.09,644.59,619.29,604.93,583.83,549.12,508.54,475.23,458.86,460.53,468.95,465.81,444.02,420.98,397.21,357.78,319.53,295.70,281.61,270.74,252.90,229.19,211.06,207.68,218.72,226.07,217.50,207.12,207.72,207.53,187.80,157.18,136.29,124.87,115.59,107.18,100.73,97.59,98.41,102.35,107.02,111.92,119.89,134.87,148.98,149.11,142.96,142.16,144.23,146.22,150.62,161.29,179.63,198.12,204.17,199.44,196.55,199.91,208.06,216.28,211.03,185.24,157.35,143.98,136.22,123.24,103.24,80.46,61.66,48.70,39.83,33.22,27.99,23.73,20.20,17.27,14.81,12.76,11.03,9.58,8.35,7.31,6.43,5.68,5.04,4.50,4.03,3.63,3.29,2.99,2.73,2.51,2.32,2.16,2.01,1.88,1.77,1.68,1.59,1.52,1.45,1.39,1.34,1.29,1.25,1.21,1.18,1.15,1.12,1.09,1.07,1.05,1.03,1.01,0.99,0.97,0.96,0.94,0.93,0.92,0.91,0.89,0.88,0.87,0.86,0.85,0.84,0.83,0.83,0.82,0.81,0.80,0.79,0.79,0.78,0.77,0.77,203.79,190.65,197.79,231.84,301.77,419.75,578.80,762.23,968.58,1163.61,1062.35,1401.59,1815.03,2036.85,1893.06,1393.27,832.86,539.78,443.55,382.89,316.46,256.36,228.78,201.24,146.64,89.55,58.35,46.53,39.07,33.17,28.06,23.72,19.99,16.84,14.17,11.94,10.06,8.50,7.20,6.12,5.23,4.49,3.88,3.37,2.95,2.60,2.31,2.07,1.87,1.71,1.57,1.45,1.36,1.27,1.20,1.14,1.08,1.04,1.00,0.97,0.94,0.92,0.90,0.88,0.86,0.84,0.82,0.81,0.80,0.79,0.77,0.76,0.75,0.74,0.73,0.73,0.72,0.71,0.70,0.69,0.69,0.68,0.67,0.67,0.66,0.65,0.65,0.64,0.64,0.63,0.62,0.62,0.61,0.61,0.60,0.60,0.60,0.59,0.59,0.56,-15.71,-20.41,-20.11,-12.59,15.84,74.93,141.02,196.13,244.01,283.69,341.63,343.62,327.63,319.39,291.02,238.74,205.66,200.05,211.45,197.24,135.42,77.37,52.11,43.47,37.46,32.26,27.49,23.29,19.60,16.44,13.74,11.48,9.57,7.98,6.66,5.57,4.67,3.93,3.32,2.82,2.41,2.08,1.80,1.57,1.39,1.24,1.11,1.01,0.92,0.85,0.80,0.75,0.71,0.68,0.65,0.63,0.61,0.59,0.58,0.56,0.55,0.54,0.54,0.53,0.52,0.52,0.51,0.51,0.50,0.50,0.50,0.49,0.49,0.48,0.48,0.48,0.47,0.47,0.47,0.47,0.46,0.46,0.46,0.46,0.45
48,0,0,9,26,1064.2764,0.45,0.45,0.45,0.44,0.44,0.44,0.44,0.44,0.43,0.43,0.43,0.43,0.42,0.42,0.43,-338.84,-382.91,-391.56,-359.14,-215.90,93.42,482.70,836.51,1291.53,1851.22,2181.60,1654.74,1265.64,1018.16,912.73,920.59,960.37,936.46,921.29,1054.69,1302.15,1494.80,1512.12,1397.77,1253.80,1106.35,969.38,892.29,888.23,913.81,923.01,919.98,937.66,958.89,962.69,992.81,1055.05,1106.61,1147.51,1187.66,1198.44,1154.66,1068.23,983.54,934.28,894.05,865.86,885.81,918.33,935.41,943.45,937.81,919.95,896.82,884.08,893.83,914.82,935.32,964.02,1002.67,1044.78,1084.01,1114.76,1138.28,1157.15,1171.86,1186.20,1211.17,1237.96,1222.37,1129.73,1001.85,894.37,814.56,748.86,688.08,646.12,620.07,598.67,588.55,584.78,572.08,548.40,512.95,469.74,432.59,407.41,394.74,389.74,379.26,351.85,308.88,262.46,222.99,193.00,170.61,153.92,142.30,136.15,136.28,142.33,150.18,152.95,147.17,136.11,125.54,120.70,125.23,134.81,140.03,136.85,128.71,113.15,87.62,62.42,44.63,33.23,25.89,20.62,16.58,13.42,10.94,9.00,7.49,6.31,5.39,4.67,4.10,3.65,3.29,3.01,2.77,2.58,2.43,2.30,2.19,2.09,2.01,1.94,1.88,1.82,1.77,1.73,1.68,1.65,1.61,1.58,1.55,1.52,1.49,1.47,1.44,1.42,1.40,1.38,1.36,1.34,1.32,1.30,1.28,1.27,1.25,1.24,1.22,1.21,1.19,1.18,1.17,1.15,1.14,1.13,1.12,1.10,1.09,1.08,1.07,1.06,1.05,1.04,1.03,1.02,1.01,1.00,0.99,0.98,0.97,0.97,0.96,0.95,0.94,0.93,0.92,0.92,0.91,0.90,0.89,0.89,0.88,0.87,0.86,204.21,190.87,198.01,232.10,302.07,419.85,578.18,760.21,964.51,1157.17,1050.21,1386.58,1800.74,2020.00,1866.13,1345.45,756.84,449.13,354.34,305.85,270.61,248.07,248.76,235.28,176.26,107.39,69.82,56.33,47.91,40.97,34.84,29.51,24.90,20.97,17.62,14.81,12.45,10.48,8.84,7.48,6.35,5.42,4.65,4.01,3.48,3.05,2.69,2.39,2.14,1.94,1.76,1.62,1.50,1.40,1.32,1.25,1.18,1.13,1.09,1.05,1.02,0.99,0.96,0.94,0.92,0.90,0.89,0.87,0.86,0.84,0.83,0.82,0.81,0.80,0.79,0.78,0.77,0.76,0.76,0.75,0.74,0.73,0.73,0.72,0.71,0.71,0.70,0.70,0.69,0.68,0.68,0.67,0.67,0.66,0.66,0.65,0.65,0.64,0.64,0.61,-1.35,-4.86,-4.45,2.82,28.01,79.16,137.87,189.31,236.03,275.73,305.78,302.91,291.38,288.16,272.52,240.74,224.27,232.07,255.25,241.73,166.95,95.50,64.41,53.79,46.47,40.04,34.13,28.91,24.32,20.38,17.02,14.18,11.80,9.82,8.18,6.82,5.70,4.77,4.01,3.39,2.88,2.46,2.12,1.84,1.61,1.42,1.27,1.14,1.04,0.95,0.88,0.82,0.77,0.73,0.70,0.67,0.65,0.63,0.61,0.60,0.59,0.58,0.57,0.56,0.55,0.55,0.54,0.54,0.53,0.53,0.52,0.52,0.52,0.51,0.51,0.51,0.50,0.50,0.50,0.50,0.49,0.49,0.49,0.49,0.48
49,0,26,0,17,982.2545,0.48,0.48,0.48,0.47,0.47,0.47,0.47,0.47,0.46,0.46,0.46,0.46,0.45,0.45,0.46,-340.20,-385.32,-394.30,-361.77,-217.43,95.97,492.30,854.28,1316.39,1872.97,2194.21,1690.19,1306.37,1056.44,957.28,976.57,1009.17,949.76,897.94,1013.08,1212.62,1314.94,1280.91,1190.23,1128.51,1113.77,1087.03,1001.39,892.45,813.96,782.76,796.51,842.44,900.97,972.76,1070.26,1166.88,1228.12,1271.37,1309.62,1316.26,1281.77,1222.15,1162.93,1134.09,1148.19,1191.49,1220.17,1194.00,1120.63,1039.80,978.95,932.93,885.12,833.66,789.27,761.87,742.58,711.57,682.01,666.80,644.54,614.09,599.26,607.35,630.08,660.83,680.69,669.56,645.65,615.15,554.99,481.40,431.03,408.61,406.41,426.68,448.48,432.41,384.85,344.65,331.03,334.01,326.42,304.27,284.05,264.36,239.31,217.82,206.01,196.16,182.07,172.59,173.88,179.67,184.73,187.50,192.77,197.30,192.88,188.76,183.83,171.28,162.99,162.51,158.31,146.01,134.15,122.57,102.17,80.61,66.47,55.12,44.81,36.28,29.16,23.40,18.75,15.06,12.12,9.81,7.99,6.55,5.42,4.53,3.83,3.27,2.82,2.47,2.18,1.95,1.77,1.61,1.49,1.38,1.30,1.22,1.16,1.11,1.06,1.02,0.99,0.96,0.93,0.91,0.89,0.87,0.85,0.83,0.81,0.80,0.79,0.77,0.76,0.75,0.74,0.73,0.72,0.71,0.70,0.69,0.68,0.68,0.67,0.66,0.65,0.64,0.64,0.63,0.62,0.62,0.61,0.61,0.60,0.59,0.59,0.58,0.58,0.57,0.57,0.56,0.56,0.55,0.55,0.54,0.54,0.53,0.53,0.52,0.52,0.52,0.51,0.51,0.50,0.50,0.50,0.49,0.49,0.48,0.49,203.37,190.40,197.50,231.54,301.50,419.47,578.16,760.70,965.73,1159.23,1058.78,1408.28,1835.04,2070.44,1942.70,1468.37,935.24,652.47,555.39,487.40,394.49,302.06,253.68,213.96,152.74,92.14,58.82,46.17,38.33,32.35,27.23,22.95,19.29,16.22,13.62,11.45,9.63,8.12,6.86,5.83,4.97,4.26,3.67,3.18,2.78,2.44,2.17,1.94,1.75,1.59,1.45,1.34,1.25,1.17,1.10,1.04,0.99,0.94,0.91,0.88,0.85,0.83,0.80,0.78,0.76,0.75,0.73,0.72,0.71,0.69,0.68,0.67,0.66,0.65,0.64,0.63,0.63,0.62,0.61,0.60,0.60,0.59,0.58,0.58,0.57,0.56,0.56,0.55,0.55,0.54,0.54,0.53,0.52,0.52,0.52,0.51,0.51,0.50,0.50,0.47,-25.04,-30.87,-30.59,-22.00,11.60,82.06,160.09,223.93,278.39,323.02,402.14,406.79,386.57,374.79,336.52,267.45,221.94,208.92,215.90,199.56,136.53,77.95,52.38,43.61,37.51,32.28,27.48,23.27,19.57,16.41,13.71,11.44,9.53,7.94,6.62,5.53,4.63,3.89,3.28,2.78,2.37,2.03,1.75,1.53,1.34,1.19,1.06,0.96,0.87,0.80,0.75,0.70,0.66,0.62,0.60,0.57,0.55,0.54,0.52,0.51,0.50,0.49,0.48,0.48,0.47,0.46,0.46,0.45,0.45,0.44,0.44,0.44,0.43,0.43,0.43,0.42,0.42,0.41,0.41,0.41,0.41,0.41,0.40,0.40,0.40
50,1,28,17,8,949.6594,0.40,0.39,0.39,0.39,0.39,0.38,0.38,0.38,0.38,0.38,0.37,0.37,0.37,0.37,0.37,-338.47,-381.90,-390.32,-357.89,-214.99,92.97,480.21,831.75,1284.28,1850.10,2211.52,1679.81,1288.38,1046.83,958.25,995.22,1070.05,1075.46,1085.30,1261.29,1596.98,1891.53,1939.15,1791.73,1626.34,1482.67,1327.98,1173.66,1055.58,985.48,930.49,898.29,912.84,940.02,955.43,952.52,910.34,807.18,685.19,606.18,585.99,623.26,685.19,736.37,783.08,840.87,867.24,804.62,697.17,616.56,575.48,575.32,597.31,611.54,628.97,650.69,637.01,588.81,543.62,518.81,511.23,514.65,529.67,554.49,575.77,565.28,534.27,527.46,541.06,546.40,541.47,538.08,509.47,447.44,403.79,388.15,386.64,393.06,390.14,379.32,371.06,361.69,353.37,355.70,362.41,361.90,362.33,361.41,345.27,325.92,314.64,301.48,280.18,256.90,237.06,221.82,212.58,211.32,214.25,219.56,235.23,266.40,290.33,278.52,249.69,235.70,217.95,183.64,154.37,138.87,136.24,137.01,127.32,112.48,102.81,97.56,95.32,99.07,105.45,99.95,86.54,78.68,75.87,77.00,81.77,81.08,67.86,52.09,43.11,36.44,29.85,24.36,19.66,15.85,12.75,10.28,8.32,6.79,5.58,4.63,3.89,3.31,2.86,2.50,2.21,1.99,1.81,1.66,1.54,1.45,1.37,1.30,1.25,1.20,1.16,1.13,1.10,1.07,1.05,1.02,1.00,0.99,0.97,0.96,0.94,0.93,0.92,0.90,0.89,0.88,0.87,0.86,0.85,0.84,0.83,0.82,0.82,0.81,0.80,0.79,0.78,0.78,0.77,0.76,0.76,0.75,0.74,0.74,0.73,0.72,0.72,0.71,0.70,0.70,0.69,0.69,0.68,0.68,0.67,0.64,205.72,190.53,197.66,231.68,301.62,419.68,578.91,762.71,969.86,1166.30,1068.79,1405.76,1811.92,2030.98,1898.36,1417.04,871.18,583.36,484.13,413.39,327.17,244.34,198.13,162.29,115.31,71.47,47.23,37.27,30.86,25.98,21.88,18.48,15.59,13.19,11.15,9.46,8.04,6.86,5.87,5.05,4.37,3.80,3.33,2.94,2.61,2.34,2.11,1.92,1.76,1.63,1.51,1.42,1.33,1.26,1.20,1.15,1.10,1.06,1.02,0.99,0.96,0.94,0.92,0.90,0.88,0.86,0.84,0.83,0.81,0.80,0.79,0.78,0.76,0.75,0.74,0.73,0.72,0.71,0.71,0.70,0.69,0.68,0.67,0.67,0.66,0.65,0.64,0.64,0.63,0.63,0.62,0.61,0.61,0.60,0.60,0.59,0.59,0.58,0.58,0.55,-1.45,-4.93,-4.51,2.76,27.94,79.10,137.81,189.25,235.98,275.68,305.74,302.85,291.31,288.06,272.40,240.64,224.17,231.96,255.06,241.58,166.69,95.15,64.29,53.76,46.42,39.98,34.07,28.85,24.26,20.31,16.95,14.12,11.74,9.76,8.11,6.75,5.63,4.71,3.95,3.33,2.82,2.40,2.05,1.77,1.54,1.36,1.20,1.07,0.97,0.88,0.81,0.76,0.71,0.67,0.64,0.61,0.59,0.57,0.55,0.54,0.52,0.51,0.50,0.50,0.49,0.48,0.48,0.47,0.47,0.46,0.46,0.46,0.45,0.45,0.45,0.44,0.44,0.44,0.44,0.43,0.43,0.43,0.43,0.42,0.42
51,0,12,4,3,891.1048,0.42,0.42,0.41,0.41,0.41,0.41,0.40,0.40,0.40,0.40,0.40,0.39,0.39,0.39,0.40,-339.04,-383.09,-391.72,-359.25,-215.86,93.92,484.06,838.86,1294.43,1854.53,2188.30,1661.18,1267.99,1016.93,912.15,920.22,956.59,928.33,911.64,1055.85,1337.38,1578.39,1643.46,1579.22,1482.46,1361.16,1204.76,1037.50,893.66,801.78,763.59,761.32,791.12,819.91,819.65,824.45,832.24,816.05,800.73,810.77,838.80,869.84,893.54,918.80,946.67,975.22,1026.50,1092.20,1121.54,1080.89,1020.45,1026.73,1084.90,1124.22,1098.20,1003.10,891.57,804.30,757.94,742.73,712.42,660.27,619.03,597.28,578.67,561.23,556.13,546.88,514.47,469.14,432.52,399.63,350.58,301.30,274.05,263.43,257.54,253.44,251.23,256.92,266.34,253.96,227.25,214.80,213.91,215.95,218.66,211.93,199.32,197.22,198.29,190.88,183.99,180.89,178.29,180.98,191.01,186.97,158.61,131.98,119.00,111.77,109.80,107.12,92.50,72.21,58.04,48.42,39.77,32.34,26.15,21.06,16.95,13.66,11.05,8.98,7.34,6.06,5.05,4.25,3.62,3.11,2.72,2.40,2.14,1.94,1.77,1.63,1.52,1.42,1.34,1.28,1.22,1.17,1.13,1.09,1.06,1.03,1.00,0.98,0.96,0.93,0.92,0.90,0.88,0.87,0.85,0.84,0.83,0.81,0.80,0.79,0.78,0.77,0.76,0.75,0.74,0.73,0.72,0.72,0.71,0.70,0.69,0.68,0.68,0.67,0.66,0.66,0.65,0.64,0.64,0.63,0.62,0.62,0.61,0.61,0.60,0.60,0.59,0.58,0.58,0.57,0.57,0.56,0.56,0.56,0.55,0.55,0.54,0.54,0.53,0.53,0.53,0.52,0.52,0.51,0.51,0.51,0.50,0.50,203.47,190.48,197.61,231.68,301.65,419.50,577.97,760.24,965.01,1158.44,1052.34,1375.09,1761.68,1958.27,1804.78,1295.82,714.76,409.34,310.14,250.74,204.12,169.74,154.96,138.53,102.84,64.38,42.94,34.40,28.90,24.49,20.71,17.49,14.75,12.43,10.47,8.83,7.46,6.32,5.37,4.58,3.92,3.38,2.93,2.55,2.24,1.99,1.77,1.59,1.44,1.32,1.21,1.12,1.05,0.99,0.93,0.88,0.84,0.80,0.77,0.75,0.73,0.71,0.69,0.67,0.66,0.64,0.63,0.62,0.61,0.60,0.59,0.58,0.57,0.56,0.55,0.54,0.54,0.53,0.52,0.52,0.51,0.51,0.50,0.49,0.49,0.48,0.48,0.47,0.47,0.47,0.46,0.46,0.45,0.45,0.44,0.44,0.44,0.43,0.43,0.40,-49.57,-56.68,-56.70,-49.49,-16.54,55.03,131.28,188.69,233.49,268.18,388.62,402.49,377.37,357.79,301.26,204.12,133.60,95.13,75.82,61.57,40.06,22.90,15.00,12.21,10.26,8.80,7.46,6.37,5.40,4.59,3.89,3.31,2.82,2.42,2.08,1.80,1.57,1.38,1.22,1.09,0.98,0.89,0.82,0.75,0.70,0.66,0.63,0.60,0.57,0.55,0.53,0.51,0.50,0.49,0.48,0.47,0.46,0.45,0.45,0.44,0.43,0.43,0.43,0.43,0.42,0.41,0.41,0.41,0.40,0.40,0.40,0.40,0.39,0.39,0.39,0.38,0.38,0.37,0.37,0.37,0.37,0.37,0.36,0.36,0.36
