row,label,x,mask,r,charge_fC,-0.195,-0.185,-0.175,-0.165,-0.155,-0.145,-0.135,-0.125,-0.115,-0.105,-0.095,-0.085,-0.075,-0.065,-0.055,-0.045,-0.035,-0.025,-0.015,-0.005,0.005,0.015,0.025,0.035,0.045,0.055,0.065,0.075,0.085,0.095,0.105,0.115,0.125,0.135,0.145,0.155,0.165,0.175,0.185,0.195,0.205,0.215,0.225,0.235,0.245,0.255,0.265,0.275,0.285,0.295,0.305,0.315,0.325,0.335,0.345,0.355,0.365,0.375,0.385,0.395,0.405,0.415,0.425,0.435,0.445,0.455,0.465,0.475,0.485,0.495,0.505,0.515,0.525,0.535,0.545,0.555,0.565,0.575,0.585,0.595,0.605,0.615,0.625,0.635,0.645,0.655,0.665,0.675,0.685,0.695,0.705,0.715,0.725,0.735,0.745,0.755,0.765,0.775,0.785,0.795,0.805,0.815,0.825,0.835,0.845,0.855,0.865,0.875,0.885,0.895,0.905,0.915,0.925,0.935,0.945,0.955,0.965,0.975,0.985,0.995,1.005,1.015,1.025,1.035,1.045,1.055,1.065,1.075,1.085,1.095,1.105,1.115,1.125,1.135,1.145,1.155,1.165,1.175,1.185,1.195,1.205,1.215,1.225,1.235,1.245,1.255,1.265,1.275,1.285,1.295,1.305,1.315,1.325,1.335,1.345,1.355,1.365,1.375,1.385,1.395,1.405,1.415,1.425,1.435,1.445,1.455,1.465,1.475,1.485,1.495,1.505,1.515,1.525,1.535,1.545,1.555,1.565,1.575,1.585,1.595,1.605,1.615,1.625,1.635,1.645,1.655,1.665,1.675,1.685,1.695,1.705,1.715,1.725,1.735,1.745,1.755,1.765,1.775,1.785,1.795,1.805,1.815,1.825,1.835,1.845,1.855,1.865,1.875,1.885,1.895,1.905,1.915,1.925,1.935,1.945,1.955,1.965,1.975,1.985,1.995,2.005,2.015,2.025,2.035,2.045,2.055,2.065,2.075,2.085,2.095,2.105,2.115,2.125,2.135,2.145,2.155,2.165,2.175,2.185,2.195,2.205,2.215,2.225,2.235,2.245,2.255,2.265,2.275,2.285,2.295,2.305,2.315,2.325,2.335,2.345,2.355,2.365,2.375,2.385,2.395,2.405,2.415,2.425,2.435,2.445,2.455,2.465,2.475,2.485,2.495,2.505,2.515,2.525,2.535,2.545,2.555,2.565,2.575,2.585,2.595,2.605,2.615,2.625,2.635,2.645,2.655,2.665,2.675,2.685,2.695,2.705,2.715,2.725,2.735,2.745,2.755,2.765,2.775,2.785,2.795,2.805,2.815,2.825,2.835,2.845,2.855,2.865,2.875,2.885,2.895,2.905,2.915,2.925,2.935,2.945,2.955,2.965,2.975,2.985,2.995,3.005,3.015,3.025,3.035,3.045,3.055,3.065,3.075,3.085,3.095,3.105,3.115,3.125,3.135,3.145,3.155,3.165,3.175,3.185,3.195,3.205,3.215,3.225,3.235,3.245,3.255,3.265,3.275,3.285,3.295,3.305,3.315,3.325,3.335,3.345,3.355,3.365,3.375,3.385,3.395,3.405,3.415,3.425,3.435,3.445,3.455,3.465,3.475,3.485,3.495,3.505,3.515,3.525,3.535,3.545,3.555,3.565,3.575,3.585,3.595,3.605,3.615,3.625,3.635,3.645,3.655,3.665,3.675,3.685,3.695,3.705,3.715,3.725,3.735,3.745,3.755,3.765,3.775,3.785,3.795
2,0,11,11,16,1290.9960,0.42,0.42,0.42,0.42,0.42,0.41,0.41,0.41,0.41,0.41,0.40,0.40,0.40,0.40,0.41,-341.04,-386.53,-395.73,-363.21,-218.50,96.47,495.26,859.57,1323.68,1879.37,2204.50,1719.05,1351.24,1115.53,1033.03,1077.35,1123.94,1050.54,984.37,1123.31,1360.96,1477.35,1485.08,1475.45,1441.97,1362.38,1248.78,1139.04,1070.80,1056.39,1088.85,1168.47,1280.41,1399.84,1518.05,1650.88,1761.50,1773.02,1741.23,1772.20,1868.10,1963.60,1986.20,1923.06,1834.91,1793.75,1780.84,1740.32,1700.53,1670.20,1599.09,1484.24,1374.77,1305.37,1269.62,1235.40,1185.10,1142.38,1128.20,1135.03,1143.78,1128.38,1086.34,1042.42,1007.27,960.46,900.53,856.28,826.95,795.14,767.99,750.62,727.90,689.91,652.46,632.81,623.69,611.40,594.77,578.52,555.74,521.44,487.65,459.44,431.46,402.75,365.22,329.39,320.48,330.72,345.43,364.85,394.60,432.28,447.90,423.98,387.17,356.90,321.20,287.85,266.59,244.98,228.07,214.86,197.13,184.84,179.62,168.61,153.94,150.15,153.29,144.93,126.88,113.03,105.34,102.84,103.83,98.72,82.20,64.72,54.17,45.89,38.00,31.43,25.82,21.23,17.47,14.44,12.00,10.04,8.47,7.21,6.19,5.37,4.71,4.17,3.72,3.36,3.05,2.80,2.59,2.41,2.26,2.13,2.01,1.92,1.83,1.76,1.69,1.63,1.58,1.53,1.48,1.45,1.41,1.38,1.35,1.32,1.29,1.27,1.25,1.22,1.20,1.18,1.17,1.15,1.13,1.12,1.10,1.09,1.07,1.06,1.05,1.04,1.02,1.01,1.00,0.99,0.98,0.97,0.96,0.95,0.94,0.93,0.92,0.91,0.91,0.90,0.89,0.88,0.87,0.87,0.86,0.85,0.84,0.84,0.83,0.82,0.82,0.79,204.24,190.83,197.95,232.03,302.01,419.79,577.86,759.21,962.30,1153.24,1046.88,1401.27,1842.73,2086.26,1948.07,1447.50,882.00,582.45,488.70,438.34,382.17,332.98,320.42,296.49,219.58,131.87,83.78,66.91,56.70,48.44,41.14,34.82,29.34,24.67,20.70,17.37,14.56,12.23,10.28,8.67,7.34,6.24,5.33,4.58,3.96,3.45,3.03,2.68,2.39,2.15,1.95,1.78,1.64,1.53,1.43,1.35,1.27,1.22,1.17,1.12,1.09,1.05,1.02,1.00,0.98,0.96,0.94,0.92,0.90,0.89,0.88,0.86,0.85,0.84,0.83,0.82,0.81,0.80,0.79,0.78,0.78,0.77,0.76,0.75,0.75,0.74,0.73,0.73,0.72,0.71,0.71,0.70,0.69,0.69,0.68,0.68,0.67,0.67,0.66,0.63,-70.03,-82.57,-82.37,-68.45,-8.99,118.27,256.03,363.49,450.79,520.17,705.20,723.26,681.90,652.45,564.65,411.63,303.94,253.89,238.76,211.73,142.66,81.44,54.27,44.87,38.32,32.93,27.99,23.75,19.99,16.82,14.09,11.81,9.89,8.29,6.96,5.87,4.96,4.21,3.60,3.09,2.68,2.33,2.05,1.82,1.63,1.48,1.35,1.24,1.15,1.08,1.02,0.97,0.92,0.89,0.85,0.83,0.81,0.79,0.77,0.75,0.74,0.73,0.72,0.72,0.70,0.69,0.69,0.68,0.67,0.66,0.66,0.66,0.65,0.64,0.64,0.64,0.63,0.62,0.62,0.62,0.62,0.61,0.61,0.60,0.60
3,0,11,20,7,1158.0243,0.60,0.59,0.59,0.58,0.58,0.58,0.57,0.57,0.57,0.56,0.56,0.56,0.55,0.55,0.55,-338.09,-381.14,-389.53,-357.16,-214.60,92.31,477.80,826.92,1277.07,1849.16,2249.22,1730.17,1359.57,1147.29,1097.00,1198.08,1340.98,1380.11,1412.18,1642.74,2043.52,2343.82,2304.97,2043.04,1827.40,1731.94,1695.81,1662.07,1624.50,1588.35,1495.40,1371.70,1331.47,1352.90,1350.05,1352.93,1412.52,1486.66,1530.85,1559.57,1585.60,1564.10,1468.66,1359.30,1294.64,1282.81,1325.68,1409.42,1481.07,1467.94,1353.29,1196.55,1040.37,907.50,818.98,760.70,721.78,710.73,728.69,762.87,786.34,785.23,784.12,784.40,754.66,703.66,657.85,631.94,636.26,656.58,667.36,650.08,610.28,582.72,580.74,574.66,552.28,525.21,497.95,480.49,480.84,484.09,475.36,462.37,438.70,392.73,340.28,295.29,256.13,225.33,208.73,199.85,184.14,164.12,149.41,134.94,119.17,107.05,98.56,94.76,93.89,88.93,75.99,58.98,44.70,35.38,29.47,25.25,21.91,19.11,16.73,14.68,12.91,11.37,10.05,8.91,7.93,7.08,6.35,5.72,5.17,4.70,4.29,3.93,3.63,3.36,3.13,2.93,2.75,2.59,2.46,2.34,2.23,2.14,2.05,1.98,1.91,1.85,1.80,1.75,1.70,1.66,1.63,1.59,1.56,1.53,1.50,1.47,1.45,1.43,1.41,1.38,1.36,1.35,1.33,1.31,1.29,1.28,1.26,1.25,1.23,1.22,1.21,1.19,1.18,1.17,1.16,1.14,1.13,1.12,1.11,1.10,1.09,1.08,1.07,1.06,1.05,1.04,1.03,1.02,1.01,1.01,1.00,0.99,0.98,0.97,0.97,0.96,0.95,0.94,0.94,0.93,0.92,0.91,0.91,0.90,0.89,0.89,0.88,0.87,204.58,190.67,197.83,231.84,301.74,419.90,579.68,764.69,973.58,1171.99,1078.75,1427.32,1854.28,2095.54,1977.04,1500.20,954.94,667.38,569.36,499.46,404.99,311.54,262.18,220.87,158.02,96.90,63.58,50.51,42.17,35.74,30.24,25.62,21.66,18.33,15.51,13.14,11.15,9.50,8.12,6.96,6.01,5.21,4.55,4.00,3.54,3.16,2.84,2.57,2.35,2.16,2.00,1.87,1.75,1.66,1.57,1.50,1.43,1.38,1.33,1.29,1.25,1.22,1.19,1.16,1.13,1.11,1.09,1.07,1.05,1.03,1.02,1.00,0.99,0.97,0.96,0.95,0.93,0.92,0.91,0.90,0.89,0.88,0.87,0.86,0.85,0.84,0.83,0.82,0.82,0.81,0.80,0.79,0.78,0.78,0.77,0.76,0.76,0.75,0.74,0.71,-21.47,-25.39,-25.18,-18.47,8.02,63.70,125.21,175.27,217.75,252.45,317.08,321.24,305.02,295.26,264.05,208.07,170.85,159.23,163.36,150.57,102.98,58.89,39.67,33.07,28.47,24.54,20.93,17.77,14.99,12.62,10.59,8.88,7.45,6.26,5.26,4.44,3.76,3.21,2.75,2.37,2.06,1.81,1.60,1.43,1.28,1.17,1.07,0.99,0.93,0.87,0.83,0.79,0.76,0.73,0.71,0.69,0.68,0.66,0.65,0.64,0.63,0.62,0.62,0.61,0.60,0.59,0.59,0.59,0.58,0.58,0.57,0.57,0.56,0.56,0.56,0.56,0.55,0.55,0.54,0.54,0.54,0.54,0.53,0.53,0.53
4,0,11,30,30,1211.1431,0.52,0.52,0.52,0.52,0.51,0.51,0.51,0.50,0.50,0.50,0.50,0.49,0.49,0.49,0.49,-337.78,-381.27,-389.75,-357.40,-214.96,91.59,476.13,824.51,1275.11,1837.27,2175.64,1636.80,1247.52,1004.78,898.04,903.51,953.09,952.99,959.75,1106.37,1393.19,1655.94,1696.35,1542.55,1372.37,1239.41,1116.58,1021.34,982.66,989.82,1003.50,1015.25,1045.19,1085.69,1123.68,1189.89,1288.18,1372.70,1442.23,1527.90,1624.94,1664.19,1577.77,1423.12,1306.59,1261.72,1272.58,1307.81,1310.99,1264.84,1225.57,1204.57,1180.05,1172.90,1189.38,1207.86,1239.11,1284.33,1320.32,1342.21,1351.43,1345.80,1335.02,1341.73,1368.20,1385.94,1377.79,1361.11,1336.70,1263.54,1166.99,1111.66,1083.43,1041.81,981.15,924.86,872.53,795.74,708.28,646.27,617.14,594.84,551.11,505.09,485.02,484.39,480.50,449.65,398.74,359.43,342.58,344.08,354.49,365.32,380.10,407.94,443.66,454.46,425.87,386.12,347.95,296.68,245.47,217.08,206.82,204.84,203.97,197.32,180.43,158.59,140.03,128.49,127.56,122.81,105.54,91.44,85.21,82.68,85.50,87.85,78.57,61.77,49.38,41.67,34.74,28.50,23.28,18.92,15.39,12.54,10.28,8.49,7.08,5.97,5.09,4.40,3.86,3.43,3.08,2.81,2.59,2.41,2.26,2.14,2.04,1.95,1.88,1.81,1.76,1.71,1.67,1.63,1.60,1.56,1.54,1.51,1.48,1.46,1.44,1.42,1.40,1.38,1.36,1.34,1.32,1.31,1.29,1.28,1.26,1.25,1.24,1.22,1.21,1.20,1.18,1.17,1.16,1.15,1.14,1.13,1.12,1.11,1.10,1.09,1.08,1.07,1.06,1.05,1.04,1.03,1.02,1.01,1.00,0.99,0.99,0.98,0.97,0.96,0.96,0.93,204.28,190.64,197.84,231.83,301.71,419.95,580.15,765.94,975.48,1173.78,1073.26,1384.12,1749.73,1939.24,1801.91,1305.97,730.76,430.63,326.27,251.07,179.64,117.26,76.68,50.81,34.73,24.95,18.59,14.44,11.52,9.45,7.88,6.68,5.72,4.95,4.33,3.82,3.39,3.03,2.74,2.49,2.28,2.10,1.95,1.82,1.71,1.62,1.53,1.46,1.40,1.34,1.29,1.25,1.21,1.18,1.15,1.12,1.09,1.07,1.05,1.03,1.01,0.99,0.97,0.96,0.94,0.93,0.92,0.91,0.89,0.88,0.87,0.86,0.85,0.84,0.83,0.82,0.81,0.81,0.80,0.79,0.78,0.77,0.77,0.76,0.75,0.75,0.74,0.73,0.73,0.72,0.72,0.71,0.70,0.70,0.69,0.69,0.68,0.68,0.67,0.64,11.38,10.79,11.14,15.47,28.38,53.40,83.65,112.58,140.77,165.58,159.95,153.90,150.57,152.83,154.12,152.28,156.56,173.19,197.90,190.10,131.91,75.44,51.14,42.88,37.13,32.03,27.34,23.17,19.51,16.36,13.68,11.41,9.51,7.93,6.61,5.53,4.63,3.89,3.29,2.79,2.38,2.05,1.77,1.55,1.36,1.21,1.09,0.99,0.91,0.84,0.78,0.74,0.70,0.67,0.64,0.62,0.60,0.58,0.57,0.56,0.55,0.54,0.54,0.53,0.52,0.52,0.51,0.51,0.51,0.50,0.50,0.50,0.49,0.49,0.49,0.49,0.48,0.48,0.48,0.48,0.47,0.47,0.47,0.47,0.47
5,1,5,28,6,720.6268,0.46,0.46,0.46,0.46,0.46,0.45,0.45,0.45,0.45,0.45,0.44,0.44,0.44,0.44,0.44,-338.66,-383.00,-391.74,-359.34,-216.21,92.78,481.19,834.37,1289.89,1839.55,2107.42,1561.29,1154.35,876.45,714.81,627.21,572.74,510.19,474.89,541.78,691.78,823.26,870.83,858.83,833.26,795.63,731.58,646.59,563.69,504.94,475.97,475.20,495.59,538.27,606.64,685.59,756.79,803.89,828.31,852.71,870.79,877.03,876.85,845.56,788.99,755.52,762.80,785.89,790.91,775.69,745.79,707.52,692.86,696.13,673.54,610.45,533.35,462.49,402.30,366.98,361.39,376.24,400.09,423.14,435.83,426.11,396.02,363.19,338.23,324.87,324.12,329.02,339.31,366.06,403.64,420.97,398.86,357.26,325.58,301.66,265.20,217.74,179.87,163.09,161.54,162.28,158.30,151.94,140.07,120.77,105.39,97.78,93.60,92.13,93.11,99.26,116.18,135.39,137.68,121.27,101.30,87.52,81.83,84.03,86.06,76.87,60.93,49.46,42.10,35.30,29.16,23.93,19.53,15.92,12.98,10.61,8.71,7.19,5.98,5.01,4.24,3.62,3.12,2.72,2.40,2.13,1.91,1.74,1.59,1.47,1.36,1.28,1.21,1.14,1.09,1.04,1.00,0.97,0.94,0.91,0.89,0.87,0.85,0.83,0.81,0.80,0.78,0.77,0.76,0.75,0.74,0.73,0.72,0.71,0.70,0.69,0.68,0.68,0.67,0.66,0.66,0.65,0.64,0.64,0.63,0.63,0.62,0.61,0.61,0.60,0.60,0.59,0.59,0.58,0.58,0.57,0.57,0.57,0.56,0.56,0.55,0.55,0.54,0.54,0.54,0.53,0.53,0.53,0.52,0.52,0.51,0.51,0.51,0.50,0.50,0.50,0.49,0.49,0.49,0.49,203.69,190.40,197.58,231.65,301.60,419.48,578.25,761.11,966.00,1158.32,1048.78,1383.66,1797.53,2017.37,1859.98,1333.35,744.67,439.11,344.62,297.02,263.17,241.62,243.20,230.99,173.10,104.55,67.10,53.91,45.78,39.08,33.15,27.99,23.52,19.71,16.47,13.75,11.47,9.57,7.99,6.69,5.61,4.72,3.99,3.39,2.89,2.48,2.15,1.87,1.64,1.45,1.30,1.17,1.07,0.98,0.90,0.84,0.79,0.74,0.71,0.68,0.65,0.63,0.61,0.60,0.58,0.57,0.56,0.55,0.54,0.53,0.52,0.52,0.51,0.50,0.50,0.49,0.49,0.48,0.48,0.47,0.47,0.46,0.46,0.46,0.45,0.45,0.45,0.44,0.44,0.44,0.43,0.43,0.43,0.42,0.42,0.42,0.42,0.41,0.41,0.39,-12.17,-15.33,-15.11,-9.46,11.85,56.17,105.74,147.07,182.97,212.74,256.19,257.69,245.69,239.52,218.25,179.03,154.23,150.03,158.63,147.96,101.65,58.15,39.10,32.57,28.07,24.17,20.60,17.45,14.69,12.32,10.29,8.59,7.16,5.97,4.98,4.17,3.49,2.94,2.48,2.11,1.80,1.55,1.34,1.17,1.03,0.92,0.82,0.75,0.69,0.63,0.59,0.55,0.53,0.50,0.48,0.46,0.45,0.44,0.43,0.42,0.41,0.40,0.40,0.39,0.39,0.38,0.38,0.38,0.37,0.37,0.37,0.37,0.36,0.36,0.36,0.36,0.35,0.35,0.35,0.35,0.35,0.35,0.34,0.34,0.34
6,0,11,28,1,861.8350,0.34,0.34,0.34,0.33,0.33,0.33,0.33,0.33,0.33,0.32,0.32,0.32,0.32,0.32,0.32,-339.42,-384.23,-393.11,-360.67,-217.03,93.96,485.93,842.94,1301.37,1855.70,2157.62,1635.99,1245.79,988.71,866.64,846.59,849.92,793.43,750.88,842.90,1004.25,1089.75,1052.27,951.13,867.90,825.21,784.11,723.09,667.33,641.15,652.06,700.45,766.96,829.96,882.74,933.96,966.28,926.80,848.06,802.43,800.03,826.22,858.59,886.71,921.29,972.75,1022.04,1031.27,991.19,916.15,836.50,787.89,776.88,780.43,775.78,762.72,756.88,758.74,739.42,691.72,646.46,617.33,608.55,635.21,671.84,670.46,638.00,599.74,560.23,519.73,472.76,418.29,365.90,326.74,305.20,298.20,300.93,308.28,317.99,337.68,366.75,381.48,369.00,343.55,324.87,324.17,338.04,341.63,317.74,282.16,248.68,221.17,207.24,204.57,201.62,186.93,165.01,147.18,134.28,125.72,116.55,100.91,80.50,60.66,45.74,36.09,29.50,24.57,20.65,17.46,14.82,12.64,10.82,9.31,8.04,6.98,6.10,5.35,4.73,4.20,3.75,3.37,3.05,2.78,2.54,2.34,2.17,2.02,1.89,1.78,1.69,1.60,1.53,1.46,1.40,1.35,1.30,1.26,1.22,1.19,1.16,1.13,1.10,1.08,1.06,1.03,1.02,1.00,0.98,0.96,0.95,0.93,0.92,0.91,0.90,0.88,0.87,0.86,0.85,0.84,0.83,0.82,0.81,0.80,0.79,0.79,0.78,0.77,0.76,0.75,0.75,0.74,0.73,0.73,0.72,0.71,0.71,0.70,0.69,0.69,0.68,0.68,0.67,0.66,0.66,0.65,0.65,0.64,0.64,0.63,0.63,0.62,0.62,0.61,0.61,0.60,0.60,0.60,0.59,0.57,204.64,190.40,197.56,231.58,301.52,419.58,578.84,762.60,968.99,1163.42,1061.64,1405.44,1825.74,2056.61,1923.42,1433.70,882.56,593.66,496.95,432.70,353.27,277.21,239.49,206.11,148.49,89.85,57.62,45.48,37.96,32.13,27.11,22.87,19.24,16.18,13.59,11.43,9.61,8.10,6.84,5.80,4.94,4.23,3.64,3.16,2.75,2.42,2.14,1.92,1.73,1.57,1.44,1.32,1.23,1.16,1.09,1.03,0.98,0.94,0.90,0.87,0.85,0.83,0.80,0.79,0.77,0.75,0.74,0.73,0.72,0.70,0.69,0.69,0.68,0.67,0.66,0.65,0.64,0.64,0.63,0.62,0.62,0.61,0.60,0.60,0.59,0.59,0.58,0.58,0.57,0.57,0.56,0.56,0.55,0.55,0.54,0.54,0.53,0.53,0.53,0.50,-16.04,-20.47,-20.17,-12.64,15.78,74.88,140.96,196.07,243.95,283.63,341.57,343.56,327.57,319.30,290.93,238.66,205.60,199.99,211.41,197.20,135.39,77.35,52.07,43.41,37.41,32.21,27.44,23.24,19.55,16.40,13.70,11.43,9.52,7.93,6.61,5.52,4.63,3.88,3.28,2.78,2.37,2.03,1.75,1.53,1.34,1.19,1.07,0.96,0.88,0.81,0.75,0.71,0.67,0.63,0.61,0.58,0.56,0.55,0.53,0.52,0.51,0.50,0.50,0.49,0.48,0.48,0.47,0.47,0.46,0.46,0.46,0.45,0.45,0.44,0.44,0.44,0.44,0.43,0.43,0.43,0.43,0.43,0.42,0.42,0.42
7,1,13,20,28,951.6982,0.42,0.41,0.41,0.41,0.41,0.41,0.40,0.40,0.40,0.40,0.40,0.39,0.39,0.39,0.40,-338.61,-382.49,-391.08,-358.67,-215.68,92.82,480.70,832.82,1286.43,1847.90,2186.93,1658.42,1271.09,1028.04,927.74,944.11,995.76,982.65,975.94,1122.15,1399.89,1633.16,1664.53,1531.57,1371.31,1228.13,1097.33,1004.95,974.89,989.48,1005.80,1017.31,1045.80,1079.41,1094.12,1117.27,1160.34,1181.17,1186.68,1211.24,1229.98,1197.03,1109.16,1017.23,971.52,977.40,1012.00,1036.09,1021.00,974.61,924.43,883.31,841.10,797.19,763.06,749.33,758.65,762.27,732.92,691.42,666.26,651.50,633.70,622.80,628.38,627.04,608.82,596.23,575.79,531.35,500.09,501.13,512.98,512.64,501.11,493.67,481.57,445.79,398.28,365.00,358.25,362.73,352.60,328.36,307.67,304.47,316.44,319.94,300.18,275.07,262.38,264.96,271.63,253.57,222.43,213.80,219.84,211.05,173.21,125.89,92.07,73.43,66.18,65.69,68.87,76.15,78.81,64.93,43.53,27.35,17.38,12.13,9.22,7.29,5.87,4.80,3.98,3.35,2.87,2.50,2.22,1.99,1.82,1.68,1.58,1.49,1.41,1.35,1.30,1.26,1.22,1.19,1.16,1.13,1.10,1.08,1.06,1.04,1.02,1.01,0.99,0.97,0.96,0.94,0.93,0.92,0.91,0.89,0.88,0.87,0.86,0.85,0.84,0.83,0.82,0.81,0.80,0.80,0.79,0.78,0.77,0.76,0.76,0.75,0.74,0.73,0.73,0.72,0.71,0.71,0.70,0.70,0.69,0.68,0.68,0.67,0.67,0.66,0.66,0.65,0.64,0.64,0.63,0.63,0.62,0.62,0.62,0.61,0.61,0.60,0.60,0.59,0.59,0.58,0.58,0.58,0.57,0.57,0.56,0.55,203.17,190.41,197.57,231.61,301.55,419.57,578.81,762.63,969.43,1164.87,1062.14,1388.44,1781.38,1988.44,1845.42,1343.31,769.63,469.04,369.32,305.61,245.49,194.78,169.46,146.38,106.72,66.53,44.33,35.38,29.59,25.03,21.14,17.86,15.07,12.72,10.74,9.07,7.68,6.52,5.56,4.75,4.09,3.54,3.08,2.70,2.38,2.12,1.90,1.71,1.56,1.43,1.32,1.23,1.15,1.09,1.03,0.98,0.93,0.89,0.86,0.84,0.81,0.79,0.77,0.75,0.74,0.72,0.71,0.70,0.68,0.67,0.66,0.65,0.64,0.63,0.62,0.62,0.61,0.60,0.59,0.59,0.58,0.57,0.57,0.56,0.56,0.55,0.54,0.54,0.53,0.53,0.52,0.52,0.51,0.51,0.50,0.50,0.50,0.49,0.49,0.46,-12.13,-15.26,-15.04,-9.39,11.92,56.25,105.81,147.13,183.04,212.80,256.25,257.74,245.75,239.56,218.27,179.07,154.28,150.09,158.71,148.03,101.75,58.28,39.17,32.61,28.11,24.22,20.64,17.50,14.73,12.37,10.34,8.64,7.21,6.02,5.03,4.21,3.53,2.98,2.52,2.15,1.84,1.59,1.38,1.21,1.07,0.96,0.86,0.78,0.72,0.67,0.62,0.59,0.56,0.53,0.51,0.50,0.48,0.47,0.46,0.45,0.44,0.43,0.43,0.42,0.42,0.41,0.41,0.41,0.40,0.40,0.40,0.39,0.39,0.39,0.38,0.38,0.38,0.38,0.37,0.37,0.37,0.37,0.37,0.36,0.36
8,0,11,6,13,970.2654,0.36,0.36,0.36,0.36,0.35,0.35,0.35,0.35,0.35,0.34,0.34,0.34,0.34,0.34,0.34,-338.75,-382.87,-391.53,-359.11,-215.99,92.92,481.37,834.55,1289.64,1844.10,2139.66,1599.06,1197.16,930.29,791.58,743.19,727.94,683.43,660.04,754.46,936.19,1077.49,1096.77,1029.52,937.22,831.34,715.59,610.82,535.82,500.06,499.00,522.94,562.36,607.95,633.50,638.93,660.47,694.97,726.48,748.67,747.29,738.10,739.24,736.13,732.69,749.70,794.27,860.23,935.43,989.27,989.78,942.30,885.22,856.43,857.14,871.14,900.81,936.20,956.79,986.88,1049.40,1104.05,1098.98,1049.16,1018.46,1027.66,1044.17,1049.57,1050.96,1042.20,1011.75,965.31,910.90,854.64,799.21,740.58,678.21,600.61,519.69,472.02,451.36,435.89,419.00,399.60,384.54,382.02,392.65,412.91,425.13,420.22,423.49,435.14,420.19,382.59,352.06,324.92,292.07,265.23,246.02,224.42,204.82,195.65,193.87,193.58,195.99,207.21,230.76,258.42,269.83,264.01,260.38,244.14,197.56,149.87,124.05,109.70,92.08,71.17,55.74,46.43,38.54,31.57,25.80,21.01,17.12,13.98,11.47,9.48,7.90,6.64,5.65,4.86,4.23,3.73,3.32,2.99,2.73,2.51,2.33,2.18,2.06,1.96,1.87,1.79,1.72,1.67,1.61,1.57,1.53,1.49,1.46,1.43,1.40,1.37,1.35,1.33,1.31,1.29,1.27,1.25,1.23,1.21,1.20,1.18,1.17,1.15,1.14,1.13,1.11,1.10,1.09,1.08,1.07,1.05,1.04,1.03,1.02,1.01,1.00,0.99,0.98,0.97,0.97,0.96,0.95,0.94,0.93,0.92,0.91,0.91,0.90,0.89,0.88,0.88,0.87,0.86,0.86,0.85,0.84,0.84,203.28,190.59,197.75,231.76,301.67,419.82,579.47,764.04,971.64,1167.50,1065.47,1389.72,1775.94,1978.80,1838.55,1346.42,788.56,496.81,395.68,324.16,246.86,175.34,132.76,102.74,72.04,45.67,30.50,23.71,19.34,16.12,13.50,11.38,9.61,8.16,6.94,5.93,5.09,4.40,3.82,3.33,2.94,2.61,2.33,2.10,1.91,1.75,1.61,1.50,1.40,1.32,1.25,1.19,1.14,1.10,1.06,1.02,0.99,0.96,0.94,0.92,0.91,0.89,0.87,0.86,0.85,0.84,0.82,0.81,0.80,0.79,0.78,0.78,0.77,0.76,0.75,0.74,0.74,0.73,0.72,0.72,0.71,0.70,0.70,0.69,0.69,0.68,0.67,0.67,0.66,0.66,0.65,0.65,0.64,0.64,0.63,0.63,0.63,0.62,0.62,0.59,-4.91,-10.13,-9.64,-0.48,31.80,97.72,172.96,238.18,296.87,346.49,391.06,388.67,373.15,367.95,345.27,300.36,275.59,281.98,308.00,290.92,200.70,114.75,77.31,64.52,55.70,47.97,40.87,34.60,29.09,24.36,20.32,16.92,14.07,11.69,9.72,8.09,6.74,5.63,4.72,3.98,3.36,2.86,2.45,2.11,1.84,1.61,1.43,1.28,1.15,1.05,0.97,0.90,0.84,0.79,0.75,0.72,0.69,0.67,0.65,0.63,0.62,0.61,0.60,0.59,0.58,0.57,0.57,0.56,0.55,0.55,0.54,0.54,0.54,0.54,0.53,0.53,0.52,0.52,0.52,0.52,0.51,0.51,0.51,0.51,0.50
9,0,11,13,2,1241.8848,0.50,0.50,0.49,0.49,0.49,0.49,0.49,0.48,0.48,0.48,0.48,0.47,0.47,0.47,0.48,-338.91,-382.83,-391.48,-359.06,-215.88,93.30,482.25,835.53,1290.04,1849.49,2179.59,1652.46,1264.53,1018.17,912.42,918.80,957.33,934.84,922.74,1072.42,1364.19,1607.63,1653.37,1570.43,1512.74,1494.12,1437.15,1327.19,1222.25,1167.52,1161.93,1197.01,1259.18,1338.20,1443.40,1584.55,1717.32,1775.78,1799.16,1850.80,1896.88,1891.58,1828.96,1718.16,1611.48,1593.95,1660.56,1694.93,1622.90,1498.81,1404.80,1338.78,1264.42,1204.99,1187.33,1187.89,1207.54,1249.37,1282.46,1304.77,1313.70,1276.38,1209.89,1161.03,1127.46,1081.69,1026.74,990.57,968.53,930.43,875.85,822.72,752.29,664.56,604.22,560.45,504.65,449.69,410.14,389.81,389.77,412.24,444.88,450.99,422.58,394.31,372.23,340.70,310.57,296.22,297.51,308.75,319.81,317.81,295.97,262.50,232.14,211.55,202.34,205.01,211.93,210.61,204.66,206.68,217.89,231.98,241.34,242.47,235.09,220.69,208.90,205.23,208.91,219.59,227.80,214.68,174.70,131.53,102.03,81.45,65.89,53.69,43.76,35.67,29.12,23.85,19.63,16.26,13.56,11.41,9.68,8.29,7.16,6.25,5.50,4.88,4.37,3.94,3.58,3.28,3.02,2.80,2.61,2.45,2.30,2.18,2.07,1.97,1.88,1.81,1.74,1.68,1.62,1.57,1.52,1.48,1.44,1.41,1.37,1.34,1.31,1.29,1.26,1.24,1.22,1.20,1.18,1.16,1.14,1.13,1.11,1.10,1.08,1.07,1.05,1.04,1.03,1.02,1.00,0.99,0.98,0.97,0.96,0.95,0.94,0.93,0.92,0.91,0.91,0.90,0.89,0.88,0.87,0.86,0.86,0.85,0.84,0.83,0.83,0.81,204.53,190.76,197.90,231.97,301.93,419.81,578.53,761.35,966.72,1160.47,1052.81,1370.65,1751.39,1943.20,1785.48,1264.47,666.50,353.60,254.20,198.42,164.89,146.58,142.15,131.61,99.15,62.56,42.20,34.11,28.89,24.61,20.92,17.75,15.03,12.72,10.77,9.13,7.75,6.60,5.64,4.84,4.17,3.62,3.16,2.78,2.47,2.20,1.98,1.80,1.64,1.52,1.41,1.31,1.24,1.17,1.11,1.06,1.02,0.98,0.95,0.93,0.90,0.88,0.86,0.84,0.83,0.81,0.80,0.79,0.77,0.76,0.75,0.74,0.73,0.72,0.71,0.71,0.70,0.69,0.68,0.68,0.67,0.66,0.66,0.65,0.65,0.64,0.63,0.63,0.62,0.62,0.61,0.61,0.60,0.60,0.59,0.59,0.58,0.58,0.57,0.55,-28.15,-36.04,-35.68,-25.21,15.50,100.74,195.29,272.91,339.34,393.88,487.47,492.63,468.41,454.52,409.13,327.02,273.27,258.88,268.76,248.85,170.43,97.38,65.39,54.41,46.82,40.29,34.30,29.05,24.43,20.48,17.10,14.27,11.88,9.90,8.25,6.88,5.76,4.83,4.07,3.44,2.93,2.51,2.17,1.88,1.65,1.46,1.31,1.18,1.07,0.98,0.91,0.85,0.80,0.76,0.73,0.70,0.67,0.65,0.64,0.62,0.61,0.60,0.59,0.58,0.57,0.56,0.56,0.55,0.55,0.54,0.54,0.53,0.53,0.52,0.52,0.52,0.51,0.51,0.51,0.50,0.50,0.50,0.49,0.49,0.49
10,0,11,18,3,866.0798,0.49,0.48,0.48,0.48,0.47,0.47,0.47,0.47,0.46,0.46,0.46,0.46,0.45,0.45,0.46,-339.18,-383.29,-392.01,-359.58,-216.18,93.77,484.08,839.13,1295.31,1853.00,2172.75,1647.70,1259.12,1009.05,898.56,897.54,925.79,893.56,874.16,1004.76,1231.96,1371.08,1346.39,1243.68,1148.46,1080.62,1043.84,1024.62,1011.90,1001.57,948.66,875.82,863.41,901.57,941.30,986.70,1052.51,1112.12,1169.34,1248.02,1319.65,1332.83,1278.46,1203.89,1149.55,1136.06,1180.80,1259.17,1302.26,1282.21,1216.10,1123.65,1022.42,907.51,778.88,667.65,601.57,569.59,550.48,529.27,496.82,464.54,441.99,433.01,437.26,433.85,420.67,413.42,409.33,405.51,410.26,424.94,427.56,397.54,351.98,320.17,308.71,314.07,334.83,363.44,387.62,391.62,371.69,338.13,307.10,295.03,291.90,270.26,229.66,194.21,171.74,156.60,147.33,137.29,116.79,92.78,76.17,64.06,53.17,43.95,36.23,29.88,24.68,20.47,17.06,14.31,12.09,10.30,8.84,7.65,6.68,5.88,5.22,4.67,4.20,3.82,3.49,3.21,2.97,2.76,2.59,2.43,2.30,2.18,2.07,1.98,1.90,1.82,1.76,1.70,1.64,1.60,1.55,1.51,1.47,1.44,1.41,1.38,1.35,1.33,1.30,1.28,1.26,1.24,1.22,1.20,1.18,1.17,1.15,1.14,1.12,1.11,1.09,1.08,1.07,1.06,1.05,1.03,1.02,1.01,1.00,0.99,0.98,0.97,0.96,0.95,0.94,0.94,0.93,0.92,0.91,0.90,0.90,0.89,0.88,0.87,0.87,0.86,0.85,0.84,0.84,0.83,0.82,0.82,0.81,0.81,0.80,0.79,0.79,0.78,0.78,0.77,0.76,0.76,0.75,0.75,0.74,0.74,0.73,0.71,204.27,190.60,197.75,231.80,301.74,419.72,578.74,762.11,968.23,1162.79,1056.94,1371.42,1744.32,1933.30,1783.75,1277.24,694.76,389.36,287.55,222.52,170.32,130.05,107.66,89.92,66.12,42.95,29.50,23.44,19.44,16.34,13.76,11.63,9.84,8.35,7.10,6.06,5.20,4.48,3.88,3.38,2.96,2.62,2.34,2.10,1.90,1.73,1.59,1.47,1.37,1.28,1.21,1.15,1.10,1.05,1.01,0.97,0.94,0.91,0.89,0.87,0.85,0.84,0.82,0.81,0.79,0.78,0.77,0.76,0.75,0.74,0.73,0.72,0.71,0.70,0.69,0.69,0.68,0.67,0.67,0.66,0.65,0.65,0.64,0.64,0.63,0.62,0.62,0.61,0.61,0.60,0.60,0.59,0.59,0.58,0.58,0.58,0.57,0.57,0.56,0.54,-4.52,-4.69,-4.62,-2.75,4.36,19.13,35.65,49.42,61.39,71.30,85.79,86.28,82.28,80.19,73.08,60.02,51.76,50.36,53.21,49.66,34.20,19.68,13.38,11.22,9.71,8.41,7.22,6.17,5.24,4.45,3.77,3.20,2.73,2.33,2.00,1.72,1.50,1.31,1.15,1.03,0.92,0.84,0.77,0.71,0.66,0.62,0.59,0.56,0.54,0.52,0.51,0.49,0.48,0.47,0.46,0.46,0.45,0.44,0.44,0.44,0.43,0.43,0.43,0.42,0.42,0.42,0.41,0.41,0.41,0.41,0.41,0.40,0.40,0.40,0.40,0.40,0.39,0.39,0.39,0.39,0.39,0.38,0.38,0.38,0.38
11,0,11,16,3,595.9215,0.38,0.38,0.38,0.37,0.37,0.37,0.37,0.37,0.37,0.36,0.36,0.36,0.36,0.36,0.36,-338.53,-382.83,-391.48,-359.06,-215.89,92.99,481.28,834.88,1290.92,1837.86,2083.10,1521.51,1096.80,797.43,608.85,478.59,386.26,317.10,280.59,301.98,364.52,418.04,421.04,382.03,340.70,312.87,294.90,286.95,286.66,285.12,276.53,265.61,265.21,289.19,341.13,406.53,472.11,536.02,590.29,625.46,632.28,617.21,607.16,602.13,587.82,580.83,589.84,591.07,567.68,533.42,512.66,507.85,509.27,509.34,485.67,434.00,389.35,365.95,348.98,330.99,315.08,302.17,293.54,298.36,317.33,334.01,335.38,322.26,306.39,304.99,315.78,304.30,263.80,227.62,208.32,202.47,209.60,219.01,217.52,208.44,205.72,206.98,194.00,168.62,148.43,137.54,130.10,123.56,120.77,120.08,115.40,106.63,98.73,96.20,98.20,100.75,101.76,105.76,110.93,103.55,88.32,79.51,76.72,78.29,83.18,81.88,68.18,52.49,43.54,36.78,30.16,24.66,19.95,16.11,12.97,10.47,8.47,6.88,5.63,4.65,3.87,3.26,2.78,2.40,2.09,1.85,1.66,1.50,1.38,1.28,1.19,1.12,1.06,1.02,0.97,0.94,0.91,0.88,0.86,0.84,0.82,0.80,0.78,0.77,0.76,0.74,0.73,0.72,0.71,0.70,0.69,0.68,0.67,0.66,0.66,0.65,0.64,0.63,0.63,0.62,0.61,0.61,0.60,0.59,0.59,0.58,0.58,0.57,0.57,0.56,0.56,0.55,0.55,0.54,0.54,0.53,0.53,0.52,0.52,0.51,0.51,0.51,0.50,0.50,0.49,0.49,0.49,0.48,0.48,0.47,0.47,0.47,0.46,0.46,0.46,0.45,0.45,0.45,0.45,0.45,204.23,190.21,197.37,231.38,301.31,419.42,578.85,762.90,969.60,1164.15,1059.81,1384.04,1770.05,1969.71,1821.24,1325.54,773.27,486.09,386.46,316.28,240.34,169.94,128.22,98.67,68.20,42.34,27.86,21.49,17.39,14.39,11.95,9.99,8.36,7.02,5.90,4.98,4.21,3.58,3.05,2.62,2.26,1.97,1.72,1.52,1.35,1.21,1.10,1.00,0.92,0.86,0.80,0.75,0.71,0.68,0.65,0.62,0.60,0.58,0.57,0.55,0.54,0.53,0.52,0.52,0.51,0.50,0.49,0.49,0.48,0.48,0.47,0.47,0.46,0.46,0.45,0.45,0.45,0.44,0.44,0.43,0.43,0.43,0.42,0.42,0.42,0.41,0.41,0.41,0.41,0.40,0.40,0.40,0.40,0.39,0.39,0.39,0.39,0.38,0.38,0.35,4.11,0.01,0.53,8.62,35.73,90.31,153.60,210.09,262.22,306.87,330.22,325.17,313.87,312.08,299.23,271.20,258.93,272.75,303.23,288.31,199.31,113.89,76.76,64.10,55.36,47.67,40.60,34.34,28.84,24.12,20.09,16.69,13.84,11.46,9.49,7.86,6.52,5.41,4.51,3.76,3.15,2.65,2.24,1.91,1.63,1.41,1.22,1.07,0.95,0.85,0.77,0.70,0.64,0.60,0.56,0.53,0.50,0.48,0.46,0.45,0.43,0.42,0.41,0.41,0.40,0.39,0.39,0.38,0.38,0.38,0.37,0.37,0.37,0.36,0.36,0.36,0.36,0.35,0.35,0.35,0.35,0.35,0.34,0.34,0.34
12,0,11,10,16,1335.3814,0.34,0.34,0.34,0.34,0.33,0.33,0.33,0.33,0.33,0.33,0.32,0.32,0.32,0.32,0.33,-339.38,-383.54,-392.25,-359.79,-216.30,93.91,484.62,839.98,1296.24,1854.17,2176.90,1651.22,1259.40,1006.83,896.32,894.90,921.35,886.89,864.56,998.51,1259.85,1474.27,1527.89,1470.45,1393.63,1304.24,1186.67,1073.42,1002.93,978.68,986.53,1023.87,1077.55,1122.47,1182.51,1296.05,1404.00,1443.41,1455.10,1482.60,1516.50,1529.81,1487.79,1401.45,1328.80,1314.55,1344.20,1336.61,1276.69,1246.83,1283.14,1339.17,1350.87,1288.10,1168.27,1054.02,1015.95,1051.84,1099.08,1132.12,1138.51,1106.04,1064.81,1030.14,1008.63,1023.72,1073.28,1126.25,1128.10,1083.37,1078.50,1152.21,1272.23,1371.38,1395.12,1356.10,1255.80,1096.38,969.22,924.77,916.11,884.71,811.36,727.43,669.67,651.57,666.12,685.86,696.25,709.65,733.43,739.73,697.95,632.23,578.04,539.23,515.49,505.96,502.13,493.51,470.30,436.07,405.15,385.29,376.34,372.91,363.60,345.32,331.05,327.33,327.72,332.00,342.78,348.98,334.73,306.99,284.38,270.58,262.79,260.77,256.59,241.54,218.98,190.99,154.75,118.06,89.51,68.86,54.34,43.50,35.04,28.34,23.03,18.84,15.53,12.91,10.83,9.18,7.86,6.81,5.95,5.26,4.69,4.22,3.83,3.50,3.23,2.99,2.79,2.62,2.47,2.34,2.22,2.12,2.03,1.95,1.87,1.81,1.75,1.69,1.64,1.60,1.55,1.52,1.48,1.45,1.42,1.39,1.36,1.33,1.31,1.29,1.26,1.24,1.22,1.20,1.19,1.17,1.15,1.14,1.12,1.11,1.09,1.08,1.07,1.05,1.04,1.03,1.02,1.01,0.99,0.98,0.97,0.96,0.95,0.94,0.93,0.92,0.91,0.90,204.97,190.89,198.01,232.08,302.05,419.88,578.28,760.36,964.68,1157.26,1051.64,1393.77,1814.95,2039.94,1889.78,1378.46,804.30,503.24,408.92,357.56,309.64,271.27,261.63,241.56,178.55,108.09,70.02,56.27,47.68,40.70,34.57,29.27,24.69,20.79,17.47,14.68,12.34,10.39,8.76,7.42,6.30,5.38,4.61,3.98,3.46,3.03,2.67,2.37,2.13,1.92,1.75,1.61,1.49,1.39,1.31,1.24,1.17,1.12,1.08,1.04,1.01,0.98,0.96,0.93,0.91,0.90,0.88,0.86,0.85,0.84,0.82,0.81,0.80,0.79,0.78,0.77,0.76,0.76,0.75,0.74,0.73,0.72,0.72,0.71,0.70,0.70,0.69,0.69,0.68,0.67,0.67,0.66,0.66,0.65,0.65,0.64,0.64,0.63,0.63,0.60,-56.99,-66.98,-66.85,-55.88,-8.71,92.40,201.70,286.67,355.42,409.95,559.37,574.22,541.11,517.44,446.75,323.45,236.38,195.09,181.47,160.12,107.68,61.48,40.98,33.88,28.92,24.86,21.14,17.95,15.13,12.74,10.70,8.98,7.54,6.34,5.35,4.52,3.84,3.28,2.82,2.44,2.12,1.87,1.65,1.48,1.34,1.22,1.12,1.04,0.97,0.92,0.87,0.83,0.80,0.77,0.75,0.73,0.71,0.69,0.68,0.67,0.65,0.65,0.64,0.64,0.62,0.62,0.62,0.61,0.60,0.59,0.59,0.59,0.58,0.58,0.58,0.57,0.56,0.56,0.56,0.55,0.55,0.55,0.55,0.54,0.54
13,1,10,21,4,1058.5721,0.53,0.53,0.53,0.53,0.52,0.52,0.52,0.51,0.51,0.51,0.50,0.50,0.50,0.50,0.50,-338.13,-381.48,-389.94,-357.57,-214.92,92.27,477.99,827.59,1278.65,1843.37,2199.19,1667.23,1283.19,1048.93,960.13,995.62,1072.75,1082.69,1096.73,1268.80,1572.05,1795.48,1758.06,1551.47,1385.51,1324.28,1324.13,1331.07,1321.86,1293.03,1204.11,1085.87,1040.02,1061.23,1118.07,1209.48,1302.24,1373.84,1423.95,1436.42,1396.74,1326.80,1262.73,1235.18,1251.81,1316.42,1425.97,1518.75,1533.73,1477.90,1395.74,1293.39,1154.77,1022.54,948.58,930.19,941.12,958.01,985.67,1022.03,1024.66,978.08,907.60,833.50,756.61,686.23,649.87,646.84,653.58,669.34,692.79,688.78,644.60,576.51,487.90,403.52,354.58,337.81,337.44,343.05,355.28,376.32,392.32,382.94,340.31,279.03,224.26,189.16,172.46,165.13,153.82,135.00,120.91,115.32,106.25,87.79,68.67,56.26,46.69,37.88,30.62,24.56,19.67,15.75,12.65,10.21,8.30,6.82,5.66,4.75,4.05,3.49,3.06,2.72,2.45,2.23,2.05,1.91,1.80,1.70,1.62,1.55,1.50,1.45,1.40,1.37,1.33,1.30,1.27,1.25,1.23,1.20,1.18,1.16,1.15,1.13,1.11,1.10,1.08,1.07,1.06,1.04,1.03,1.02,1.01,0.99,0.98,0.97,0.96,0.95,0.94,0.93,0.92,0.91,0.90,0.89,0.89,0.88,0.87,0.86,0.85,0.84,0.84,0.83,0.82,0.82,0.81,0.80,0.79,0.79,0.78,0.77,0.77,0.76,0.76,0.75,0.74,0.74,0.73,0.73,0.72,0.72,0.71,0.71,0.70,0.70,0.69,0.69,0.68,0.68,0.67,0.67,0.66,0.66,0.65,0.65,0.64,0.64,0.64,0.64,203.55,190.34,197.51,231.50,301.40,419.65,579.80,765.41,974.83,1173.28,1077.07,1406.19,1799.05,2012.06,1886.21,1406.15,853.91,563.91,461.80,385.13,293.37,204.90,151.25,114.34,79.59,50.93,34.30,26.66,21.70,18.08,15.13,12.77,10.80,9.18,7.82,6.69,5.75,4.97,4.32,3.77,3.32,2.94,2.62,2.36,2.13,1.95,1.79,1.65,1.54,1.44,1.36,1.28,1.22,1.17,1.12,1.08,1.04,1.00,0.98,0.95,0.93,0.91,0.89,0.87,0.85,0.83,0.82,0.80,0.79,0.78,0.77,0.76,0.74,0.73,0.72,0.72,0.71,0.70,0.69,0.68,0.67,0.66,0.66,0.65,0.64,0.64,0.63,0.62,0.62,0.61,0.60,0.60,0.59,0.59,0.58,0.58,0.57,0.57,0.56,0.53,-1.62,-4.94,-4.52,2.75,27.93,79.09,137.80,189.25,235.97,275.66,305.71,302.84,291.30,288.03,272.36,240.62,224.15,231.95,255.05,241.57,166.68,95.14,64.28,53.75,46.41,39.97,34.06,28.83,24.24,20.30,16.94,14.11,11.73,9.75,8.10,6.74,5.62,4.70,3.94,3.32,2.81,2.39,2.04,1.76,1.53,1.35,1.19,1.07,0.96,0.88,0.81,0.75,0.70,0.66,0.63,0.60,0.58,0.56,0.54,0.53,0.52,0.50,0.50,0.49,0.48,0.48,0.47,0.46,0.46,0.46,0.45,0.45,0.45,0.44,0.44,0.44,0.43,0.43,0.43,0.43,0.42,0.42,0.42,0.42,0.41
14,0,11,6,24,1001.6488,0.41,0.41,0.41,0.40,0.40,0.40,0.40,0.40,0.39,0.39,0.39,0.39,0.39,0.38,0.39,-338.51,-382.33,-390.92,-358.53,-215.63,92.47,479.48,830.56,1283.38,1841.72,2162.60,1626.67,1234.65,984.07,867.14,853.71,876.06,852.28,843.00,979.93,1253.32,1498.85,1570.15,1504.51,1401.74,1270.36,1107.20,951.70,844.04,798.22,788.00,797.14,832.37,884.24,902.66,890.85,907.33,937.67,966.97,1017.63,1081.79,1116.61,1089.00,1021.04,968.23,977.61,1037.01,1099.08,1153.78,1184.14,1141.69,1042.79,951.31,879.70,816.13,767.47,750.00,762.08,788.10,824.50,874.09,916.88,933.20,936.08,940.08,923.62,857.89,780.96,728.05,676.26,624.23,574.54,521.40,478.09,457.33,460.46,479.29,500.59,510.18,511.95,517.19,501.96,467.19,452.65,455.87,455.49,440.86,405.81,362.58,333.38,324.86,321.34,316.39,320.84,323.38,296.62,251.48,216.88,197.92,187.90,177.56,157.17,128.96,105.20,88.23,74.87,63.96,54.99,47.44,41.01,35.48,30.72,26.61,23.07,20.02,17.40,15.15,13.22,11.56,10.14,8.93,7.89,7.00,6.24,5.58,5.02,4.54,4.13,3.77,3.46,3.19,2.96,2.75,2.58,2.42,2.29,2.17,2.06,1.97,1.89,1.81,1.75,1.69,1.63,1.59,1.54,1.50,1.46,1.43,1.40,1.37,1.34,1.31,1.29,1.27,1.25,1.23,1.21,1.19,1.17,1.15,1.14,1.12,1.11,1.09,1.08,1.07,1.05,1.04,1.03,1.02,1.01,1.00,0.99,0.97,0.96,0.95,0.95,0.94,0.93,0.92,0.91,0.90,0.89,0.88,0.87,0.87,0.86,0.85,0.84,0.84,0.83,0.82,0.82,0.81,0.80,0.80,0.79,0.78,0.77,203.86,190.79,197.95,232.06,302.02,419.78,578.12,760.24,964.47,1156.67,1047.20,1385.12,1806.71,2030.77,1869.68,1332.13,726.58,411.57,319.01,279.79,263.41,262.94,281.76,275.66,208.03,125.87,81.72,66.37,56.79,48.71,41.50,35.16,29.65,24.92,20.89,17.50,14.65,12.27,10.29,8.64,7.28,6.16,5.23,4.46,3.83,3.31,2.88,2.52,2.23,1.98,1.78,1.62,1.48,1.36,1.26,1.18,1.11,1.05,1.01,0.96,0.93,0.90,0.87,0.85,0.83,0.81,0.79,0.78,0.76,0.75,0.74,0.73,0.72,0.71,0.70,0.69,0.68,0.68,0.67,0.66,0.66,0.65,0.64,0.64,0.63,0.63,0.62,0.62,0.61,0.61,0.60,0.60,0.59,0.59,0.58,0.58,0.57,0.57,0.56,0.54,-19.42,-25.68,-25.30,-15.89,19.64,93.52,176.13,245.01,304.86,354.46,426.86,429.36,409.36,399.00,363.50,298.20,256.89,249.90,264.21,246.44,169.21,96.68,65.02,54.19,46.68,40.18,34.22,28.98,24.37,20.43,17.05,14.22,11.83,9.85,8.20,6.84,5.72,4.79,4.03,3.41,2.89,2.47,2.13,1.85,1.62,1.43,1.27,1.14,1.04,0.95,0.88,0.82,0.77,0.73,0.70,0.67,0.65,0.63,0.61,0.60,0.58,0.57,0.57,0.56,0.55,0.54,0.54,0.53,0.52,0.52,0.52,0.51,0.51,0.50,0.50,0.50,0.49,0.49,0.49,0.48,0.48,0.48,0.48,0.47,0.47
15,1,18,1,14,960.9166,0.47,0.47,0.46,0.46,0.46,0.46,0.45,0.45,0.45,0.45,0.44,0.44,0.44,0.44,0.45,-340.09,-385.14,-394.15,-361.67,-217.51,95.37,490.70,851.20,1311.99,1870.41,2204.99,1707.84,1336.22,1101.72,1019.09,1064.73,1124.15,1074.72,1028.50,1161.65,1374.65,1464.68,1405.89,1284.72,1163.02,1069.16,1014.89,1002.64,1028.30,1069.13,1100.47,1130.21,1177.40,1232.75,1281.42,1335.91,1387.86,1410.78,1416.70,1408.36,1355.15,1258.56,1156.26,1087.34,1067.34,1091.57,1150.81,1204.77,1189.66,1099.37,1003.21,934.64,868.67,803.60,752.15,709.30,678.58,669.22,673.45,682.31,701.06,728.28,741.21,727.57,694.70,658.47,643.40,658.58,689.39,699.39,662.63,606.94,551.16,492.20,444.21,408.54,376.99,335.96,278.44,225.37,193.37,175.75,162.95,152.25,143.28,138.63,140.10,134.58,116.67,101.44,92.61,85.00,78.20,72.88,69.65,68.89,70.26,73.10,76.04,77.69,78.23,78.28,78.50,79.89,83.63,90.28,98.25,101.37,95.39,84.46,74.26,66.54,60.80,57.32,57.47,61.80,65.22,59.44,46.68,36.70,30.88,25.74,20.95,16.93,13.55,10.81,8.62,6.91,5.57,4.54,3.75,3.14,2.68,2.33,2.07,1.87,1.71,1.59,1.50,1.43,1.37,1.33,1.29,1.26,1.23,1.21,1.19,1.17,1.16,1.14,1.13,1.11,1.10,1.09,1.07,1.06,1.05,1.04,1.02,1.01,1.00,0.99,0.98,0.97,0.96,0.95,0.94,0.93,0.92,0.91,0.90,0.90,0.89,0.88,0.87,0.86,0.85,0.85,0.84,0.83,0.82,0.82,0.81,0.80,0.80,0.79,0.78,0.78,0.77,0.76,0.76,0.75,0.75,0.74,0.73,0.73,0.72,0.72,0.71,0.71,203.35,190.49,197.63,231.63,301.56,419.70,579.15,763.23,970.28,1165.80,1067.19,1409.01,1822.34,2051.27,1931.21,1460.48,922.01,636.92,536.96,462.71,363.57,264.92,208.63,167.19,117.56,72.10,46.57,36.22,29.77,24.98,20.97,17.69,14.91,12.61,10.66,9.05,7.69,6.57,5.63,4.85,4.21,3.68,3.23,2.87,2.56,2.30,2.09,1.91,1.76,1.63,1.52,1.43,1.36,1.29,1.23,1.18,1.13,1.10,1.06,1.04,1.01,0.99,0.96,0.94,0.93,0.91,0.89,0.88,0.86,0.85,0.84,0.83,0.82,0.81,0.79,0.79,0.78,0.77,0.76,0.75,0.74,0.73,0.72,0.72,0.71,0.70,0.70,0.69,0.68,0.68,0.67,0.66,0.66,0.65,0.65,0.64,0.64,0.63,0.63,0.60,-8.75,-9.88,-9.73,-5.97,8.23,37.77,70.81,98.37,122.31,142.15,171.13,172.11,164.12,160.02,145.85,119.69,103.13,100.31,106.00,98.89,67.97,38.93,26.33,22.01,19.00,16.40,14.01,11.91,10.06,8.48,7.13,6.00,5.04,4.25,3.58,3.04,2.59,2.21,1.91,1.66,1.45,1.28,1.14,1.03,0.93,0.86,0.79,0.74,0.70,0.66,0.63,0.60,0.58,0.57,0.55,0.54,0.53,0.52,0.51,0.50,0.49,0.49,0.49,0.48,0.48,0.47,0.47,0.47,0.46,0.46,0.46,0.45,0.45,0.45,0.45,0.44,0.44,0.44,0.44,0.43,0.43,0.43,0.43,0.42,0.42
16,1,7,4,15,729.1767,0.42,0.42,0.42,0.41,0.41,0.41,0.41,0.41,0.40,0.40,0.40,0.40,0.40,0.40,0.40,-337.96,-381.59,-390.03,-357.63,-214.96,92.14,477.59,827.37,1279.28,1836.81,2144.81,1592.06,1183.33,915.04,776.06,727.63,721.53,698.10,693.44,798.92,1023.83,1252.19,1322.16,1238.74,1114.58,976.88,822.84,684.71,578.88,505.61,454.36,415.69,406.38,410.79,402.08,396.72,407.78,429.01,452.34,470.39,475.47,463.55,447.52,449.03,466.53,485.94,513.05,549.87,575.58,574.68,562.96,555.28,540.97,516.22,490.02,471.46,470.21,487.48,511.19,534.03,565.91,615.39,669.90,717.48,745.18,717.71,655.96,617.71,599.59,583.56,562.11,526.39,476.12,414.78,346.98,287.45,256.61,248.76,246.64,247.99,257.68,269.06,253.08,201.60,149.41,122.10,116.07,120.53,126.13,131.33,140.48,153.59,161.84,153.77,131.26,111.67,104.32,105.33,110.82,118.49,128.72,140.76,148.46,147.09,147.26,159.89,173.12,170.64,156.06,143.87,139.75,144.89,155.16,152.88,128.44,100.36,83.46,70.89,58.72,48.29,39.39,32.04,26.02,21.18,17.30,14.20,11.73,9.76,8.19,6.93,5.92,5.10,4.44,3.89,3.45,3.08,2.77,2.51,2.29,2.11,1.95,1.82,1.70,1.60,1.51,1.44,1.37,1.31,1.26,1.21,1.17,1.13,1.09,1.06,1.03,1.01,0.99,0.96,0.94,0.93,0.91,0.89,0.88,0.87,0.85,0.84,0.83,0.82,0.81,0.80,0.79,0.78,0.77,0.76,0.75,0.75,0.74,0.73,0.73,0.72,0.71,0.71,0.70,0.69,0.69,0.68,0.68,0.67,0.66,0.66,0.65,0.65,0.64,0.64,0.63,0.63,0.63,0.62,0.62,0.63,203.43,190.55,197.71,231.78,301.73,419.61,578.32,761.12,966.44,1160.11,1054.03,1383.59,1783.89,1990.82,1832.18,1312.12,727.88,423.98,328.02,274.81,234.80,207.07,200.50,185.55,138.11,84.76,55.62,44.76,37.91,32.31,27.41,23.18,19.53,16.43,13.80,11.59,9.74,8.20,6.91,5.85,4.96,4.23,3.63,3.13,2.71,2.37,2.09,1.85,1.66,1.50,1.36,1.25,1.16,1.08,1.01,0.95,0.90,0.86,0.83,0.80,0.78,0.75,0.73,0.72,0.70,0.69,0.67,0.66,0.65,0.64,0.63,0.62,0.62,0.61,0.60,0.59,0.59,0.58,0.58,0.57,0.56,0.56,0.55,0.55,0.54,0.54,0.53,0.53,0.53,0.52,0.52,0.51,0.51,0.51,0.50,0.50,0.49,0.49,0.49,0.46,-31.59,-35.88,-35.86,-30.79,-8.17,40.67,93.03,132.98,164.65,189.44,267.51,276.02,259.35,246.80,210.05,146.53,100.90,77.25,66.82,56.84,37.77,21.69,14.38,11.82,10.05,8.66,7.38,6.30,5.35,4.55,3.86,3.28,2.80,2.40,2.06,1.78,1.55,1.37,1.21,1.08,0.97,0.89,0.81,0.75,0.70,0.66,0.63,0.60,0.57,0.55,0.54,0.52,0.51,0.50,0.49,0.48,0.47,0.47,0.46,0.46,0.45,0.45,0.45,0.44,0.44,0.43,0.43,0.43,0.42,0.42,0.42,0.42,0.41,0.41,0.41,0.41,0.40,0.40,0.40,0.40,0.39,0.39,0.39,0.39,0.39
17,0,11,20,13,813.6833,0.38,0.38,0.38,0.38,0.38,0.37,0.37,0.37,0.37,0.37,0.37,0.36,0.36,0.36,0.36,-338.31,-382.31,-390.93,-358.55,-215.68,92.30,479.16,830.73,1284.73,1838.41,2124.87,1575.69,1168.98,896.77,746.73,679.94,651.72,610.00,591.10,668.73,812.70,910.00,878.16,766.50,676.73,643.62,640.98,631.60,603.96,573.90,529.29,464.55,430.53,438.03,463.74,498.11,516.38,501.00,471.87,449.34,433.25,428.42,440.16,463.04,496.27,548.59,610.43,648.55,648.91,633.15,624.42,628.60,640.19,643.37,628.05,607.71,606.79,623.22,647.39,674.38,687.37,697.03,709.56,715.76,724.71,737.76,748.13,733.11,671.17,600.74,570.46,561.74,538.83,507.74,485.95,461.78,424.86,389.54,367.92,364.47,377.66,399.48,410.22,387.87,344.09,304.63,275.14,251.80,239.41,238.74,233.10,220.12,216.04,220.92,226.00,230.24,242.05,259.92,257.44,234.14,217.86,213.46,213.68,214.26,205.67,184.61,166.11,160.57,159.30,154.35,144.71,133.16,124.17,117.09,113.15,118.56,123.44,114.83,101.85,93.67,88.74,87.27,90.25,90.68,79.03,62.15,51.18,43.67,36.55,30.37,25.09,20.69,17.05,14.08,11.67,9.73,8.16,6.90,5.88,5.05,4.38,3.84,3.39,3.02,2.72,2.47,2.26,2.08,1.93,1.80,1.69,1.60,1.52,1.45,1.38,1.33,1.28,1.24,1.20,1.16,1.13,1.10,1.07,1.05,1.03,1.01,0.99,0.97,0.95,0.94,0.92,0.91,0.90,0.88,0.87,0.86,0.85,0.84,0.83,0.82,0.81,0.80,0.79,0.79,0.78,0.77,0.76,0.76,0.75,0.74,0.73,0.73,0.72,0.72,0.71,0.70,0.70,0.69,0.69,0.67,204.99,190.45,197.63,231.64,301.56,419.67,579.24,763.68,971.00,1166.33,1066.88,1421.90,1862.47,2111.04,1979.21,1488.75,948.00,666.50,572.41,510.33,424.28,338.62,298.65,261.06,188.66,113.05,71.80,56.79,47.59,40.41,34.15,28.84,24.25,20.38,17.09,14.33,12.02,10.09,8.49,7.16,6.06,5.16,4.41,3.79,3.28,2.85,2.51,2.22,1.98,1.78,1.62,1.48,1.37,1.27,1.19,1.12,1.06,1.01,0.97,0.94,0.91,0.88,0.86,0.84,0.82,0.80,0.79,0.78,0.76,0.75,0.74,0.73,0.72,0.71,0.70,0.70,0.69,0.68,0.67,0.67,0.66,0.65,0.65,0.64,0.64,0.63,0.63,0.62,0.62,0.61,0.61,0.60,0.60,0.59,0.59,0.58,0.58,0.57,0.57,0.54,-1.77,-4.93,-4.51,2.76,27.94,79.09,137.81,189.25,235.96,275.65,305.72,302.84,291.32,288.11,272.48,240.69,224.22,232.03,255.21,241.69,166.94,95.50,64.37,53.73,46.41,39.98,34.08,28.86,24.27,20.33,16.96,14.13,11.75,9.77,8.13,6.77,5.65,4.72,3.96,3.34,2.83,2.41,2.07,1.79,1.56,1.37,1.22,1.09,0.99,0.90,0.83,0.78,0.73,0.69,0.65,0.63,0.60,0.59,0.57,0.56,0.54,0.53,0.52,0.52,0.51,0.50,0.50,0.49,0.49,0.49,0.48,0.48,0.48,0.47,0.47,0.47,0.46,0.46,0.46,0.46,0.45,0.45,0.45,0.45,0.45
18,1,15,26,6,1333.4321,0.44,0.44,0.44,0.44,0.43,0.43,0.43,0.43,0.43,0.42,0.42,0.42,0.42,0.42,0.43,-339.05,-383.33,-392.06,-359.63,-216.31,93.52,483.65,837.98,1293.33,1856.24,2210.93,1699.57,1325.28,1096.50,1018.27,1070.67,1150.26,1133.00,1115.36,1278.52,1584.08,1832.65,1872.17,1742.32,1578.33,1422.68,1257.76,1106.51,1010.18,974.60,973.09,994.40,1035.01,1090.53,1163.93,1262.20,1358.06,1406.34,1444.66,1534.32,1664.45,1757.14,1725.68,1601.70,1508.28,1514.06,1585.37,1648.84,1682.04,1680.53,1619.76,1521.00,1437.46,1380.03,1327.35,1269.43,1235.12,1241.07,1276.02,1335.14,1386.13,1384.86,1353.66,1353.97,1382.97,1385.98,1351.85,1316.21,1303.66,1287.15,1237.83,1177.80,1124.78,1065.85,991.82,924.37,866.41,799.80,741.18,701.06,676.49,657.00,622.96,585.09,564.61,560.60,558.72,539.02,498.82,459.60,435.70,424.67,423.30,436.57,462.94,489.00,506.33,498.85,454.68,401.94,372.51,355.03,324.36,296.87,292.53,289.12,267.19,240.34,222.96,215.74,220.15,226.24,228.61,229.00,218.99,202.71,191.37,183.46,172.75,158.41,140.26,117.06,95.23,80.07,67.59,56.12,46.57,38.49,31.88,26.45,22.06,18.50,15.62,13.29,11.39,9.85,8.59,7.55,6.68,5.97,5.37,4.86,4.43,4.07,3.75,3.48,3.25,3.05,2.87,2.71,2.57,2.45,2.34,2.25,2.16,2.08,2.01,1.94,1.89,1.83,1.78,1.74,1.70,1.66,1.62,1.59,1.56,1.53,1.51,1.48,1.46,1.43,1.41,1.39,1.37,1.36,1.34,1.32,1.30,1.29,1.27,1.26,1.25,1.23,1.22,1.21,1.19,1.18,1.17,1.16,1.15,1.14,1.13,1.12,1.11,1.10,1.09,1.08,1.07,1.05,205.22,191.04,198.18,232.27,302.22,420.04,578.56,761.02,965.94,1159.29,1053.38,1390.20,1805.06,2026.20,1876.61,1357.07,764.47,454.15,359.03,310.23,274.29,251.24,251.36,236.68,176.36,107.46,70.50,57.10,48.62,41.62,35.46,30.10,25.46,21.50,18.13,15.28,12.89,10.89,9.23,7.85,6.70,5.75,4.96,4.31,3.76,3.32,2.94,2.64,2.38,2.16,1.98,1.83,1.71,1.60,1.51,1.44,1.37,1.31,1.27,1.23,1.19,1.16,1.13,1.10,1.08,1.06,1.04,1.02,1.01,0.99,0.98,0.96,0.95,0.94,0.93,0.92,0.91,0.90,0.89,0.88,0.87,0.86,0.85,0.85,0.84,0.83,0.82,0.82,0.81,0.80,0.79,0.79,0.78,0.78,0.77,0.76,0.76,0.75,0.75,0.72,2.27,0.49,0.83,6.22,24.30,60.68,102.87,140.53,175.27,205.03,220.57,217.21,209.67,208.40,199.77,181.15,173.00,182.25,202.61,192.65,133.37,76.46,51.61,43.13,37.31,32.18,27.47,23.29,19.63,16.47,13.78,11.52,9.61,8.03,6.71,5.62,4.72,3.99,3.38,2.88,2.47,2.13,1.86,1.63,1.45,1.30,1.17,1.07,0.99,0.92,0.86,0.82,0.78,0.74,0.72,0.69,0.67,0.66,0.64,0.63,0.62,0.61,0.61,0.60,0.59,0.59,0.58,0.58,0.57,0.57,0.57,0.56,0.56,0.55,0.55,0.55,0.55,0.54,0.54,0.54,0.54,0.53,0.53,0.53,0.53
19,1,30,8,10,848.0990,0.52,0.52,0.52,0.52,0.51,0.51,0.51,0.51,0.50,0.50,0.50,0.50,0.50,0.49,0.50,-339.98,-385.17,-394.15,-361.64,-217.39,95.71,491.42,852.83,1314.76,1868.53,2171.59,1660.70,1271.26,1012.68,896.96,887.93,893.54,824.01,766.74,855.09,1008.67,1080.15,1054.71,984.10,907.93,846.07,788.08,722.45,665.60,634.67,634.50,659.60,695.94,744.26,817.01,910.75,1001.78,1067.75,1107.75,1120.00,1096.82,1052.69,1013.40,994.47,1002.81,1048.96,1122.61,1176.44,1158.19,1073.71,965.65,863.88,782.73,731.95,710.23,697.70,700.42,717.14,726.58,734.86,746.68,730.70,666.74,587.02,525.60,481.48,454.63,444.86,440.41,439.64,446.69,443.52,413.65,373.47,334.49,293.77,264.36,259.11,265.85,270.46,274.98,278.22,270.36,257.41,248.01,228.70,192.92,156.74,132.64,117.71,107.30,100.99,99.98,102.83,103.49,95.97,87.78,89.09,93.98,95.92,95.53,92.71,91.95,100.27,105.92,97.53,86.34,80.12,76.73,76.96,81.02,81.29,69.42,53.53,43.98,37.28,30.76,25.24,20.52,16.63,13.45,10.88,8.83,7.21,5.91,4.89,4.09,3.45,2.95,2.55,2.23,1.98,1.78,1.61,1.48,1.37,1.29,1.21,1.15,1.10,1.06,1.02,0.99,0.97,0.94,0.92,0.90,0.88,0.87,0.85,0.84,0.83,0.81,0.80,0.79,0.78,0.77,0.76,0.76,0.75,0.74,0.73,0.72,0.72,0.71,0.70,0.70,0.69,0.68,0.68,0.67,0.67,0.66,0.65,0.65,0.64,0.64,0.63,0.63,0.62,0.62,0.61,0.61,0.60,0.60,0.59,0.59,0.59,0.58,0.58,0.57,0.57,0.56,0.56,0.56,0.55,0.55,0.54,0.54,0.53,204.46,190.37,197.49,231.51,301.46,419.51,578.58,761.87,967.82,1162.15,1060.25,1390.06,1782.66,1990.64,1857.98,1381.73,840.25,554.15,452.96,377.80,286.87,198.95,145.73,109.14,74.56,46.43,30.59,23.49,18.91,15.63,12.99,10.90,9.16,7.74,6.56,5.59,4.78,4.11,3.56,3.10,2.72,2.40,2.14,1.92,1.74,1.58,1.45,1.35,1.25,1.18,1.11,1.05,1.01,0.96,0.92,0.89,0.86,0.84,0.82,0.80,0.78,0.76,0.75,0.74,0.72,0.71,0.70,0.69,0.68,0.67,0.66,0.65,0.64,0.64,0.63,0.62,0.61,0.61,0.60,0.59,0.59,0.58,0.58,0.57,0.57,0.56,0.55,0.55,0.54,0.54,0.53,0.53,0.53,0.52,0.52,0.51,0.51,0.50,0.50,0.47,-21.09,-25.62,-25.41,-18.70,7.78,63.46,124.97,175.03,217.52,252.23,316.88,321.03,304.82,295.16,264.00,207.96,170.70,159.07,163.21,150.40,102.85,58.79,39.49,32.87,28.27,24.34,20.74,17.58,14.80,12.43,10.40,8.70,7.26,6.07,5.08,4.26,3.59,3.03,2.57,2.20,1.89,1.63,1.43,1.26,1.12,1.00,0.91,0.83,0.76,0.71,0.67,0.63,0.60,0.57,0.55,0.53,0.52,0.51,0.50,0.49,0.48,0.47,0.46,0.46,0.45,0.45,0.44,0.44,0.43,0.43,0.43,0.43,0.42,0.42,0.42,0.41,0.41,0.41,0.41,0.40,0.40,0.40,0.40,0.39,0.39
20,1,1,24,18,874.0378,0.39,0.39,0.39,0.38,0.38,0.38,0.38,0.38,0.37,0.37,0.37,0.37,0.37,0.36,0.37,-338.02,-381.28,-389.64,-357.24,-214.66,92.08,477.04,826.34,1277.58,1837.04,2154.56,1600.31,1191.19,924.73,791.33,753.65,761.87,752.79,761.00,885.40,1139.87,1385.28,1442.75,1337.15,1205.79,1086.57,976.93,892.52,834.16,798.89,763.42,720.37,704.76,713.25,707.81,702.22,730.01,768.71,794.56,809.55,818.22,824.14,828.45,834.92,842.23,852.73,882.03,925.41,944.57,925.64,899.00,876.21,835.19,781.61,728.62,677.29,658.13,689.72,735.52,744.39,706.32,658.09,632.47,632.14,640.88,641.01,633.16,624.09,607.72,578.47,544.52,511.03,475.61,439.53,411.22,401.77,417.66,448.52,468.05,462.00,439.84,417.66,399.12,376.57,345.48,306.37,263.19,228.38,210.77,203.35,192.98,172.08,146.63,121.19,94.78,71.21,53.89,42.66,35.08,29.44,24.97,21.31,18.28,15.74,13.61,11.82,10.31,9.03,7.94,7.01,6.23,5.56,4.99,4.50,4.08,3.71,3.40,3.13,2.90,2.70,2.52,2.36,2.23,2.11,2.00,1.91,1.83,1.75,1.69,1.63,1.58,1.53,1.48,1.44,1.41,1.37,1.34,1.31,1.29,1.26,1.24,1.22,1.20,1.18,1.16,1.14,1.12,1.11,1.09,1.08,1.06,1.05,1.04,1.02,1.01,1.00,0.99,0.98,0.97,0.96,0.95,0.94,0.93,0.92,0.91,0.90,0.89,0.88,0.88,0.87,0.86,0.85,0.84,0.84,0.83,0.82,0.81,0.81,0.80,0.79,0.79,0.78,0.78,0.77,0.76,0.76,0.75,0.75,0.74,0.73,0.73,0.72,0.72,0.71,0.71,0.70,0.70,0.69,0.69,0.68,204.25,190.70,197.84,231.93,301.90,419.68,578.00,760.05,964.44,1157.29,1052.63,1401.58,1836.05,2070.05,1913.86,1394.01,819.75,520.62,429.00,383.26,341.63,309.65,308.09,289.91,215.63,129.97,83.67,67.37,57.28,48.99,41.64,35.24,29.68,24.93,20.90,17.49,14.64,12.26,10.27,8.63,7.27,6.15,5.22,4.45,3.82,3.30,2.87,2.51,2.22,1.98,1.78,1.61,1.47,1.36,1.26,1.17,1.10,1.04,1.00,0.96,0.92,0.89,0.86,0.84,0.82,0.80,0.78,0.77,0.76,0.74,0.73,0.72,0.71,0.70,0.69,0.69,0.68,0.67,0.66,0.66,0.65,0.64,0.64,0.63,0.63,0.62,0.61,0.61,0.61,0.60,0.59,0.59,0.59,0.58,0.58,0.57,0.57,0.56,0.56,0.53,-48.05,-56.68,-56.52,-46.62,-4.62,85.12,182.47,258.72,320.90,370.48,498.73,510.90,482.02,461.92,401.15,294.62,219.98,186.10,176.95,157.72,106.57,60.95,40.62,33.58,28.72,24.70,21.01,17.84,15.03,12.65,10.60,8.89,7.45,6.26,5.26,4.44,3.76,3.20,2.74,2.36,2.05,1.79,1.58,1.41,1.27,1.15,1.05,0.97,0.91,0.85,0.81,0.77,0.74,0.71,0.69,0.67,0.65,0.63,0.62,0.61,0.60,0.59,0.59,0.58,0.57,0.56,0.56,0.56,0.55,0.54,0.54,0.54,0.53,0.53,0.53,0.52,0.52,0.51,0.51,0.51,0.51,0.50,0.50,0.50,0.49
21,0,11,23,29,1056.5098,0.49,0.49,0.49,0.48,0.48,0.48,0.48,0.47,0.47,0.47,0.46,0.46,0.46,0.46,0.46,-338.56,-382.39,-391.00,-358.61,-215.65,92.81,480.80,833.08,1286.81,1851.04,2206.07,1684.80,1305.60,1073.59,990.09,1035.02,1114.23,1110.71,1109.90,1275.18,1559.21,1752.21,1705.08,1505.41,1333.72,1240.33,1183.08,1137.75,1114.92,1122.57,1143.63,1175.37,1238.48,1305.09,1317.35,1309.59,1330.50,1343.44,1354.86,1396.30,1417.06,1371.81,1288.85,1216.66,1176.56,1162.28,1176.08,1224.56,1286.47,1300.33,1261.08,1235.47,1231.76,1212.72,1158.65,1072.94,984.60,931.06,915.68,907.38,895.34,900.01,913.67,899.48,848.54,780.11,717.38,661.68,606.70,562.78,534.65,518.60,497.37,454.39,415.58,397.94,374.04,336.06,304.98,278.30,239.49,202.42,184.21,178.83,178.01,168.88,152.75,140.09,122.23,99.80,85.28,77.63,71.36,66.03,61.78,59.00,58.49,61.07,66.12,71.68,75.74,75.70,71.39,67.27,65.10,63.65,65.45,69.64,68.94,59.36,45.02,32.88,25.34,20.97,18.04,15.77,13.87,12.24,10.81,9.56,8.47,7.52,6.69,5.98,5.35,4.81,4.34,3.94,3.59,3.28,3.02,2.79,2.59,2.41,2.26,2.13,2.02,1.91,1.83,1.75,1.68,1.62,1.56,1.51,1.47,1.43,1.39,1.36,1.33,1.30,1.28,1.25,1.23,1.21,1.19,1.17,1.16,1.14,1.13,1.11,1.10,1.09,1.07,1.06,1.05,1.04,1.03,1.02,1.01,1.00,0.99,0.98,0.97,0.96,0.95,0.94,0.93,0.93,0.92,0.91,0.90,0.89,0.89,0.88,0.87,0.87,0.86,0.85,0.85,0.84,0.83,0.83,0.82,0.81,0.81,0.80,0.80,0.79,0.79,0.78,203.90,190.42,197.60,231.56,301.44,419.79,580.23,766.42,976.62,1175.89,1083.20,1421.65,1827.45,2055.13,1943.28,1482.77,955.65,677.77,575.42,491.44,373.41,252.55,177.96,128.52,86.62,54.40,35.90,27.43,22.00,18.21,15.16,12.79,10.81,9.21,7.87,6.77,5.84,5.08,4.43,3.90,3.46,3.09,2.78,2.51,2.29,2.11,1.95,1.82,1.70,1.61,1.52,1.45,1.39,1.33,1.28,1.24,1.20,1.17,1.14,1.11,1.08,1.06,1.04,1.02,1.00,0.98,0.97,0.95,0.94,0.92,0.91,0.90,0.89,0.87,0.86,0.85,0.84,0.83,0.82,0.81,0.80,0.80,0.79,0.78,0.77,0.76,0.76,0.75,0.74,0.73,0.73,0.72,0.71,0.71,0.70,0.70,0.69,0.68,0.68,0.65,23.22,20.92,21.64,30.29,56.11,106.17,166.66,224.54,280.92,330.54,319.26,307.17,300.54,305.06,307.63,303.96,312.53,345.80,395.28,379.68,263.38,150.50,101.75,85.16,73.69,63.49,54.12,45.78,38.47,32.17,26.80,22.27,18.48,15.31,12.69,10.52,8.72,7.25,6.04,5.05,4.24,3.57,3.02,2.58,2.21,1.92,1.67,1.47,1.31,1.17,1.06,0.97,0.90,0.84,0.79,0.75,0.71,0.68,0.66,0.64,0.62,0.61,0.59,0.58,0.57,0.56,0.56,0.55,0.55,0.54,0.54,0.53,0.53,0.52,0.52,0.52,0.51,0.51,0.51,0.51,0.50,0.50,0.50,0.50,0.49
22,0,11,10,12,968.2388,0.49,0.49,0.49,0.48,0.48,0.48,0.48,0.47,0.47,0.47,0.47,0.47,0.46,0.46,0.48,-339.25,-383.37,-392.08,-359.62,-216.19,93.93,484.58,839.49,1295.00,1858.00,2214.70,1703.35,1326.89,1096.03,1018.04,1069.33,1144.20,1122.56,1105.59,1290.37,1655.90,1986.72,2123.86,2098.79,1979.47,1762.11,1474.31,1194.72,976.81,840.58,783.54,786.07,814.81,839.85,858.77,890.94,902.25,837.89,738.71,672.09,654.59,673.25,693.20,700.53,709.66,728.50,741.07,718.12,667.88,630.34,620.13,624.45,623.36,599.09,569.72,573.46,608.37,646.14,670.07,683.82,705.06,741.37,797.81,873.68,941.78,988.37,1039.20,1051.59,985.76,899.42,820.48,743.45,654.08,576.07,552.13,550.65,537.40,516.74,503.52,500.76,488.08,462.64,433.58,408.98,401.84,402.24,398.41,396.21,396.28,393.10,378.71,344.95,297.62,252.85,222.42,207.82,201.78,195.61,190.20,193.23,197.56,187.39,165.25,140.38,116.65,98.52,85.84,76.46,70.19,68.40,71.04,72.45,64.19,50.01,40.00,33.80,28.12,23.02,18.73,15.14,12.24,9.90,8.06,6.61,5.49,4.61,3.93,3.40,2.99,2.67,2.42,2.22,2.06,1.93,1.83,1.74,1.67,1.61,1.56,1.51,1.47,1.44,1.41,1.38,1.35,1.33,1.30,1.28,1.26,1.24,1.22,1.21,1.19,1.17,1.16,1.14,1.13,1.11,1.10,1.09,1.07,1.06,1.05,1.04,1.03,1.01,1.00,0.99,0.98,0.97,0.96,0.95,0.94,0.94,0.93,0.92,0.91,0.90,0.89,0.88,0.88,0.87,0.86,0.85,0.85,0.84,0.83,0.83,0.82,0.81,0.81,0.80,0.79,0.79,0.78,0.78,0.77,0.76,0.76,0.77,202.45,190.65,197.79,231.83,301.77,419.77,578.85,762.35,968.81,1164.00,1059.27,1373.75,1746.94,1937.43,1792.49,1289.67,705.08,396.53,293.65,227.80,174.61,133.65,110.64,92.09,67.51,44.17,30.79,24.62,20.47,17.23,14.54,12.32,10.45,8.89,7.59,6.50,5.59,4.83,4.20,3.67,3.23,2.87,2.56,2.31,2.09,1.91,1.76,1.63,1.52,1.42,1.34,1.27,1.22,1.17,1.12,1.08,1.04,1.01,0.98,0.96,0.94,0.92,0.90,0.88,0.86,0.85,0.83,0.82,0.81,0.80,0.79,0.77,0.76,0.75,0.74,0.74,0.73,0.72,0.71,0.70,0.70,0.69,0.68,0.67,0.67,0.66,0.65,0.65,0.64,0.64,0.63,0.62,0.62,0.61,0.61,0.60,0.60,0.59,0.59,0.56,-35.22,-41.03,-40.94,-33.98,-4.25,59.39,128.27,181.99,225.64,260.32,352.82,361.85,341.17,326.39,282.45,205.98,152.16,127.15,119.60,106.08,71.57,40.96,27.36,22.64,19.37,16.68,14.21,12.08,10.20,8.62,7.25,6.11,5.15,4.35,3.68,3.13,2.68,2.30,1.99,1.74,1.53,1.36,1.22,1.10,1.01,0.93,0.86,0.81,0.76,0.72,0.69,0.67,0.64,0.62,0.61,0.59,0.58,0.57,0.56,0.55,0.54,0.54,0.54,0.53,0.52,0.52,0.52,0.51,0.51,0.50,0.50,0.50,0.49,0.49,0.49,0.48,0.48,0.47,0.47,0.47,0.47,0.47,0.46,0.46,0.46
23,1,18,30,5,972.8288,0.46,0.45,0.45,0.45,0.45,0.44,0.44,0.44,0.44,0.43,0.43,0.43,0.43,0.42,0.43,-337.91,-381.35,-389.81,-357.45,-214.92,91.71,476.25,825.14,1276.49,1830.92,2119.42,1559.46,1147.23,872.03,716.65,640.39,609.38,581.09,578.78,671.60,854.26,1004.16,1000.50,902.94,840.76,840.53,861.38,862.79,833.26,796.51,746.15,682.16,662.81,678.45,687.92,709.75,753.55,800.33,833.66,856.59,870.02,875.18,885.75,898.45,916.68,957.29,1023.95,1111.31,1199.44,1265.51,1315.68,1358.77,1362.49,1317.20,1244.83,1164.13,1119.14,1093.78,1049.96,1023.17,1025.42,1029.83,1038.21,1077.91,1139.33,1178.46,1167.66,1095.56,979.14,865.45,800.39,767.90,720.96,660.39,608.74,578.78,576.27,595.56,623.93,645.33,640.38,607.69,561.11,507.53,462.62,441.17,432.59,422.61,405.72,381.16,358.02,348.77,339.13,305.28,258.10,218.71,190.77,173.86,167.08,164.94,160.15,147.68,129.99,110.05,87.77,68.26,54.58,44.88,37.53,31.62,26.77,22.75,19.41,16.63,14.30,12.35,10.72,9.35,8.20,7.23,6.40,5.70,5.11,4.60,4.17,3.80,3.48,3.20,2.96,2.76,2.58,2.42,2.28,2.16,2.06,1.96,1.88,1.81,1.74,1.68,1.63,1.58,1.54,1.50,1.46,1.43,1.39,1.37,1.34,1.31,1.29,1.27,1.25,1.23,1.21,1.19,1.17,1.16,1.14,1.13,1.11,1.10,1.09,1.07,1.06,1.05,1.04,1.03,1.02,1.01,0.99,0.98,0.97,0.97,0.96,0.95,0.94,0.93,0.92,0.91,0.90,0.90,0.89,0.88,0.87,0.86,0.86,0.85,0.84,0.84,0.83,0.82,0.82,0.81,0.80,0.80,0.79,0.79,0.78,0.77,204.36,190.71,197.87,231.95,301.90,419.77,578.55,761.52,966.87,1160.14,1052.76,1388.43,1802.42,2021.01,1861.18,1333.93,746.37,441.58,347.41,299.77,265.87,244.23,245.61,233.05,174.82,106.12,68.59,55.25,46.98,40.16,34.13,28.87,24.32,20.43,17.13,14.35,12.03,10.08,8.47,7.13,6.02,5.11,4.36,3.73,3.22,2.80,2.45,2.16,1.92,1.73,1.56,1.43,1.32,1.22,1.14,1.07,1.02,0.97,0.93,0.90,0.87,0.84,0.82,0.80,0.79,0.77,0.76,0.75,0.73,0.72,0.71,0.71,0.70,0.69,0.68,0.68,0.67,0.66,0.65,0.65,0.64,0.64,0.63,0.63,0.62,0.62,0.61,0.61,0.61,0.60,0.60,0.59,0.59,0.58,0.58,0.58,0.57,0.57,0.56,0.54,-26.28,-30.68,-30.57,-24.68,-0.13,52.13,109.07,154.08,191.15,220.90,292.26,298.59,282.15,271.05,237.10,177.32,135.88,118.25,115.13,103.72,70.46,40.42,27.03,22.40,19.22,16.57,14.13,12.01,10.15,8.56,7.20,6.06,5.10,4.31,3.64,3.09,2.64,2.27,1.96,1.71,1.50,1.33,1.19,1.07,0.98,0.90,0.83,0.78,0.74,0.70,0.67,0.64,0.62,0.60,0.59,0.57,0.56,0.55,0.54,0.54,0.53,0.52,0.52,0.52,0.51,0.50,0.50,0.50,0.49,0.49,0.49,0.49,0.48,0.48,0.48,0.47,0.47,0.47,0.47,0.46,0.46,0.46,0.46,0.45,0.45
24,1,17,29,27,863.3874,0.45,0.45,0.45,0.44,0.44,0.44,0.44,0.43,0.43,0.43,0.43,0.43,0.42,0.42,0.42,-338.73,-383.11,-391.87,-359.48,-216.30,92.98,482.05,835.83,1291.60,1846.79,2148.83,1616.78,1223.30,965.31,837.34,807.32,808.80,765.38,737.10,829.81,992.30,1088.28,1046.99,920.40,806.97,744.75,712.31,694.24,699.44,724.87,749.31,767.36,792.33,819.49,827.25,829.90,849.24,869.19,877.83,870.82,844.62,807.96,768.44,733.04,714.04,717.92,742.53,781.55,838.53,901.38,937.31,943.33,951.75,990.49,1033.85,1027.66,967.65,891.06,828.04,782.24,736.75,685.54,644.76,626.32,600.44,547.12,498.45,482.94,488.39,482.83,461.60,444.59,433.20,415.35,380.13,334.58,304.47,290.30,280.38,273.30,269.92,270.68,276.97,293.64,315.65,328.37,332.91,338.88,348.74,350.95,336.24,311.32,276.39,234.48,196.29,164.41,140.64,126.04,118.43,115.87,115.21,114.21,113.33,112.61,115.55,120.94,114.87,99.89,90.30,86.29,86.19,90.07,89.18,75.55,58.78,48.92,41.64,34.51,28.51,23.37,19.15,15.69,12.91,10.68,8.89,7.47,6.34,5.43,4.71,4.12,3.65,3.27,2.95,2.70,2.48,2.30,2.15,2.03,1.92,1.82,1.74,1.67,1.61,1.55,1.50,1.46,1.42,1.38,1.35,1.32,1.29,1.26,1.24,1.21,1.19,1.17,1.15,1.13,1.12,1.10,1.08,1.07,1.06,1.04,1.03,1.02,1.00,0.99,0.98,0.97,0.96,0.95,0.94,0.93,0.92,0.91,0.90,0.89,0.88,0.87,0.86,0.86,0.85,0.84,0.83,0.83,0.82,0.81,0.80,0.80,0.79,0.78,0.78,0.77,0.77,0.76,0.75,0.75,0.74,0.73,204.82,190.55,197.72,231.76,301.68,419.72,579.05,763.05,969.80,1164.57,1061.60,1400.25,1814.10,2038.85,1899.62,1398.11,832.32,537.63,441.11,380.16,313.71,253.71,226.41,199.43,145.56,88.62,57.12,45.31,38.03,32.29,27.33,23.11,19.48,16.41,13.81,11.63,9.80,8.27,7.00,5.95,5.08,4.36,3.76,3.26,2.85,2.52,2.23,2.00,1.81,1.65,1.51,1.40,1.31,1.23,1.16,1.10,1.05,1.00,0.97,0.94,0.91,0.89,0.87,0.85,0.83,0.81,0.80,0.79,0.78,0.76,0.75,0.74,0.73,0.73,0.72,0.71,0.70,0.69,0.69,0.68,0.67,0.67,0.66,0.66,0.65,0.64,0.64,0.63,0.63,0.62,0.62,0.61,0.61,0.60,0.60,0.59,0.59,0.58,0.58,0.55,21.69,20.95,21.50,27.45,44.23,76.08,115.48,154.53,193.54,228.28,209.24,198.83,195.96,201.16,208.06,213.68,226.30,254.94,294.24,283.62,196.97,112.55,76.20,63.83,55.27,47.63,40.62,34.37,28.89,24.17,20.15,16.75,13.90,11.53,9.56,7.93,6.59,5.49,4.58,3.84,3.23,2.73,2.32,1.98,1.71,1.49,1.30,1.15,1.03,0.93,0.85,0.78,0.73,0.68,0.64,0.61,0.58,0.56,0.55,0.53,0.52,0.51,0.50,0.49,0.48,0.48,0.47,0.47,0.46,0.46,0.46,0.45,0.45,0.45,0.44,0.44,0.44,0.44,0.43,0.43,0.43,0.43,0.43,0.42,0.42
25,1,5,12,16,859.5788,0.42,0.42,0.42,0.41,0.41,0.41,0.41,0.41,0.41,0.40,0.40,0.40,0.40,0.40,0.41,-340.11,-385.25,-394.24,-361.73,-217.52,95.50,491.01,851.84,1313.05,1869.26,2189.55,1685.30,1303.68,1056.51,957.19,973.59,1001.76,937.78,884.33,1007.83,1238.28,1396.76,1434.95,1405.52,1346.33,1248.76,1087.75,883.91,702.58,596.02,581.58,637.76,712.24,779.00,841.49,885.55,869.19,769.45,649.82,586.21,594.26,661.31,730.39,759.02,782.35,833.89,868.33,811.84,695.51,615.73,607.31,656.73,727.91,776.16,791.29,812.37,861.88,906.91,908.13,855.87,779.92,724.58,715.55,743.81,773.89,769.99,735.63,717.48,719.28,681.48,580.08,458.35,363.18,305.31,274.58,262.84,257.13,242.94,225.72,217.55,216.13,207.46,191.71,177.22,159.54,139.42,123.38,111.18,101.65,95.56,93.57,93.94,94.93,96.74,99.71,106.26,107.14,93.44,78.39,70.99,66.33,61.68,57.46,53.79,50.72,48.28,46.59,45.83,46.27,48.09,51.38,56.33,62.48,68.87,74.64,79.48,83.65,86.55,87.33,90.62,101.32,111.73,109.30,91.16,66.36,46.82,35.79,29.80,25.98,23.10,20.70,18.58,16.70,15.00,13.47,12.10,10.86,9.76,8.77,7.89,7.10,6.40,5.77,5.22,4.72,4.28,3.89,3.54,3.23,2.96,2.72,2.50,2.31,2.13,1.98,1.84,1.72,1.61,1.52,1.43,1.35,1.28,1.22,1.17,1.11,1.07,1.03,0.99,0.96,0.93,0.90,0.87,0.85,0.83,0.81,0.79,0.77,0.76,0.74,0.73,0.72,0.70,0.69,0.68,0.67,0.66,0.65,0.65,0.64,0.63,0.62,0.61,0.61,0.60,0.60,0.59,0.58,0.58,0.57,0.55,204.17,190.60,197.71,231.80,301.78,419.55,577.61,758.99,962.27,1153.65,1046.45,1388.71,1809.76,2034.45,1886.48,1378.76,805.61,503.57,408.59,356.95,308.69,270.06,260.32,240.55,177.97,107.48,69.20,55.47,46.96,40.06,33.99,28.74,24.21,20.34,17.06,14.30,11.99,10.06,8.45,7.12,6.02,5.11,4.36,3.74,3.22,2.80,2.45,2.16,1.92,1.72,1.55,1.41,1.30,1.20,1.12,1.05,0.99,0.94,0.90,0.86,0.83,0.81,0.78,0.76,0.74,0.72,0.71,0.69,0.68,0.67,0.66,0.65,0.64,0.63,0.62,0.61,0.60,0.60,0.59,0.58,0.58,0.57,0.56,0.56,0.55,0.55,0.54,0.54,0.53,0.53,0.52,0.52,0.51,0.51,0.50,0.50,0.49,0.49,0.49,0.46,-21.22,-25.63,-25.43,-18.72,7.77,63.46,124.97,175.02,217.50,252.21,316.83,320.99,304.77,295.02,263.81,207.84,170.62,159.04,163.25,150.43,102.95,58.95,39.51,32.83,28.24,24.32,20.72,17.56,14.79,12.42,10.39,8.68,7.25,6.06,5.07,4.25,3.57,3.01,2.56,2.18,1.87,1.62,1.41,1.24,1.10,0.99,0.89,0.81,0.75,0.70,0.65,0.61,0.58,0.56,0.54,0.52,0.50,0.49,0.48,0.47,0.46,0.45,0.45,0.44,0.44,0.43,0.43,0.43,0.42,0.42,0.41,0.41,0.41,0.40,0.40,0.40,0.39,0.39,0.39,0.39,0.39,0.38,0.38,0.38,0.38
26,1,17,20,12,801.0321,0.38,0.37,0.37,0.37,0.37,0.37,0.36,0.36,0.36,0.36,0.36,0.35,0.35,0.35,0.35,-339.33,-383.67,-392.36,-359.89,-216.26,94.42,486.18,843.13,1300.86,1859.58,2184.26,1659.64,1264.17,1007.32,896.94,898.55,927.93,893.60,867.84,982.18,1188.33,1325.56,1296.71,1158.54,1033.25,965.71,930.74,909.10,900.63,900.29,881.80,845.55,832.37,840.56,840.12,844.07,846.77,806.61,754.39,735.19,734.83,737.54,727.54,708.39,712.35,717.10,698.59,672.25,645.80,625.37,599.58,566.73,537.55,515.35,505.28,506.83,515.10,528.45,544.04,550.85,543.90,535.61,538.57,562.09,595.87,600.53,571.92,536.02,500.64,471.09,449.70,433.20,427.80,418.29,386.62,352.00,330.10,322.44,325.68,325.71,315.89,302.38,288.47,267.78,238.99,209.12,181.43,158.94,142.93,131.43,124.00,121.24,124.16,132.93,145.37,153.07,150.09,140.87,130.85,122.36,117.72,120.14,125.90,124.68,113.69,96.15,77.04,62.28,51.63,42.30,34.08,27.27,21.67,17.17,13.59,10.78,8.60,6.90,5.59,4.59,3.82,3.22,2.77,2.42,2.14,1.93,1.77,1.64,1.53,1.45,1.38,1.33,1.28,1.24,1.21,1.17,1.15,1.12,1.10,1.08,1.06,1.04,1.03,1.01,0.99,0.98,0.97,0.95,0.94,0.93,0.91,0.90,0.89,0.88,0.87,0.86,0.85,0.84,0.83,0.82,0.81,0.80,0.79,0.79,0.78,0.77,0.76,0.75,0.75,0.74,0.73,0.72,0.72,0.71,0.70,0.70,0.69,0.69,0.68,0.67,0.67,0.66,0.66,0.65,0.65,0.64,0.64,0.63,0.63,0.62,0.62,0.61,0.61,0.60,0.60,0.59,0.59,0.58,0.58,0.59,204.34,190.38,197.51,231.51,301.44,419.56,578.90,762.75,969.77,1165.68,1068.16,1403.80,1803.09,2016.84,1887.76,1420.01,892.25,612.91,511.77,433.03,329.16,225.11,161.35,118.25,79.86,49.80,32.83,25.14,20.18,16.68,13.87,11.66,9.82,8.32,7.07,6.04,5.18,4.47,3.87,3.38,2.97,2.63,2.35,2.11,1.91,1.75,1.60,1.49,1.38,1.30,1.22,1.16,1.11,1.06,1.02,0.98,0.95,0.92,0.89,0.87,0.85,0.83,0.82,0.80,0.79,0.77,0.76,0.75,0.74,0.72,0.71,0.70,0.69,0.69,0.68,0.67,0.66,0.65,0.65,0.64,0.63,0.62,0.62,0.61,0.60,0.60,0.59,0.59,0.58,0.58,0.57,0.57,0.56,0.56,0.55,0.55,0.54,0.54,0.53,0.50,-46.09,-51.34,-51.43,-46.11,-20.26,36.52,96.25,139.88,172.70,197.48,303.46,316.82,295.71,278.27,228.88,144.76,82.47,45.38,23.19,12.48,6.43,3.79,2.19,1.55,1.10,0.94,0.80,0.76,0.70,0.68,0.66,0.65,0.63,0.62,0.61,0.61,0.60,0.59,0.58,0.58,0.57,0.56,0.56,0.55,0.54,0.54,0.53,0.53,0.52,0.52,0.51,0.51,0.50,0.50,0.50,0.49,0.49,0.48,0.48,0.48,0.47,0.47,0.46,0.46,0.46,0.45,0.45,0.45,0.44,0.44,0.44,0.44,0.43,0.43,0.43,0.43,0.42,0.42,0.42,0.41,0.41,0.41,0.41,0.41,0.40
27,0,11,28,30,837.5232,0.40,0.40,0.40,0.39,0.39,0.39,0.39,0.39,0.38,0.38,0.38,0.38,0.37,0.37,0.37,-336.47,-378.77,-386.81,-354.52,-213.09,89.40,467.03,808.13,1252.64,1812.82,2122.62,1538.64,1117.16,842.93,686.76,610.27,599.08,615.40,655.30,772.80,1026.47,1312.67,1383.00,1240.69,1078.07,938.48,796.53,679.36,608.18,581.50,582.21,601.17,646.60,716.40,749.84,725.22,718.59,741.59,763.24,782.89,803.41,831.32,869.89,911.50,948.67,989.30,1044.70,1108.83,1128.21,1073.32,984.06,893.40,834.24,824.51,832.19,816.67,785.23,765.31,749.98,723.77,681.91,621.77,553.82,511.69,506.90,519.77,540.05,538.05,486.18,413.52,347.18,291.61,258.56,247.99,247.85,253.08,266.86,290.80,311.91,313.10,298.17,289.50,288.60,277.80,263.16,258.60,257.59,249.88,245.01,251.62,261.97,273.49,293.29,323.92,355.12,373.61,374.08,357.64,335.58,326.33,332.60,336.13,323.68,304.56,284.80,256.40,220.04,183.79,155.45,134.63,119.07,113.03,109.74,93.78,67.89,45.72,31.14,22.60,17.47,13.92,11.25,9.20,7.60,6.35,5.37,4.60,3.99,3.51,3.12,2.81,2.56,2.35,2.18,2.04,1.92,1.81,1.73,1.65,1.58,1.53,1.47,1.43,1.39,1.35,1.32,1.29,1.26,1.23,1.21,1.18,1.16,1.14,1.13,1.11,1.09,1.08,1.06,1.05,1.04,1.02,1.01,1.00,0.99,0.98,0.96,0.95,0.94,0.93,0.93,0.92,0.91,0.90,0.89,0.88,0.87,0.87,0.86,0.85,0.84,0.84,0.83,0.82,0.82,0.81,0.80,0.80,0.79,0.78,0.78,0.77,0.77,0.76,0.75,0.75,0.74,0.74,0.73,0.73,0.72,0.72,204.66,190.53,197.72,231.76,301.67,419.73,579.34,764.07,972.14,1168.85,1065.89,1386.80,1772.96,1971.67,1813.55,1292.48,707.34,405.26,306.91,247.83,202.52,169.02,154.87,138.84,103.39,65.05,43.63,35.07,29.53,25.06,21.22,17.95,15.14,12.77,10.77,9.09,7.68,6.51,5.53,4.72,4.05,3.50,3.03,2.65,2.33,2.07,1.85,1.67,1.52,1.39,1.28,1.19,1.12,1.06,1.00,0.95,0.91,0.88,0.85,0.82,0.80,0.78,0.76,0.75,0.74,0.72,0.71,0.70,0.69,0.68,0.67,0.66,0.65,0.65,0.64,0.63,0.63,0.62,0.61,0.61,0.60,0.60,0.59,0.59,0.58,0.58,0.57,0.57,0.56,0.56,0.55,0.55,0.55,0.54,0.54,0.54,0.53,0.53,0.52,0.50,6.15,5.52,5.78,9.29,20.26,41.86,67.53,91.42,114.19,134.04,135.13,131.26,127.72,128.59,127.12,121.50,121.58,132.20,149.68,143.28,99.43,57.02,38.52,32.21,27.89,24.06,20.54,17.42,14.67,12.31,10.29,8.59,7.17,5.98,4.99,4.18,3.51,2.95,2.50,2.12,1.82,1.57,1.36,1.19,1.06,0.94,0.85,0.77,0.71,0.66,0.62,0.58,0.56,0.53,0.51,0.49,0.48,0.47,0.46,0.45,0.44,0.44,0.43,0.43,0.42,0.42,0.42,0.41,0.41,0.41,0.40,0.40,0.40,0.40,0.40,0.39,0.39,0.39,0.39,0.39,0.38,0.38,0.38,0.38,0.38
28,0,11,25,30,900.5227,0.38,0.37,0.37,0.37,0.37,0.37,0.37,0.37,0.37,0.36,0.36,0.36,0.36,0.36,0.36,-339.15,-383.97,-392.86,-360.44,-216.95,93.45,484.25,840.17,1298.18,1847.00,2113.68,1578.11,1176.21,901.09,745.26,667.70,615.72,539.08,488.20,541.81,646.93,706.70,713.77,693.75,645.27,570.08,488.97,416.95,359.54,328.99,326.32,336.19,346.23,351.94,341.05,321.36,320.27,338.36,365.40,394.72,414.07,421.89,431.31,446.75,466.52,502.03,558.63,622.14,689.91,777.74,882.84,976.41,1038.70,1086.36,1138.79,1170.85,1161.99,1134.88,1114.05,1107.17,1125.33,1175.13,1218.47,1206.97,1139.70,1070.69,1048.93,1051.97,1048.39,1025.85,969.40,897.09,823.64,740.78,672.07,637.64,623.85,624.46,623.98,596.46,544.28,484.00,430.97,386.78,348.47,320.71,306.90,301.30,291.78,286.08,295.80,312.77,326.34,335.53,341.12,350.65,366.25,371.94,369.57,372.85,371.55,361.95,353.49,329.58,283.61,246.79,226.97,201.96,170.90,146.32,129.60,118.06,111.66,109.47,108.25,106.64,105.75,105.85,111.25,114.01,102.20,88.08,81.42,79.35,82.27,86.16,80.19,64.53,50.85,42.79,35.97,29.57,24.25,19.75,16.08,13.10,10.72,8.82,7.32,6.13,5.19,4.45,3.85,3.38,3.01,2.71,2.46,2.27,2.10,1.97,1.86,1.77,1.69,1.62,1.56,1.51,1.47,1.43,1.39,1.36,1.33,1.31,1.28,1.26,1.24,1.22,1.20,1.18,1.16,1.15,1.13,1.12,1.10,1.09,1.08,1.06,1.05,1.04,1.03,1.02,1.01,1.00,0.99,0.98,0.97,0.96,0.95,0.94,0.93,0.92,0.91,0.90,0.90,0.89,0.88,0.87,0.87,0.86,0.85,0.85,203.51,190.73,197.90,231.96,301.91,419.80,578.61,761.54,966.57,1159.07,1049.47,1377.44,1777.84,1987.73,1833.04,1311.68,723.91,419.02,322.84,269.80,230.14,202.73,196.60,182.51,135.92,82.77,53.64,43.00,36.38,31.00,26.29,22.22,18.72,15.74,13.22,11.10,9.33,7.85,6.63,5.61,4.77,4.08,3.51,3.03,2.64,2.32,2.06,1.84,1.66,1.51,1.38,1.28,1.19,1.12,1.06,1.01,0.96,0.92,0.90,0.87,0.85,0.83,0.81,0.79,0.78,0.77,0.76,0.75,0.74,0.73,0.72,0.71,0.70,0.70,0.69,0.68,0.68,0.67,0.66,0.66,0.66,0.65,0.64,0.64,0.64,0.63,0.63,0.62,0.62,0.61,0.61,0.60,0.60,0.60,0.59,0.59,0.59,0.58,0.58,0.55,4.01,0.20,0.72,8.81,35.92,90.49,153.78,210.28,262.40,307.06,330.41,325.36,314.06,312.29,299.44,271.41,259.12,272.94,303.42,288.50,199.51,114.09,76.94,64.27,55.53,47.84,40.77,34.51,29.01,24.28,20.25,16.85,14.00,11.63,9.65,8.02,6.68,5.57,4.66,3.92,3.31,2.81,2.40,2.06,1.79,1.56,1.38,1.23,1.10,1.00,0.92,0.85,0.79,0.74,0.71,0.67,0.65,0.62,0.61,0.59,0.58,0.57,0.56,0.55,0.54,0.53,0.53,0.52,0.52,0.51,0.51,0.50,0.50,0.50,0.49,0.49,0.49,0.49,0.48,0.48,0.48,0.48,0.47,0.47,0.47
29,1,28,0,21,971.7944,0.47,0.47,0.46,0.46,0.46,0.46,0.46,0.45,0.45,0.45,0.45,0.45,0.44,0.44,0.45,-340.15,-385.21,-394.20,-361.71,-217.51,95.48,490.99,851.92,1313.33,1869.59,2188.58,1684.43,1303.82,1056.96,957.29,974.88,1006.90,948.32,898.08,1018.64,1231.21,1348.32,1331.95,1260.97,1203.43,1180.47,1166.63,1131.68,1084.60,1045.87,1005.41,975.27,998.88,1058.95,1140.86,1263.77,1376.11,1419.08,1427.27,1460.83,1502.56,1501.04,1440.48,1343.27,1249.19,1188.25,1168.73,1160.45,1126.45,1063.03,997.61,951.09,902.73,836.19,771.88,738.94,746.24,782.78,827.34,827.16,761.25,687.36,644.83,618.25,586.23,543.47,503.82,488.78,501.37,506.73,471.62,419.55,389.34,385.34,396.22,398.94,381.52,361.18,356.37,357.79,345.91,327.31,314.51,313.36,323.17,317.55,288.89,259.30,233.31,212.62,200.99,185.14,164.17,152.96,151.75,156.96,167.34,172.82,163.21,150.31,149.06,143.04,123.63,107.51,98.59,93.69,94.63,94.89,83.28,65.17,52.41,44.07,36.47,29.78,24.19,19.55,15.80,12.78,10.37,8.47,6.96,5.77,4.83,4.09,3.50,3.04,2.66,2.36,2.12,1.92,1.76,1.63,1.52,1.43,1.35,1.28,1.23,1.18,1.14,1.10,1.06,1.04,1.01,0.98,0.96,0.94,0.92,0.91,0.89,0.88,0.86,0.85,0.83,0.82,0.81,0.80,0.79,0.78,0.77,0.76,0.75,0.74,0.73,0.72,0.72,0.71,0.70,0.69,0.69,0.68,0.67,0.67,0.66,0.65,0.65,0.64,0.63,0.63,0.62,0.62,0.61,0.61,0.60,0.60,0.59,0.59,0.58,0.58,0.57,0.57,0.56,0.56,0.55,0.55,0.55,0.54,0.54,0.53,0.53,0.51,203.59,190.34,197.47,231.48,301.42,419.51,578.77,762.45,968.96,1163.92,1062.79,1392.41,1785.21,1994.90,1865.53,1390.03,846.09,558.36,456.47,380.62,289.03,200.60,147.04,110.15,75.32,47.08,31.18,24.00,19.37,16.04,13.36,11.23,9.45,8.01,6.80,5.81,4.97,4.29,3.71,3.23,2.84,2.51,2.24,2.01,1.82,1.65,1.52,1.40,1.31,1.22,1.15,1.09,1.04,0.99,0.95,0.92,0.88,0.86,0.83,0.81,0.79,0.78,0.76,0.75,0.73,0.72,0.70,0.69,0.68,0.67,0.66,0.65,0.64,0.64,0.63,0.62,0.61,0.60,0.60,0.59,0.58,0.58,0.57,0.57,0.56,0.55,0.55,0.54,0.54,0.53,0.53,0.52,0.52,0.51,0.51,0.50,0.50,0.49,0.49,0.46,-35.54,-41.13,-41.03,-34.08,-4.35,59.28,128.16,181.89,225.53,260.22,352.76,361.78,341.10,326.40,282.51,205.98,152.12,127.09,119.50,105.99,71.44,40.81,27.26,22.56,19.29,16.59,14.12,11.99,10.12,8.53,7.16,6.02,5.06,4.26,3.60,3.05,2.59,2.22,1.91,1.66,1.45,1.28,1.14,1.02,0.92,0.84,0.78,0.73,0.68,0.64,0.61,0.59,0.56,0.54,0.53,0.51,0.50,0.49,0.48,0.48,0.47,0.46,0.46,0.45,0.45,0.44,0.44,0.44,0.43,0.43,0.43,0.42,0.42,0.41,0.41,0.41,0.40,0.40,0.40,0.40,0.40,0.39,0.39,0.39,0.39
30,0,11,28,20,1016.2428,0.38,0.38,0.38,0.38,0.37,0.37,0.37,0.37,0.37,0.36,0.36,0.36,0.36,0.36,0.36,-337.38,-380.23,-388.47,-356.12,-214.06,90.80,472.48,818.00,1266.14,1826.16,2142.59,1577.86,1167.00,901.16,761.86,713.61,719.54,723.42,746.27,874.37,1137.09,1397.17,1443.87,1313.38,1189.72,1113.86,1047.96,989.02,945.58,920.09,873.99,795.76,748.35,725.23,698.60,698.82,711.49,694.42,652.32,619.16,612.59,625.12,645.36,664.87,679.71,693.01,701.68,693.76,682.75,700.22,746.10,796.06,829.85,857.54,905.35,962.07,992.16,989.17,965.18,930.48,901.45,888.84,906.93,973.78,1070.10,1140.70,1148.18,1091.19,978.61,837.27,729.55,680.71,656.84,646.71,659.78,675.57,664.61,636.72,618.22,616.22,637.32,675.77,708.92,715.82,680.64,620.32,562.49,500.42,430.81,371.49,334.38,319.58,319.25,322.24,323.32,327.04,337.59,336.48,313.02,290.46,280.56,276.35,272.72,271.49,277.22,287.48,290.46,278.03,259.93,251.39,255.76,263.12,261.49,249.79,240.17,230.79,200.38,151.85,107.96,77.48,57.93,45.41,36.53,29.75,24.42,20.20,16.85,14.18,12.03,10.31,8.90,7.76,6.81,6.03,5.38,4.83,4.36,3.97,3.63,3.33,3.08,2.85,2.66,2.49,2.34,2.20,2.09,1.98,1.88,1.80,1.72,1.65,1.59,1.53,1.48,1.44,1.39,1.35,1.32,1.28,1.25,1.22,1.20,1.17,1.15,1.13,1.11,1.09,1.07,1.05,1.04,1.02,1.01,0.99,0.98,0.97,0.96,0.94,0.93,0.92,0.91,0.90,0.89,0.88,0.87,0.87,0.86,0.85,0.84,0.83,0.82,0.82,0.81,0.80,0.79,0.79,0.78,0.77,0.77,0.77,204.38,190.79,197.95,232.05,302.02,419.76,578.12,760.31,964.76,1157.45,1052.60,1414.55,1875.80,2132.16,1975.32,1443.68,862.37,561.32,473.96,438.88,408.49,388.12,401.92,387.00,289.66,173.40,110.77,89.46,76.39,65.51,55.74,47.17,39.70,33.30,27.85,23.25,19.39,16.17,13.49,11.27,9.44,7.93,6.68,5.66,4.81,4.11,3.54,3.07,2.68,2.36,2.09,1.87,1.69,1.54,1.41,1.31,1.22,1.15,1.09,1.04,0.99,0.95,0.92,0.89,0.87,0.85,0.83,0.81,0.79,0.78,0.77,0.76,0.74,0.73,0.73,0.72,0.71,0.70,0.69,0.69,0.68,0.67,0.67,0.66,0.65,0.65,0.64,0.64,0.63,0.63,0.62,0.62,0.61,0.61,0.60,0.60,0.59,0.59,0.58,0.56,2.02,0.33,0.67,6.06,24.13,60.50,102.70,140.36,175.11,204.89,220.47,217.09,209.56,208.44,199.91,181.18,172.95,182.15,202.44,192.48,133.13,76.17,51.44,43.01,37.19,32.05,27.34,23.16,19.49,16.34,13.65,11.39,9.48,7.90,6.58,5.50,4.60,3.86,3.25,2.76,2.35,2.01,1.74,1.51,1.33,1.18,1.06,0.95,0.87,0.80,0.75,0.70,0.66,0.63,0.60,0.58,0.56,0.55,0.53,0.52,0.51,0.50,0.50,0.49,0.48,0.48,0.47,0.47,0.47,0.46,0.46,0.46,0.45,0.45,0.45,0.45,0.44,0.44,0.44,0.44,0.43,0.43,0.43,0.43,0.43
31,0,11,26,18,1104.6352,0.42,0.42,0.42,0.42,0.42,0.41,0.41,0.41,0.41,0.41,0.40,0.40,0.40,0.40,0.41,-340.45,-386.14,-395.29,-362.77,-218.21,96.20,494.21,857.78,1321.38,1879.43,2215.26,1728.64,1359.49,1125.33,1048.02,1103.57,1164.89,1099.85,1034.36,1150.85,1335.27,1404.81,1354.71,1236.76,1081.68,922.13,776.28,662.60,601.58,586.88,597.97,624.64,659.17,692.72,707.21,701.59,693.19,674.37,655.69,646.04,631.17,625.60,642.63,672.00,714.68,785.40,873.62,934.26,961.69,991.52,1030.47,1082.32,1139.73,1172.34,1192.89,1221.49,1229.93,1206.07,1183.87,1194.58,1243.40,1312.04,1361.73,1370.52,1349.60,1286.56,1203.71,1157.34,1130.40,1097.60,1067.35,1043.77,1020.28,998.68,996.73,1012.75,1001.28,921.19,814.65,733.24,679.80,655.39,643.32,628.75,616.41,600.55,579.45,547.94,502.40,467.27,449.48,445.20,461.10,484.61,500.37,500.36,478.84,444.31,402.59,355.46,315.99,294.40,289.98,279.61,253.31,234.35,222.13,200.32,176.19,160.87,153.22,149.13,148.97,155.03,159.53,152.03,136.90,123.29,112.55,103.97,100.02,100.32,98.12,88.51,73.39,58.31,47.23,40.11,35.10,31.12,27.74,24.77,22.13,19.79,17.69,15.83,14.18,12.71,11.40,10.24,9.22,8.31,7.51,6.79,6.16,5.61,5.11,4.68,4.29,3.95,3.65,3.38,3.14,2.93,2.74,2.57,2.42,2.29,2.17,2.06,1.96,1.88,1.80,1.73,1.67,1.61,1.56,1.51,1.47,1.43,1.39,1.36,1.33,1.30,1.27,1.25,1.22,1.20,1.18,1.16,1.14,1.13,1.11,1.10,1.08,1.07,1.05,1.04,1.03,1.02,1.01,1.00,0.99,0.98,0.97,0.96,0.95,0.94,0.93,0.92,203.84,190.79,197.91,231.93,301.89,419.88,578.76,761.69,967.23,1161.28,1057.94,1382.81,1769.00,1972.17,1840.47,1359.04,800.95,505.07,402.73,330.03,250.91,178.23,134.82,103.99,72.58,46.00,30.98,24.18,19.75,16.49,13.83,11.70,9.92,8.45,7.23,6.22,5.37,4.67,4.08,3.60,3.19,2.86,2.57,2.34,2.14,1.97,1.83,1.71,1.61,1.52,1.44,1.38,1.32,1.28,1.23,1.19,1.16,1.12,1.10,1.08,1.06,1.04,1.02,1.00,0.98,0.97,0.95,0.94,0.93,0.91,0.90,0.89,0.88,0.87,0.86,0.85,0.84,0.83,0.82,0.81,0.81,0.80,0.79,0.78,0.78,0.77,0.76,0.75,0.75,0.74,0.73,0.73,0.72,0.72,0.71,0.70,0.70,0.69,0.69,0.66,-21.01,-25.43,-25.23,-18.52,7.97,63.65,125.16,175.22,217.70,252.40,317.02,321.19,304.96,295.21,264.00,208.03,170.80,159.20,163.36,150.56,103.03,58.98,39.66,33.02,28.43,24.50,20.89,17.74,14.96,12.59,10.56,8.85,7.42,6.22,5.23,4.41,3.74,3.18,2.72,2.34,2.03,1.78,1.57,1.40,1.26,1.14,1.05,0.97,0.90,0.85,0.81,0.77,0.74,0.71,0.69,0.67,0.65,0.64,0.63,0.62,0.61,0.60,0.60,0.59,0.58,0.58,0.57,0.57,0.56,0.56,0.56,0.55,0.55,0.54,0.54,0.54,0.53,0.53,0.53,0.52,0.52,0.52,0.52,0.51,0.51
32,1,18,12,18,958.7888,0.51,0.51,0.50,0.50,0.50,0.50,0.49,0.49,0.49,0.49,0.48,0.48,0.48,0.48,0.48,-338.13,-381.62,-390.05,-357.65,-214.90,92.49,478.65,829.55,1282.49,1840.56,2149.46,1597.29,1186.41,914.97,776.00,729.80,726.34,706.85,706.74,819.35,1047.58,1256.87,1297.65,1205.02,1103.01,1023.40,956.73,900.85,848.73,801.55,743.69,679.69,655.43,683.21,750.97,848.33,962.22,1088.43,1213.96,1301.06,1316.55,1284.51,1253.86,1241.32,1255.89,1302.88,1371.31,1434.57,1442.03,1385.34,1312.79,1246.65,1172.82,1091.17,1025.55,989.59,976.10,976.59,978.02,976.70,983.94,979.39,943.71,884.02,810.22,734.48,678.69,655.01,645.96,633.56,621.84,617.13,609.92,585.78,534.42,471.21,422.56,391.52,370.99,362.03,354.55,325.06,284.64,259.36,247.81,246.15,251.69,251.08,239.68,224.27,207.77,194.34,192.16,198.17,198.20,188.17,171.91,150.79,129.05,112.48,103.91,102.14,98.39,83.31,64.78,53.25,45.00,37.23,30.67,25.11,20.55,16.82,13.82,11.40,9.48,7.94,6.71,5.72,4.93,4.29,3.78,3.36,3.02,2.73,2.50,2.30,2.13,1.99,1.87,1.77,1.68,1.60,1.53,1.47,1.42,1.37,1.33,1.29,1.25,1.22,1.19,1.16,1.14,1.11,1.09,1.07,1.05,1.03,1.02,1.00,0.98,0.97,0.95,0.94,0.93,0.92,0.90,0.89,0.88,0.87,0.86,0.85,0.84,0.83,0.82,0.81,0.80,0.80,0.79,0.78,0.77,0.77,0.76,0.75,0.74,0.74,0.73,0.72,0.72,0.71,0.70,0.70,0.69,0.69,0.68,0.67,0.67,0.66,0.66,0.65,0.65,0.64,0.64,0.63,0.63,0.62,0.62,0.61,0.61,0.61,203.27,190.38,197.53,231.53,301.45,419.60,579.18,763.61,971.31,1167.75,1070.81,1413.24,1826.28,2050.47,1916.05,1437.53,907.22,629.18,530.90,458.25,360.94,263.32,207.60,166.25,116.37,71.14,46.11,35.95,29.54,24.78,20.79,17.52,14.74,12.43,10.48,8.86,7.50,6.38,5.43,4.65,4.01,3.48,3.03,2.66,2.35,2.10,1.89,1.71,1.56,1.44,1.33,1.24,1.17,1.11,1.05,1.00,0.96,0.93,0.90,0.87,0.85,0.83,0.81,0.79,0.78,0.76,0.75,0.74,0.72,0.71,0.70,0.69,0.68,0.68,0.67,0.66,0.65,0.64,0.64,0.63,0.62,0.62,0.61,0.61,0.60,0.59,0.59,0.58,0.58,0.57,0.57,0.56,0.56,0.55,0.55,0.54,0.54,0.54,0.53,0.50,-31.80,-35.84,-35.82,-30.75,-8.13,40.71,93.07,133.03,164.70,189.48,267.54,276.05,259.38,246.80,210.05,146.54,100.92,77.27,66.82,56.85,37.76,21.66,14.40,11.86,10.08,8.69,7.41,6.33,5.38,4.58,3.89,3.31,2.83,2.42,2.09,1.81,1.58,1.39,1.23,1.10,1.00,0.91,0.84,0.78,0.73,0.68,0.65,0.62,0.60,0.58,0.56,0.54,0.53,0.52,0.51,0.50,0.49,0.49,0.48,0.48,0.47,0.46,0.46,0.46,0.45,0.45,0.45,0.45,0.44,0.44,0.44,0.43,0.43,0.42,0.42,0.42,0.42,0.41,0.41,0.41,0.41,0.41,0.40,0.40,0.40
33,0,11,28,30,933.7048,0.40,0.40,0.39,0.39,0.39,0.39,0.39,0.38,0.38,0.38,0.38,0.38,0.37,0.37,0.37,-337.09,-380.05,-388.31,-356.00,-214.10,90.28,471.06,815.47,1262.91,1822.76,2138.15,1573.03,1164.55,901.65,761.88,711.99,717.43,720.30,740.51,859.44,1107.06,1362.91,1414.51,1270.84,1105.19,971.05,853.27,773.12,741.75,745.19,739.66,705.21,684.42,687.71,649.48,561.97,500.53,473.46,455.80,450.16,458.32,479.35,513.06,552.87,588.98,620.76,651.00,678.53,718.28,762.81,777.23,772.82,773.08,776.17,783.90,799.14,821.84,856.61,896.98,925.92,938.84,952.74,996.76,1073.24,1139.69,1144.82,1085.20,1005.72,931.77,856.05,784.43,720.38,655.80,601.68,569.05,558.01,564.08,572.74,572.58,568.97,568.81,581.80,588.05,542.54,467.87,413.66,373.86,331.79,291.38,263.53,259.12,272.55,283.09,283.67,283.49,278.41,263.68,256.83,256.11,247.56,243.17,248.65,256.16,265.25,278.20,285.22,270.64,244.70,230.28,224.97,224.75,238.28,248.46,220.53,167.57,126.66,100.30,80.36,65.06,52.81,42.82,34.73,28.21,23.00,18.85,15.55,12.92,10.82,9.15,7.80,6.72,5.84,5.13,4.54,4.05,3.65,3.31,3.03,2.79,2.58,2.41,2.26,2.13,2.01,1.91,1.82,1.75,1.68,1.62,1.56,1.51,1.47,1.42,1.39,1.35,1.32,1.29,1.27,1.24,1.22,1.20,1.18,1.16,1.14,1.13,1.11,1.09,1.08,1.07,1.05,1.04,1.03,1.02,1.01,1.00,0.98,0.97,0.96,0.96,0.95,0.94,0.93,0.92,0.91,0.90,0.90,0.89,0.88,0.87,0.87,0.86,0.85,0.84,0.84,0.83,0.82,0.82,0.81,0.81,0.80,203.93,190.60,197.79,231.83,301.74,419.80,579.42,764.13,972.07,1168.47,1064.77,1385.14,1771.21,1971.74,1818.29,1299.52,712.25,408.36,309.37,249.63,203.55,169.50,155.05,138.87,103.33,64.95,43.52,34.97,29.44,24.99,21.17,17.91,15.13,12.78,10.79,9.12,7.72,6.56,5.59,4.78,4.12,3.57,3.11,2.73,2.41,2.15,1.93,1.75,1.59,1.47,1.36,1.27,1.20,1.13,1.07,1.03,0.98,0.95,0.92,0.90,0.87,0.85,0.83,0.82,0.80,0.79,0.77,0.76,0.75,0.74,0.73,0.72,0.71,0.71,0.70,0.69,0.68,0.68,0.67,0.66,0.66,0.65,0.65,0.64,0.63,0.63,0.62,0.62,0.61,0.61,0.60,0.60,0.60,0.59,0.59,0.58,0.58,0.57,0.57,0.54,4.08,0.20,0.71,8.80,35.91,90.48,153.77,210.27,262.39,307.05,330.41,325.35,314.06,312.32,299.50,271.43,259.13,272.95,303.44,288.50,199.53,114.13,76.94,64.25,55.52,47.82,40.76,34.50,29.00,24.27,20.24,16.84,13.99,11.61,9.64,8.01,6.67,5.56,4.65,3.90,3.29,2.79,2.38,2.05,1.77,1.55,1.36,1.21,1.09,0.99,0.90,0.84,0.78,0.73,0.69,0.66,0.63,0.61,0.59,0.58,0.56,0.55,0.54,0.53,0.53,0.52,0.51,0.51,0.50,0.50,0.50,0.49,0.49,0.48,0.48,0.48,0.48,0.47,0.47,0.47,0.47,0.46,0.46,0.46,0.46
34,0,11,5,7,975.2051,0.46,0.45,0.45,0.45,0.45,0.44,0.44,0.44,0.44,0.44,0.43,0.43,0.43,0.43,0.44,-339.69,-384.48,-393.44,-360.99,-217.23,94.26,487.04,844.75,1303.64,1858.37,2166.81,1653.96,1272.28,1023.82,912.32,908.65,924.17,866.04,822.03,939.94,1153.03,1285.48,1295.68,1249.70,1189.77,1124.41,1049.54,960.85,882.94,841.65,832.42,846.72,878.47,908.62,927.54,965.00,1028.66,1075.04,1089.06,1109.28,1139.89,1141.90,1101.45,1037.65,995.42,1016.41,1100.75,1210.81,1284.63,1275.73,1190.10,1068.60,966.33,914.08,897.50,888.82,877.42,863.74,848.97,839.52,848.19,888.05,952.11,1016.54,1039.12,979.02,871.81,791.17,748.81,717.43,690.40,668.46,640.59,594.26,527.56,458.88,415.22,406.60,421.71,450.03,487.35,512.10,489.50,425.37,362.81,321.18,297.27,293.18,293.34,280.23,268.84,272.61,283.66,286.91,273.15,244.56,212.72,189.92,178.27,172.95,173.42,178.63,179.04,164.65,139.10,116.25,101.20,89.61,81.06,77.84,78.37,76.34,64.56,49.14,39.66,33.18,27.03,21.84,17.47,13.91,11.06,8.82,7.06,5.71,4.67,3.88,3.28,2.82,2.47,2.21,2.01,1.86,1.74,1.65,1.58,1.52,1.47,1.43,1.40,1.37,1.35,1.33,1.31,1.29,1.27,1.25,1.24,1.22,1.20,1.19,1.18,1.16,1.15,1.13,1.12,1.11,1.09,1.08,1.07,1.06,1.05,1.03,1.02,1.01,1.00,0.99,0.98,0.97,0.96,0.95,0.94,0.93,0.92,0.91,0.91,0.90,0.89,0.88,0.87,0.87,0.86,0.85,0.84,0.84,0.83,0.82,0.81,0.81,0.80,0.79,0.79,0.78,0.78,0.77,0.76,0.76,0.75,0.75,0.74,0.73,204.33,190.66,197.81,231.88,301.84,419.72,578.41,761.14,966.09,1158.91,1050.62,1379.09,1779.76,1990.83,1841.16,1324.76,735.72,427.52,329.91,275.96,235.17,206.78,199.86,185.22,138.17,84.61,55.19,44.32,37.50,31.96,27.12,22.95,19.36,16.30,13.72,11.54,9.72,8.20,6.93,5.88,5.02,4.30,3.71,3.21,2.81,2.47,2.19,1.96,1.77,1.61,1.48,1.36,1.27,1.20,1.13,1.07,1.02,0.98,0.94,0.91,0.89,0.86,0.84,0.83,0.81,0.79,0.78,0.77,0.76,0.74,0.73,0.72,0.72,0.71,0.70,0.69,0.68,0.68,0.67,0.66,0.66,0.65,0.64,0.64,0.63,0.63,0.62,0.62,0.61,0.61,0.60,0.60,0.59,0.59,0.58,0.58,0.57,0.57,0.56,0.54,-8.46,-9.94,-9.79,-6.03,8.18,37.72,70.76,98.32,122.25,142.09,171.07,172.06,164.06,159.95,145.77,119.62,103.08,100.27,105.99,98.88,67.99,38.98,26.30,21.96,18.95,16.36,13.97,11.87,10.03,8.45,7.10,5.96,5.00,4.21,3.55,3.00,2.55,2.18,1.88,1.62,1.42,1.25,1.11,1.00,0.90,0.83,0.76,0.71,0.67,0.63,0.60,0.58,0.56,0.54,0.52,0.51,0.50,0.49,0.48,0.48,0.47,0.46,0.46,0.46,0.45,0.45,0.45,0.44,0.44,0.44,0.43,0.43,0.43,0.43,0.42,0.42,0.42,0.42,0.41,0.41,0.41,0.41,0.41,0.41,0.40
35,0,11,7,14,912.5812,0.40,0.40,0.40,0.40,0.39,0.39,0.39,0.39,0.39,0.39,0.38,0.38,0.38,0.38,0.38,-339.09,-383.77,-392.57,-360.12,-216.58,93.86,484.93,841.37,1299.60,1850.79,2128.10,1591.20,1186.36,910.63,760.88,695.50,658.61,595.00,552.75,611.87,724.08,786.79,761.28,683.31,612.19,569.94,537.91,509.66,500.40,512.59,538.47,584.04,653.58,732.71,798.85,857.70,917.14,941.19,941.55,969.63,1027.41,1081.77,1104.70,1100.29,1091.10,1096.79,1120.18,1139.83,1155.85,1173.36,1147.05,1074.92,1013.50,969.64,941.39,945.13,960.69,966.98,983.74,1019.38,1021.84,966.41,902.49,848.69,781.21,704.46,642.96,612.27,610.49,625.46,648.33,666.20,665.81,655.10,645.62,616.04,569.80,547.00,526.32,475.95,431.90,416.40,407.79,392.48,369.35,347.17,337.30,344.11,362.19,370.50,354.69,320.77,292.34,277.61,260.05,233.93,204.80,180.70,167.66,162.03,160.09,159.41,156.95,153.53,153.58,156.71,144.48,117.45,100.39,94.66,90.99,88.28,88.63,93.46,96.28,87.52,69.88,53.54,42.81,36.48,32.16,28.62,25.50,22.70,20.17,17.90,15.88,14.08,12.48,11.07,9.82,8.73,7.77,6.93,6.20,5.55,4.99,4.50,4.07,3.70,3.37,3.09,2.84,2.62,2.43,2.26,2.11,1.98,1.87,1.77,1.68,1.60,1.53,1.46,1.41,1.36,1.31,1.27,1.23,1.20,1.17,1.14,1.12,1.09,1.07,1.05,1.03,1.02,1.00,0.98,0.97,0.95,0.94,0.93,0.92,0.91,0.89,0.88,0.87,0.86,0.85,0.85,0.84,0.83,0.82,0.81,0.80,0.80,0.79,0.78,0.77,0.77,0.76,0.75,0.75,0.74,0.73,0.73,0.72,0.71,205.23,190.60,197.74,231.78,301.73,419.68,578.51,761.41,966.60,1159.72,1054.86,1393.70,1807.18,2028.50,1882.76,1382.14,824.18,532.47,436.10,376.08,310.48,251.00,224.08,197.38,143.63,86.94,55.84,44.29,37.13,31.49,26.61,22.47,18.90,15.89,13.34,11.21,9.42,7.93,6.70,5.67,4.83,4.13,3.55,3.08,2.68,2.36,2.09,1.87,1.68,1.53,1.40,1.29,1.21,1.13,1.07,1.01,0.97,0.93,0.90,0.87,0.85,0.83,0.81,0.79,0.77,0.76,0.75,0.74,0.73,0.72,0.71,0.70,0.69,0.68,0.68,0.67,0.66,0.66,0.65,0.64,0.64,0.63,0.63,0.62,0.62,0.61,0.61,0.60,0.60,0.59,0.59,0.58,0.58,0.57,0.57,0.57,0.56,0.56,0.55,0.53,-3.06,-4.82,-4.58,-0.00,16.14,49.11,86.72,119.33,148.67,173.47,195.73,194.55,186.78,184.10,172.70,150.31,137.96,141.18,154.21,145.67,100.58,57.61,38.87,32.47,28.05,24.19,20.64,17.50,14.75,12.38,10.36,8.66,7.23,6.04,5.06,4.24,3.56,3.01,2.55,2.18,1.87,1.62,1.41,1.24,1.11,0.99,0.90,0.82,0.76,0.71,0.66,0.63,0.60,0.57,0.55,0.54,0.52,0.51,0.50,0.49,0.48,0.48,0.47,0.47,0.46,0.46,0.45,0.45,0.45,0.44,0.44,0.44,0.43,0.43,0.43,0.43,0.42,0.42,0.42,0.42,0.42,0.41,0.41,0.41,0.41
36,0,11,13,12,1069.3779,0.41,0.41,0.40,0.40,0.40,0.40,0.40,0.39,0.39,0.39,0.39,0.39,0.39,0.38,0.39,-339.05,-383.47,-392.19,-359.74,-216.28,93.85,484.53,840.32,1297.53,1853.45,2159.49,1627.73,1227.86,963.29,835.61,807.88,810.04,766.58,736.55,830.86,1016.50,1163.22,1174.72,1079.42,976.52,898.81,823.47,757.08,722.28,710.35,703.85,710.64,738.81,787.34,876.28,1014.99,1145.41,1221.00,1288.47,1385.16,1483.11,1521.86,1460.68,1357.67,1292.58,1284.83,1325.15,1383.09,1417.16,1416.58,1377.24,1281.03,1154.32,1051.95,999.92,991.06,988.93,986.42,1016.30,1067.31,1083.58,1040.48,981.65,963.48,976.10,962.20,915.88,870.47,808.71,737.20,709.65,718.02,730.68,728.61,697.29,644.21,592.29,563.28,554.92,558.99,583.92,615.36,607.58,554.19,500.45,464.98,423.50,368.11,317.58,287.94,284.14,298.68,318.95,344.02,372.05,389.71,393.52,378.75,349.31,321.59,301.00,293.63,302.45,323.24,340.49,333.45,302.25,271.53,257.27,256.58,263.54,262.26,236.69,200.68,177.56,162.78,143.16,117.68,91.27,69.69,54.62,44.09,36.20,30.01,25.03,20.98,17.67,14.96,12.74,10.90,9.39,8.13,7.09,6.22,5.49,4.87,4.36,3.92,3.55,3.23,2.96,2.73,2.53,2.36,2.21,2.08,1.97,1.86,1.78,1.70,1.63,1.57,1.51,1.46,1.42,1.38,1.34,1.31,1.27,1.25,1.22,1.19,1.17,1.15,1.13,1.11,1.09,1.08,1.06,1.05,1.03,1.02,1.00,0.99,0.98,0.97,0.95,0.94,0.93,0.92,0.91,0.90,0.89,0.88,0.87,0.87,0.86,0.85,0.84,0.83,0.83,0.82,0.81,0.80,0.80,0.79,0.78,0.78,0.77,0.76,204.14,190.68,197.81,231.86,301.81,419.73,578.42,761.06,966.18,1159.69,1054.80,1382.89,1776.29,1979.01,1828.58,1325.49,757.23,460.05,362.05,299.93,241.10,191.41,166.71,143.76,104.15,64.34,42.58,33.90,28.32,23.96,20.25,17.12,14.45,12.21,10.31,8.73,7.40,6.29,5.37,4.60,3.96,3.44,3.00,2.64,2.34,2.08,1.88,1.70,1.56,1.44,1.33,1.25,1.17,1.11,1.06,1.02,0.97,0.94,0.91,0.89,0.86,0.84,0.83,0.81,0.80,0.78,0.77,0.76,0.75,0.74,0.73,0.72,0.71,0.70,0.69,0.69,0.68,0.67,0.66,0.66,0.65,0.65,0.64,0.63,0.63,0.62,0.62,0.61,0.61,0.60,0.60,0.59,0.59,0.58,0.58,0.57,0.57,0.57,0.56,0.53,-2.88,-4.81,-4.57,0.00,16.14,49.11,86.72,119.33,148.67,173.47,195.73,194.55,186.78,184.13,172.74,150.33,137.98,141.20,154.27,145.71,100.67,57.75,38.90,32.45,28.05,24.19,20.64,17.50,14.75,12.38,10.36,8.66,7.23,6.04,5.06,4.24,3.56,3.01,2.55,2.18,1.87,1.62,1.41,1.24,1.11,0.99,0.90,0.82,0.76,0.71,0.66,0.63,0.60,0.57,0.55,0.54,0.52,0.51,0.50,0.49,0.48,0.47,0.47,0.46,0.46,0.45,0.45,0.45,0.44,0.44,0.44,0.43,0.43,0.43,0.43,0.42,0.42,0.42,0.42,0.42,0.41,0.41,0.41,0.41,0.41
37,1,3,9,20,660.6882,0.40,0.40,0.40,0.40,0.40,0.39,0.39,0.39,0.39,0.39,0.39,0.38,0.38,0.38,0.38,-339.13,-383.52,-392.23,-359.76,-216.22,94.07,485.02,841.36,1299.13,1852.66,2142.55,1603.72,1195.17,919.02,775.49,720.42,693.86,638.21,604.57,684.19,841.84,963.88,989.93,943.51,860.01,746.06,615.14,499.79,421.36,382.60,377.79,398.50,433.97,463.22,477.96,498.54,529.79,544.89,532.92,523.04,533.87,558.97,588.22,603.84,604.88,614.49,637.38,649.18,632.04,589.69,543.89,516.42,512.27,523.43,536.54,541.21,531.97,499.86,447.85,403.66,391.42,413.78,446.10,454.79,431.54,393.91,360.88,334.83,305.49,267.90,231.66,208.17,197.74,195.31,195.30,190.97,181.67,174.23,171.67,167.44,150.76,124.37,102.96,90.94,83.35,77.31,72.44,68.68,66.24,65.40,66.26,69.06,73.58,78.56,81.77,82.06,79.77,78.15,79.74,78.74,69.57,54.80,40.17,29.74,23.60,19.69,16.84,14.55,12.65,11.02,9.63,8.44,7.43,6.55,5.80,5.16,4.61,4.13,3.73,3.37,3.07,2.81,2.58,2.39,2.21,2.06,1.93,1.82,1.72,1.63,1.55,1.48,1.42,1.37,1.32,1.27,1.23,1.20,1.16,1.13,1.11,1.08,1.06,1.04,1.02,1.00,0.98,0.96,0.95,0.93,0.92,0.91,0.90,0.88,0.87,0.86,0.85,0.84,0.83,0.82,0.82,0.81,0.80,0.79,0.78,0.78,0.77,0.76,0.75,0.75,0.74,0.74,0.73,0.72,0.72,0.71,0.71,0.70,0.69,0.69,0.68,0.68,0.67,0.67,0.66,0.66,0.65,0.65,0.64,0.64,0.64,0.63,0.63,0.62,0.62,0.61,0.61,0.61,0.60,0.61,203.66,190.63,197.75,231.84,301.82,419.58,577.62,758.95,962.22,1153.67,1044.82,1374.39,1774.36,1978.89,1817.58,1300.83,722.94,420.83,324.76,271.91,232.10,204.45,198.03,183.50,136.41,83.19,54.22,43.56,36.85,31.37,26.59,22.46,18.90,15.88,13.32,11.17,9.38,7.88,6.63,5.60,4.75,4.05,3.46,2.98,2.59,2.26,1.99,1.77,1.58,1.43,1.30,1.19,1.11,1.03,0.97,0.92,0.87,0.83,0.80,0.77,0.75,0.73,0.71,0.70,0.68,0.67,0.66,0.65,0.64,0.63,0.62,0.61,0.61,0.60,0.59,0.59,0.58,0.58,0.57,0.57,0.56,0.56,0.55,0.55,0.54,0.54,0.53,0.53,0.53,0.52,0.52,0.51,0.51,0.51,0.50,0.50,0.50,0.49,0.49,0.46,-47.76,-56.74,-56.59,-46.68,-4.68,85.06,182.42,258.66,320.85,370.43,498.66,510.83,481.95,461.81,401.02,294.52,219.89,186.02,176.87,157.64,106.47,60.83,40.55,33.54,28.67,24.65,20.96,17.78,14.98,12.60,10.55,8.84,7.40,6.21,5.21,4.39,3.71,3.15,2.69,2.31,2.00,1.75,1.54,1.36,1.22,1.10,1.01,0.93,0.86,0.81,0.76,0.73,0.69,0.67,0.64,0.62,0.61,0.59,0.58,0.57,0.56,0.55,0.55,0.54,0.53,0.53,0.53,0.52,0.51,0.51,0.51,0.50,0.50,0.49,0.49,0.49,0.48,0.48,0.48,0.48,0.47,0.47,0.47,0.46,0.46
38,0,11,23,13,1134.9872,0.46,0.46,0.45,0.45,0.45,0.45,0.44,0.44,0.44,0.44,0.43,0.43,0.43,0.43,0.43,-338.48,-382.10,-390.63,-358.23,-215.34,92.74,480.15,832.30,1286.13,1847.55,2179.98,1643.52,1247.45,994.17,882.74,883.28,923.21,914.35,915.42,1053.03,1297.80,1469.78,1429.07,1257.15,1124.75,1088.21,1120.37,1176.05,1217.77,1234.47,1208.54,1153.60,1137.18,1173.51,1226.81,1308.45,1425.38,1538.39,1646.13,1757.16,1817.74,1783.85,1688.38,1594.12,1547.85,1567.12,1615.93,1644.66,1659.56,1679.96,1685.10,1641.63,1529.30,1373.92,1244.04,1172.60,1128.08,1088.79,1088.13,1135.00,1168.69,1128.78,1024.44,925.15,878.02,851.19,813.17,787.79,780.14,770.96,766.85,761.61,712.68,626.77,563.02,536.28,520.42,495.91,468.93,465.75,494.80,530.62,534.10,489.12,418.32,359.64,333.36,333.25,336.36,329.16,324.93,325.21,314.62,295.57,282.52,268.37,224.35,171.15,144.93,132.73,115.60,88.14,60.37,41.05,28.65,21.24,16.34,12.82,10.17,8.16,6.64,5.48,4.59,3.91,3.39,2.98,2.66,2.41,2.21,2.05,1.92,1.82,1.73,1.66,1.60,1.54,1.50,1.46,1.42,1.39,1.36,1.33,1.31,1.28,1.26,1.24,1.22,1.20,1.19,1.17,1.15,1.14,1.12,1.11,1.10,1.08,1.07,1.06,1.05,1.03,1.02,1.01,1.00,0.99,0.98,0.97,0.96,0.95,0.94,0.93,0.92,0.92,0.91,0.90,0.89,0.88,0.88,0.87,0.86,0.85,0.85,0.84,0.83,0.82,0.82,0.81,0.80,0.80,0.79,0.79,0.78,0.77,0.77,0.76,0.76,0.75,0.75,0.74,0.73,0.73,0.72,0.72,0.71,0.71,0.70,0.70,0.69,0.69,0.68,0.68,204.69,190.41,197.57,231.55,301.46,419.67,579.52,764.49,973.07,1170.71,1073.55,1395.96,1774.38,1973.06,1841.75,1366.44,823.97,539.63,436.42,354.90,257.92,163.74,102.53,64.20,41.07,27.84,19.63,14.67,11.30,9.08,7.42,6.22,5.27,4.54,3.94,3.46,3.07,2.74,2.46,2.24,2.04,1.89,1.75,1.63,1.53,1.44,1.37,1.30,1.24,1.19,1.15,1.11,1.07,1.04,1.01,0.98,0.96,0.94,0.92,0.90,0.88,0.87,0.85,0.84,0.82,0.81,0.80,0.79,0.78,0.77,0.76,0.75,0.74,0.73,0.72,0.71,0.70,0.69,0.69,0.68,0.67,0.67,0.66,0.65,0.65,0.64,0.63,0.63,0.62,0.62,0.61,0.61,0.60,0.59,0.59,0.59,0.58,0.58,0.57,0.54,-6.70,-10.05,-9.73,-3.28,19.98,67.73,121.86,168.24,209.56,244.27,281.00,280.32,268.55,263.74,245.22,209.80,189.21,191.04,206.93,194.85,134.30,76.81,51.78,43.22,37.30,32.14,27.40,23.21,19.53,16.38,13.68,11.42,9.51,7.92,6.61,5.52,4.62,3.88,3.27,2.77,2.36,2.03,1.75,1.53,1.34,1.19,1.07,0.97,0.88,0.81,0.76,0.71,0.67,0.64,0.61,0.59,0.57,0.55,0.54,0.53,0.52,0.51,0.50,0.50,0.49,0.48,0.48,0.48,0.47,0.47,0.46,0.46,0.46,0.45,0.45,0.45,0.44,0.44,0.44,0.44,0.44,0.43,0.43,0.43,0.43
39,1,28,30,29,1100.9186,0.42,0.42,0.42,0.42,0.42,0.41,0.41,0.41,0.41,0.41,0.40,0.40,0.40,0.40,0.40,-338.05,-381.50,-389.95,-357.56,-215.00,91.83,476.82,826.15,1277.82,1835.27,2141.80,1589.21,1182.38,915.23,775.56,726.78,721.88,702.05,702.49,820.29,1068.25,1313.53,1397.84,1341.49,1244.75,1121.10,979.27,853.89,758.74,703.42,679.91,680.98,714.42,766.77,797.68,812.07,846.26,893.87,937.40,961.04,953.69,930.50,912.34,904.48,902.52,913.72,954.99,1028.92,1119.90,1188.81,1205.48,1183.94,1145.48,1133.10,1190.59,1275.66,1326.33,1359.60,1403.46,1444.49,1463.17,1442.10,1371.55,1274.66,1207.05,1201.43,1225.58,1209.33,1150.62,1116.81,1114.98,1085.44,1007.04,923.51,864.41,822.46,801.66,801.24,794.59,774.52,755.03,728.55,675.88,600.37,527.80,474.50,442.52,429.91,423.75,415.57,397.44,364.97,340.03,325.83,301.01,267.32,234.02,203.38,180.44,168.64,167.45,176.32,189.65,191.86,173.83,148.17,130.60,125.16,131.14,140.01,138.60,128.68,121.72,118.97,115.78,110.98,109.37,115.90,123.43,119.36,99.97,73.65,52.58,40.31,33.45,29.02,25.69,22.93,20.54,18.44,16.57,14.90,13.42,12.09,10.91,9.86,8.92,8.08,7.34,6.68,6.09,5.57,5.10,4.69,4.32,3.99,3.70,3.44,3.21,3.00,2.81,2.65,2.50,2.37,2.25,2.14,2.04,1.96,1.88,1.81,1.74,1.68,1.63,1.58,1.54,1.49,1.46,1.42,1.39,1.36,1.33,1.31,1.28,1.26,1.24,1.22,1.20,1.18,1.16,1.15,1.13,1.12,1.10,1.09,1.08,1.06,1.05,1.04,1.03,1.02,1.01,1.00,0.99,0.98,0.97,0.96,0.95,0.94,0.93,0.95,203.81,190.79,197.96,232.00,301.93,419.91,579.03,762.65,969.04,1163.76,1059.78,1393.08,1799.82,2015.72,1864.96,1353.10,780.17,481.88,384.97,327.80,274.79,230.90,213.95,192.99,142.20,87.01,56.87,45.60,38.48,32.75,27.77,23.50,19.82,16.71,14.07,11.85,9.99,8.44,7.15,6.08,5.20,4.46,3.86,3.36,2.94,2.60,2.31,2.08,1.88,1.72,1.58,1.47,1.37,1.29,1.22,1.16,1.11,1.07,1.03,1.00,0.97,0.95,0.93,0.91,0.89,0.88,0.86,0.85,0.84,0.83,0.81,0.80,0.79,0.79,0.78,0.77,0.76,0.75,0.75,0.74,0.73,0.73,0.72,0.71,0.71,0.70,0.70,0.69,0.68,0.68,0.67,0.67,0.66,0.66,0.65,0.65,0.64,0.64,0.64,0.61,-1.27,-4.86,-4.45,2.82,28.01,79.17,137.88,189.32,236.04,275.72,305.77,302.90,291.37,288.11,272.44,240.69,224.24,232.05,255.22,241.72,166.93,95.47,64.41,53.80,46.47,40.04,34.14,28.91,24.32,20.38,17.02,14.19,11.81,9.83,8.18,6.82,5.70,4.78,4.02,3.40,2.89,2.47,2.12,1.84,1.61,1.43,1.27,1.14,1.04,0.95,0.88,0.83,0.78,0.74,0.71,0.68,0.65,0.64,0.62,0.60,0.59,0.58,0.57,0.57,0.56,0.55,0.55,0.54,0.54,0.53,0.53,0.53,0.52,0.52,0.51,0.51,0.51,0.51,0.51,0.50,0.50,0.50,0.49,0.49,0.49
40,1,14,5,20,1129.8272,0.49,0.49,0.48,0.48,0.48,0.48,0.47,0.47,0.47,0.47,0.47,0.46,0.46,0.46,0.47,-339.50,-384.19,-393.06,-360.60,-216.86,94.42,487.01,844.59,1303.11,1860.14,2180.60,1665.96,1281.01,1032.38,926.85,934.61,964.09,917.17,879.97,1002.14,1225.00,1373.26,1373.94,1287.27,1194.85,1113.46,1021.92,933.06,879.28,857.01,852.93,872.79,913.14,973.88,1068.34,1188.34,1278.65,1297.93,1292.17,1313.36,1339.83,1325.62,1261.00,1192.02,1165.38,1187.64,1242.68,1277.62,1252.58,1216.62,1226.99,1228.54,1161.94,1088.54,1055.30,1036.76,1030.98,1044.63,1055.89,1044.87,1024.02,1006.53,1010.40,1058.63,1098.59,1074.72,1028.50,1015.98,1033.15,1040.89,1019.45,983.51,922.97,833.25,748.37,674.06,615.47,581.79,556.80,533.35,525.02,531.66,529.25,506.03,477.34,457.76,439.63,414.56,392.04,381.59,382.52,388.70,392.13,382.89,354.64,321.51,303.39,298.40,296.86,297.92,303.81,316.40,324.57,304.80,261.36,223.58,200.40,179.32,153.59,129.45,114.72,107.02,96.67,79.05,61.77,51.07,42.75,35.02,28.64,23.27,18.92,15.40,12.60,10.38,8.62,7.23,6.14,5.28,4.59,4.04,3.61,3.26,2.97,2.74,2.55,2.39,2.25,2.14,2.04,1.96,1.88,1.82,1.76,1.71,1.67,1.62,1.59,1.55,1.52,1.49,1.46,1.43,1.41,1.38,1.36,1.34,1.32,1.30,1.28,1.26,1.25,1.23,1.21,1.20,1.18,1.17,1.16,1.14,1.13,1.12,1.10,1.09,1.08,1.07,1.06,1.05,1.04,1.03,1.02,1.01,1.00,0.99,0.98,0.97,0.96,0.95,0.94,0.93,0.93,0.92,0.91,0.90,0.89,0.89,0.88,0.87,0.87,0.86,0.85,0.83,204.47,190.69,197.83,231.86,301.80,419.83,578.95,762.42,968.60,1163.10,1060.16,1391.89,1791.85,2005.45,1869.09,1377.54,816.33,521.21,421.66,354.86,282.24,215.99,180.73,152.09,109.75,67.91,44.40,35.00,29.09,24.55,20.71,17.50,14.77,12.49,10.56,8.96,7.61,6.49,5.56,4.79,4.15,3.62,3.18,2.81,2.51,2.25,2.04,1.87,1.72,1.59,1.49,1.40,1.33,1.26,1.20,1.16,1.11,1.08,1.05,1.02,1.00,0.97,0.95,0.93,0.92,0.90,0.89,0.88,0.86,0.85,0.84,0.83,0.82,0.81,0.80,0.79,0.78,0.77,0.77,0.76,0.75,0.74,0.74,0.73,0.72,0.72,0.71,0.70,0.70,0.69,0.69,0.68,0.67,0.67,0.66,0.66,0.65,0.65,0.64,0.62,-42.74,-51.47,-51.22,-40.50,3.44,96.61,198.54,279.83,347.42,401.95,523.45,533.46,504.80,486.02,427.97,325.27,254.87,227.04,225.20,204.55,139.18,79.59,53.25,44.17,37.90,32.61,27.76,23.54,19.82,16.65,13.94,11.66,9.75,8.16,6.83,5.74,4.84,4.09,3.48,2.98,2.56,2.23,1.95,1.72,1.53,1.38,1.25,1.14,1.06,0.99,0.93,0.88,0.84,0.80,0.77,0.75,0.73,0.71,0.69,0.68,0.66,0.65,0.65,0.64,0.63,0.62,0.62,0.62,0.61,0.60,0.60,0.60,0.59,0.58,0.58,0.58,0.57,0.57,0.56,0.56,0.56,0.56,0.55,0.55,0.55
41,0,11,29,11,1065.1985,0.54,0.54,0.54,0.53,0.53,0.53,0.52,0.52,0.52,0.52,0.51,0.51,0.51,0.50,0.51,-337.86,-380.96,-389.36,-357.01,-214.65,91.55,475.61,823.47,1273.38,1837.64,2186.38,1645.83,1255.65,1014.53,913.86,929.47,990.15,1000.35,1019.59,1193.50,1521.14,1800.56,1822.48,1664.80,1539.35,1482.58,1422.38,1323.78,1214.64,1143.34,1112.67,1118.46,1161.30,1217.01,1239.31,1238.43,1256.35,1260.80,1241.98,1225.29,1222.19,1251.89,1293.60,1305.23,1305.70,1333.42,1367.48,1374.18,1381.63,1411.76,1420.23,1374.35,1288.81,1188.81,1099.17,1048.72,1050.61,1087.99,1140.71,1186.07,1199.09,1164.08,1081.59,975.89,881.31,823.40,806.37,811.91,809.78,767.86,692.06,626.55,582.31,544.78,518.79,497.86,465.82,431.72,403.65,371.11,328.47,292.64,269.46,236.49,189.96,150.57,126.28,110.67,99.45,91.35,85.87,83.66,85.96,92.80,102.76,113.64,123.58,132.83,146.38,160.81,162.36,156.14,156.16,164.45,182.19,200.32,200.45,184.86,172.23,165.61,156.08,144.25,129.55,106.64,83.23,68.39,58.03,48.61,40.58,33.76,28.08,23.38,19.53,16.39,13.82,11.73,10.02,8.62,7.47,6.51,5.72,5.06,4.51,4.04,3.65,3.31,3.03,2.78,2.57,2.39,2.23,2.09,1.97,1.86,1.77,1.68,1.61,1.55,1.49,1.43,1.39,1.34,1.31,1.27,1.24,1.21,1.18,1.16,1.13,1.11,1.09,1.07,1.06,1.04,1.02,1.01,1.00,0.98,0.97,0.96,0.95,0.94,0.93,0.92,0.91,0.90,0.89,0.88,0.87,0.86,0.85,0.84,0.84,0.83,0.82,0.81,0.81,0.80,0.79,0.79,0.78,0.77,0.77,0.76,0.76,0.75,0.74,0.74,0.73,0.73,204.13,190.46,197.64,231.64,301.53,419.74,579.79,765.28,974.54,1172.78,1072.89,1384.37,1749.88,1938.06,1799.26,1304.27,730.98,431.49,327.34,252.17,180.65,118.15,77.43,51.43,35.24,25.36,18.91,14.69,11.70,9.57,7.95,6.72,5.73,4.94,4.29,3.76,3.32,2.96,2.65,2.40,2.18,2.00,1.84,1.71,1.59,1.50,1.41,1.34,1.27,1.22,1.17,1.12,1.08,1.05,1.01,0.99,0.96,0.94,0.92,0.90,0.88,0.86,0.84,0.83,0.81,0.80,0.79,0.78,0.77,0.75,0.74,0.73,0.72,0.71,0.71,0.70,0.69,0.68,0.67,0.67,0.66,0.65,0.64,0.64,0.63,0.62,0.62,0.61,0.61,0.60,0.60,0.59,0.59,0.58,0.57,0.57,0.57,0.56,0.56,0.53,20.33,21.04,21.42,24.68,32.41,46.08,64.37,84.59,106.22,126.08,99.26,90.52,91.42,97.22,108.41,123.36,140.07,164.11,193.27,187.62,130.66,74.73,50.70,42.55,36.89,31.82,27.16,23.00,19.35,16.21,13.53,11.26,9.36,7.78,6.47,5.38,4.49,3.75,3.15,2.65,2.25,1.91,1.64,1.42,1.24,1.09,0.96,0.86,0.78,0.71,0.66,0.61,0.58,0.55,0.52,0.50,0.48,0.47,0.45,0.44,0.44,0.43,0.42,0.42,0.41,0.41,0.40,0.40,0.40,0.39,0.39,0.39,0.39,0.38,0.38,0.38,0.38,0.38,0.37,0.37,0.37,0.37,0.37,0.36,0.36
42,0,11,25,1,685.4293,0.36,0.36,0.36,0.36,0.36,0.35,0.35,0.35,0.35,0.35,0.35,0.35,0.34,0.34,0.35,-339.07,-383.65,-392.44,-360.01,-216.57,93.45,483.62,838.89,1296.16,1844.39,2105.35,1560.68,1149.78,865.66,699.25,603.30,535.22,459.05,413.14,468.33,597.61,710.15,769.75,793.30,786.95,731.00,619.35,485.98,373.00,306.94,297.31,329.72,368.02,396.52,429.78,473.40,498.69,480.88,448.58,438.18,446.60,467.65,492.19,501.98,508.95,540.92,583.83,588.98,557.56,542.35,563.54,596.49,615.49,619.72,623.59,636.03,651.77,650.71,622.90,592.12,595.96,635.23,654.29,613.85,548.62,469.75,380.59,327.33,307.34,296.86,298.05,303.22,296.62,286.61,290.51,302.38,312.38,321.38,335.78,354.30,351.30,330.45,323.70,323.61,309.01,280.61,250.15,227.95,216.59,215.79,220.64,220.87,211.81,197.96,186.15,179.47,178.55,184.40,197.72,216.81,233.46,237.11,227.00,210.69,194.48,181.17,173.85,177.42,187.68,188.75,169.56,139.40,112.59,91.58,75.26,61.37,49.08,38.95,30.62,23.97,18.70,14.58,11.38,8.92,7.03,5.59,4.49,3.66,3.03,2.55,2.18,1.90,1.69,1.53,1.40,1.31,1.23,1.17,1.12,1.08,1.05,1.02,0.99,0.97,0.95,0.94,0.92,0.90,0.89,0.88,0.86,0.85,0.84,0.83,0.81,0.80,0.79,0.78,0.77,0.76,0.75,0.74,0.73,0.72,0.72,0.71,0.70,0.69,0.68,0.68,0.67,0.66,0.65,0.65,0.64,0.63,0.63,0.62,0.61,0.61,0.60,0.60,0.59,0.59,0.58,0.57,0.57,0.56,0.56,0.55,0.55,0.55,0.54,0.54,0.53,0.53,0.52,0.52,0.52,0.52,203.63,190.35,197.50,231.54,301.48,419.49,578.63,762.12,968.00,1161.55,1052.82,1366.74,1739.67,1927.23,1771.39,1259.81,679.92,378.00,277.56,213.97,163.25,124.14,102.64,85.31,61.71,39.19,26.50,20.91,17.24,14.40,12.05,10.11,8.49,7.14,6.01,5.08,4.30,3.66,3.12,2.68,2.32,2.02,1.77,1.57,1.39,1.25,1.13,1.04,0.95,0.88,0.83,0.78,0.74,0.70,0.67,0.64,0.62,0.60,0.59,0.57,0.56,0.55,0.54,0.53,0.52,0.51,0.51,0.50,0.50,0.49,0.48,0.48,0.47,0.47,0.46,0.46,0.46,0.45,0.45,0.44,0.44,0.44,0.43,0.43,0.43,0.42,0.42,0.42,0.41,0.41,0.41,0.40,0.40,0.40,0.40,0.39,0.39,0.39,0.38,0.36,-26.16,-30.85,-30.74,-24.85,-0.30,51.97,108.91,153.91,190.99,220.73,292.07,298.41,281.97,270.80,236.82,177.09,135.67,118.06,114.95,103.56,70.29,40.25,26.87,22.24,19.07,16.41,13.97,11.86,9.99,8.41,7.05,5.91,4.95,4.16,3.49,2.95,2.49,2.12,1.81,1.56,1.35,1.18,1.04,0.93,0.84,0.76,0.69,0.64,0.60,0.56,0.53,0.51,0.49,0.47,0.45,0.44,0.43,0.42,0.41,0.40,0.40,0.39,0.39,0.39,0.38,0.37,0.37,0.37,0.37,0.36,0.36,0.36,0.35,0.35,0.35,0.35,0.35,0.34,0.34,0.34,0.34,0.34,0.34,0.33,0.33
43,1,1,21,21,793.4266,0.33,0.33,0.33,0.32,0.32,0.32,0.32,0.32,0.32,0.31,0.31,0.31,0.31,0.31,0.31,-338.21,-381.90,-390.43,-358.06,-215.39,91.84,477.29,827.19,1279.61,1832.18,2111.01,1552.55,1139.88,861.53,700.41,614.96,573.42,536.52,524.64,598.73,749.52,871.69,864.13,768.37,692.49,670.04,689.30,735.89,785.55,815.20,797.15,748.24,734.00,753.53,754.82,751.99,779.06,809.17,822.34,832.39,843.73,847.90,838.51,826.47,823.24,835.40,849.58,847.76,860.23,900.14,930.39,929.90,898.22,845.83,795.73,753.57,711.34,669.15,637.63,625.05,626.38,634.24,653.51,679.01,674.67,623.57,558.66,508.92,480.45,470.52,467.35,459.22,441.97,418.52,392.99,363.48,331.31,298.50,260.23,229.37,222.79,223.08,207.03,188.11,179.82,167.20,141.21,114.94,98.06,89.72,87.55,88.11,89.43,90.58,89.97,86.35,80.61,76.71,77.67,79.70,75.82,64.20,49.90,38.79,32.07,27.88,24.81,22.29,20.08,18.10,16.31,14.69,13.23,11.92,10.74,9.68,8.73,7.88,7.13,6.45,5.84,5.31,4.83,4.40,4.02,3.68,3.38,3.11,2.87,2.66,2.47,2.30,2.15,2.02,1.90,1.79,1.69,1.61,1.53,1.46,1.40,1.34,1.29,1.24,1.20,1.16,1.12,1.09,1.06,1.04,1.01,0.99,0.97,0.95,0.93,0.91,0.90,0.88,0.87,0.85,0.84,0.83,0.82,0.81,0.80,0.79,0.78,0.77,0.76,0.75,0.74,0.73,0.73,0.72,0.71,0.71,0.70,0.69,0.69,0.68,0.67,0.67,0.66,0.66,0.65,0.65,0.64,0.64,0.63,0.63,0.62,0.62,0.61,0.61,0.60,0.60,0.59,0.59,0.59,0.59,204.27,190.50,197.67,231.75,301.70,419.57,578.33,761.23,966.39,1159.37,1049.93,1374.19,1768.31,1969.26,1803.47,1270.61,672.48,363.11,267.33,218.12,191.74,180.45,184.65,176.56,133.26,81.80,53.57,43.24,36.76,31.39,26.66,22.54,18.99,15.95,13.38,11.21,9.40,7.89,6.63,5.58,4.71,4.00,3.41,2.92,2.52,2.19,1.91,1.69,1.50,1.34,1.21,1.11,1.02,0.95,0.88,0.83,0.78,0.74,0.72,0.69,0.67,0.65,0.63,0.62,0.60,0.59,0.58,0.57,0.56,0.55,0.55,0.54,0.53,0.53,0.52,0.52,0.51,0.51,0.50,0.50,0.49,0.49,0.48,0.48,0.48,0.47,0.47,0.47,0.46,0.46,0.46,0.45,0.45,0.45,0.44,0.44,0.44,0.43,0.43,0.41,0.44,-5.18,-4.59,5.38,39.61,108.96,188.77,259.04,323.14,377.71,415.53,410.99,395.69,391.80,371.83,330.76,310.23,322.67,356.02,337.54,233.10,133.19,89.72,74.89,64.65,55.66,47.40,40.09,33.67,28.15,23.45,19.48,16.15,13.38,11.08,9.18,7.61,6.32,5.26,4.39,3.68,3.10,2.62,2.23,1.91,1.65,1.43,1.26,1.11,1.00,0.90,0.82,0.76,0.70,0.66,0.62,0.59,0.56,0.54,0.52,0.51,0.50,0.49,0.48,0.47,0.46,0.45,0.45,0.44,0.44,0.43,0.43,0.43,0.42,0.42,0.42,0.42,0.41,0.41,0.41,0.41,0.41,0.40,0.40,0.40
44,0,11,8,6,979.9952,0.40,0.39,0.39,0.39,0.39,0.39,0.38,0.38,0.38,0.38,0.38,0.38,0.37,0.37,0.38,-340.57,-385.72,-394.78,-362.27,-217.87,95.85,492.57,854.64,1316.77,1873.56,2200.38,1704.50,1330.34,1090.98,1003.58,1039.69,1083.72,1020.59,967.29,1104.98,1334.03,1445.39,1437.41,1395.41,1311.46,1177.00,1028.15,891.08,788.41,740.96,754.54,819.75,906.39,958.15,971.14,1004.82,1043.43,1042.87,1026.61,1028.41,1046.39,1072.08,1096.63,1107.56,1110.80,1140.13,1196.35,1220.47,1185.46,1121.04,1051.85,996.23,960.96,930.03,894.32,848.10,801.22,769.27,743.13,712.24,686.05,674.99,677.11,682.08,677.03,656.33,629.97,603.24,578.98,566.09,559.08,549.64,534.63,503.82,458.86,421.79,407.91,412.81,424.22,432.59,433.66,438.91,435.82,399.96,349.10,310.43,292.16,286.59,281.52,266.95,245.06,234.04,236.33,231.51,217.96,204.44,186.05,171.12,174.70,185.60,180.57,157.26,131.08,112.28,102.65,101.62,100.82,89.12,71.24,58.34,49.75,41.92,34.95,29.04,24.05,19.92,16.53,13.77,11.53,9.72,8.24,7.05,6.07,5.28,4.62,4.08,3.64,3.27,2.95,2.69,2.47,2.28,2.12,1.98,1.86,1.75,1.66,1.58,1.51,1.45,1.39,1.34,1.30,1.26,1.22,1.19,1.16,1.13,1.11,1.08,1.06,1.04,1.02,1.00,0.99,0.97,0.96,0.94,0.93,0.91,0.90,0.89,0.88,0.87,0.86,0.85,0.84,0.83,0.82,0.81,0.80,0.80,0.79,0.78,0.77,0.76,0.76,0.75,0.74,0.74,0.73,0.72,0.72,0.71,0.71,0.70,0.69,0.69,0.68,0.68,0.67,0.67,0.66,0.66,0.65,0.65,0.64,0.64,0.63,0.65,204.21,190.70,197.81,231.91,301.91,419.61,577.45,758.37,960.97,1151.57,1043.93,1394.03,1828.96,2063.93,1915.50,1403.98,828.83,525.23,431.75,385.43,342.78,309.73,307.56,289.74,216.23,130.28,83.07,66.56,56.55,48.36,41.10,34.78,29.30,24.62,20.63,17.28,14.47,12.12,10.16,8.55,7.21,6.10,5.19,4.43,3.81,3.29,2.87,2.52,2.23,1.99,1.79,1.62,1.49,1.37,1.27,1.19,1.12,1.06,1.01,0.97,0.94,0.90,0.88,0.85,0.83,0.81,0.79,0.78,0.76,0.75,0.74,0.73,0.71,0.70,0.69,0.69,0.68,0.67,0.66,0.65,0.65,0.64,0.63,0.63,0.62,0.61,0.61,0.60,0.60,0.59,0.59,0.58,0.58,0.57,0.57,0.56,0.56,0.55,0.55,0.52,-53.66,-61.81,-61.76,-52.67,-12.60,73.74,166.52,237.70,294.48,339.09,473.99,488.36,459.24,437.54,373.89,263.73,184.96,145.10,128.65,110.85,73.88,42.20,28.01,23.06,19.60,16.85,14.32,12.18,10.28,8.68,7.31,6.17,5.20,4.40,3.73,3.18,2.72,2.34,2.03,1.78,1.57,1.39,1.25,1.13,1.04,0.95,0.89,0.83,0.79,0.75,0.72,0.69,0.66,0.64,0.63,0.61,0.60,0.59,0.58,0.57,0.56,0.55,0.55,0.55,0.54,0.53,0.53,0.52,0.52,0.51,0.51,0.51,0.50,0.49,0.49,0.49,0.48,0.48,0.48,0.48,0.47,0.47,0.47,0.47,0.46
45,1,26,14,31,1138.0400,0.46,0.46,0.45,0.45,0.45,0.45,0.44,0.44,0.44,0.44,0.43,0.43,0.43,0.43,0.43,-338.44,-382.14,-390.67,-358.26,-215.34,92.88,480.52,832.70,1286.29,1850.19,2199.65,1670.28,1281.30,1038.63,944.19,972.73,1038.79,1036.84,1039.73,1191.26,1452.67,1634.01,1583.67,1378.26,1195.99,1095.48,1045.75,1020.54,1014.14,1020.26,1006.12,966.98,953.87,970.20,946.93,888.24,871.94,895.64,920.39,935.89,933.52,908.09,867.60,840.11,849.01,886.70,940.80,1006.45,1084.44,1148.87,1156.51,1117.26,1062.68,1011.10,961.14,899.84,852.80,848.42,885.71,942.82,993.43,1048.90,1117.08,1181.28,1222.99,1222.66,1196.87,1157.64,1095.75,1027.63,967.82,924.59,909.40,906.95,882.30,833.97,789.58,768.58,774.27,781.50,759.27,698.12,611.93,528.16,473.91,460.90,471.93,492.16,519.96,552.96,579.06,569.35,518.02,460.95,428.29,416.45,399.86,357.73,309.55,286.95,288.78,299.82,309.56,316.15,325.51,333.27,321.29,289.99,265.54,262.04,279.08,300.05,293.96,260.75,228.19,204.81,183.00,163.77,145.40,120.56,94.85,77.33,65.08,54.22,44.91,37.09,30.59,25.25,20.90,17.36,14.51,12.20,10.33,8.81,7.58,6.58,5.76,5.09,4.53,4.08,3.69,3.37,3.11,2.88,2.69,2.52,2.38,2.26,2.15,2.06,1.98,1.91,1.84,1.79,1.73,1.69,1.65,1.61,1.58,1.54,1.51,1.49,1.46,1.44,1.41,1.39,1.37,1.35,1.33,1.32,1.30,1.28,1.27,1.25,1.24,1.23,1.21,1.20,1.19,1.18,1.16,1.15,1.14,1.13,1.12,1.11,1.10,1.09,1.08,1.07,1.06,1.05,1.04,1.03,1.02,1.02,1.01,1.00,0.99,0.97,205.24,190.85,197.99,232.02,301.96,419.97,579.11,762.78,969.65,1165.61,1064.09,1383.62,1762.62,1957.99,1815.14,1319.00,749.13,450.10,348.29,279.02,213.33,156.84,123.84,99.30,71.38,46.34,32.00,25.40,20.99,17.64,14.87,12.60,10.70,9.13,7.81,6.71,5.79,5.02,4.39,3.86,3.41,3.04,2.73,2.47,2.26,2.07,1.92,1.79,1.68,1.58,1.50,1.43,1.37,1.32,1.27,1.23,1.19,1.16,1.13,1.11,1.08,1.06,1.04,1.03,1.01,0.99,0.98,0.96,0.95,0.94,0.93,0.91,0.90,0.89,0.88,0.87,0.86,0.85,0.85,0.84,0.83,0.82,0.81,0.81,0.80,0.79,0.78,0.78,0.77,0.76,0.76,0.75,0.75,0.74,0.73,0.73,0.72,0.72,0.71,0.68,4.19,0.33,0.85,8.93,36.05,90.62,153.91,210.41,262.54,307.19,330.55,325.49,314.18,312.40,299.56,271.52,259.22,273.02,303.41,288.51,199.38,113.88,76.98,64.41,55.66,47.95,40.88,34.61,29.11,24.38,20.35,16.95,14.09,11.72,9.74,8.11,6.77,5.66,4.75,4.01,3.39,2.89,2.48,2.15,1.87,1.64,1.46,1.31,1.18,1.08,1.00,0.93,0.87,0.82,0.78,0.75,0.72,0.70,0.68,0.67,0.65,0.64,0.63,0.62,0.61,0.60,0.60,0.59,0.59,0.58,0.58,0.58,0.57,0.57,0.56,0.56,0.56,0.55,0.55,0.55,0.54,0.54,0.54,0.54,0.53
46,0,11,1,23,926.6441,0.53,0.53,0.52,0.52,0.52,0.52,0.51,0.51,0.51,0.51,0.51,0.50,0.50,0.50,0.51,-339.39,-383.83,-392.61,-360.14,-216.48,94.45,486.64,844.19,1302.79,1859.66,2173.85,1651.32,1257.24,998.03,881.23,871.92,887.10,841.82,810.85,931.70,1162.19,1335.43,1376.40,1334.06,1252.47,1135.84,1010.35,911.05,845.30,803.43,769.73,749.87,760.80,805.10,860.54,913.66,973.88,1036.98,1089.94,1112.45,1073.76,994.04,924.22,874.76,851.65,873.19,939.05,1022.16,1063.97,1046.16,1007.88,963.39,908.38,863.59,845.75,837.81,830.23,805.16,741.25,664.06,607.43,585.74,599.99,627.91,643.61,648.92,660.53,679.64,709.83,728.32,712.22,684.16,649.13,614.10,600.01,594.68,574.97,551.57,541.48,535.31,526.77,517.56,499.52,467.21,434.62,419.26,417.65,408.21,372.78,324.89,290.32,275.34,265.88,235.88,196.23,174.25,166.42,159.18,142.80,124.12,111.13,101.14,91.24,82.73,77.52,74.79,76.11,78.49,74.56,62.48,47.45,35.61,28.37,23.90,20.69,18.11,15.91,14.02,12.36,10.91,9.65,8.55,7.59,6.76,6.04,5.41,4.87,4.40,3.99,3.64,3.33,3.06,2.83,2.63,2.45,2.29,2.16,2.04,1.93,1.84,1.75,1.68,1.62,1.56,1.51,1.46,1.42,1.38,1.34,1.31,1.28,1.25,1.23,1.20,1.18,1.16,1.14,1.12,1.11,1.09,1.07,1.06,1.04,1.03,1.02,1.01,0.99,0.98,0.97,0.96,0.95,0.94,0.93,0.92,0.91,0.90,0.89,0.88,0.87,0.87,0.86,0.85,0.84,0.83,0.83,0.82,0.81,0.81,0.80,0.79,0.79,0.78,0.77,0.77,0.76,0.75,0.75,0.74,0.74,0.75,203.64,190.55,197.68,231.69,301.62,419.71,578.97,762.68,969.34,1164.62,1064.19,1393.92,1786.37,1994.16,1859.64,1382.25,842.39,557.08,455.09,379.55,288.60,200.38,146.99,110.57,76.18,47.85,31.61,24.34,19.67,16.33,13.62,11.47,9.68,8.22,6.99,5.98,5.14,4.44,3.86,3.38,2.98,2.64,2.37,2.13,1.94,1.78,1.64,1.52,1.42,1.34,1.27,1.21,1.16,1.11,1.07,1.03,1.00,0.97,0.95,0.93,0.91,0.89,0.87,0.86,0.84,0.83,0.82,0.81,0.80,0.78,0.77,0.76,0.76,0.75,0.74,0.73,0.72,0.71,0.71,0.70,0.69,0.68,0.68,0.67,0.67,0.66,0.65,0.65,0.64,0.64,0.63,0.63,0.62,0.62,0.61,0.61,0.60,0.60,0.59,0.56,-8.33,-9.91,-9.76,-6.01,8.21,37.76,70.80,98.35,122.29,142.12,171.08,172.07,164.07,159.90,145.68,119.58,103.06,100.26,105.96,98.86,67.94,38.90,26.30,21.99,18.98,16.38,13.99,11.89,10.04,8.46,7.11,5.98,5.02,4.23,3.56,3.02,2.57,2.20,1.89,1.64,1.43,1.26,1.12,1.01,0.92,0.84,0.77,0.72,0.68,0.64,0.61,0.59,0.57,0.55,0.54,0.52,0.51,0.50,0.49,0.49,0.48,0.48,0.47,0.47,0.46,0.46,0.46,0.45,0.45,0.45,0.44,0.44,0.44,0.43,0.43,0.43,0.43,0.42,0.42,0.42,0.42,0.42,0.42,0.41,0.41
47,0,11,11,23,1122.8227,0.41,0.41,0.41,0.40,0.40,0.40,0.40,0.40,0.39,0.39,0.39,0.39,0.39,0.39,0.39,-338.01,-381.62,-390.06,-357.65,-214.95,92.21,477.82,828.08,1280.58,1835.76,2127.91,1568.32,1150.79,870.07,714.26,640.00,611.16,583.67,577.29,659.34,845.05,1040.26,1095.89,1012.94,909.61,823.26,743.26,686.70,658.18,636.54,608.77,595.29,617.48,662.11,721.79,808.06,905.72,986.42,1052.80,1120.48,1202.68,1296.85,1365.74,1383.53,1361.81,1332.43,1320.57,1325.53,1329.08,1330.82,1334.42,1308.36,1253.09,1203.71,1162.39,1121.23,1088.60,1084.52,1111.48,1142.36,1143.79,1106.62,1053.03,986.11,891.80,798.45,745.63,730.09,736.41,764.01,809.88,876.20,969.84,1069.82,1126.67,1102.61,994.66,851.83,750.66,715.54,711.74,707.71,698.95,687.15,667.17,618.90,546.91,485.52,447.11,427.23,429.52,443.41,447.67,442.60,433.53,410.12,366.12,320.79,287.84,262.83,241.24,223.13,210.02,204.73,210.77,225.52,238.37,238.84,231.69,222.87,211.00,206.53,206.98,194.57,170.23,146.24,130.08,123.74,125.75,127.39,119.39,109.57,107.59,108.00,107.13,106.32,106.73,110.24,119.45,136.27,153.39,156.38,145.76,135.58,132.72,138.65,150.40,151.38,129.66,101.76,84.27,71.84,59.86,49.41,40.47,33.04,26.95,22.02,18.06,14.89,12.36,10.34,8.71,7.41,6.36,5.51,4.82,4.25,3.78,3.39,3.06,2.79,2.56,2.36,2.19,2.05,1.92,1.81,1.72,1.63,1.56,1.50,1.44,1.38,1.34,1.30,1.26,1.22,1.19,1.16,1.14,1.11,1.09,1.07,1.05,1.03,1.02,1.00,0.99,0.97,0.96,0.95,0.93,0.92,0.91,0.90,0.89,0.88,0.87,0.86,204.22,190.82,197.96,232.03,301.99,419.83,578.36,760.77,965.48,1158.36,1054.61,1408.53,1849.29,2089.07,1936.24,1424.02,863.88,572.48,481.44,432.83,378.87,331.21,319.55,295.52,217.98,130.63,83.51,66.96,56.75,48.47,41.14,34.80,29.30,24.60,20.61,17.26,14.44,12.09,10.14,8.52,7.18,6.08,5.17,4.42,3.80,3.29,2.87,2.52,2.23,1.99,1.80,1.64,1.50,1.39,1.29,1.21,1.15,1.09,1.04,1.01,0.97,0.94,0.92,0.89,0.87,0.86,0.84,0.83,0.81,0.80,0.79,0.78,0.77,0.76,0.75,0.74,0.74,0.73,0.72,0.72,0.71,0.70,0.70,0.69,0.68,0.68,0.67,0.67,0.66,0.66,0.65,0.65,0.64,0.64,0.63,0.63,0.62,0.62,0.62,0.59,-30.04,-35.88,-35.69,-27.91,3.74,70.78,144.23,203.02,252.07,291.73,377.57,384.41,363.97,350.80,309.75,236.91,187.20,168.17,167.91,152.95,104.23,59.69,39.97,33.18,28.50,24.55,20.91,17.75,14.96,12.59,10.56,8.85,7.41,6.22,5.23,4.41,3.73,3.17,2.71,2.33,2.02,1.77,1.56,1.39,1.25,1.13,1.04,0.96,0.89,0.84,0.79,0.76,0.72,0.70,0.68,0.66,0.64,0.63,0.61,0.60,0.59,0.59,0.58,0.58,0.57,0.56,0.56,0.55,0.55,0.54,0.54,0.54,0.53,0.53,0.53,0.52,0.52,0.51,0.51,0.51,0.51,0.51,0.50,0.50,0.50
48,1,9,19,13,1090.7553,0.49,0.49,0.49,0.49,0.48,0.48,0.48,0.48,0.47,0.47,0.47,0.47,0.46,0.46,0.47,-338.76,-382.88,-391.55,-359.13,-215.93,93.37,482.72,836.54,1291.56,1854.03,2201.27,1681.62,1299.79,1062.74,973.77,1009.48,1075.94,1060.31,1048.18,1198.36,1464.99,1656.76,1635.59,1466.73,1310.14,1217.71,1146.62,1071.60,1004.55,960.42,940.11,941.47,978.28,1043.66,1133.47,1259.00,1377.72,1445.84,1483.21,1505.91,1493.52,1442.41,1374.91,1303.56,1238.01,1213.41,1241.31,1265.11,1225.91,1140.64,1072.68,1035.07,979.39,896.09,820.08,760.42,726.40,722.51,730.39,738.52,750.64,766.86,782.46,812.76,843.58,829.89,788.21,766.44,778.55,807.68,822.18,806.75,796.52,813.38,809.94,751.19,670.18,604.14,546.02,493.45,459.64,441.59,431.23,424.73,421.21,424.14,438.38,464.18,482.56,472.33,438.21,400.51,369.49,337.01,301.93,276.89,265.40,256.49,235.31,203.36,169.05,141.95,129.82,123.92,118.64,115.19,115.80,119.95,113.67,95.05,80.68,73.44,67.44,61.91,57.12,53.24,50.83,50.96,54.63,61.92,69.56,74.96,78.49,79.24,82.10,93.03,99.27,91.75,82.54,77.76,75.25,76.45,80.79,80.06,67.54,52.20,43.29,36.75,30.32,24.90,20.26,16.44,13.31,10.81,8.80,7.21,5.95,4.96,4.18,3.56,3.07,2.68,2.38,2.13,1.93,1.77,1.64,1.53,1.44,1.37,1.31,1.25,1.21,1.17,1.14,1.11,1.08,1.05,1.03,1.01,1.00,0.98,0.96,0.95,0.94,0.92,0.91,0.90,0.89,0.88,0.87,0.86,0.85,0.84,0.83,0.82,0.81,0.81,0.80,0.79,0.78,0.78,0.77,0.76,0.75,0.75,0.74,0.74,0.73,0.72,205.10,190.52,197.67,231.68,301.60,419.73,579.29,763.72,971.45,1167.98,1069.44,1405.43,1811.76,2033.94,1905.95,1423.35,872.53,582.64,482.72,411.78,325.64,242.97,196.93,161.21,114.37,70.66,46.56,36.70,30.38,25.59,21.54,18.20,15.36,12.98,10.98,9.31,7.92,6.75,5.78,4.98,4.31,3.76,3.29,2.91,2.59,2.32,2.10,1.91,1.75,1.62,1.51,1.42,1.34,1.27,1.20,1.15,1.11,1.07,1.03,1.00,0.98,0.95,0.93,0.91,0.89,0.87,0.86,0.84,0.83,0.82,0.80,0.79,0.78,0.77,0.76,0.75,0.74,0.73,0.72,0.71,0.71,0.70,0.69,0.68,0.68,0.67,0.66,0.66,0.65,0.64,0.64,0.63,0.62,0.62,0.61,0.61,0.60,0.60,0.59,0.56,-3.30,-4.79,-4.54,0.03,16.17,49.13,86.75,119.35,148.69,173.49,195.77,194.57,186.81,184.16,172.79,150.37,138.01,141.22,154.27,145.72,100.66,57.71,38.90,32.47,28.06,24.20,20.66,17.52,14.76,12.40,10.38,8.67,7.24,6.06,5.07,4.25,3.57,3.02,2.56,2.19,1.88,1.63,1.42,1.25,1.11,1.00,0.91,0.83,0.76,0.71,0.67,0.63,0.60,0.58,0.56,0.54,0.53,0.51,0.50,0.49,0.48,0.48,0.47,0.47,0.46,0.46,0.45,0.45,0.45,0.44,0.44,0.44,0.43,0.43,0.43,0.43,0.42,0.42,0.42,0.42,0.41,0.41,0.41,0.41,0.41
49,0,11,16,14,812.4636,0.40,0.40,0.40,0.40,0.40,0.39,0.39,0.39,0.39,0.39,0.38,0.38,0.38,0.38,0.38,-338.45,-382.41,-391.01,-358.60,-215.65,92.61,480.05,832.07,1286.07,1842.59,2148.77,1606.50,1204.16,939.60,805.72,766.29,763.63,730.44,713.94,818.28,1035.12,1235.77,1284.42,1203.94,1113.03,1035.74,936.38,822.29,727.01,666.50,638.23,634.16,643.54,652.12,659.01,673.74,669.64,619.31,559.75,535.37,539.06,552.85,574.80,598.98,618.86,643.82,671.15,667.01,624.57,582.89,566.71,566.93,568.32,577.98,612.49,660.21,682.22,663.69,631.91,620.71,636.02,659.73,684.74,703.13,700.98,655.81,571.25,512.50,512.93,538.49,553.66,552.23,547.48,542.37,516.43,471.58,424.65,379.23,349.43,339.20,322.75,286.19,250.09,227.39,212.26,201.73,195.76,193.61,195.08,197.82,200.93,206.06,211.38,218.24,232.11,238.30,223.29,202.01,187.32,178.65,171.59,160.58,144.28,127.19,115.69,114.53,124.45,136.23,143.74,152.96,159.90,153.45,142.46,132.15,114.86,97.94,88.34,82.96,81.33,84.41,85.26,74.16,57.64,46.89,39.72,32.95,27.08,22.10,17.97,14.59,11.86,9.68,7.93,6.55,5.45,4.59,3.90,3.35,2.92,2.57,2.29,2.06,1.88,1.73,1.61,1.51,1.42,1.35,1.29,1.24,1.20,1.16,1.12,1.09,1.07,1.04,1.02,1.00,0.98,0.96,0.95,0.93,0.92,0.91,0.89,0.88,0.87,0.86,0.85,0.84,0.83,0.82,0.81,0.80,0.80,0.79,0.78,0.77,0.76,0.76,0.75,0.74,0.74,0.73,0.72,0.72,0.71,0.70,0.70,0.69,0.69,0.68,0.67,0.67,0.66,0.66,0.65,0.65,0.64,0.65,203.85,190.40,197.57,231.57,301.49,419.64,579.30,763.91,971.66,1167.78,1067.85,1403.90,1810.27,2030.75,1896.40,1409.28,861.33,574.64,475.65,405.65,320.67,238.77,193.41,158.78,113.02,69.47,45.06,35.27,29.13,24.49,20.58,17.35,14.61,12.32,10.38,8.77,7.43,6.31,5.37,4.60,3.96,3.43,2.99,2.63,2.33,2.08,1.87,1.69,1.55,1.42,1.32,1.23,1.16,1.10,1.04,1.00,0.96,0.92,0.89,0.87,0.85,0.83,0.81,0.79,0.77,0.76,0.75,0.74,0.72,0.71,0.70,0.69,0.68,0.68,0.67,0.66,0.65,0.65,0.64,0.63,0.63,0.62,0.61,0.61,0.60,0.60,0.59,0.59,0.58,0.58,0.57,0.57,0.56,0.56,0.55,0.55,0.54,0.54,0.53,0.50,-3.21,-4.84,-4.60,-0.02,16.12,49.08,86.70,119.30,148.65,173.46,195.73,194.53,186.76,184.12,172.75,150.33,137.96,141.16,154.17,145.64,100.51,57.52,38.83,32.45,28.03,24.17,20.62,17.48,14.72,12.36,10.34,8.64,7.21,6.02,5.03,4.21,3.54,2.99,2.53,2.16,1.85,1.60,1.39,1.22,1.08,0.97,0.88,0.80,0.74,0.68,0.64,0.60,0.58,0.55,0.53,0.51,0.50,0.49,0.48,0.47,0.46,0.45,0.45,0.44,0.44,0.43,0.43,0.42,0.42,0.42,0.42,0.41,0.41,0.41,0.41,0.40,0.40,0.40,0.40,0.39,0.39,0.39,0.39,0.39,0.39
50,1,5,21,14,913.6890,0.38,0.38,0.38,0.38,0.38,0.37,0.37,0.37,0.37,0.37,0.37,0.36,0.36,0.36,0.37,-338.43,-382.38,-390.97,-358.57,-215.64,92.54,479.71,831.21,1284.62,1840.70,2146.06,1603.25,1202.15,939.38,805.69,765.81,764.03,732.55,716.14,816.64,1025.33,1215.92,1254.07,1160.64,1057.07,985.14,929.62,888.09,858.82,831.95,781.89,705.64,641.98,604.63,574.61,559.70,570.07,584.73,601.74,639.18,691.86,733.70,746.25,734.09,709.34,683.04,670.82,687.20,716.54,738.11,765.89,810.34,840.04,815.42,759.01,721.83,709.67,710.91,726.44,755.17,793.57,846.00,915.31,973.24,983.01,955.02,923.07,891.84,853.80,823.36,815.57,814.27,768.02,660.01,546.39,466.53,416.84,389.13,382.42,393.56,402.20,385.78,349.26,317.40,303.50,293.91,273.07,241.23,205.92,183.98,180.64,183.68,186.09,188.94,197.77,220.93,260.38,300.00,320.23,328.40,336.38,325.96,305.09,289.94,271.46,254.99,237.01,214.81,197.52,184.09,167.77,148.36,134.93,130.40,126.94,122.74,119.48,118.33,122.60,120.26,104.43,90.99,85.15,83.37,86.93,89.11,78.84,61.84,50.04,42.41,35.37,29.13,23.87,19.49,15.90,13.01,10.68,8.82,7.35,6.17,5.24,4.50,3.90,3.42,3.04,2.73,2.48,2.27,2.09,1.95,1.83,1.73,1.64,1.57,1.51,1.45,1.40,1.36,1.32,1.28,1.25,1.22,1.20,1.17,1.15,1.13,1.11,1.09,1.08,1.06,1.04,1.03,1.02,1.00,0.99,0.98,0.97,0.96,0.95,0.94,0.93,0.92,0.91,0.90,0.89,0.88,0.87,0.86,0.85,0.85,0.84,0.83,0.82,0.82,0.81,0.80,0.80,0.79,0.78,0.78,203.72,190.73,197.89,231.97,301.92,419.76,578.38,761.01,965.92,1158.78,1052.97,1401.56,1836.43,2073.01,1921.40,1400.80,821.06,519.59,427.99,382.24,340.50,308.46,306.90,289.04,215.09,129.38,83.01,66.78,56.78,48.57,41.29,34.94,29.43,24.73,20.72,17.35,14.52,12.16,10.20,8.57,7.23,6.11,5.20,4.44,3.81,3.30,2.87,2.52,2.23,1.99,1.79,1.63,1.49,1.38,1.28,1.20,1.13,1.07,1.03,0.99,0.95,0.92,0.89,0.87,0.85,0.83,0.81,0.80,0.79,0.77,0.76,0.75,0.74,0.73,0.72,0.72,0.71,0.70,0.69,0.69,0.68,0.67,0.67,0.66,0.66,0.65,0.64,0.64,0.63,0.63,0.62,0.62,0.61,0.61,0.60,0.60,0.60,0.59,0.59,0.56,-26.52,-30.66,-30.55,-24.66,-0.11,52.13,109.07,154.09,191.16,220.91,292.31,298.62,282.20,271.21,237.33,177.46,135.96,118.31,115.16,103.75,70.47,40.44,27.04,22.42,19.24,16.58,14.14,12.02,10.16,8.57,7.21,6.07,5.11,4.31,3.65,3.10,2.65,2.28,1.97,1.72,1.51,1.34,1.20,1.08,0.98,0.91,0.84,0.79,0.74,0.71,0.68,0.65,0.63,0.61,0.59,0.58,0.57,0.56,0.55,0.54,0.53,0.53,0.52,0.52,0.51,0.51,0.51,0.50,0.50,0.49,0.49,0.49,0.48,0.48,0.48,0.48,0.47,0.47,0.47,0.47,0.46,0.46,0.46,0.46,0.45
51,1,9,13,31,908.6733,0.45,0.45,0.45,0.44,0.44,0.44,0.44,0.44,0.43,0.43,0.43,0.43,0.43,0.42,0.43,-338.85,-383.23,-391.97,-359.56,-216.25,93.42,483.20,837.58,1293.42,1851.08,2170.51,1645.40,1257.88,1009.52,898.89,896.89,923.43,885.98,859.74,970.87,1161.03,1280.39,1255.49,1126.01,963.62,808.25,681.63,600.98,568.01,571.77,583.99,585.69,602.56,629.75,618.28,584.75,579.72,597.48,618.11,636.91,646.99,648.14,657.96,689.75,739.12,805.57,895.37,996.96,1085.94,1130.48,1125.85,1106.19,1087.48,1085.20,1105.57,1118.78,1122.26,1140.42,1167.75,1180.24,1170.17,1144.68,1103.62,1063.35,1026.05,967.83,910.61,865.03,797.08,698.80,608.74,551.60,512.17,483.18,462.90,442.43,427.37,426.68,424.67,393.97,340.33,294.41,258.25,223.44,200.40,190.04,186.03,189.79,200.48,208.34,199.03,170.10,139.35,119.89,108.19,99.79,94.20,92.99,94.79,92.89,80.53,64.64,54.74,47.46,40.33,34.14,28.75,24.22,20.44,17.31,14.74,12.63,10.90,9.47,8.29,7.31,6.49,5.80,5.22,4.72,4.30,3.93,3.62,3.34,3.11,2.90,2.71,2.55,2.41,2.28,2.17,2.07,1.97,1.89,1.82,1.75,1.69,1.64,1.59,1.54,1.50,1.46,1.43,1.39,1.36,1.33,1.31,1.28,1.26,1.24,1.22,1.20,1.18,1.16,1.15,1.13,1.12,1.10,1.09,1.08,1.06,1.05,1.04,1.03,1.02,1.01,1.00,0.98,0.98,0.97,0.96,0.95,0.94,0.93,0.92,0.91,0.90,0.90,0.89,0.88,0.87,0.87,0.86,0.85,0.85,0.84,0.83,0.83,0.82,0.81,0.81,0.80,0.80,0.79,0.78,0.78,0.77,0.77,0.76,0.75,203.72,190.56,197.72,231.74,301.67,419.75,579.20,763.40,970.57,1166.10,1064.07,1394.71,1794.37,2009.63,1874.47,1380.64,816.90,521.67,422.18,355.19,282.57,216.36,181.11,152.36,109.77,67.91,44.63,35.28,29.33,24.74,20.86,17.62,14.86,12.55,10.60,8.98,7.62,6.49,5.55,4.77,4.12,3.59,3.14,2.77,2.46,2.21,2.00,1.82,1.67,1.55,1.44,1.35,1.28,1.21,1.16,1.11,1.06,1.03,1.00,0.97,0.95,0.93,0.91,0.89,0.87,0.86,0.84,0.83,0.82,0.81,0.80,0.79,0.78,0.77,0.76,0.75,0.74,0.74,0.73,0.72,0.71,0.71,0.70,0.69,0.69,0.68,0.67,0.67,0.66,0.66,0.65,0.65,0.64,0.64,0.63,0.63,0.62,0.62,0.61,0.59,-5.15,-10.13,-9.64,-0.48,31.81,97.74,172.98,238.19,296.88,346.48,391.01,388.64,373.11,367.74,344.96,300.17,275.48,281.91,307.99,290.92,200.74,114.81,77.32,64.51,55.68,47.96,40.86,34.59,29.08,24.35,20.32,16.91,14.06,11.68,9.71,8.08,6.73,5.62,4.71,3.97,3.35,2.85,2.44,2.10,1.83,1.60,1.42,1.27,1.14,1.04,0.96,0.89,0.83,0.78,0.74,0.71,0.68,0.66,0.64,0.62,0.61,0.60,0.59,0.58,0.57,0.56,0.56,0.55,0.54,0.54,0.54,0.53,0.53,0.52,0.52,0.52,0.51,0.51,0.51,0.51,0.50,0.50,0.50,0.50,0.49
