row,label,x,mask,r,charge_fC,-0.195,-0.185,-0.175,-0.165,-0.155,-0.145,-0.135,-0.125,-0.115,-0.105,-0.095,-0.085,-0.075,-0.065,-0.055,-0.045,-0.035,-0.025,-0.015,-0.005,0.005,0.015,0.025,0.035,0.045,0.055,0.065,0.075,0.085,0.095,0.105,0.115,0.125,0.135,0.145,0.155,0.165,0.175,0.185,0.195,0.205,0.215,0.225,0.235,0.245,0.255,0.265,0.275,0.285,0.295,0.305,0.315,0.325,0.335,0.345,0.355,0.365,0.375,0.385,0.395,0.405,0.415,0.425,0.435,0.445,0.455,0.465,0.475,0.485,0.495,0.505,0.515,0.525,0.535,0.545,0.555,0.565,0.575,0.585,0.595,0.605,0.615,0.625,0.635,0.645,0.655,0.665,0.675,0.685,0.695,0.705,0.715,0.725,0.735,0.745,0.755,0.765,0.775,0.785,0.795,0.805,0.815,0.825,0.835,0.845,0.855,0.865,0.875,0.885,0.895,0.905,0.915,0.925,0.935,0.945,0.955,0.965,0.975,0.985,0.995,1.005,1.015,1.025,1.035,1.045,1.055,1.065,1.075,1.085,1.095,1.105,1.115,1.125,1.135,1.145,1.155,1.165,1.175,1.185,1.195,1.205,1.215,1.225,1.235,1.245,1.255,1.265,1.275,1.285,1.295,1.305,1.315,1.325,1.335,1.345,1.355,1.365,1.375,1.385,1.395,1.405,1.415,1.425,1.435,1.445,1.455,1.465,1.475,1.485,1.495,1.505,1.515,1.525,1.535,1.545,1.555,1.565,1.575,1.585,1.595,1.605,1.615,1.625,1.635,1.645,1.655,1.665,1.675,1.685,1.695,1.705,1.715,1.725,1.735,1.745,1.755,1.765,1.775,1.785,1.795,1.805,1.815,1.825,1.835,1.845,1.855,1.865,1.875,1.885,1.895,1.905,1.915,1.925,1.935,1.945,1.955,1.965,1.975,1.985,1.995,2.005,2.015,2.025,2.035,2.045,2.055,2.065,2.075,2.085,2.095,2.105,2.115,2.125,2.135,2.145,2.155,2.165,2.175,2.185,2.195,2.205,2.215,2.225,2.235,2.245,2.255,2.265,2.275,2.285,2.295,2.305,2.315,2.325,2.335,2.345,2.355,2.365,2.375,2.385,2.395,2.405,2.415,2.425,2.435,2.445,2.455,2.465,2.475,2.485,2.495,2.505,2.515,2.525,2.535,2.545,2.555,2.565,2.575,2.585,2.595,2.605,2.615,2.625,2.635,2.645,2.655,2.665,2.675,2.685,2.695,2.705,2.715,2.725,2.735,2.745,2.755,2.765,2.775,2.785,2.795,2.805,2.815,2.825,2.835,2.845,2.855,2.865,2.875,2.885,2.895,2.905,2.915,2.925,2.935,2.945,2.955,2.965,2.975,2.985,2.995,3.005,3.015,3.025,3.035,3.045,3.055,3.065,3.075,3.085,3.095,3.105,3.115,3.125,3.135,3.145,3.155,3.165,3.175,3.185,3.195,3.205,3.215,3.225,3.235,3.245,3.255,3.265,3.275,3.285,3.295,3.305,3.315,3.325,3.335,3.345,3.355,3.365,3.375,3.385,3.395,3.405,3.415,3.425,3.435,3.445,3.455,3.465,3.475,3.485,3.495,3.505,3.515,3.525,3.535,3.545,3.555,3.565,3.575,3.585,3.595,3.605,3.615,3.625,3.635,3.645,3.655,3.665,3.675,3.685,3.695,3.705,3.715,3.725,3.735,3.745,3.755,3.765,3.775,3.785,3.795
2,0,11,0,0,353.5296,0.20,0.19,0.19,0.19,0.19,0.19,0.19,0.19,0.19,0.19,0.19,0.19,0.18,0.18,0.18,-339.31,-383.63,-392.22,-359.69,-215.98,94.63,486.39,844.59,1304.14,1853.23,2107.77,1546.73,1107.75,793.76,607.00,484.26,394.29,324.23,287.88,311.39,368.83,403.04,390.89,352.77,302.69,246.22,200.94,180.33,181.45,192.33,202.99,213.09,224.01,213.28,184.84,175.52,182.52,187.61,179.33,157.61,139.36,130.67,128.08,128.62,129.31,128.78,124.29,113.38,99.82,88.28,79.11,72.00,67.73,67.94,71.15,70.96,60.59,46.36,37.82,31.92,26.14,21.20,16.97,13.50,10.68,8.43,6.65,5.26,4.18,3.34,2.70,2.20,1.82,1.52,1.30,1.12,0.98,0.87,0.79,0.72,0.67,0.63,0.59,0.56,0.54,0.52,0.50,0.48,0.47,0.46,0.45,0.44,0.43,0.42,0.41,0.40,0.40,0.39,0.38,0.38,0.37,0.37,0.36,0.36,0.35,0.35,0.34,0.34,0.33,0.33,0.32,0.32,0.32,0.31,0.31,0.30,0.30,0.30,0.29,0.29,0.29,0.28,0.28,0.28,0.28,0.27,0.27,0.27,0.27,0.26,0.26,0.26,0.26,0.25,0.25,0.25,0.25,0.25,0.24,0.24,0.24,0.24,0.24,0.23,0.23,0.23,0.23,0.23,0.22,0.22,0.22,0.22,0.22,0.22,0.22,0.21,0.21,0.21,0.21,0.21,0.21,0.21,0.20,0.20,0.20,0.20,0.20,0.20,0.20,0.20,0.19,0.19,0.19,0.19,0.19,0.19,0.19,0.19,0.19,0.18,0.18,0.18,0.18,0.18,0.18,0.18,0.18,0.18,0.18,0.17,0.17,0.17,0.17,0.17,0.17,0.17,0.17,0.17,0.17,0.17,203.86,190.22,197.29,231.37,301.38,419.13,576.84,757.38,959.78,1150.77,1041.81,1352.16,1710.31,1875.21,1703.51,1201.08,642.84,350.95,250.43,182.51,127.08,82.86,54.13,35.73,24.17,16.98,12.29,9.21,7.07,5.57,4.45,3.62,2.97,2.47,2.07,1.75,1.50,1.29,1.12,0.98,0.86,0.77,0.69,0.62,0.56,0.52,0.48,0.45,0.42,0.40,0.38,0.36,0.35,0.34,0.32,0.31,0.30,0.29,0.28,0.28,0.27,0.27,0.26,0.26,0.25,0.25,0.25,0.24,0.24,0.24,0.23,0.23,0.23,0.22,0.22,0.22,0.22,0.22,0.21,0.21,0.21,0.21,0.21,0.20,0.20,0.20,0.20,0.20,0.20,0.19,0.19,0.19,0.19,0.19,0.19,0.19,0.18,0.18,0.18,0.16,-7.74,-10.31,-10.16,-6.40,7.81,37.36,70.41,97.96,121.91,141.76,170.73,171.71,163.72,159.61,145.44,119.29,102.75,99.93,105.63,98.53,67.60,38.56,25.96,21.65,18.64,16.04,13.66,11.56,9.72,8.14,6.79,5.66,4.70,3.91,3.25,2.71,2.26,1.89,1.58,1.33,1.13,0.96,0.82,0.71,0.62,0.54,0.48,0.43,0.39,0.35,0.33,0.30,0.28,0.27,0.25,0.24,0.23,0.23,0.22,0.21,0.21,0.20,0.20,0.20,0.20,0.19,0.19,0.19,0.19,0.19,0.18,0.18,0.18,0.18,0.18,0.18,0.18,0.17,0.17,0.17,0.17,0.17,0.17,0.17,0.17
3,1,28,0,0,389.0515,0.17,0.17,0.17,0.17,0.16,0.16,0.16,0.16,0.16,0.16,0.16,0.16,0.16,0.16,0.16,-339.13,-383.19,-391.71,-359.20,-215.71,94.10,484.50,841.04,1299.04,1849.91,2114.05,1550.82,1112.77,802.80,620.98,506.23,427.98,369.51,342.09,383.23,487.03,581.51,597.47,561.40,539.12,537.33,530.64,506.51,468.37,422.77,368.47,310.67,260.03,221.02,193.99,178.16,170.89,168.92,169.51,169.20,165.07,157.90,149.51,140.07,134.79,138.56,145.22,147.37,143.38,139.33,146.71,170.57,194.47,197.54,188.91,181.83,152.76,105.85,73.19,52.73,38.09,28.20,21.25,16.29,12.63,9.88,7.79,6.19,4.95,4.00,3.26,2.68,2.23,1.88,1.60,1.38,1.21,1.07,0.96,0.87,0.80,0.74,0.69,0.65,0.62,0.59,0.56,0.54,0.52,0.51,0.49,0.48,0.47,0.46,0.45,0.44,0.43,0.42,0.41,0.41,0.40,0.39,0.39,0.38,0.37,0.37,0.36,0.36,0.35,0.35,0.35,0.34,0.34,0.33,0.33,0.33,0.32,0.32,0.31,0.31,0.31,0.30,0.30,0.30,0.30,0.29,0.29,0.29,0.28,0.28,0.28,0.28,0.27,0.27,0.27,0.27,0.26,0.26,0.26,0.26,0.26,0.25,0.25,0.25,0.25,0.25,0.24,0.24,0.24,0.24,0.24,0.23,0.23,0.23,0.23,0.23,0.23,0.22,0.22,0.22,0.22,0.22,0.22,0.22,0.21,0.21,0.21,0.21,0.21,0.21,0.21,0.21,0.20,0.20,0.20,0.20,0.20,0.20,0.20,0.20,0.19,0.19,0.19,0.19,0.19,0.19,0.19,0.19,0.19,0.19,0.18,0.18,0.18,0.18,0.18,0.18,0.18,0.18,0.18,0.18,204.74,190.21,197.29,231.36,301.36,419.14,577.01,757.91,960.84,1152.45,1044.24,1354.37,1712.56,1878.35,1707.26,1203.93,644.98,353.31,252.70,184.43,128.64,84.04,55.07,36.52,24.83,17.54,12.76,9.61,7.41,5.86,4.71,3.84,3.17,2.64,2.22,1.88,1.61,1.39,1.21,1.05,0.93,0.83,0.74,0.67,0.60,0.55,0.51,0.48,0.45,0.42,0.40,0.38,0.36,0.35,0.33,0.32,0.31,0.30,0.29,0.28,0.28,0.27,0.27,0.26,0.26,0.25,0.25,0.24,0.24,0.24,0.23,0.23,0.23,0.22,0.22,0.22,0.22,0.21,0.21,0.21,0.21,0.20,0.20,0.20,0.20,0.20,0.19,0.19,0.19,0.19,0.19,0.19,0.19,0.19,0.19,0.19,0.18,0.18,0.18,0.16,-13.11,-15.44,-15.38,-12.44,-0.16,25.98,54.45,76.95,95.49,110.35,146.02,149.20,140.97,135.35,118.33,88.49,67.80,58.99,57.42,51.73,35.07,20.02,13.40,11.12,9.53,8.20,6.97,5.92,4.98,4.19,3.51,2.94,2.46,2.07,1.73,1.46,1.23,1.05,0.89,0.77,0.66,0.58,0.51,0.45,0.41,0.37,0.33,0.31,0.29,0.27,0.25,0.24,0.23,0.22,0.21,0.21,0.20,0.20,0.19,0.19,0.19,0.18,0.18,0.18,0.18,0.18,0.18,0.17,0.17,0.17,0.17,0.17,0.17,0.17,0.17,0.16,0.16,0.16,0.16,0.16,0.16,0.16,0.16,0.16,0.16
4,1,27,0,0,540.3606,0.15,0.15,0.15,0.15,0.15,0.15,0.15,0.15,0.15,0.15,0.15,0.15,0.15,0.14,0.15,-338.75,-382.63,-391.09,-358.61,-215.39,93.38,481.91,836.27,1292.56,1842.27,2096.80,1524.37,1082.57,768.93,576.30,442.29,348.90,290.97,268.91,300.52,385.83,471.43,491.57,461.14,421.20,368.13,307.08,265.76,252.84,257.57,268.07,280.64,297.07,296.48,274.73,267.88,280.45,293.73,295.94,290.38,297.46,321.68,349.60,371.34,384.31,392.99,405.82,421.36,437.07,460.70,498.64,523.46,514.03,506.60,526.49,561.71,588.63,594.24,586.25,572.29,539.93,479.63,424.92,404.00,408.36,424.58,441.06,447.07,434.25,404.05,375.52,359.33,341.77,312.18,282.58,255.41,220.60,188.52,169.73,159.15,151.34,145.51,140.41,133.36,123.80,115.13,110.95,110.52,110.21,108.89,105.98,103.17,107.94,114.62,109.36,97.55,89.47,84.56,82.39,85.13,86.94,77.58,61.28,49.28,41.65,34.74,28.51,23.25,18.83,15.22,12.28,9.93,8.06,6.57,5.39,4.45,3.71,3.12,2.65,2.28,1.98,1.74,1.54,1.38,1.25,1.14,1.05,0.98,0.91,0.86,0.81,0.77,0.74,0.71,0.69,0.66,0.64,0.62,0.61,0.59,0.58,0.57,0.55,0.54,0.53,0.52,0.51,0.51,0.50,0.49,0.48,0.48,0.47,0.46,0.46,0.45,0.45,0.44,0.44,0.43,0.43,0.42,0.42,0.41,0.41,0.40,0.40,0.39,0.39,0.39,0.38,0.38,0.38,0.37,0.37,0.37,0.36,0.36,0.36,0.35,0.35,0.35,0.34,0.34,0.34,0.34,0.33,0.33,0.33,0.32,0.32,0.32,0.32,0.32,0.31,0.31,0.31,0.31,0.30,0.31,203.70,190.33,197.42,231.49,301.49,419.27,577.24,758.35,961.41,1152.86,1045.75,1374.49,1766.95,1961.80,1794.32,1287.62,734.81,447.25,350.97,290.51,233.66,185.17,161.48,139.90,101.51,62.05,40.25,31.77,26.42,22.24,18.67,15.67,13.11,10.96,9.15,7.64,6.37,5.33,4.46,3.74,3.15,2.67,2.26,1.93,1.66,1.44,1.25,1.10,0.97,0.87,0.78,0.71,0.65,0.60,0.56,0.52,0.49,0.46,0.44,0.42,0.41,0.40,0.39,0.37,0.36,0.36,0.35,0.35,0.34,0.34,0.33,0.33,0.33,0.32,0.32,0.31,0.31,0.31,0.31,0.30,0.30,0.30,0.29,0.29,0.29,0.29,0.28,0.28,0.28,0.28,0.28,0.27,0.27,0.27,0.27,0.27,0.26,0.26,0.26,0.24,4.68,5.38,5.47,6.29,8.22,11.63,16.21,21.26,26.66,31.63,24.93,22.73,22.96,24.41,27.21,30.94,35.12,41.13,48.43,47.02,32.79,18.82,12.78,10.73,9.32,8.05,6.89,5.85,4.94,4.15,3.48,2.91,2.44,2.04,1.71,1.44,1.22,1.03,0.88,0.76,0.66,0.57,0.50,0.45,0.40,0.36,0.33,0.31,0.29,0.27,0.26,0.24,0.23,0.23,0.22,0.21,0.21,0.21,0.20,0.20,0.20,0.19,0.19,0.19,0.19,0.19,0.19,0.19,0.18,0.18,0.18,0.18,0.18,0.18,0.18,0.18,0.18,0.18,0.18,0.17,0.17,0.17,0.17,0.17,0.17
5,0,11,0,0,432.1405,0.17,0.17,0.17,0.17,0.17,0.17,0.17,0.17,0.17,0.17,0.16,0.16,0.16,0.16,0.16,-339.34,-383.96,-392.63,-360.11,-216.36,94.50,486.55,844.65,1304.13,1853.74,2116.03,1562.25,1131.08,826.92,651.09,544.44,467.00,393.03,348.18,374.74,445.28,505.02,522.45,493.10,430.04,343.18,246.24,166.23,114.34,82.41,63.10,51.78,45.14,41.19,38.76,37.22,36.22,35.63,35.49,36.08,37.88,41.41,47.08,54.90,64.28,74.14,83.63,92.62,102.02,113.36,126.89,139.02,146.35,151.05,155.22,163.89,181.42,198.91,209.42,220.77,242.74,270.10,283.57,271.59,249.78,227.50,199.36,184.18,192.62,207.07,218.55,232.04,249.91,260.80,250.63,230.16,222.47,231.69,242.92,240.62,224.54,208.46,206.36,221.19,241.15,243.78,218.38,181.92,153.85,137.10,129.43,130.60,133.96,128.99,116.92,101.26,82.13,65.76,54.43,44.68,36.02,28.87,22.96,18.21,14.42,11.44,9.11,7.29,5.87,4.77,3.92,3.26,2.74,2.33,2.01,1.75,1.55,1.39,1.25,1.14,1.05,0.98,0.91,0.86,0.81,0.77,0.73,0.70,0.67,0.65,0.63,0.61,0.59,0.57,0.55,0.54,0.53,0.51,0.50,0.49,0.48,0.47,0.46,0.45,0.44,0.44,0.43,0.42,0.41,0.41,0.40,0.40,0.39,0.38,0.38,0.37,0.37,0.36,0.36,0.36,0.35,0.35,0.34,0.34,0.34,0.33,0.33,0.33,0.32,0.32,0.32,0.31,0.31,0.31,0.30,0.30,0.30,0.30,0.29,0.29,0.29,0.28,0.28,0.28,0.28,0.28,0.27,0.27,0.27,0.27,0.26,0.26,0.26,0.26,0.26,0.25,0.25,0.25,0.25,0.25,203.86,190.34,197.42,231.51,301.53,419.21,576.79,757.09,958.99,1149.14,1039.11,1363.18,1748.99,1936.85,1766.43,1253.90,687.64,392.52,296.27,239.06,194.52,161.79,148.24,132.46,97.18,59.53,38.99,31.04,25.96,21.91,18.43,15.47,12.95,10.82,9.03,7.53,6.28,5.24,4.39,3.68,3.09,2.61,2.21,1.88,1.61,1.39,1.20,1.05,0.93,0.82,0.74,0.67,0.61,0.56,0.52,0.48,0.45,0.42,0.40,0.39,0.37,0.36,0.35,0.33,0.32,0.32,0.32,0.31,0.30,0.30,0.29,0.29,0.29,0.28,0.28,0.28,0.28,0.27,0.27,0.27,0.26,0.26,0.26,0.26,0.25,0.25,0.25,0.25,0.25,0.24,0.24,0.24,0.24,0.24,0.23,0.23,0.23,0.23,0.23,0.21,-4.32,-5.02,-4.95,-3.07,4.03,18.81,35.33,49.10,61.07,70.99,85.47,85.96,81.96,79.88,72.77,59.72,51.46,50.07,52.94,49.39,33.95,19.45,13.10,10.92,9.42,8.13,6.93,5.88,4.96,4.17,3.50,2.93,2.45,2.06,1.72,1.45,1.23,1.04,0.89,0.76,0.66,0.58,0.51,0.45,0.40,0.37,0.33,0.31,0.29,0.27,0.25,0.24,0.23,0.22,0.22,0.21,0.21,0.20,0.20,0.19,0.19,0.19,0.19,0.19,0.18,0.18,0.18,0.18,0.18,0.18,0.18,0.17,0.17,0.17,0.17,0.17,0.17,0.17,0.17,0.17,0.17,0.16,0.16,0.16,0.16
6,1,26,0,0,383.3298,0.16,0.16,0.16,0.16,0.16,0.16,0.16,0.16,0.16,0.16,0.15,0.15,0.15,0.15,0.15,-339.44,-384.03,-392.70,-360.18,-216.37,94.68,487.13,845.80,1305.73,1855.54,2118.11,1564.57,1132.35,826.80,651.07,545.37,468.97,396.33,352.76,381.03,449.68,495.02,486.09,440.50,395.16,362.84,327.96,272.56,205.46,150.04,112.66,87.60,70.74,59.23,51.41,46.08,42.47,40.01,38.37,37.36,36.99,37.49,39.27,42.73,48.22,55.49,63.45,70.80,76.85,82.28,88.83,97.80,108.81,118.33,123.00,123.30,119.04,115.75,122.49,134.56,144.45,155.93,172.07,185.07,183.24,166.70,148.86,138.42,133.54,132.84,139.43,148.81,154.27,161.21,172.52,177.07,160.13,125.65,94.73,77.38,68.39,62.47,58.23,55.25,53.54,53.39,55.12,58.88,64.36,70.44,74.82,76.27,75.10,74.40,76.60,75.93,67.00,52.43,37.86,27.45,21.34,17.49,14.70,12.48,10.64,9.09,7.78,6.67,5.72,4.92,4.25,3.68,3.19,2.78,2.43,2.14,1.89,1.68,1.50,1.34,1.21,1.10,1.00,0.92,0.85,0.79,0.73,0.69,0.65,0.61,0.58,0.56,0.53,0.51,0.49,0.47,0.46,0.45,0.43,0.42,0.41,0.40,0.39,0.39,0.38,0.37,0.36,0.36,0.35,0.35,0.34,0.34,0.33,0.33,0.32,0.32,0.32,0.31,0.31,0.30,0.30,0.30,0.30,0.29,0.29,0.29,0.28,0.28,0.28,0.28,0.27,0.27,0.27,0.27,0.26,0.26,0.26,0.26,0.25,0.25,0.25,0.25,0.25,0.24,0.24,0.24,0.24,0.24,0.24,0.23,0.23,0.23,0.23,0.23,0.23,0.22,0.22,0.22,0.22,0.22,204.46,190.33,197.40,231.50,301.53,419.18,576.59,756.54,958.02,1147.82,1037.69,1362.33,1748.34,1935.30,1763.42,1251.13,686.42,391.88,295.60,238.45,194.06,161.43,147.98,132.42,97.46,59.82,39.02,30.99,25.93,21.89,18.42,15.46,12.94,10.82,9.03,7.53,6.28,5.24,4.38,3.67,3.09,2.60,2.20,1.87,1.60,1.38,1.19,1.04,0.92,0.81,0.72,0.66,0.60,0.55,0.50,0.46,0.43,0.41,0.39,0.37,0.36,0.34,0.33,0.32,0.31,0.31,0.30,0.29,0.29,0.28,0.28,0.27,0.27,0.26,0.26,0.26,0.26,0.26,0.25,0.25,0.25,0.25,0.24,0.24,0.24,0.24,0.24,0.23,0.23,0.23,0.23,0.23,0.23,0.22,0.22,0.22,0.22,0.22,0.22,0.20,-0.65,0.21,0.21,0.20,0.20,0.20,0.20,0.19,0.19,0.19,0.20,0.19,0.19,0.19,0.18,0.18,0.18,0.18,0.18,0.18,0.18,0.18,0.18,0.17,0.17,0.17,0.17,0.17,0.17,0.17,0.17,0.17,0.17,0.17,0.16,0.16,0.16,0.16,0.16,0.16,0.16,0.16,0.16,0.16,0.16,0.16,0.15,0.15,0.15,0.15,0.15,0.15,0.15,0.15,0.15,0.15,0.15,0.15,0.15,0.15,0.15,0.14,0.14,0.14,0.14,0.14,0.14,0.14,0.14,0.14,0.14,0.14,0.14,0.14,0.14,0.14,0.14,0.14,0.14,0.13,0.13,0.13,0.13,0.13,0.13
7,1,26,0,0,289.6820,0.13,0.13,0.13,0.13,0.13,0.13,0.13,0.13,0.13,0.13,0.13,0.13,0.13,0.13,0.13,-339.40,-384.10,-392.76,-360.22,-216.38,94.74,487.32,846.41,1306.95,1854.55,2101.49,1540.91,1099.68,782.04,589.91,457.60,355.44,273.65,224.92,226.54,249.91,262.55,252.10,217.02,170.20,126.81,90.00,59.47,37.33,22.60,13.58,8.30,5.27,3.51,2.46,1.82,1.40,1.12,0.92,0.78,0.67,0.58,0.51,0.46,0.42,0.38,0.35,0.32,0.30,0.29,0.28,0.26,0.25,0.24,0.24,0.23,0.22,0.22,0.21,0.21,0.21,0.20,0.20,0.20,0.19,0.19,0.19,0.19,0.18,0.18,0.18,0.18,0.18,0.17,0.17,0.17,0.17,0.17,0.17,0.16,0.16,0.16,0.16,0.16,0.16,0.16,0.15,0.15,0.15,0.15,0.15,0.15,0.15,0.15,0.15,0.15,0.14,0.14,0.14,0.14,0.14,0.14,0.14,0.14,0.14,0.14,0.14,0.13,0.13,0.13,0.13,0.13,0.13,0.13,0.13,0.13,0.13,0.13,0.13,0.13,0.13,0.13,0.12,0.12,0.12,0.12,0.12,0.12,0.12,0.12,0.12,0.12,0.12,0.12,0.12,0.12,0.12,0.12,0.12,0.12,0.11,0.11,0.11,0.11,0.11,0.11,0.11,0.11,0.11,0.11,0.11,0.11,0.11,0.11,0.11,0.11,0.11,0.11,0.11,0.11,0.11,0.11,0.11,0.11,0.10,0.10,0.10,0.10,0.10,0.10,0.10,0.10,0.10,0.10,0.10,0.10,0.10,0.10,0.10,0.10,0.10,0.10,0.10,0.10,0.10,0.10,0.10,0.10,0.10,0.10,0.10,0.10,0.10,0.09,0.09,0.09,0.09,0.09,0.09,0.09,204.19,190.19,197.25,231.34,301.37,419.05,576.51,756.52,958.11,1148.08,1036.24,1341.77,1693.34,1850.69,1671.50,1159.03,589.60,293.01,192.77,128.51,86.16,58.00,39.70,27.65,19.73,14.38,10.73,8.17,6.34,4.99,3.99,3.22,2.63,2.16,1.79,1.50,1.26,1.06,0.91,0.78,0.67,0.58,0.51,0.45,0.40,0.36,0.33,0.30,0.28,0.26,0.24,0.22,0.21,0.20,0.19,0.18,0.18,0.17,0.17,0.16,0.16,0.15,0.15,0.15,0.14,0.14,0.14,0.14,0.14,0.13,0.13,0.13,0.13,0.13,0.13,0.12,0.12,0.12,0.12,0.12,0.12,0.12,0.12,0.11,0.11,0.11,0.11,0.11,0.11,0.11,0.11,0.11,0.11,0.11,0.11,0.10,0.10,0.10,0.10,0.08,1.28,-0.02,0.15,2.85,11.89,30.08,51.18,70.01,87.38,102.27,110.06,108.37,104.60,104.01,99.72,90.38,86.29,90.91,101.11,96.12,66.50,38.06,25.59,21.33,18.43,15.87,13.52,11.43,9.60,8.02,6.68,5.55,4.59,3.80,3.15,2.60,2.16,1.79,1.48,1.24,1.03,0.87,0.73,0.62,0.53,0.45,0.39,0.34,0.30,0.27,0.24,0.22,0.20,0.18,0.17,0.16,0.15,0.15,0.14,0.13,0.13,0.13,0.12,0.12,0.12,0.12,0.12,0.11,0.11,0.11,0.11,0.11,0.11,0.11,0.11,0.11,0.11,0.11,0.11,0.10,0.10,0.10,0.10,0.10,0.10
8,1,3,0,0,500.1745,0.10,0.10,0.10,0.10,0.10,0.10,0.10,0.10,0.10,0.10,0.10,0.10,0.10,0.10,0.10,-339.70,-384.20,-392.86,-360.31,-216.40,94.93,487.94,847.60,1308.52,1856.35,2104.31,1543.70,1100.99,781.51,589.43,457.86,356.27,276.64,231.50,245.19,292.62,322.84,326.64,319.47,300.48,270.94,249.94,250.89,267.04,282.19,283.62,275.63,268.41,263.32,265.24,281.30,302.60,316.43,329.19,352.90,388.00,427.77,455.09,453.18,426.73,399.35,385.45,373.20,374.48,419.54,483.47,524.97,534.07,522.52,522.39,554.83,595.84,606.60,591.82,571.06,499.46,389.35,321.17,289.27,257.02,216.21,181.67,165.07,159.27,160.14,164.07,166.78,168.89,174.20,179.34,171.90,157.96,153.87,156.48,155.06,145.50,129.78,114.30,105.22,105.68,113.89,122.52,130.95,142.40,146.69,132.13,111.01,98.17,88.54,75.25,58.27,41.91,30.16,23.15,18.73,15.56,13.09,11.09,9.43,8.05,6.89,5.92,5.11,4.42,3.84,3.35,2.94,2.59,2.30,2.04,1.83,1.65,1.49,1.36,1.24,1.14,1.06,0.98,0.92,0.86,0.81,0.77,0.73,0.70,0.67,0.64,0.61,0.59,0.57,0.56,0.54,0.52,0.51,0.50,0.49,0.48,0.47,0.46,0.45,0.44,0.43,0.42,0.42,0.41,0.41,0.40,0.39,0.39,0.38,0.38,0.37,0.37,0.36,0.36,0.36,0.35,0.35,0.34,0.34,0.34,0.33,0.33,0.33,0.32,0.32,0.32,0.31,0.31,0.31,0.31,0.30,0.30,0.30,0.30,0.29,0.29,0.29,0.29,0.28,0.28,0.28,0.28,0.27,0.27,0.27,0.27,0.27,0.26,0.26,0.26,0.26,0.26,0.25,0.25,0.25,205.12,190.33,197.39,231.47,301.48,419.19,576.71,756.83,958.60,1148.80,1040.58,1363.57,1742.02,1922.76,1753.02,1254.50,709.91,425.51,327.65,261.95,199.32,144.86,113.43,90.48,63.94,39.75,25.97,20.03,16.24,13.43,11.13,9.27,7.71,6.44,5.37,4.49,3.76,3.16,2.66,2.25,1.92,1.64,1.41,1.22,1.07,0.94,0.83,0.74,0.67,0.62,0.57,0.52,0.49,0.46,0.43,0.41,0.39,0.37,0.36,0.35,0.34,0.33,0.32,0.32,0.31,0.30,0.30,0.29,0.29,0.29,0.28,0.28,0.28,0.27,0.27,0.27,0.26,0.26,0.26,0.26,0.26,0.26,0.25,0.25,0.25,0.25,0.25,0.24,0.24,0.24,0.23,0.24,0.24,0.23,0.23,0.23,0.23,0.23,0.23,0.21,-4.16,-5.02,-4.95,-3.07,4.04,18.81,35.33,49.11,61.08,71.00,85.48,85.97,81.97,79.89,72.78,59.73,51.47,50.07,52.92,49.37,33.91,19.39,13.09,10.94,9.43,8.13,6.94,5.89,4.97,4.18,3.50,2.94,2.46,2.06,1.73,1.46,1.23,1.05,0.90,0.77,0.67,0.58,0.51,0.46,0.41,0.37,0.34,0.31,0.29,0.28,0.26,0.25,0.24,0.23,0.22,0.22,0.21,0.21,0.20,0.20,0.20,0.20,0.19,0.19,0.19,0.19,0.19,0.19,0.18,0.18,0.18,0.18,0.18,0.18,0.18,0.18,0.18,0.17,0.17,0.17,0.17,0.17,0.17,0.17,0.17
9,1,18,0,0,403.4882,0.17,0.17,0.17,0.17,0.17,0.16,0.16,0.16,0.16,0.16,0.16,0.16,0.16,0.16,0.16,-339.10,-383.27,-391.78,-359.25,-215.68,94.35,485.16,842.09,1300.29,1851.48,2117.78,1553.53,1112.72,801.24,620.20,506.25,427.52,366.85,336.87,372.22,466.96,561.95,585.78,545.01,497.81,456.31,400.24,322.31,237.63,170.05,124.99,95.30,75.72,62.59,53.78,47.81,43.76,40.97,39.05,37.79,37.19,37.49,39.11,42.45,47.85,55.17,63.35,71.16,78.22,85.10,92.83,102.53,113.48,121.17,124.11,122.45,116.93,116.59,126.45,138.30,147.76,161.11,177.74,186.64,178.76,159.96,144.37,136.29,132.45,134.19,142.96,151.19,156.29,165.31,176.29,174.12,148.59,112.17,85.68,72.28,64.73,59.36,55.36,52.71,52.50,55.97,63.03,71.99,80.26,85.93,89.26,96.48,103.05,95.60,82.83,76.58,74.70,76.92,81.70,79.22,65.14,50.24,41.75,35.10,28.60,23.21,18.61,14.87,11.84,9.43,7.51,6.01,4.83,3.90,3.17,2.60,2.16,1.80,1.53,1.31,1.13,0.99,0.88,0.79,0.72,0.65,0.61,0.56,0.53,0.50,0.48,0.46,0.44,0.42,0.41,0.40,0.38,0.37,0.37,0.36,0.35,0.34,0.34,0.33,0.33,0.32,0.32,0.31,0.31,0.30,0.30,0.30,0.29,0.29,0.28,0.28,0.28,0.28,0.27,0.27,0.27,0.26,0.26,0.26,0.26,0.25,0.25,0.25,0.25,0.25,0.24,0.24,0.24,0.24,0.23,0.23,0.23,0.23,0.23,0.23,0.22,0.22,0.22,0.22,0.22,0.22,0.21,0.21,0.21,0.21,0.21,0.21,0.21,0.20,0.20,0.20,0.20,0.20,0.20,0.20,204.23,190.26,197.32,231.40,301.41,419.16,576.86,757.40,959.88,1151.05,1044.23,1367.04,1745.86,1928.17,1760.57,1261.45,713.66,427.74,329.81,263.89,201.09,146.66,115.16,91.75,64.71,40.51,26.91,20.92,17.03,14.11,11.72,9.77,8.14,6.80,5.69,4.76,3.99,3.36,2.83,2.40,2.04,1.75,1.51,1.30,1.13,1.00,0.88,0.79,0.71,0.64,0.59,0.54,0.50,0.47,0.44,0.41,0.39,0.37,0.36,0.34,0.33,0.32,0.32,0.31,0.30,0.29,0.29,0.28,0.28,0.27,0.27,0.27,0.26,0.26,0.25,0.25,0.25,0.25,0.24,0.24,0.23,0.24,0.24,0.23,0.22,0.23,0.22,0.22,0.22,0.22,0.22,0.22,0.21,0.21,0.21,0.21,0.21,0.21,0.21,0.18,10.12,10.45,10.64,12.27,16.13,22.97,32.12,42.22,53.03,62.96,49.56,45.18,45.64,48.54,54.13,61.61,69.97,82.00,96.60,93.77,65.32,37.39,25.30,21.20,18.38,15.84,13.52,11.44,9.61,8.04,6.70,5.57,4.62,3.83,3.17,2.63,2.18,1.82,1.51,1.27,1.06,0.90,0.76,0.65,0.56,0.49,0.43,0.38,0.33,0.30,0.27,0.25,0.23,0.22,0.21,0.20,0.19,0.18,0.17,0.17,0.17,0.16,0.16,0.16,0.15,0.15,0.15,0.15,0.15,0.15,0.15,0.14,0.14,0.14,0.14,0.14,0.14,0.14,0.14,0.14,0.14,0.14,0.14,0.14,0.14
10,1,0,0,0,478.7461,0.13,0.13,0.13,0.13,0.13,0.13,0.13,0.13,0.13,0.13,0.13,0.13,0.13,0.13,0.13,-339.67,-384.22,-392.86,-360.29,-216.31,95.24,488.57,848.22,1308.64,1858.81,2124.64,1570.28,1133.82,824.88,649.84,545.43,469.36,397.09,353.09,383.21,465.88,540.41,568.62,549.19,500.36,435.85,370.71,323.81,298.73,284.66,271.46,260.63,256.35,258.48,273.87,311.68,360.93,405.09,449.39,501.32,545.47,559.48,535.05,482.69,421.09,373.55,354.62,352.62,361.01,390.56,441.97,502.74,542.88,533.66,488.84,435.14,376.79,323.15,291.18,284.70,293.82,296.64,279.29,244.07,197.55,148.96,108.86,84.32,73.55,69.82,69.66,74.56,78.35,67.04,45.87,28.33,17.11,10.99,7.69,5.60,4.12,3.06,2.28,1.71,1.30,1.00,0.78,0.63,0.51,0.43,0.37,0.33,0.29,0.27,0.25,0.24,0.23,0.22,0.21,0.21,0.20,0.20,0.19,0.19,0.19,0.18,0.18,0.18,0.18,0.18,0.17,0.17,0.17,0.17,0.17,0.16,0.16,0.16,0.16,0.16,0.16,0.15,0.15,0.15,0.15,0.15,0.15,0.15,0.14,0.14,0.14,0.14,0.14,0.14,0.14,0.14,0.13,0.13,0.13,0.13,0.13,0.13,0.13,0.13,0.13,0.13,0.12,0.12,0.12,0.12,0.12,0.12,0.12,0.12,0.12,0.12,0.12,0.12,0.11,0.11,0.11,0.11,0.11,0.11,0.11,0.11,0.11,0.11,0.11,0.11,0.11,0.11,0.11,0.10,0.10,0.10,0.10,0.10,0.10,0.10,0.10,0.10,0.10,0.10,0.10,0.10,0.10,0.10,0.10,0.10,0.10,0.09,0.09,0.09,0.09,0.09,0.09,0.09,0.09,0.08,203.80,190.31,197.36,231.49,301.54,419.05,575.88,754.66,954.67,1143.12,1030.41,1350.75,1729.94,1907.21,1725.84,1206.41,634.13,335.24,239.31,185.95,154.51,137.77,134.54,125.09,93.42,57.49,37.85,30.33,25.51,21.57,18.16,15.24,12.74,10.62,8.84,7.34,6.11,5.07,4.22,3.51,2.92,2.44,2.04,1.72,1.45,1.23,1.05,0.90,0.77,0.67,0.59,0.52,0.46,0.41,0.37,0.34,0.31,0.29,0.27,0.25,0.24,0.22,0.21,0.21,0.20,0.19,0.18,0.18,0.17,0.17,0.17,0.16,0.16,0.16,0.15,0.15,0.15,0.15,0.14,0.14,0.14,0.14,0.14,0.14,0.13,0.13,0.13,0.13,0.13,0.13,0.12,0.12,0.12,0.12,0.12,0.12,0.11,0.11,0.11,0.09,-36.48,-41.37,-41.44,-37.18,-16.50,28.93,76.72,111.62,137.88,157.70,242.48,253.17,236.28,222.29,182.76,115.49,65.68,36.02,18.28,9.72,4.88,2.77,1.49,0.99,0.63,0.50,0.39,0.36,0.31,0.30,0.28,0.28,0.26,0.26,0.25,0.25,0.24,0.24,0.23,0.23,0.22,0.22,0.22,0.21,0.21,0.21,0.20,0.20,0.20,0.20,0.19,0.19,0.19,0.19,0.18,0.18,0.18,0.18,0.17,0.17,0.17,0.17,0.17,0.16,0.16,0.16,0.16,0.16,0.16,0.15,0.15,0.15,0.15,0.15,0.15,0.15,0.14,0.14,0.14,0.14,0.14,0.14,0.14,0.14,0.14
11,1,23,0,0,526.1936,0.14,0.13,0.13,0.13,0.13,0.13,0.13,0.13,0.13,0.13,0.13,0.12,0.12,0.12,0.12,-338.91,-382.80,-391.25,-358.75,-215.42,93.78,483.23,838.63,1295.49,1848.34,2122.26,1556.36,1118.20,811.86,636.65,533.04,468.64,421.11,403.25,448.62,537.19,590.91,545.61,444.12,368.25,349.87,378.25,416.54,442.09,452.98,418.30,350.19,317.92,321.96,309.68,278.72,266.91,271.02,266.65,255.00,243.68,232.09,223.15,216.92,210.33,205.87,211.25,231.82,262.67,290.52,311.10,320.43,310.19,298.24,302.49,310.80,306.74,295.11,294.63,308.85,328.26,348.74,367.39,383.32,393.84,393.01,371.95,335.00,299.14,270.49,257.87,261.23,271.25,284.74,289.59,274.67,248.70,227.13,215.00,210.96,215.04,218.58,208.47,178.05,136.80,106.27,90.54,80.47,71.94,64.69,58.63,53.61,49.55,46.51,44.88,45.24,47.98,53.38,60.86,68.36,74.95,80.99,86.77,94.18,106.73,126.25,145.01,148.87,139.18,130.22,128.48,135.36,147.60,148.30,126.32,98.87,81.98,69.81,58.00,47.73,38.94,31.65,25.67,20.84,16.96,13.86,11.38,9.41,7.83,6.56,5.54,4.71,4.04,3.49,3.04,2.66,2.35,2.09,1.87,1.68,1.53,1.39,1.27,1.17,1.09,1.01,0.94,0.89,0.83,0.79,0.75,0.71,0.68,0.65,0.63,0.61,0.59,0.57,0.55,0.53,0.52,0.51,0.50,0.48,0.47,0.47,0.46,0.45,0.44,0.43,0.43,0.42,0.41,0.41,0.40,0.40,0.39,0.39,0.38,0.38,0.38,0.37,0.37,0.36,0.36,0.36,0.35,0.35,0.35,0.34,0.34,0.34,0.33,0.33,0.33,0.33,0.32,0.32,0.32,0.31,204.94,190.36,197.43,231.50,301.50,419.27,577.15,758.09,961.14,1153.00,1047.11,1369.54,1748.10,1931.26,1764.73,1265.00,716.27,430.20,331.81,265.53,202.59,147.86,116.18,92.95,66.18,41.77,27.73,21.55,17.56,14.58,12.12,10.13,8.46,7.09,5.94,4.99,4.20,3.55,3.01,2.57,2.20,1.90,1.65,1.44,1.26,1.12,1.00,0.90,0.82,0.75,0.69,0.65,0.61,0.57,0.54,0.51,0.48,0.46,0.45,0.44,0.42,0.41,0.40,0.39,0.39,0.38,0.37,0.36,0.36,0.36,0.35,0.35,0.34,0.34,0.33,0.33,0.33,0.32,0.32,0.32,0.31,0.31,0.31,0.30,0.30,0.30,0.30,0.29,0.29,0.29,0.29,0.28,0.28,0.28,0.28,0.27,0.27,0.27,0.27,0.24,10.09,10.51,10.70,12.33,16.19,23.02,32.17,42.28,53.10,63.03,49.63,45.25,45.70,48.60,54.19,61.67,70.02,82.04,96.60,93.78,65.28,37.29,25.33,21.27,18.44,15.90,13.57,11.49,9.66,8.09,6.75,5.62,4.67,3.88,3.22,2.68,2.23,1.87,1.56,1.32,1.11,0.95,0.81,0.70,0.61,0.53,0.47,0.42,0.38,0.35,0.32,0.30,0.28,0.26,0.25,0.24,0.23,0.22,0.22,0.21,0.21,0.20,0.20,0.20,0.20,0.19,0.19,0.19,0.19,0.19,0.19,0.19,0.18,0.18,0.18,0.18,0.18,0.18,0.18,0.18,0.18,0.18,0.18,0.18,0.17
12,1,6,0,0,372.0366,0.17,0.17,0.17,0.17,0.17,0.17,0.17,0.17,0.17,0.17,0.17,0.17,0.17,0.16,0.17,-339.51,-384.09,-392.75,-360.20,-216.34,94.90,487.73,846.84,1307.07,1857.27,2122.00,1567.89,1133.25,825.70,650.10,544.63,467.33,393.75,350.05,383.67,472.92,553.99,588.58,579.36,538.79,472.54,390.96,302.88,218.39,154.73,117.30,97.27,85.04,75.69,67.24,59.70,53.38,48.35,44.50,41.67,39.81,39.06,39.77,42.36,47.20,54.19,62.54,70.93,78.53,85.56,92.85,100.57,107.02,107.73,103.89,101.50,96.61,87.14,80.18,76.99,74.67,72.61,71.13,71.02,73.41,78.77,85.31,90.36,91.66,87.35,81.53,78.22,75.51,75.26,78.46,78.40,69.52,54.82,41.23,32.06,26.54,22.80,19.89,17.43,15.30,13.44,11.79,10.35,9.09,7.98,7.01,6.17,5.43,4.79,4.23,3.74,3.31,2.94,2.62,2.34,2.09,1.88,1.69,1.52,1.38,1.25,1.14,1.04,0.96,0.88,0.82,0.76,0.70,0.66,0.62,0.58,0.55,0.52,0.49,0.47,0.45,0.43,0.41,0.40,0.38,0.37,0.36,0.35,0.34,0.33,0.32,0.31,0.31,0.30,0.29,0.29,0.28,0.28,0.27,0.27,0.27,0.26,0.26,0.25,0.25,0.25,0.24,0.24,0.24,0.24,0.23,0.23,0.23,0.23,0.22,0.22,0.22,0.22,0.22,0.21,0.21,0.21,0.21,0.21,0.21,0.20,0.20,0.20,0.20,0.20,0.20,0.19,0.19,0.19,0.19,0.19,0.19,0.19,0.19,0.18,0.18,0.18,0.18,0.18,0.18,0.18,0.18,0.17,0.17,0.17,0.17,0.17,0.17,0.17,0.17,0.17,0.17,0.16,0.16,0.16,203.69,190.27,197.33,231.42,301.44,419.12,576.59,756.65,958.38,1148.60,1038.85,1356.46,1728.68,1904.49,1732.37,1225.42,665.08,372.29,273.78,211.18,161.13,122.54,101.31,84.14,60.66,38.24,25.63,20.12,16.51,13.73,11.44,9.54,7.96,6.64,5.55,4.64,3.88,3.26,2.74,2.31,1.96,1.68,1.44,1.23,1.07,0.94,0.83,0.73,0.66,0.59,0.54,0.49,0.45,0.42,0.39,0.37,0.35,0.33,0.32,0.30,0.29,0.28,0.27,0.27,0.26,0.25,0.25,0.24,0.24,0.24,0.23,0.23,0.22,0.22,0.21,0.21,0.21,0.21,0.21,0.21,0.21,0.20,0.20,0.20,0.20,0.20,0.19,0.19,0.19,0.19,0.19,0.19,0.19,0.19,0.19,0.18,0.18,0.18,0.18,0.16,-13.19,-15.44,-15.39,-12.44,-0.17,25.96,54.43,76.94,95.47,110.34,146.04,149.20,140.98,135.45,118.49,88.58,67.85,59.03,57.45,51.75,35.11,20.08,13.41,11.11,9.52,8.19,6.97,5.91,4.98,4.18,3.50,2.94,2.46,2.06,1.73,1.45,1.23,1.04,0.89,0.76,0.66,0.57,0.50,0.45,0.40,0.36,0.33,0.30,0.28,0.26,0.25,0.23,0.22,0.21,0.21,0.20,0.19,0.19,0.19,0.18,0.18,0.18,0.18,0.17,0.17,0.17,0.17,0.17,0.16,0.16,0.16,0.16,0.16,0.16,0.16,0.16,0.15,0.15,0.15,0.15,0.15,0.15,0.15,0.15,0.15
13,0,11,0,0,534.0298,0.15,0.15,0.14,0.14,0.14,0.14,0.14,0.14,0.14,0.14,0.14,0.14,0.14,0.14,0.14,-339.09,-383.20,-391.72,-359.22,-215.74,94.04,484.41,840.83,1298.74,1849.88,2115.10,1550.58,1111.45,801.66,620.80,506.92,428.82,369.24,341.41,377.59,463.48,536.67,544.08,498.50,433.12,357.95,287.15,237.98,213.45,210.43,222.78,245.62,277.27,308.73,321.32,319.10,324.06,330.78,329.94,325.03,323.23,333.57,351.70,366.21,374.55,388.04,412.02,429.25,421.24,400.66,377.88,349.57,335.22,342.90,363.31,391.56,414.15,415.02,393.30,355.79,314.09,291.04,300.56,333.96,355.22,340.46,319.84,322.79,336.31,333.89,308.30,278.17,254.02,230.46,218.22,221.78,227.43,232.04,238.59,239.46,221.38,192.65,175.71,173.77,175.29,173.67,172.67,180.21,196.84,207.88,200.73,184.64,170.06,156.01,144.40,139.55,134.91,119.37,100.66,91.24,89.39,88.05,79.90,64.02,49.30,40.33,33.15,26.54,21.13,16.63,13.03,10.16,7.93,6.19,4.85,3.83,3.05,2.46,2.01,1.67,1.41,1.22,1.07,0.95,0.87,0.80,0.75,0.71,0.67,0.65,0.63,0.61,0.59,0.58,0.56,0.55,0.54,0.53,0.52,0.52,0.51,0.50,0.49,0.48,0.48,0.47,0.46,0.46,0.45,0.45,0.44,0.44,0.43,0.43,0.42,0.42,0.41,0.41,0.40,0.40,0.39,0.39,0.38,0.38,0.38,0.37,0.37,0.37,0.36,0.36,0.35,0.35,0.35,0.35,0.34,0.34,0.34,0.33,0.33,0.33,0.32,0.32,0.32,0.32,0.31,0.31,0.31,0.31,0.30,0.30,0.30,0.30,0.30,0.29,0.29,0.29,0.29,0.29,0.28,0.28,204.13,190.36,197.44,231.52,301.53,419.24,576.88,757.31,959.56,1150.34,1043.13,1372.91,1765.27,1958.26,1790.24,1285.92,734.97,447.94,352.10,291.58,234.42,185.80,161.96,140.20,101.68,62.16,40.34,31.84,26.47,22.29,18.71,15.70,13.14,10.99,9.18,7.67,6.40,5.36,4.48,3.77,3.17,2.69,2.29,1.96,1.68,1.46,1.27,1.12,0.99,0.88,0.79,0.72,0.66,0.62,0.57,0.53,0.50,0.47,0.45,0.43,0.42,0.41,0.39,0.38,0.37,0.37,0.36,0.35,0.35,0.34,0.34,0.33,0.33,0.33,0.32,0.32,0.31,0.31,0.31,0.30,0.30,0.30,0.30,0.29,0.29,0.29,0.28,0.28,0.28,0.28,0.28,0.27,0.27,0.27,0.27,0.26,0.26,0.26,0.26,0.24,10.02,10.51,10.69,12.32,16.19,23.02,32.17,42.28,53.09,63.02,49.62,45.24,45.69,48.59,54.19,61.66,70.02,82.03,96.59,93.77,65.27,37.29,25.32,21.26,18.43,15.90,13.57,11.48,9.66,8.09,6.75,5.61,4.67,3.88,3.22,2.68,2.23,1.86,1.56,1.31,1.11,0.94,0.81,0.69,0.60,0.53,0.47,0.42,0.38,0.34,0.32,0.29,0.27,0.26,0.25,0.24,0.23,0.22,0.21,0.21,0.21,0.20,0.20,0.20,0.19,0.19,0.19,0.19,0.19,0.19,0.18,0.18,0.18,0.18,0.18,0.18,0.18,0.18,0.18,0.18,0.17,0.17,0.17,0.17,0.17
14,1,2,0,0,575.1955,0.17,0.17,0.17,0.17,0.17,0.17,0.17,0.17,0.17,0.17,0.16,0.16,0.16,0.16,0.17,-339.79,-384.61,-393.33,-360.76,-216.65,95.48,489.85,850.60,1312.04,1863.08,2136.34,1590.79,1161.20,859.33,695.01,608.90,547.76,474.27,424.91,460.95,549.02,616.09,625.57,586.95,539.27,501.55,462.51,415.40,368.57,330.06,299.90,280.57,273.29,273.19,282.57,307.62,341.40,372.33,404.12,444.67,484.54,507.12,508.64,490.08,457.41,437.47,446.89,462.96,484.85,540.41,619.51,691.33,729.26,717.08,674.71,634.10,599.01,571.01,568.46,581.35,561.00,509.11,460.66,415.85,374.27,327.75,278.00,244.38,223.06,205.84,193.46,185.45,182.50,187.64,195.77,191.30,177.19,168.97,165.86,165.87,168.81,161.66,146.21,138.75,140.32,147.21,158.05,164.01,155.35,143.13,142.32,136.54,117.18,101.52,93.49,89.37,90.85,91.59,80.47,62.72,50.15,42.02,34.64,28.13,22.68,18.17,14.51,11.58,9.25,7.40,5.95,4.82,3.92,3.22,2.67,2.24,1.90,1.62,1.41,1.23,1.09,0.98,0.89,0.81,0.75,0.70,0.65,0.62,0.59,0.56,0.54,0.52,0.50,0.48,0.47,0.45,0.44,0.43,0.42,0.41,0.40,0.40,0.39,0.38,0.37,0.37,0.36,0.36,0.35,0.35,0.34,0.34,0.33,0.33,0.32,0.32,0.32,0.31,0.31,0.30,0.30,0.30,0.29,0.29,0.29,0.28,0.28,0.28,0.28,0.27,0.27,0.27,0.26,0.26,0.26,0.26,0.26,0.25,0.25,0.25,0.25,0.24,0.24,0.24,0.24,0.24,0.23,0.23,0.23,0.23,0.23,0.22,0.22,0.22,0.22,0.22,0.22,0.21,0.21,0.21,204.32,190.21,197.27,231.32,301.32,419.17,577.19,758.28,961.49,1153.42,1048.50,1369.03,1740.73,1920.85,1764.80,1282.56,747.63,466.85,366.24,290.71,208.57,131.79,81.98,50.81,31.97,21.15,14.47,10.46,7.78,6.04,4.78,3.88,3.19,2.68,2.26,1.94,1.68,1.46,1.29,1.14,1.02,0.93,0.85,0.78,0.72,0.67,0.63,0.59,0.56,0.53,0.51,0.48,0.46,0.45,0.44,0.42,0.41,0.40,0.39,0.38,0.37,0.36,0.35,0.35,0.34,0.33,0.32,0.32,0.32,0.31,0.31,0.31,0.30,0.30,0.29,0.29,0.29,0.28,0.28,0.28,0.27,0.27,0.27,0.26,0.26,0.26,0.26,0.25,0.25,0.25,0.25,0.24,0.24,0.24,0.24,0.23,0.23,0.23,0.23,0.21,-27.63,-30.89,-30.95,-27.75,-12.25,21.82,57.66,83.84,103.53,118.40,181.98,190.00,177.33,166.82,137.17,86.72,49.37,27.12,13.82,7.40,3.77,2.19,1.23,0.85,0.58,0.48,0.40,0.37,0.34,0.33,0.31,0.31,0.30,0.29,0.29,0.28,0.28,0.28,0.27,0.27,0.26,0.26,0.26,0.25,0.25,0.25,0.25,0.24,0.24,0.24,0.23,0.23,0.23,0.23,0.22,0.22,0.22,0.22,0.22,0.21,0.21,0.21,0.21,0.21,0.20,0.20,0.20,0.20,0.20,0.20,0.19,0.19,0.19,0.19,0.19,0.19,0.19,0.19,0.19,0.18,0.18,0.18,0.18,0.18,0.18
15,1,30,0,0,470.6394,0.18,0.18,0.17,0.17,0.17,0.17,0.17,0.17,0.17,0.17,0.17,0.16,0.16,0.16,0.16,-337.79,-380.83,-389.02,-356.58,-214.11,91.88,475.70,824.53,1275.68,1830.00,2105.18,1517.79,1071.98,763.31,576.22,450.83,379.14,354.55,362.88,421.40,568.08,741.83,787.32,708.68,626.30,572.51,532.29,496.76,456.37,420.24,363.85,272.67,209.11,194.43,196.93,204.87,216.46,228.17,229.18,217.13,210.34,217.47,228.08,234.63,237.85,241.14,248.80,261.08,273.96,280.91,284.48,286.42,275.52,261.94,260.96,261.74,248.92,220.81,197.83,194.18,201.30,212.88,230.73,249.98,252.86,230.61,198.99,176.28,169.17,176.46,188.15,192.64,190.31,189.66,185.34,168.44,151.88,150.30,154.26,149.97,142.45,141.14,145.15,151.98,160.65,160.96,145.57,126.88,114.86,106.39,101.75,99.62,92.85,78.37,60.52,45.72,35.98,29.67,25.11,21.49,18.48,15.94,13.76,11.91,10.31,8.95,7.77,6.77,5.90,5.15,4.51,3.96,3.49,3.08,2.73,2.42,2.16,1.93,1.74,1.57,1.42,1.29,1.18,1.08,1.00,0.93,0.86,0.81,0.76,0.71,0.67,0.64,0.61,0.58,0.56,0.54,0.52,0.50,0.49,0.47,0.46,0.45,0.44,0.43,0.42,0.41,0.40,0.40,0.39,0.38,0.38,0.37,0.37,0.36,0.36,0.35,0.35,0.34,0.34,0.34,0.33,0.33,0.33,0.32,0.32,0.32,0.31,0.31,0.31,0.30,0.30,0.30,0.30,0.29,0.29,0.29,0.29,0.28,0.28,0.28,0.28,0.28,0.27,0.27,0.27,0.27,0.27,0.26,0.26,0.26,0.26,0.26,0.25,0.25,0.25,0.25,0.25,0.25,0.24,0.24,203.90,190.28,197.39,231.47,301.46,419.23,577.29,758.70,962.38,1154.78,1046.27,1358.32,1724.00,1894.82,1716.27,1194.08,616.31,317.55,219.29,159.96,123.15,100.68,89.88,79.21,59.52,38.58,26.46,21.11,17.56,14.73,12.35,10.35,8.66,7.25,6.07,5.08,4.27,3.59,3.02,2.56,2.17,1.85,1.58,1.36,1.18,1.03,0.91,0.80,0.71,0.65,0.59,0.54,0.49,0.46,0.43,0.40,0.38,0.36,0.34,0.33,0.31,0.30,0.29,0.29,0.28,0.27,0.27,0.26,0.26,0.25,0.25,0.24,0.24,0.24,0.23,0.23,0.23,0.23,0.22,0.22,0.22,0.22,0.22,0.21,0.21,0.21,0.21,0.21,0.20,0.20,0.20,0.20,0.20,0.20,0.20,0.20,0.20,0.19,0.19,0.17,10.19,10.44,10.63,12.26,16.12,22.96,32.11,42.21,53.02,62.95,49.55,45.17,45.63,48.53,54.12,61.60,69.96,81.99,96.59,93.75,65.31,37.37,25.29,21.19,18.37,15.84,13.51,11.43,9.61,8.03,6.69,5.56,4.61,3.82,3.17,2.63,2.18,1.81,1.51,1.26,1.06,0.89,0.76,0.65,0.55,0.48,0.42,0.37,0.33,0.30,0.27,0.25,0.23,0.21,0.20,0.19,0.18,0.18,0.17,0.17,0.16,0.16,0.15,0.15,0.15,0.15,0.15,0.15,0.14,0.14,0.14,0.14,0.14,0.14,0.14,0.14,0.14,0.14,0.14,0.14,0.13,0.13,0.13,0.13,0.13
16,1,24,0,0,511.3193,0.13,0.13,0.13,0.13,0.13,0.13,0.13,0.13,0.13,0.13,0.13,0.13,0.13,0.13,0.13,-339.85,-384.80,-393.61,-361.08,-217.00,95.07,489.07,849.38,1310.90,1856.83,2100.58,1549.27,1116.84,806.40,619.88,494.78,394.18,301.67,241.87,247.96,275.59,274.76,266.67,265.54,253.71,229.54,210.33,210.40,224.91,236.46,233.18,221.86,214.48,214.29,227.53,260.42,299.17,327.41,353.31,390.93,434.87,466.47,470.34,449.86,417.20,390.92,389.15,401.72,423.48,469.32,529.70,576.72,588.01,552.19,482.20,419.54,388.22,370.20,355.81,349.46,330.08,290.62,260.03,243.68,226.98,208.24,196.29,193.22,194.58,200.58,210.96,224.13,235.33,241.94,240.62,226.63,217.36,221.55,214.31,185.37,152.32,126.55,108.04,95.41,87.35,82.87,80.82,80.34,80.09,77.21,70.03,60.31,50.91,43.12,36.87,31.74,27.40,23.64,20.38,17.54,15.08,12.96,11.13,9.57,8.23,7.09,6.13,5.30,4.60,4.01,3.50,3.08,2.71,2.40,2.14,1.91,1.72,1.56,1.42,1.29,1.19,1.10,1.02,0.95,0.90,0.84,0.80,0.76,0.72,0.69,0.67,0.64,0.62,0.60,0.58,0.56,0.55,0.53,0.52,0.51,0.50,0.49,0.48,0.47,0.46,0.46,0.45,0.44,0.43,0.43,0.42,0.42,0.41,0.40,0.40,0.39,0.39,0.39,0.38,0.38,0.37,0.37,0.36,0.36,0.36,0.35,0.35,0.35,0.34,0.34,0.34,0.33,0.33,0.33,0.32,0.32,0.32,0.32,0.31,0.31,0.31,0.30,0.30,0.30,0.30,0.30,0.29,0.29,0.29,0.29,0.28,0.28,0.28,0.28,0.28,0.27,0.27,0.27,0.27,0.25,204.25,190.44,197.51,231.64,301.68,419.22,576.27,755.51,955.76,1143.73,1030.98,1369.87,1783.55,1991.59,1817.40,1294.32,724.36,428.14,336.42,290.58,257.90,237.21,239.38,227.74,170.42,102.18,64.85,51.86,43.97,37.49,31.75,26.75,22.42,18.72,15.59,12.96,10.75,8.92,7.40,6.15,5.11,4.25,3.55,2.97,2.50,2.11,1.79,1.53,1.31,1.14,0.99,0.87,0.78,0.70,0.63,0.57,0.52,0.49,0.46,0.43,0.41,0.39,0.38,0.37,0.35,0.34,0.34,0.33,0.32,0.32,0.31,0.31,0.30,0.30,0.29,0.29,0.29,0.28,0.28,0.28,0.28,0.27,0.27,0.27,0.27,0.27,0.26,0.26,0.26,0.26,0.26,0.25,0.25,0.25,0.25,0.25,0.25,0.24,0.24,0.22,-17.15,-20.62,-20.49,-15.67,3.72,44.63,89.62,125.90,156.41,181.19,231.35,235.02,222.80,215.15,191.07,148.13,119.16,108.95,110.26,101.01,68.93,39.40,26.38,21.90,18.81,16.19,13.77,11.67,9.82,8.23,6.88,5.74,4.79,3.99,3.33,2.79,2.34,1.97,1.66,1.41,1.20,1.04,0.90,0.78,0.69,0.61,0.55,0.50,0.46,0.42,0.39,0.37,0.35,0.33,0.32,0.31,0.30,0.29,0.28,0.27,0.27,0.26,0.26,0.26,0.25,0.25,0.25,0.25,0.24,0.24,0.24,0.24,0.23,0.23,0.23,0.23,0.23,0.23,0.23,0.22,0.22,0.22,0.22,0.22,0.22
17,1,7,0,0,488.5791,0.22,0.22,0.21,0.21,0.21,0.21,0.21,0.21,0.21,0.21,0.21,0.20,0.20,0.20,0.20,-339.84,-384.54,-393.28,-360.74,-216.68,95.41,489.76,850.14,1310.96,1866.95,2172.16,1640.53,1227.62,948.78,817.94,787.37,780.17,725.66,686.19,761.69,893.06,958.69,919.11,813.31,691.35,586.17,515.91,480.02,464.28,449.50,423.19,396.72,383.45,356.68,319.40,317.15,340.86,356.71,354.98,342.36,334.08,332.24,330.57,326.64,319.84,311.78,288.46,248.37,219.08,205.59,195.66,181.81,164.22,154.25,155.74,157.55,149.44,136.21,126.82,119.59,112.24,105.69,100.61,97.70,97.80,101.76,109.20,118.30,125.26,125.61,117.66,105.72,98.01,100.23,109.32,118.46,127.91,139.99,143.79,124.83,89.11,56.21,34.95,22.75,16.17,12.16,9.35,7.27,5.71,4.52,3.62,2.94,2.43,2.03,1.73,1.50,1.33,1.19,1.08,0.99,0.92,0.87,0.82,0.78,0.75,0.72,0.70,0.68,0.66,0.64,0.63,0.61,0.60,0.59,0.58,0.57,0.56,0.55,0.54,0.53,0.52,0.52,0.51,0.50,0.49,0.49,0.48,0.48,0.47,0.46,0.46,0.45,0.45,0.44,0.44,0.43,0.43,0.42,0.42,0.42,0.41,0.41,0.40,0.40,0.40,0.39,0.39,0.38,0.38,0.38,0.37,0.37,0.37,0.36,0.36,0.36,0.35,0.35,0.35,0.35,0.34,0.34,0.34,0.33,0.33,0.33,0.33,0.32,0.32,0.32,0.32,0.32,0.31,0.31,0.31,0.31,0.30,0.30,0.30,0.30,0.30,0.29,0.29,0.29,0.29,0.29,0.28,0.28,0.28,0.28,0.28,0.27,0.27,0.27,0.27,0.27,0.27,0.26,0.26,0.26,204.37,190.37,197.44,231.53,301.54,419.23,576.75,756.95,959.04,1149.95,1041.65,1358.97,1731.05,1909.39,1745.08,1242.25,677.45,381.08,281.56,217.68,166.25,126.66,104.70,87.04,63.19,40.37,27.41,21.63,17.81,14.86,12.42,10.41,8.72,7.32,6.16,5.19,4.38,3.71,3.16,2.71,2.33,2.02,1.76,1.54,1.36,1.21,1.08,0.98,0.89,0.82,0.75,0.70,0.66,0.62,0.59,0.56,0.53,0.50,0.48,0.47,0.46,0.44,0.43,0.42,0.41,0.41,0.40,0.39,0.38,0.38,0.37,0.36,0.36,0.35,0.35,0.34,0.34,0.33,0.33,0.32,0.32,0.32,0.31,0.31,0.30,0.30,0.30,0.29,0.29,0.29,0.29,0.28,0.28,0.28,0.27,0.27,0.27,0.27,0.26,0.24,1.00,0.14,0.31,3.00,12.04,30.23,51.33,70.16,87.53,102.42,110.19,108.51,104.73,104.09,99.78,90.47,86.39,91.00,101.13,96.17,66.46,37.95,25.67,21.48,18.56,15.99,13.63,11.54,9.71,8.13,6.79,5.66,4.70,3.91,3.25,2.71,2.26,1.89,1.59,1.34,1.14,0.97,0.83,0.72,0.63,0.55,0.49,0.44,0.40,0.36,0.34,0.31,0.29,0.28,0.26,0.25,0.24,0.24,0.23,0.22,0.22,0.22,0.21,0.21,0.21,0.20,0.20,0.20,0.20,0.20,0.19,0.19,0.19,0.19,0.19,0.19,0.19,0.18,0.18,0.18,0.18,0.18,0.18,0.18,0.18
18,1,12,0,0,564.4610,0.18,0.18,0.17,0.17,0.17,0.17,0.17,0.17,0.17,0.17,0.17,0.17,0.17,0.17,0.17,-339.60,-384.15,-392.80,-360.25,-216.33,95.08,488.28,847.95,1308.62,1859.04,2124.23,1570.37,1134.58,825.36,649.77,545.90,471.18,400.71,358.68,390.92,472.38,534.58,539.42,507.33,480.05,466.84,450.70,424.73,397.06,372.30,350.72,336.91,332.11,332.02,334.35,341.37,356.35,374.59,389.35,393.66,383.72,368.29,362.47,369.42,379.58,397.95,438.72,491.62,527.87,541.41,543.61,534.39,513.73,494.47,477.69,452.70,435.18,429.54,425.25,428.06,426.20,419.07,427.82,437.35,419.99,394.20,383.45,374.47,372.35,381.11,378.12,363.65,340.60,314.78,294.65,265.65,221.52,177.43,149.43,138.65,134.23,134.02,143.19,152.26,144.61,126.06,109.11,98.78,101.29,106.27,99.45,88.23,81.37,77.37,76.46,80.10,81.65,71.35,55.35,44.78,37.82,31.25,25.49,20.59,16.53,13.21,10.54,8.42,6.73,5.40,4.36,3.54,2.90,2.40,2.00,1.68,1.44,1.24,1.08,0.95,0.85,0.77,0.70,0.65,0.60,0.56,0.53,0.50,0.48,0.46,0.44,0.43,0.41,0.40,0.39,0.38,0.37,0.37,0.36,0.35,0.34,0.34,0.33,0.33,0.32,0.32,0.31,0.31,0.31,0.30,0.30,0.29,0.29,0.29,0.28,0.28,0.28,0.28,0.27,0.27,0.27,0.26,0.26,0.26,0.26,0.25,0.25,0.25,0.25,0.24,0.24,0.24,0.24,0.24,0.23,0.23,0.23,0.23,0.23,0.22,0.22,0.22,0.22,0.22,0.22,0.21,0.21,0.21,0.21,0.21,0.21,0.20,0.20,0.20,0.20,0.20,0.20,0.20,0.19,0.21,203.57,190.19,197.26,231.30,301.30,419.15,577.16,758.25,961.45,1153.33,1049.96,1382.27,1774.07,1970.91,1817.25,1338.04,815.50,541.45,443.20,369.88,280.77,194.06,141.71,105.81,71.72,43.98,28.44,21.59,17.22,14.12,11.63,9.66,8.03,6.71,5.61,4.71,3.96,3.34,2.83,2.41,2.06,1.78,1.54,1.35,1.18,1.05,0.94,0.84,0.77,0.70,0.65,0.60,0.56,0.53,0.50,0.47,0.45,0.43,0.42,0.41,0.40,0.39,0.38,0.37,0.36,0.35,0.35,0.34,0.34,0.33,0.32,0.32,0.32,0.31,0.31,0.30,0.30,0.30,0.29,0.29,0.28,0.28,0.28,0.28,0.27,0.27,0.27,0.26,0.26,0.26,0.26,0.25,0.25,0.25,0.25,0.25,0.24,0.24,0.24,0.21,-13.42,-15.38,-15.33,-12.38,-0.11,26.03,54.50,77.00,95.53,110.39,146.07,149.24,141.01,135.39,118.37,88.53,67.84,59.04,57.48,51.79,35.15,20.12,13.46,11.15,9.56,8.23,7.01,5.95,5.02,4.23,3.55,2.98,2.50,2.10,1.77,1.49,1.27,1.08,0.93,0.80,0.70,0.61,0.54,0.48,0.44,0.40,0.36,0.34,0.32,0.30,0.28,0.27,0.26,0.25,0.24,0.24,0.23,0.22,0.22,0.22,0.21,0.21,0.21,0.21,0.20,0.20,0.20,0.20,0.20,0.19,0.19,0.19,0.19,0.19,0.19,0.19,0.18,0.18,0.18,0.18,0.18,0.18,0.18,0.18,0.18
19,1,11,0,0,587.9740,0.17,0.17,0.17,0.17,0.17,0.17,0.17,0.17,0.17,0.17,0.16,0.16,0.16,0.16,0.16,-338.37,-381.85,-390.15,-357.68,-214.75,92.96,479.80,831.86,1285.54,1841.74,2134.25,1564.14,1128.44,830.97,666.42,578.81,535.70,506.67,503.88,578.36,749.53,936.74,996.98,926.70,819.41,691.10,541.53,416.83,342.57,310.02,302.68,309.38,328.58,351.95,340.16,301.30,289.28,296.35,293.25,283.03,273.83,265.39,261.00,260.38,259.46,259.44,267.70,290.34,323.60,355.45,382.52,394.74,384.14,374.26,380.62,395.80,405.87,411.71,426.99,449.06,458.83,445.22,421.60,403.12,390.94,387.96,399.79,424.21,454.58,468.11,444.46,411.23,387.67,361.11,337.25,320.24,304.62,294.37,295.22,304.30,304.89,284.92,259.87,250.28,256.80,264.63,259.16,241.00,224.01,222.17,238.48,256.66,251.05,218.38,181.09,154.75,139.24,132.96,135.37,139.08,131.96,115.45,95.63,76.31,62.79,52.20,42.37,34.20,27.35,21.82,17.36,13.84,11.06,8.89,7.19,5.87,4.83,4.03,3.39,2.90,2.50,2.19,1.94,1.73,1.57,1.43,1.32,1.22,1.14,1.08,1.02,0.96,0.92,0.88,0.84,0.81,0.78,0.76,0.73,0.71,0.69,0.67,0.66,0.64,0.63,0.61,0.60,0.59,0.58,0.57,0.56,0.55,0.54,0.53,0.52,0.51,0.50,0.50,0.49,0.48,0.48,0.47,0.46,0.46,0.45,0.45,0.44,0.44,0.43,0.43,0.42,0.42,0.41,0.41,0.41,0.40,0.40,0.39,0.39,0.39,0.38,0.38,0.38,0.37,0.37,0.37,0.36,0.36,0.36,0.35,0.35,0.35,0.34,0.34,0.34,0.34,0.33,0.33,0.33,0.33,204.80,190.46,197.54,231.65,301.66,419.30,576.83,757.15,959.39,1150.38,1042.51,1373.76,1773.17,1971.31,1798.79,1280.33,711.84,416.55,322.59,270.41,231.23,204.10,197.96,183.33,136.02,82.89,54.14,43.52,36.77,31.26,26.44,22.28,18.70,15.66,13.08,10.92,9.11,7.60,6.36,5.32,4.47,3.76,3.18,2.70,2.30,1.97,1.70,1.48,1.30,1.14,1.02,0.91,0.83,0.76,0.70,0.64,0.59,0.56,0.53,0.51,0.48,0.47,0.45,0.44,0.42,0.41,0.40,0.39,0.39,0.38,0.37,0.36,0.36,0.35,0.35,0.34,0.34,0.33,0.33,0.33,0.32,0.32,0.32,0.31,0.31,0.31,0.30,0.30,0.30,0.29,0.29,0.29,0.29,0.28,0.28,0.28,0.28,0.27,0.27,0.25,-0.68,0.27,0.26,0.26,0.25,0.25,0.25,0.25,0.24,0.24,0.25,0.24,0.24,0.24,0.23,0.23,0.23,0.23,0.23,0.23,0.22,0.22,0.22,0.22,0.22,0.22,0.22,0.21,0.21,0.21,0.21,0.21,0.21,0.21,0.21,0.20,0.20,0.20,0.20,0.20,0.20,0.20,0.20,0.19,0.19,0.19,0.19,0.19,0.19,0.19,0.19,0.19,0.19,0.18,0.18,0.18,0.18,0.18,0.18,0.18,0.18,0.18,0.18,0.18,0.18,0.17,0.17,0.17,0.17,0.17,0.17,0.17,0.17,0.17,0.17,0.17,0.17,0.17,0.16,0.16,0.16,0.16,0.16,0.16,0.16
20,0,11,0,0,303.9290,0.16,0.16,0.16,0.16,0.16,0.16,0.16,0.15,0.15,0.15,0.15,0.15,0.15,0.15,0.15,-339.51,-384.42,-393.16,-360.63,-216.68,94.91,488.24,847.90,1308.85,1857.06,2111.32,1558.54,1124.89,816.02,635.04,520.41,432.63,349.21,295.13,302.14,327.72,329.36,304.93,256.29,194.12,139.23,97.00,63.53,39.69,24.02,14.47,8.90,5.69,3.83,2.72,2.04,1.60,1.29,1.08,0.92,0.80,0.70,0.62,0.56,0.52,0.47,0.44,0.41,0.39,0.37,0.35,0.34,0.33,0.32,0.31,0.30,0.29,0.28,0.28,0.27,0.27,0.26,0.26,0.25,0.25,0.25,0.24,0.24,0.24,0.23,0.23,0.23,0.22,0.22,0.22,0.22,0.22,0.21,0.21,0.21,0.21,0.21,0.20,0.20,0.20,0.20,0.20,0.19,0.19,0.19,0.19,0.19,0.19,0.19,0.18,0.18,0.18,0.18,0.18,0.18,0.18,0.18,0.17,0.17,0.17,0.17,0.17,0.17,0.17,0.17,0.17,0.16,0.16,0.16,0.16,0.16,0.16,0.16,0.16,0.16,0.16,0.15,0.15,0.15,0.15,0.15,0.15,0.15,0.15,0.15,0.15,0.15,0.15,0.15,0.15,0.14,0.14,0.14,0.14,0.14,0.14,0.14,0.14,0.14,0.14,0.14,0.14,0.14,0.14,0.14,0.14,0.13,0.13,0.13,0.13,0.13,0.13,0.13,0.13,0.13,0.13,0.13,0.13,0.13,0.13,0.13,0.13,0.13,0.13,0.13,0.12,0.12,0.12,0.12,0.12,0.12,0.12,0.12,0.12,0.12,0.12,0.12,0.12,0.12,0.12,0.12,0.12,0.12,0.12,0.12,0.12,0.12,0.12,0.11,0.11,0.11,0.11,0.11,0.11,0.11,204.25,190.19,197.26,231.35,301.36,419.07,576.69,757.05,959.05,1149.36,1037.54,1342.64,1694.42,1853.73,1677.99,1165.64,593.21,295.18,194.54,129.87,87.16,58.73,40.26,28.09,20.08,14.67,10.97,8.37,6.52,5.15,4.13,3.35,2.74,2.27,1.89,1.59,1.34,1.14,0.98,0.84,0.74,0.65,0.57,0.51,0.46,0.41,0.38,0.35,0.32,0.30,0.28,0.26,0.25,0.24,0.23,0.22,0.21,0.21,0.20,0.19,0.19,0.18,0.18,0.18,0.17,0.17,0.17,0.16,0.16,0.16,0.16,0.15,0.15,0.15,0.15,0.15,0.15,0.14,0.14,0.14,0.14,0.14,0.14,0.13,0.13,0.13,0.13,0.13,0.13,0.13,0.13,0.13,0.12,0.12,0.12,0.12,0.12,0.12,0.12,0.10,6.52,5.12,5.39,8.90,19.87,41.48,67.15,91.04,113.82,133.67,134.76,130.89,127.35,128.25,126.78,121.15,121.23,131.84,149.31,142.91,99.03,56.60,38.15,31.87,27.55,23.72,20.20,17.08,14.33,11.97,9.96,8.26,6.84,5.65,4.67,3.85,3.18,2.63,2.18,1.81,1.50,1.25,1.05,0.88,0.74,0.63,0.54,0.47,0.41,0.36,0.32,0.28,0.25,0.23,0.21,0.20,0.19,0.18,0.17,0.16,0.15,0.15,0.14,0.14,0.14,0.14,0.13,0.13,0.13,0.13,0.13,0.12,0.12,0.12,0.12,0.12,0.12,0.12,0.12,0.12,0.12,0.12,0.12,0.11,0.11
21,1,16,0,0,444.2650,0.11,0.11,0.11,0.11,0.11,0.11,0.11,0.11,0.11,0.11,0.11,0.11,0.11,0.11,0.11,-339.97,-384.64,-393.36,-360.80,-216.71,95.33,489.52,850.30,1312.00,1860.53,2116.45,1563.99,1127.65,815.21,634.06,520.60,434.06,354.60,305.21,329.39,396.14,435.31,432.28,419.75,427.58,456.31,486.22,501.38,501.46,485.27,442.64,385.99,337.47,302.32,284.23,287.14,298.54,303.40,306.78,319.35,341.89,369.67,389.58,389.87,370.60,341.52,312.98,284.35,269.11,285.60,317.40,340.35,340.94,319.54,298.33,291.53,286.84,275.08,267.87,259.23,227.13,183.06,148.22,119.83,91.29,67.00,52.63,42.99,34.41,27.52,21.85,17.33,13.73,10.90,8.67,6.94,5.58,4.53,3.70,3.05,2.54,2.14,1.82,1.56,1.36,1.19,1.06,0.94,0.85,0.77,0.71,0.65,0.61,0.57,0.53,0.50,0.48,0.45,0.43,0.41,0.40,0.38,0.37,0.36,0.35,0.34,0.33,0.32,0.31,0.30,0.30,0.29,0.29,0.28,0.28,0.27,0.27,0.26,0.26,0.25,0.25,0.25,0.24,0.24,0.24,0.23,0.23,0.23,0.23,0.22,0.22,0.22,0.22,0.21,0.21,0.21,0.21,0.21,0.20,0.20,0.20,0.20,0.20,0.19,0.19,0.19,0.19,0.19,0.19,0.18,0.18,0.18,0.18,0.18,0.18,0.18,0.17,0.17,0.17,0.17,0.17,0.17,0.17,0.16,0.16,0.16,0.16,0.16,0.16,0.16,0.16,0.16,0.15,0.15,0.15,0.15,0.15,0.15,0.15,0.15,0.15,0.15,0.15,0.14,0.14,0.14,0.14,0.14,0.14,0.14,0.14,0.14,0.14,0.14,0.14,0.13,0.13,0.13,0.13,0.13,203.89,190.17,197.23,231.30,301.31,419.08,576.83,757.40,959.81,1150.75,1042.98,1358.61,1723.58,1895.37,1729.51,1236.58,692.32,407.61,307.29,235.75,167.04,106.49,67.22,42.48,27.33,18.39,12.77,9.29,6.93,5.37,4.22,3.40,2.77,2.30,1.92,1.63,1.39,1.19,1.04,0.91,0.80,0.72,0.64,0.59,0.54,0.49,0.46,0.43,0.40,0.38,0.37,0.35,0.33,0.32,0.31,0.29,0.28,0.28,0.27,0.26,0.26,0.25,0.24,0.24,0.24,0.23,0.23,0.22,0.22,0.22,0.21,0.21,0.21,0.20,0.20,0.20,0.20,0.19,0.19,0.19,0.19,0.19,0.19,0.18,0.18,0.18,0.18,0.18,0.18,0.18,0.17,0.17,0.17,0.17,0.17,0.17,0.17,0.16,0.16,0.14,-22.19,-25.83,-25.79,-21.78,-4.32,33.18,73.59,104.81,129.92,149.73,206.58,212.44,199.98,190.83,163.91,117.27,84.15,67.94,61.94,54.12,36.24,20.67,13.73,11.32,9.64,8.28,7.03,5.96,5.02,4.22,3.54,2.97,2.49,2.09,1.75,1.48,1.25,1.07,0.91,0.78,0.68,0.59,0.52,0.46,0.42,0.38,0.34,0.32,0.30,0.28,0.26,0.25,0.24,0.23,0.22,0.21,0.21,0.20,0.20,0.19,0.19,0.19,0.19,0.18,0.18,0.18,0.18,0.18,0.17,0.17,0.17,0.17,0.17,0.16,0.16,0.16,0.16,0.16,0.16,0.16,0.16,0.16,0.15,0.15,0.15
22,0,11,0,0,512.3302,0.15,0.15,0.15,0.15,0.15,0.15,0.15,0.14,0.14,0.14,0.14,0.14,0.14,0.14,0.14,-338.41,-381.84,-390.15,-357.68,-214.76,92.89,479.57,831.68,1285.61,1839.20,2113.78,1536.69,1094.52,787.05,606.06,491.36,422.79,386.74,382.97,440.59,576.07,719.57,756.58,697.56,615.98,523.14,426.56,355.93,318.71,304.66,304.52,317.37,342.54,352.06,344.75,357.03,385.60,410.76,415.05,391.97,361.58,341.98,334.94,330.70,323.42,314.96,309.04,307.36,308.12,306.58,306.18,305.12,288.86,269.49,265.57,267.72,261.64,245.08,224.26,205.38,193.56,192.26,198.57,204.09,204.86,201.44,197.22,202.38,219.11,233.39,237.01,239.46,246.38,245.85,225.74,196.77,180.05,181.22,190.41,196.71,199.62,205.09,218.88,243.79,261.08,243.59,200.13,161.36,139.94,132.51,132.17,127.90,113.17,97.59,89.99,86.59,85.36,86.58,87.95,87.62,85.43,82.05,81.06,81.71,76.71,63.81,47.65,34.20,25.68,20.59,17.14,14.51,12.37,10.58,9.08,7.80,6.72,5.80,5.03,4.37,3.81,3.33,2.93,2.58,2.29,2.04,1.83,1.64,1.48,1.35,1.23,1.13,1.05,0.97,0.90,0.85,0.80,0.75,0.71,0.68,0.65,0.62,0.59,0.57,0.55,0.54,0.52,0.50,0.49,0.48,0.47,0.46,0.45,0.44,0.43,0.42,0.42,0.41,0.40,0.40,0.39,0.38,0.38,0.37,0.37,0.36,0.36,0.36,0.35,0.35,0.34,0.34,0.34,0.33,0.33,0.33,0.32,0.32,0.32,0.31,0.31,0.31,0.31,0.30,0.30,0.30,0.30,0.29,0.29,0.29,0.29,0.28,0.28,0.28,0.28,0.28,0.27,0.27,0.27,0.27,203.96,190.40,197.48,231.59,301.60,419.24,576.74,757.00,959.08,1149.80,1039.67,1358.83,1737.93,1917.93,1737.74,1213.25,636.30,337.40,241.41,187.57,156.18,139.50,136.30,126.78,95.00,58.98,39.23,31.57,26.60,22.53,19.01,15.98,13.39,11.20,9.35,7.80,6.51,5.44,4.55,3.81,3.20,2.69,2.28,1.93,1.65,1.42,1.22,1.07,0.94,0.83,0.74,0.66,0.60,0.55,0.50,0.47,0.44,0.41,0.39,0.37,0.35,0.34,0.33,0.32,0.31,0.30,0.29,0.29,0.28,0.27,0.27,0.27,0.26,0.25,0.25,0.25,0.25,0.25,0.25,0.24,0.24,0.24,0.24,0.23,0.23,0.23,0.23,0.23,0.22,0.22,0.22,0.22,0.22,0.22,0.22,0.21,0.21,0.21,0.21,0.19,-4.17,-5.04,-4.97,-3.09,4.02,18.79,35.31,49.09,61.06,70.98,85.46,85.95,81.95,79.86,72.76,59.71,51.45,50.05,52.90,49.35,33.89,19.37,13.07,10.92,9.41,8.11,6.92,5.87,4.95,4.16,3.48,2.92,2.44,2.04,1.71,1.44,1.21,1.03,0.88,0.75,0.65,0.56,0.49,0.44,0.39,0.35,0.32,0.30,0.27,0.26,0.24,0.23,0.22,0.21,0.21,0.20,0.19,0.19,0.19,0.18,0.18,0.18,0.18,0.17,0.17,0.17,0.17,0.17,0.17,0.17,0.16,0.16,0.16,0.16,0.16,0.16,0.16,0.16,0.16,0.16,0.16,0.15,0.15,0.15,0.15
23,1,19,0,0,507.1348,0.15,0.15,0.15,0.15,0.15,0.15,0.15,0.15,0.15,0.15,0.14,0.14,0.14,0.14,0.14,-339.62,-384.43,-393.18,-360.65,-216.70,94.88,488.22,847.93,1308.91,1857.11,2111.00,1558.26,1124.90,815.92,634.76,520.33,433.50,352.39,300.76,313.35,347.71,348.64,316.08,270.89,233.22,221.17,235.46,261.49,284.64,292.30,279.74,258.35,242.56,235.77,242.58,269.29,305.35,334.56,358.20,384.94,412.77,434.97,443.87,431.73,406.49,392.33,398.35,403.86,415.59,466.64,543.89,608.55,631.86,605.18,556.42,520.87,504.05,500.72,518.26,547.42,538.22,484.52,432.17,391.87,342.62,272.35,201.28,152.57,127.29,118.01,116.74,118.30,123.55,136.25,151.34,152.52,143.01,139.19,140.30,145.36,149.98,141.46,128.63,124.96,128.97,138.71,150.79,154.75,145.19,134.99,135.87,130.85,112.15,97.15,89.75,86.18,88.11,89.29,78.57,61.12,48.75,40.82,33.61,27.24,21.92,17.50,13.93,11.07,8.80,7.01,5.61,4.51,3.66,2.99,2.46,2.05,1.73,1.48,1.28,1.12,0.99,0.89,0.81,0.74,0.69,0.65,0.61,0.58,0.55,0.53,0.51,0.49,0.48,0.47,0.45,0.44,0.43,0.43,0.42,0.41,0.40,0.40,0.39,0.38,0.38,0.37,0.37,0.36,0.36,0.35,0.35,0.35,0.34,0.34,0.33,0.33,0.33,0.32,0.32,0.32,0.31,0.31,0.31,0.30,0.30,0.30,0.29,0.29,0.29,0.29,0.28,0.28,0.28,0.28,0.27,0.27,0.27,0.27,0.26,0.26,0.26,0.26,0.26,0.25,0.25,0.25,0.25,0.25,0.24,0.24,0.24,0.24,0.24,0.23,0.23,0.23,0.23,0.23,0.23,0.22,204.75,190.25,197.33,231.40,301.40,419.17,577.02,757.81,960.40,1151.26,1043.15,1365.21,1743.88,1928.12,1764.46,1265.14,714.04,427.35,329.36,262.98,199.83,145.25,113.81,90.79,64.26,40.07,26.22,20.22,16.41,13.57,11.25,9.36,7.79,6.50,5.43,4.54,3.80,3.19,2.70,2.29,1.95,1.67,1.43,1.24,1.08,0.95,0.85,0.76,0.68,0.62,0.57,0.53,0.49,0.46,0.44,0.41,0.39,0.37,0.36,0.35,0.34,0.33,0.32,0.31,0.30,0.30,0.30,0.29,0.29,0.28,0.28,0.28,0.27,0.27,0.27,0.26,0.26,0.26,0.26,0.25,0.25,0.25,0.25,0.24,0.24,0.24,0.24,0.24,0.23,0.23,0.23,0.23,0.23,0.22,0.22,0.22,0.22,0.22,0.22,0.19,-9.71,-10.16,-10.18,-9.12,-3.95,7.40,19.34,28.07,34.63,39.59,60.81,63.46,59.24,55.80,45.95,29.09,16.61,9.18,4.74,2.59,1.38,0.85,0.52,0.40,0.31,0.27,0.24,0.24,0.22,0.22,0.21,0.21,0.21,0.21,0.20,0.20,0.20,0.20,0.20,0.19,0.19,0.19,0.19,0.19,0.19,0.19,0.18,0.18,0.18,0.18,0.18,0.18,0.18,0.17,0.17,0.17,0.17,0.17,0.17,0.17,0.17,0.17,0.16,0.16,0.16,0.16,0.16,0.16,0.16,0.16,0.16,0.16,0.16,0.15,0.15,0.15,0.15,0.15,0.15,0.15,0.15,0.15,0.15,0.15,0.15
24,1,23,0,0,433.8474,0.15,0.14,0.14,0.14,0.14,0.14,0.14,0.14,0.14,0.14,0.14,0.14,0.14,0.14,0.14,-338.65,-382.65,-391.11,-358.62,-215.43,93.31,481.76,835.96,1292.15,1842.18,2098.14,1524.69,1081.56,767.53,574.94,440.86,347.61,288.84,263.76,287.00,360.54,443.45,462.40,414.70,356.18,308.95,270.02,237.51,207.67,182.52,153.42,110.63,75.34,60.12,52.84,47.32,43.63,41.05,39.26,38.02,37.19,36.76,36.91,38.14,41.13,46.42,54.28,64.25,75.02,85.41,95.09,104.86,116.31,129.76,141.60,149.13,154.89,160.10,168.93,185.81,202.53,212.63,224.25,247.20,275.95,291.06,281.95,265.30,245.32,214.84,197.96,204.52,217.48,231.34,246.18,255.44,252.18,233.17,207.31,185.73,173.26,175.88,190.13,196.24,188.68,186.18,189.20,178.08,148.16,115.06,90.97,75.29,64.98,58.33,54.74,54.14,56.56,61.64,68.37,75.47,81.04,83.12,82.26,84.26,94.04,100.30,93.78,85.04,81.24,81.42,86.48,90.20,81.55,65.49,53.89,46.44,39.47,33.10,27.65,23.00,19.14,15.94,13.33,11.19,9.43,8.00,6.81,5.84,5.03,4.36,3.80,3.33,2.92,2.58,2.29,2.05,1.83,1.65,1.49,1.35,1.23,1.13,1.03,0.95,0.88,0.82,0.77,0.72,0.67,0.64,0.60,0.57,0.54,0.52,0.50,0.48,0.46,0.44,0.43,0.42,0.41,0.39,0.38,0.37,0.37,0.36,0.35,0.34,0.34,0.33,0.33,0.32,0.32,0.31,0.31,0.30,0.30,0.30,0.29,0.29,0.28,0.28,0.28,0.28,0.27,0.27,0.27,0.26,0.26,0.26,0.26,0.25,0.25,0.25,0.25,0.25,0.24,0.24,0.24,0.23,204.06,190.31,197.40,231.49,301.49,419.20,576.91,757.53,959.93,1150.68,1041.44,1365.54,1751.35,1938.71,1764.91,1248.45,682.82,390.17,294.57,237.52,193.51,161.14,147.89,132.55,97.74,60.08,39.24,31.18,26.08,22.00,18.50,15.53,12.98,10.84,9.04,7.53,6.27,5.22,4.36,3.64,3.05,2.57,2.17,1.84,1.57,1.34,1.16,1.01,0.88,0.78,0.69,0.62,0.57,0.51,0.47,0.43,0.40,0.38,0.36,0.34,0.33,0.32,0.31,0.30,0.29,0.28,0.27,0.27,0.27,0.26,0.26,0.25,0.25,0.25,0.24,0.24,0.24,0.24,0.24,0.23,0.23,0.23,0.23,0.23,0.22,0.22,0.22,0.22,0.22,0.22,0.21,0.21,0.21,0.21,0.21,0.21,0.20,0.20,0.20,0.18,1.02,0.08,0.25,2.94,11.98,30.17,51.26,70.09,87.47,102.36,110.15,108.46,104.69,104.09,99.81,90.46,86.37,90.97,101.11,96.14,66.45,37.96,25.63,21.43,18.51,15.95,13.59,11.50,9.67,8.09,6.75,5.62,4.66,3.87,3.22,2.67,2.22,1.86,1.55,1.30,1.10,0.93,0.80,0.68,0.59,0.52,0.46,0.41,0.36,0.33,0.30,0.28,0.26,0.25,0.23,0.22,0.21,0.21,0.20,0.19,0.19,0.19,0.18,0.18,0.18,0.17,0.17,0.17,0.17,0.17,0.17,0.17,0.16,0.16,0.16,0.16,0.16,0.16,0.16,0.16,0.16,0.16,0.16,0.15,0.15
25,0,11,0,0,487.8596,0.15,0.15,0.15,0.15,0.15,0.15,0.15,0.15,0.15,0.15,0.15,0.15,0.14,0.14,0.15,-339.72,-384.48,-393.22,-360.68,-216.72,94.97,488.51,848.24,1309.02,1859.79,2130.65,1584.81,1158.63,860.19,695.89,608.59,546.07,471.26,423.61,463.52,547.79,598.95,603.63,575.86,508.18,403.16,296.47,219.98,175.49,152.54,145.27,151.25,166.17,183.55,198.78,212.98,228.50,239.60,242.54,238.66,233.73,238.36,251.69,264.86,278.10,304.30,346.89,386.99,401.06,393.28,371.89,336.41,307.56,300.38,313.34,335.88,352.36,361.30,378.04,404.41,420.12,412.08,386.25,355.69,333.29,307.68,270.31,248.81,249.64,253.87,242.32,207.62,169.09,147.58,146.14,156.57,165.48,160.91,143.94,125.77,113.28,106.96,105.73,108.09,112.00,111.57,102.34,89.29,78.23,69.99,63.80,59.97,59.88,63.90,66.78,60.29,47.17,37.23,31.31,25.99,21.10,16.98,13.51,10.71,8.46,6.69,5.30,4.23,3.40,2.76,2.27,1.89,1.60,1.38,1.21,1.08,0.97,0.89,0.83,0.77,0.73,0.70,0.67,0.64,0.62,0.60,0.58,0.57,0.55,0.54,0.53,0.52,0.51,0.50,0.49,0.48,0.47,0.46,0.45,0.45,0.44,0.43,0.43,0.42,0.41,0.41,0.40,0.40,0.39,0.39,0.38,0.38,0.37,0.37,0.36,0.36,0.36,0.35,0.35,0.34,0.34,0.34,0.33,0.33,0.33,0.32,0.32,0.32,0.31,0.31,0.31,0.31,0.30,0.30,0.30,0.29,0.29,0.29,0.29,0.28,0.28,0.28,0.28,0.28,0.27,0.27,0.27,0.27,0.26,0.26,0.26,0.26,0.26,0.26,0.25,0.25,0.25,0.25,0.25,0.25,203.30,190.32,197.39,231.48,301.49,419.20,576.84,757.25,959.38,1149.92,1040.39,1357.86,1730.11,1907.58,1739.12,1232.20,668.31,374.18,275.46,212.41,162.00,123.16,101.80,84.80,61.58,38.99,26.04,20.41,16.76,13.95,11.63,9.72,8.12,6.79,5.68,4.77,4.00,3.37,2.85,2.43,2.07,1.78,1.53,1.33,1.16,1.03,0.91,0.82,0.74,0.67,0.62,0.57,0.53,0.50,0.47,0.44,0.42,0.40,0.38,0.37,0.36,0.35,0.34,0.33,0.33,0.32,0.31,0.30,0.30,0.30,0.29,0.29,0.29,0.28,0.28,0.28,0.27,0.27,0.27,0.27,0.26,0.26,0.26,0.25,0.25,0.25,0.25,0.24,0.24,0.24,0.24,0.24,0.23,0.23,0.23,0.23,0.23,0.22,0.22,0.20,-13.30,-15.40,-15.34,-12.40,-0.12,26.02,54.48,76.98,95.52,110.39,146.06,149.22,140.99,135.37,118.36,88.52,67.83,59.02,57.45,51.76,35.10,20.05,13.43,11.15,9.55,8.22,7.00,5.94,5.01,4.22,3.54,2.97,2.49,2.09,1.76,1.48,1.26,1.07,0.92,0.79,0.69,0.60,0.53,0.47,0.43,0.39,0.36,0.33,0.31,0.29,0.27,0.26,0.25,0.24,0.23,0.23,0.22,0.22,0.21,0.21,0.21,0.20,0.20,0.20,0.20,0.19,0.19,0.19,0.19,0.19,0.19,0.19,0.18,0.18,0.18,0.18,0.18,0.18,0.18,0.18,0.17,0.17,0.17,0.17,0.17
26,1,23,0,0,472.6931,0.17,0.17,0.17,0.17,0.17,0.16,0.16,0.16,0.16,0.16,0.16,0.16,0.16,0.16,0.16,-338.98,-383.12,-391.65,-359.15,-215.76,93.79,483.72,839.60,1297.17,1848.21,2112.49,1547.92,1110.20,801.64,620.07,505.24,427.69,369.35,340.95,374.78,459.32,531.64,530.21,473.54,423.39,399.23,392.87,391.72,380.59,353.93,313.18,270.80,238.66,215.39,206.01,220.47,248.23,270.77,287.79,304.15,316.34,320.06,313.36,298.21,286.90,290.61,290.91,279.16,278.86,297.86,327.66,352.04,351.20,322.45,278.54,235.65,209.90,209.91,233.62,267.51,286.43,281.28,268.93,253.30,216.32,165.11,126.10,104.46,93.07,86.77,84.14,85.15,90.25,98.81,109.27,121.00,133.89,146.66,158.41,172.06,191.63,213.03,221.11,210.09,190.98,174.09,166.75,170.39,167.97,143.23,112.18,93.07,79.36,66.05,54.55,44.69,36.49,29.74,24.26,19.83,16.27,13.41,11.12,9.27,7.78,6.57,5.58,4.78,4.12,3.57,3.12,2.74,2.42,2.16,1.93,1.74,1.57,1.43,1.31,1.20,1.11,1.03,0.96,0.90,0.85,0.80,0.76,0.72,0.69,0.66,0.63,0.61,0.59,0.57,0.55,0.53,0.52,0.50,0.49,0.48,0.47,0.46,0.45,0.44,0.43,0.43,0.42,0.41,0.41,0.40,0.39,0.39,0.38,0.38,0.37,0.37,0.36,0.36,0.36,0.35,0.35,0.34,0.34,0.34,0.33,0.33,0.33,0.32,0.32,0.32,0.32,0.31,0.31,0.31,0.30,0.30,0.30,0.30,0.29,0.29,0.29,0.29,0.28,0.28,0.28,0.28,0.28,0.27,0.27,0.27,0.27,0.27,0.26,0.26,0.26,0.26,0.26,0.25,0.25,0.25,204.59,190.30,197.39,231.47,301.47,419.21,577.00,757.76,960.43,1151.62,1042.94,1360.16,1732.22,1909.11,1737.58,1227.62,664.47,372.24,274.22,211.47,161.46,122.97,101.80,84.66,61.18,38.72,26.07,20.51,16.85,14.03,11.70,9.77,8.15,6.82,5.70,4.77,4.00,3.37,2.84,2.41,2.05,1.75,1.51,1.31,1.14,1.00,0.88,0.79,0.71,0.64,0.59,0.55,0.51,0.47,0.44,0.42,0.39,0.37,0.36,0.35,0.34,0.33,0.32,0.32,0.31,0.30,0.30,0.29,0.29,0.28,0.28,0.27,0.27,0.27,0.26,0.26,0.25,0.26,0.26,0.25,0.24,0.25,0.24,0.24,0.24,0.24,0.24,0.24,0.23,0.23,0.23,0.23,0.23,0.22,0.22,0.22,0.22,0.22,0.22,0.20,1.10,0.09,0.26,2.96,12.00,30.19,51.28,70.11,87.49,102.37,110.16,108.47,104.69,104.06,99.75,90.43,86.35,90.96,101.09,96.13,66.42,37.91,25.63,21.45,18.53,15.96,13.60,11.51,9.68,8.10,6.76,5.63,4.68,3.88,3.23,2.68,2.23,1.87,1.56,1.31,1.11,0.94,0.81,0.69,0.60,0.53,0.47,0.42,0.37,0.34,0.31,0.29,0.27,0.26,0.24,0.23,0.22,0.22,0.21,0.20,0.20,0.19,0.19,0.19,0.19,0.18,0.18,0.18,0.18,0.18,0.18,0.17,0.17,0.17,0.17,0.17,0.17,0.17,0.17,0.17,0.16,0.16,0.16,0.16,0.16
27,0,11,0,0,479.3982,0.16,0.16,0.16,0.16,0.16,0.16,0.16,0.16,0.15,0.15,0.15,0.15,0.15,0.15,0.15,-339.49,-384.04,-392.70,-360.18,-216.39,94.63,487.03,845.63,1305.52,1855.59,2118.86,1564.46,1131.52,825.71,650.26,544.65,467.69,394.74,352.61,387.15,469.37,531.92,550.45,536.21,484.31,390.80,289.35,215.80,172.91,150.65,143.62,149.69,165.01,183.66,200.53,215.51,230.67,240.71,242.44,238.03,233.59,239.03,252.56,265.42,279.14,307.17,350.89,389.23,400.23,390.72,368.07,332.56,305.99,300.79,314.21,336.36,352.36,361.68,379.37,405.29,419.31,410.52,384.96,356.43,334.00,304.37,266.11,246.83,248.47,252.99,242.62,208.80,170.15,148.01,145.97,156.25,166.03,162.95,146.53,127.49,113.45,106.34,105.19,107.29,109.83,108.61,100.38,88.31,77.72,69.70,63.67,60.06,60.33,64.46,66.90,59.51,46.11,36.71,30.94,25.59,20.76,16.68,13.27,10.51,8.30,6.55,5.19,4.14,3.32,2.70,2.22,1.85,1.56,1.35,1.18,1.05,0.94,0.86,0.80,0.75,0.71,0.67,0.64,0.62,0.59,0.57,0.56,0.54,0.53,0.52,0.50,0.49,0.48,0.47,0.46,0.46,0.45,0.44,0.43,0.42,0.42,0.41,0.40,0.40,0.39,0.39,0.38,0.38,0.37,0.37,0.36,0.36,0.35,0.35,0.34,0.34,0.34,0.33,0.33,0.32,0.32,0.32,0.31,0.31,0.31,0.30,0.30,0.30,0.30,0.29,0.29,0.29,0.28,0.28,0.28,0.28,0.27,0.27,0.27,0.27,0.27,0.26,0.26,0.26,0.26,0.25,0.25,0.25,0.25,0.25,0.24,0.24,0.24,0.24,0.24,0.24,0.23,0.23,0.23,0.23,203.47,190.30,197.37,231.46,301.47,419.19,576.82,757.21,959.32,1149.85,1040.33,1357.72,1729.82,1906.48,1735.74,1227.54,665.05,372.35,274.13,211.35,161.20,122.61,101.40,84.23,60.76,38.33,25.71,20.18,16.56,13.78,11.48,9.58,7.99,6.67,5.57,4.67,3.91,3.28,2.77,2.35,2.00,1.71,1.47,1.27,1.10,0.97,0.86,0.76,0.69,0.62,0.57,0.53,0.49,0.45,0.42,0.40,0.38,0.36,0.35,0.34,0.33,0.32,0.31,0.30,0.29,0.29,0.28,0.28,0.27,0.27,0.26,0.26,0.26,0.25,0.25,0.25,0.24,0.24,0.24,0.24,0.23,0.23,0.22,0.23,0.22,0.23,0.23,0.22,0.21,0.21,0.21,0.21,0.21,0.21,0.21,0.21,0.21,0.20,0.20,0.18,-13.25,-15.42,-15.36,-12.42,-0.14,26.00,54.46,76.96,95.50,110.37,146.03,149.20,140.97,135.35,118.34,88.50,67.81,59.02,57.49,51.79,35.18,20.18,13.44,11.11,9.53,8.20,6.98,5.93,4.99,4.20,3.52,2.95,2.47,2.08,1.74,1.47,1.24,1.06,0.90,0.78,0.67,0.59,0.52,0.46,0.41,0.38,0.34,0.32,0.30,0.28,0.26,0.25,0.24,0.23,0.22,0.22,0.21,0.21,0.20,0.20,0.19,0.19,0.19,0.19,0.18,0.18,0.18,0.18,0.18,0.18,0.18,0.17,0.17,0.17,0.17,0.17,0.17,0.17,0.17,0.17,0.16,0.16,0.16,0.16,0.16
28,1,29,0,0,540.2320,0.16,0.16,0.16,0.16,0.16,0.15,0.15,0.15,0.15,0.15,0.15,0.15,0.15,0.15,0.15,-339.00,-383.13,-391.66,-359.17,-215.77,93.78,483.70,839.56,1297.13,1848.21,2112.60,1547.90,1110.04,801.45,619.92,505.11,427.58,369.31,341.06,375.13,459.83,531.89,529.86,472.57,422.26,399.25,396.34,406.44,418.36,417.52,391.98,348.90,305.72,270.39,248.01,243.06,253.26,272.30,293.17,308.00,311.35,308.27,306.16,303.40,308.56,339.96,389.70,430.90,454.87,478.43,520.85,586.47,650.81,679.37,666.35,630.51,564.15,479.44,428.70,413.14,409.52,406.27,395.45,378.32,361.92,350.34,336.67,321.65,309.93,287.40,260.13,247.41,243.70,239.08,223.45,191.64,158.16,136.94,130.16,134.18,143.65,152.61,164.23,176.45,167.76,135.89,104.36,83.41,69.29,60.64,55.02,50.93,48.33,48.01,50.62,56.71,63.64,68.42,72.45,77.01,84.49,100.73,123.13,133.57,122.74,103.53,88.26,80.59,81.60,84.82,78.94,63.99,50.83,43.03,36.36,30.01,24.66,20.09,16.33,13.25,10.77,8.77,7.18,5.91,4.89,4.08,3.42,2.90,2.48,2.14,1.86,1.63,1.45,1.29,1.17,1.06,0.97,0.90,0.84,0.78,0.74,0.70,0.66,0.63,0.61,0.58,0.56,0.55,0.53,0.52,0.50,0.49,0.48,0.47,0.46,0.45,0.45,0.44,0.43,0.43,0.42,0.42,0.41,0.40,0.40,0.40,0.39,0.39,0.38,0.38,0.37,0.37,0.37,0.36,0.36,0.36,0.35,0.35,0.35,0.34,0.34,0.34,0.34,0.33,0.33,0.33,0.33,0.32,0.32,0.32,0.32,0.31,0.31,0.31,0.31,0.30,0.30,0.30,0.30,0.30,204.81,190.35,197.43,231.51,301.51,419.25,577.03,757.78,960.43,1151.60,1042.94,1360.27,1732.33,1909.24,1737.78,1227.73,664.41,372.12,274.02,211.22,161.28,122.79,101.69,84.87,61.80,39.26,26.27,20.60,16.93,14.10,11.76,9.82,8.21,6.86,5.74,4.81,4.04,3.40,2.87,2.44,2.08,1.79,1.54,1.34,1.17,1.03,0.91,0.82,0.74,0.67,0.62,0.57,0.54,0.50,0.47,0.44,0.42,0.40,0.39,0.38,0.37,0.36,0.35,0.34,0.34,0.33,0.32,0.32,0.31,0.31,0.30,0.30,0.30,0.29,0.29,0.28,0.28,0.28,0.28,0.28,0.27,0.27,0.27,0.27,0.27,0.26,0.26,0.26,0.26,0.26,0.25,0.25,0.25,0.25,0.25,0.24,0.24,0.24,0.24,0.22,10.10,10.49,10.67,12.30,16.17,23.00,32.15,42.26,53.07,63.00,49.59,45.22,45.67,48.57,54.17,61.64,70.00,82.03,96.64,93.80,65.36,37.43,25.34,21.23,18.41,15.87,13.55,11.47,9.64,8.07,6.73,5.60,4.65,3.86,3.20,2.66,2.22,1.85,1.55,1.30,1.09,0.93,0.79,0.68,0.59,0.52,0.45,0.40,0.36,0.33,0.30,0.28,0.26,0.25,0.23,0.22,0.22,0.21,0.20,0.20,0.19,0.19,0.19,0.18,0.18,0.18,0.18,0.18,0.17,0.17,0.17,0.17,0.17,0.17,0.17,0.17,0.17,0.17,0.17,0.16,0.16,0.16,0.16,0.16,0.16
29,1,24,0,0,526.3889,0.16,0.16,0.16,0.16,0.16,0.16,0.16,0.16,0.16,0.16,0.15,0.15,0.15,0.15,0.16,-339.74,-384.52,-393.24,-360.70,-216.68,95.15,488.91,849.10,1310.43,1858.89,2114.07,1561.10,1125.90,815.39,634.59,520.01,431.01,347.45,295.64,316.69,377.31,419.00,431.35,427.62,408.09,367.96,315.58,261.46,209.26,166.88,140.73,129.18,129.43,136.02,142.29,146.42,149.84,156.06,168.41,188.18,214.10,238.24,248.63,245.60,239.88,236.78,240.26,254.99,279.09,307.31,337.20,364.35,380.19,383.01,372.34,360.77,368.08,391.83,422.02,458.06,502.52,550.93,575.17,557.92,531.04,503.11,439.76,362.96,326.58,320.96,322.82,331.41,341.48,342.25,323.93,294.01,274.06,276.71,300.22,334.06,359.49,354.34,323.54,299.85,295.64,290.52,263.06,217.55,176.61,152.58,141.76,141.38,146.40,144.20,131.27,120.20,117.35,113.61,102.40,84.78,65.44,49.97,39.59,32.45,27.07,22.76,19.23,16.28,13.82,11.75,10.02,8.57,7.35,6.33,5.47,4.75,4.13,3.62,3.18,2.81,2.49,2.22,1.99,1.80,1.63,1.49,1.36,1.25,1.16,1.08,1.01,0.95,0.89,0.84,0.80,0.76,0.73,0.70,0.67,0.65,0.63,0.61,0.59,0.57,0.56,0.54,0.53,0.52,0.51,0.50,0.49,0.48,0.47,0.46,0.45,0.45,0.44,0.43,0.43,0.42,0.42,0.41,0.40,0.40,0.39,0.39,0.38,0.38,0.38,0.37,0.37,0.36,0.36,0.36,0.35,0.35,0.34,0.34,0.34,0.33,0.33,0.33,0.33,0.32,0.32,0.32,0.31,0.31,0.31,0.31,0.30,0.30,0.30,0.30,0.29,0.29,0.29,0.29,0.28,0.28,204.12,190.42,197.48,231.59,301.62,419.23,576.43,755.97,956.87,1146.01,1034.98,1359.92,1745.89,1931.70,1757.99,1245.53,682.85,389.98,294.27,237.35,193.11,160.55,147.15,131.73,96.86,59.23,38.52,30.57,25.55,21.55,18.13,15.21,12.72,10.63,8.87,7.39,6.16,5.14,4.30,3.60,3.03,2.56,2.16,1.84,1.58,1.36,1.18,1.03,0.91,0.81,0.72,0.66,0.60,0.55,0.51,0.47,0.44,0.42,0.40,0.39,0.37,0.36,0.35,0.34,0.33,0.32,0.32,0.31,0.31,0.30,0.30,0.29,0.29,0.28,0.28,0.28,0.28,0.28,0.28,0.27,0.26,0.26,0.26,0.26,0.26,0.26,0.25,0.25,0.25,0.25,0.25,0.25,0.24,0.24,0.24,0.24,0.24,0.24,0.23,0.21,-13.24,-15.39,-15.33,-12.39,-0.11,26.02,54.49,76.99,95.52,110.39,146.07,149.24,141.02,135.44,118.45,88.57,67.87,59.06,57.49,51.80,35.15,20.13,13.46,11.15,9.56,8.23,7.01,5.96,5.02,4.23,3.55,2.98,2.50,2.10,1.77,1.50,1.27,1.08,0.93,0.81,0.70,0.62,0.55,0.49,0.44,0.40,0.37,0.34,0.32,0.30,0.29,0.28,0.26,0.26,0.25,0.24,0.24,0.23,0.23,0.22,0.22,0.22,0.22,0.21,0.21,0.21,0.21,0.21,0.20,0.20,0.20,0.20,0.20,0.20,0.19,0.19,0.19,0.19,0.19,0.19,0.19,0.19,0.19,0.18,0.18
30,0,11,0,0,354.0944,0.18,0.18,0.18,0.18,0.18,0.18,0.18,0.18,0.18,0.17,0.17,0.17,0.17,0.17,0.17,-339.32,-383.68,-392.26,-359.74,-216.04,94.58,486.43,844.45,1303.66,1855.84,2129.59,1573.45,1139.36,835.26,665.67,570.91,507.74,446.46,413.05,454.50,542.38,603.77,596.02,536.00,453.61,364.53,287.22,238.46,218.65,215.32,217.12,222.03,230.01,217.61,187.89,177.13,182.93,187.98,180.65,159.38,140.59,131.27,128.29,128.74,129.52,129.16,125.05,114.46,100.88,89.15,79.82,72.55,68.06,67.94,71.11,71.41,61.51,47.20,38.33,32.36,26.56,21.55,17.29,13.76,10.90,8.61,6.81,5.40,4.30,3.45,2.79,2.28,1.89,1.59,1.36,1.18,1.04,0.93,0.84,0.77,0.72,0.67,0.63,0.60,0.58,0.56,0.54,0.52,0.51,0.50,0.48,0.47,0.46,0.45,0.45,0.44,0.43,0.42,0.42,0.41,0.40,0.40,0.39,0.38,0.38,0.37,0.37,0.36,0.36,0.35,0.35,0.35,0.34,0.34,0.33,0.33,0.32,0.32,0.32,0.31,0.31,0.31,0.30,0.30,0.30,0.29,0.29,0.29,0.29,0.28,0.28,0.28,0.28,0.27,0.27,0.27,0.27,0.26,0.26,0.26,0.26,0.25,0.25,0.25,0.25,0.25,0.24,0.24,0.24,0.24,0.24,0.24,0.23,0.23,0.23,0.23,0.23,0.23,0.22,0.22,0.22,0.22,0.22,0.22,0.21,0.21,0.21,0.21,0.21,0.21,0.21,0.21,0.20,0.20,0.20,0.20,0.20,0.20,0.20,0.20,0.19,0.19,0.19,0.19,0.19,0.19,0.19,0.19,0.19,0.18,0.18,0.18,0.18,0.18,0.18,0.18,0.18,0.18,0.18,0.18,203.91,190.24,197.31,231.38,301.39,419.14,576.85,757.41,959.92,1151.19,1042.91,1353.58,1711.83,1877.21,1706.84,1204.35,645.35,353.90,253.42,184.99,129.07,84.47,55.46,36.83,25.09,17.76,12.96,9.78,7.56,5.99,4.82,3.94,3.25,2.71,2.29,1.94,1.66,1.44,1.25,1.09,0.96,0.86,0.78,0.70,0.64,0.58,0.54,0.51,0.47,0.45,0.42,0.40,0.38,0.37,0.35,0.34,0.32,0.31,0.30,0.30,0.29,0.28,0.28,0.27,0.26,0.26,0.25,0.25,0.25,0.24,0.24,0.24,0.23,0.23,0.23,0.22,0.22,0.22,0.21,0.21,0.21,0.21,0.20,0.20,0.20,0.20,0.20,0.20,0.19,0.19,0.19,0.19,0.18,0.19,0.19,0.18,0.18,0.18,0.18,0.16,-0.50,0.18,0.18,0.17,0.17,0.17,0.17,0.16,0.16,0.16,0.17,0.16,0.16,0.16,0.15,0.15,0.15,0.15,0.15,0.15,0.15,0.15,0.15,0.15,0.14,0.14,0.14,0.14,0.14,0.14,0.14,0.14,0.14,0.14,0.14,0.14,0.13,0.13,0.13,0.13,0.13,0.13,0.13,0.13,0.13,0.13,0.13,0.13,0.13,0.13,0.13,0.12,0.12,0.12,0.12,0.12,0.12,0.12,0.12,0.12,0.12,0.12,0.12,0.12,0.12,0.12,0.12,0.12,0.12,0.11,0.11,0.11,0.11,0.11,0.11,0.11,0.11,0.11,0.11,0.11,0.11,0.11,0.11,0.11,0.11
31,0,11,0,0,256.7362,0.11,0.11,0.11,0.11,0.11,0.11,0.11,0.10,0.10,0.10,0.10,0.10,0.10,0.10,0.10,-338.93,-383.18,-391.70,-359.19,-215.76,93.80,483.72,839.97,1298.26,1844.49,2076.55,1497.78,1043.57,712.42,497.93,328.45,197.38,119.53,82.14,73.31,92.56,127.77,145.73,137.93,121.91,101.69,75.82,51.25,32.55,19.74,11.79,7.12,4.43,2.88,1.97,1.41,1.05,0.81,0.65,0.53,0.44,0.38,0.32,0.28,0.25,0.23,0.21,0.19,0.17,0.16,0.15,0.15,0.14,0.13,0.13,0.13,0.12,0.12,0.12,0.12,0.12,0.11,0.11,0.11,0.11,0.11,0.11,0.11,0.11,0.11,0.11,0.11,0.11,0.11,0.10,0.10,0.10,0.10,0.10,0.10,0.10,0.10,0.10,0.10,0.10,0.10,0.10,0.10,0.10,0.10,0.10,0.10,0.10,0.10,0.09,0.09,0.09,0.09,0.09,0.09,0.09,0.09,0.09,0.09,0.09,0.09,0.09,0.09,0.09,0.09,0.09,0.09,0.09,0.09,0.09,0.09,0.09,0.09,0.09,0.09,0.09,0.09,0.09,0.08,0.08,0.08,0.08,0.08,0.08,0.08,0.08,0.08,0.08,0.08,0.08,0.08,0.08,0.08,0.08,0.08,0.08,0.08,0.08,0.08,0.08,0.08,0.08,0.08,0.08,0.08,0.08,0.08,0.08,0.08,0.08,0.08,0.08,0.08,0.08,0.08,0.08,0.08,0.08,0.08,0.08,0.08,0.08,0.07,0.07,0.07,0.07,0.07,0.07,0.07,0.07,0.07,0.07,0.07,0.07,0.07,0.07,0.07,0.07,0.07,0.07,0.07,0.07,0.07,0.07,0.07,0.07,0.07,0.07,0.07,0.07,0.07,0.07,0.07,0.07,0.07,204.05,190.15,197.22,231.31,301.32,419.02,576.61,756.91,958.85,1149.11,1037.33,1342.79,1694.35,1850.99,1668.09,1151.81,583.39,289.35,189.85,125.97,84.26,56.57,38.62,26.83,19.09,13.87,10.31,7.81,6.03,4.72,3.75,3.01,2.43,1.98,1.62,1.34,1.11,0.92,0.77,0.65,0.55,0.47,0.40,0.34,0.30,0.26,0.23,0.21,0.18,0.17,0.15,0.14,0.13,0.12,0.12,0.11,0.11,0.10,0.10,0.10,0.09,0.09,0.09,0.09,0.08,0.08,0.08,0.08,0.08,0.08,0.08,0.08,0.08,0.08,0.08,0.08,0.07,0.07,0.07,0.07,0.07,0.07,0.07,0.07,0.07,0.07,0.07,0.07,0.07,0.07,0.07,0.07,0.07,0.07,0.07,0.07,0.07,0.07,0.07,0.04,-0.37,0.07,0.07,0.07,0.07,0.07,0.07,0.07,0.06,0.06,0.07,0.06,0.06,0.06,0.06,0.06,0.06,0.06,0.06,0.06,0.06,0.06,0.06,0.06,0.06,0.06,0.06,0.06,0.06,0.06,0.06,0.06,0.06,0.06,0.06,0.06,0.06,0.06,0.06,0.06,0.06,0.06,0.06,0.06,0.06,0.06,0.06,0.06,0.06,0.06,0.06,0.06,0.06,0.06,0.06,0.06,0.06,0.06,0.06,0.06,0.06,0.06,0.06,0.06,0.06,0.06,0.06,0.06,0.06,0.05,0.05,0.05,0.05,0.05,0.05,0.05,0.05,0.05,0.05,0.05,0.05,0.05,0.05,0.05,0.05
32,0,11,0,0,243.7942,0.05,0.05,0.05,0.05,0.05,0.05,0.05,0.05,0.05,0.05,0.05,0.05,0.05,0.05,0.05,-339.18,-383.64,-392.24,-359.72,-216.14,94.01,484.85,842.20,1301.59,1845.97,2068.32,1491.12,1036.61,702.43,482.55,303.89,161.03,73.10,27.59,6.32,-2.65,-5.83,-6.42,-5.93,-5.08,-4.20,-3.38,-2.69,-2.13,-1.67,-1.31,-1.02,-0.79,-0.61,-0.47,-0.36,-0.27,-0.20,-0.14,-0.10,-0.07,-0.04,-0.02,-0.01,0.01,0.01,0.02,0.03,0.03,0.03,0.04,0.04,0.05,0.05,0.05,0.05,0.05,0.05,0.05,0.05,0.05,0.05,0.05,0.05,0.05,0.05,0.05,0.05,0.05,0.05,0.05,0.05,0.05,0.05,0.05,0.05,0.05,0.05,0.05,0.05,0.05,0.05,0.05,0.05,0.05,0.05,0.05,0.05,0.05,0.05,0.05,0.05,0.05,0.05,0.05,0.05,0.05,0.05,0.05,0.05,0.05,0.05,0.05,0.05,0.05,0.05,0.05,0.05,0.05,0.05,0.05,0.05,0.05,0.05,0.05,0.05,0.05,0.05,0.05,0.05,0.05,0.05,0.05,0.05,0.05,0.05,0.05,0.05,0.05,0.05,0.05,0.05,0.05,0.05,0.05,0.05,0.05,0.05,0.05,0.05,0.05,0.05,0.05,0.05,0.05,0.05,0.05,0.05,0.05,0.05,0.05,0.05,0.05,0.05,0.05,0.04,0.04,0.04,0.04,0.04,0.04,0.04,0.04,0.04,0.04,0.04,0.04,0.04,0.04,0.04,0.04,0.04,0.04,0.04,0.04,0.04,0.04,0.04,0.04,0.04,0.04,0.04,0.04,0.04,0.04,0.04,0.04,0.04,0.04,0.04,0.04,0.04,0.04,0.04,0.04,0.04,0.04,0.04,0.04,0.04,204.04,190.11,197.19,231.27,301.28,418.99,576.57,756.82,958.60,1148.52,1036.07,1341.49,1693.07,1849.69,1666.50,1149.73,581.43,287.76,188.40,124.68,83.10,55.54,37.71,26.02,18.38,13.24,9.77,7.34,5.61,4.36,3.43,2.72,2.18,1.76,1.42,1.16,0.95,0.78,0.64,0.53,0.44,0.37,0.31,0.26,0.22,0.19,0.16,0.14,0.12,0.11,0.09,0.08,0.08,0.07,0.07,0.06,0.06,0.05,0.05,0.05,0.05,0.05,0.05,0.05,0.04,0.04,0.04,0.04,0.04,0.04,0.04,0.04,0.04,0.04,0.04,0.04,0.04,0.04,0.04,0.04,0.04,0.04,0.04,0.04,0.04,0.04,0.04,0.04,0.04,0.04,0.04,0.04,0.04,0.04,0.04,0.04,0.04,0.04,0.04,0.02,-0.40,0.04,0.04,0.04,0.04,0.04,0.04,0.04,0.04,0.04,0.05,0.04,0.04,0.04,0.04,0.04,0.04,0.04,0.04,0.04,0.04,0.04,0.04,0.04,0.04,0.04,0.04,0.04,0.04,0.04,0.04,0.04,0.04,0.04,0.04,0.04,0.04,0.04,0.04,0.04,0.04,0.04,0.04,0.04,0.04,0.04,0.04,0.04,0.04,0.04,0.04,0.04,0.04,0.04,0.04,0.04,0.04,0.04,0.04,0.04,0.04,0.04,0.04,0.04,0.04,0.04,0.04,0.04,0.04,0.04,0.04,0.04,0.04,0.04,0.04,0.04,0.04,0.04,0.04,0.04,0.04,0.04,0.04,0.04,0.04
33,0,11,0,0,243.7278,0.04,0.04,0.04,0.04,0.04,0.04,0.04,0.04,0.04,0.04,0.04,0.04,0.04,0.04,0.04,-339.20,-383.67,-392.26,-359.75,-216.16,93.98,484.83,842.16,1301.54,1845.92,2068.17,1490.91,1036.43,702.29,482.43,303.78,160.94,73.04,27.55,6.30,-2.67,-5.85,-6.43,-5.94,-5.10,-4.21,-3.40,-2.71,-2.14,-1.69,-1.32,-1.03,-0.81,-0.63,-0.48,-0.37,-0.28,-0.21,-0.16,-0.12,-0.08,-0.06,-0.04,-0.02,-0.01,-0.00,0.01,0.02,0.02,0.02,0.02,0.03,0.03,0.03,0.03,0.03,0.03,0.04,0.04,0.04,0.04,0.04,0.04,0.04,0.04,0.04,0.04,0.04,0.04,0.04,0.04,0.04,0.04,0.04,0.04,0.04,0.04,0.04,0.04,0.04,0.04,0.04,0.04,0.04,0.04,0.04,0.04,0.04,0.04,0.04,0.04,0.04,0.04,0.04,0.04,0.04,0.04,0.04,0.04,0.04,0.04,0.04,0.04,0.04,0.04,0.04,0.04,0.04,0.04,0.04,0.04,0.04,0.04,0.04,0.04,0.04,0.04,0.04,0.04,0.04,0.03,0.03,0.03,0.03,0.03,0.03,0.03,0.03,0.03,0.03,0.03,0.03,0.03,0.03,0.03,0.03,0.03,0.03,0.03,0.03,0.03,0.03,0.03,0.03,0.03,0.03,0.03,0.03,0.03,0.03,0.03,0.03,0.03,0.03,0.03,0.03,0.03,0.03,0.03,0.03,0.03,0.03,0.03,0.03,0.03,0.03,0.03,0.03,0.03,0.03,0.03,0.03,0.03,0.03,0.03,0.03,0.03,0.03,0.03,0.03,0.03,0.03,0.03,0.03,0.03,0.03,0.03,0.03,0.03,0.03,0.03,0.03,0.03,0.03,0.03,0.03,0.03,0.03,0.03,0.03,204.02,190.10,197.17,231.26,301.27,418.98,576.56,756.81,958.57,1148.47,1036.06,1341.57,1693.13,1849.68,1666.34,1149.42,581.19,287.66,188.35,124.64,83.08,55.52,37.70,26.01,18.36,13.23,9.75,7.32,5.60,4.35,3.42,2.71,2.17,1.74,1.41,1.15,0.94,0.77,0.63,0.52,0.43,0.35,0.29,0.25,0.21,0.17,0.15,0.13,0.11,0.09,0.08,0.07,0.06,0.06,0.05,0.05,0.05,0.04,0.04,0.04,0.04,0.04,0.03,0.03,0.03,0.03,0.03,0.03,0.03,0.03,0.03,0.03,0.03,0.03,0.03,0.03,0.03,0.03,0.03,0.03,0.03,0.03,0.03,0.03,0.03,0.03,0.03,0.03,0.03,0.03,0.03,0.03,0.03,0.03,0.03,0.03,0.03,0.03,0.03,0.01,-0.40,0.03,0.03,0.03,0.03,0.03,0.03,0.03,0.03,0.03,0.04,0.03,0.03,0.03,0.03,0.03,0.03,0.03,0.03,0.03,0.03,0.03,0.03,0.03,0.03,0.03,0.03,0.03,0.03,0.03,0.03,0.03,0.03,0.03,0.03,0.03,0.03,0.03,0.03,0.03,0.03,0.03,0.03,0.03,0.03,0.03,0.03,0.03,0.03,0.03,0.03,0.03,0.03,0.03,0.03,0.03,0.03,0.03,0.03,0.03,0.03,0.03,0.03,0.03,0.03,0.03,0.03,0.03,0.03,0.03,0.03,0.03,0.03,0.03,0.03,0.03,0.03,0.03,0.03,0.03,0.03,0.03,0.03,0.03,0.03
34,1,11,0,0,243.6905,0.03,0.03,0.03,0.03,0.03,0.03,0.03,0.03,0.03,0.03,0.03,0.03,0.03,0.03,0.03,-339.21,-383.68,-392.28,-359.76,-216.18,93.97,484.81,842.13,1301.52,1845.90,2068.10,1490.80,1036.32,702.20,482.35,303.71,160.89,73.01,27.53,6.28,-2.68,-5.85,-6.44,-5.95,-5.10,-4.22,-3.41,-2.72,-2.15,-1.69,-1.33,-1.04,-0.81,-0.63,-0.49,-0.38,-0.29,-0.22,-0.17,-0.12,-0.09,-0.07,-0.05,-0.03,-0.02,-0.01,0.00,0.01,0.01,0.01,0.02,0.02,0.02,0.02,0.03,0.03,0.03,0.03,0.03,0.03,0.03,0.03,0.03,0.03,0.03,0.03,0.03,0.03,0.03,0.03,0.03,0.03,0.03,0.03,0.03,0.03,0.03,0.03,0.03,0.03,0.03,0.03,0.03,0.03,0.03,0.03,0.03,0.03,0.03,0.03,0.03,0.03,0.03,0.03,0.03,0.03,0.03,0.03,0.03,0.03,0.03,0.03,0.03,0.03,0.03,0.03,0.03,0.03,0.03,0.03,0.03,0.03,0.03,0.03,0.03,0.03,0.03,0.03,0.03,0.03,0.03,0.03,0.03,0.03,0.03,0.03,0.03,0.03,0.03,0.03,0.03,0.03,0.03,0.03,0.03,0.03,0.03,0.03,0.03,0.03,0.03,0.03,0.03,0.03,0.03,0.03,0.03,0.03,0.03,0.03,0.03,0.03,0.03,0.03,0.03,0.03,0.03,0.03,0.03,0.03,0.03,0.03,0.03,0.03,0.03,0.03,0.03,0.03,0.03,0.03,0.03,0.03,0.03,0.03,0.03,0.03,0.03,0.03,0.03,0.03,0.03,0.03,0.03,0.03,0.03,0.03,0.03,0.03,0.03,0.03,0.03,0.03,0.03,0.03,0.03,0.03,0.03,0.03,0.03,0.03,204.01,190.09,197.16,231.25,301.26,418.97,576.56,756.80,958.55,1148.44,1036.06,1341.63,1693.18,1849.68,1666.23,1149.21,581.03,287.61,188.33,124.62,83.06,55.51,37.68,26.00,18.36,13.22,9.75,7.32,5.60,4.34,3.41,2.70,2.16,1.74,1.40,1.14,0.93,0.76,0.62,0.51,0.42,0.35,0.29,0.24,0.20,0.17,0.14,0.12,0.10,0.09,0.08,0.07,0.06,0.05,0.05,0.04,0.04,0.04,0.03,0.03,0.03,0.03,0.03,0.03,0.03,0.03,0.03,0.03,0.03,0.03,0.02,0.02,0.02,0.02,0.02,0.02,0.02,0.02,0.02,0.02,0.02,0.02,0.02,0.02,0.02,0.02,0.02,0.02,0.02,0.02,0.02,0.02,0.02,0.02,0.02,0.02,0.02,0.02,0.02,0.00,-0.41,0.02,0.02,0.02,0.02,0.02,0.02,0.02,0.02,0.02,0.03,0.02,0.02,0.02,0.02,0.02,0.02,0.02,0.02,0.02,0.02,0.02,0.02,0.02,0.02,0.02,0.02,0.02,0.02,0.02,0.02,0.02,0.02,0.02,0.02,0.02,0.02,0.02,0.02,0.02,0.02,0.02,0.02,0.02,0.02,0.02,0.02,0.02,0.02,0.02,0.02,0.02,0.02,0.02,0.02,0.02,0.02,0.02,0.02,0.02,0.02,0.02,0.02,0.02,0.02,0.02,0.02,0.02,0.02,0.02,0.02,0.02,0.02,0.02,0.02,0.02,0.02,0.02,0.02,0.02,0.02,0.02,0.02,0.02,0.02
35,0,11,0,0,253.9103,0.02,0.02,0.02,0.02,0.02,0.02,0.02,0.02,0.02,0.02,0.02,0.02,0.02,0.02,0.02,-339.21,-383.69,-392.28,-359.77,-216.18,93.97,484.80,842.12,1301.50,1845.89,2068.06,1490.72,1036.24,702.13,482.29,303.65,160.85,72.99,27.52,6.28,-2.68,-5.86,-6.44,-5.95,-5.11,-4.22,-3.41,-2.72,-2.16,-1.70,-1.33,-1.05,-0.82,-0.64,-0.49,-0.38,-0.29,-0.23,-0.17,-0.13,-0.10,-0.07,-0.05,-0.03,-0.02,-0.01,-0.00,0.00,0.00,0.01,0.01,0.02,0.02,0.02,0.02,0.02,0.02,0.02,0.02,0.02,0.02,0.02,0.02,0.02,0.02,0.02,0.02,0.03,0.03,0.03,0.02,0.03,0.03,0.03,0.02,0.03,0.03,0.02,0.02,0.03,0.03,0.02,0.02,0.03,0.03,0.02,0.02,0.02,0.03,0.02,0.02,0.02,0.02,0.02,0.02,0.02,0.02,0.02,0.02,0.02,0.02,0.02,0.02,0.02,0.02,0.02,0.02,0.02,0.02,0.02,0.02,0.02,0.02,0.02,0.02,0.02,0.02,0.02,0.02,0.02,0.02,0.02,0.02,0.02,0.02,0.02,0.02,0.02,0.02,0.02,0.02,0.02,0.02,0.02,0.02,0.02,0.02,0.02,0.02,0.02,0.02,0.02,0.02,0.02,0.02,0.02,0.02,0.02,0.02,0.02,0.02,0.02,0.02,0.02,0.02,0.02,0.02,0.02,0.02,0.02,0.02,0.02,0.02,0.02,0.02,0.02,0.02,0.02,0.02,0.02,0.02,0.02,0.02,0.02,0.02,0.02,0.02,0.02,0.02,0.02,0.02,0.02,0.02,0.02,0.02,0.02,0.02,0.02,0.02,0.02,0.02,0.02,0.02,0.02,0.02,0.02,0.02,0.02,0.02,0.02,204.01,190.08,197.16,231.24,301.26,418.97,576.55,756.80,958.54,1148.42,1036.05,1341.67,1693.22,1849.68,1666.15,1149.05,580.91,287.57,188.31,124.60,83.05,55.50,37.68,25.99,18.35,13.22,9.74,7.31,5.59,4.34,3.41,2.70,2.16,1.73,1.40,1.14,0.93,0.76,0.62,0.51,0.42,0.34,0.28,0.24,0.20,0.16,0.14,0.12,0.10,0.08,0.07,0.06,0.05,0.05,0.04,0.04,0.04,0.03,0.03,0.03,0.03,0.03,0.02,0.02,0.02,0.02,0.02,0.02,0.02,0.02,0.02,0.02,0.02,0.02,0.02,0.02,0.02,0.02,0.02,0.02,0.02,0.02,0.02,0.02,0.02,0.02,0.02,0.02,0.02,0.02,0.02,0.02,0.02,0.02,0.02,0.02,0.02,0.02,0.02,-0.00,-4.07,-5.23,-5.15,-3.27,3.83,18.60,35.13,48.91,60.88,70.80,85.31,85.79,81.81,79.84,72.79,59.67,51.36,49.95,52.83,49.25,33.85,19.37,12.95,10.75,9.25,7.96,6.77,5.72,4.80,4.01,3.34,2.77,2.30,1.90,1.57,1.30,1.07,0.89,0.74,0.61,0.51,0.43,0.36,0.30,0.26,0.22,0.19,0.16,0.14,0.13,0.11,0.10,0.09,0.08,0.08,0.07,0.07,0.06,0.06,0.06,0.06,0.06,0.05,0.05,0.05,0.05,0.05,0.05,0.05,0.05,0.05,0.05,0.05,0.05,0.05,0.04,0.04,0.04,0.04,0.04,0.04,0.04,0.04,0.04,0.04
36,1,13,0,0,438.8338,0.04,0.04,0.04,0.04,0.04,0.04,0.04,0.04,0.04,0.04,0.04,0.04,0.04,0.04,0.04,-339.33,-383.71,-392.30,-359.79,-216.18,94.06,485.11,842.49,1301.68,1848.61,2087.71,1517.36,1070.16,746.39,543.00,392.01,276.34,199.04,158.73,161.11,191.66,215.26,211.00,192.23,183.34,191.94,213.75,242.71,271.07,287.14,279.36,252.13,219.97,191.12,170.58,161.78,162.54,168.80,176.98,183.29,184.53,181.53,176.60,170.67,169.70,179.43,194.40,206.83,213.78,219.83,235.89,268.62,303.75,320.61,325.41,327.93,306.65,266.13,240.51,234.89,238.77,241.53,244.06,257.79,282.87,303.83,304.48,289.45,271.22,241.31,207.48,195.86,199.79,202.37,206.90,220.25,232.99,223.33,192.71,164.39,151.75,155.51,172.42,188.93,189.59,184.56,186.96,183.69,160.27,125.16,95.97,77.91,67.30,61.70,60.49,62.43,65.00,66.89,67.17,66.93,70.55,77.88,79.37,67.86,50.75,37.80,30.32,26.00,22.91,20.29,17.95,15.83,13.92,12.21,10.69,9.35,8.16,7.12,6.22,5.43,4.74,4.14,3.63,3.18,2.80,2.46,2.17,1.93,1.71,1.53,1.37,1.23,1.11,1.01,0.92,0.84,0.77,0.71,0.66,0.62,0.58,0.55,0.52,0.49,0.47,0.45,0.43,0.41,0.40,0.39,0.37,0.36,0.35,0.35,0.34,0.33,0.32,0.32,0.31,0.31,0.30,0.30,0.29,0.29,0.28,0.28,0.28,0.27,0.27,0.27,0.26,0.26,0.26,0.25,0.25,0.25,0.25,0.24,0.24,0.24,0.24,0.23,0.23,0.23,0.23,0.23,0.22,0.22,0.22,0.22,0.22,0.21,0.21,0.21,0.21,0.21,0.21,0.20,0.20,0.20,204.75,190.26,197.34,231.42,301.44,419.15,576.75,757.04,958.92,1149.05,1038.94,1356.87,1729.06,1903.77,1727.23,1215.73,656.61,366.90,269.31,207.38,158.23,120.14,99.39,82.77,59.87,37.62,24.86,19.39,15.88,13.19,10.97,9.13,7.60,6.32,5.26,4.38,3.65,3.05,2.55,2.14,1.80,1.52,1.29,1.10,0.95,0.82,0.72,0.63,0.56,0.50,0.45,0.41,0.38,0.35,0.32,0.30,0.29,0.27,0.26,0.25,0.24,0.23,0.23,0.22,0.22,0.21,0.21,0.20,0.20,0.20,0.19,0.19,0.19,0.19,0.19,0.18,0.18,0.18,0.18,0.18,0.18,0.17,0.17,0.17,0.17,0.17,0.17,0.17,0.16,0.16,0.16,0.16,0.16,0.16,0.16,0.16,0.16,0.16,0.16,0.13,-4.18,-5.09,-5.02,-3.13,3.97,18.75,35.27,49.04,61.02,70.93,85.42,85.91,81.91,79.83,72.72,59.67,51.41,50.01,52.86,49.31,33.85,19.33,13.04,10.88,9.38,8.08,6.88,5.83,4.91,4.12,3.45,2.88,2.40,2.01,1.68,1.40,1.18,0.99,0.84,0.72,0.61,0.53,0.46,0.40,0.36,0.32,0.29,0.26,0.24,0.22,0.21,0.20,0.19,0.18,0.17,0.17,0.16,0.16,0.16,0.15,0.15,0.15,0.15,0.14,0.14,0.14,0.14,0.14,0.14,0.14,0.14,0.13,0.13,0.13,0.13,0.13,0.13,0.13,0.13,0.13,0.13,0.13,0.13,0.13,0.13
37,0,11,0,0,477.7408,0.12,0.12,0.12,0.12,0.12,0.12,0.12,0.12,0.12,0.12,0.12,0.12,0.12,0.12,0.12,-339.25,-383.65,-392.24,-359.73,-216.11,94.23,485.47,842.86,1301.82,1851.30,2107.60,1544.06,1103.86,790.73,604.39,480.94,390.41,319.72,282.22,304.96,369.18,424.11,434.64,409.39,366.26,305.82,239.09,187.46,156.66,141.09,137.82,145.80,162.16,181.58,200.35,219.36,240.61,258.74,267.68,267.70,264.75,269.43,283.96,301.05,317.70,344.41,391.08,445.89,481.00,487.84,473.53,437.57,399.32,383.02,386.62,400.96,422.68,446.49,471.03,497.35,506.08,485.74,461.12,446.93,431.42,410.66,390.46,356.74,310.69,287.80,277.66,246.92,205.17,175.46,160.55,151.66,145.10,140.05,134.67,128.42,121.81,115.42,110.30,107.85,108.97,112.86,115.37,111.53,100.79,88.31,78.11,70.16,64.35,61.73,63.91,67.75,65.64,54.06,41.18,34.01,28.60,23.23,18.76,14.93,11.82,9.30,7.32,5.75,4.54,3.61,2.89,2.34,1.92,1.60,1.35,1.16,1.02,0.91,0.82,0.75,0.70,0.66,0.62,0.60,0.57,0.55,0.53,0.52,0.51,0.49,0.48,0.47,0.46,0.45,0.45,0.44,0.43,0.42,0.41,0.41,0.40,0.40,0.39,0.38,0.38,0.37,0.37,0.36,0.36,0.35,0.35,0.34,0.34,0.33,0.33,0.32,0.32,0.32,0.31,0.31,0.31,0.30,0.30,0.30,0.29,0.29,0.29,0.28,0.28,0.28,0.27,0.27,0.27,0.27,0.26,0.26,0.26,0.26,0.25,0.25,0.25,0.25,0.24,0.24,0.24,0.24,0.24,0.23,0.23,0.23,0.23,0.23,0.23,0.22,0.22,0.22,0.22,0.22,0.21,0.22,203.35,190.28,197.36,231.44,301.45,419.17,576.79,757.16,959.23,1149.72,1040.31,1358.05,1729.97,1905.36,1731.93,1222.39,661.42,370.26,272.55,210.06,160.26,121.89,100.84,83.83,60.48,38.09,25.49,20.00,16.41,13.64,11.35,9.46,7.88,6.58,5.48,4.58,3.83,3.21,2.70,2.27,1.92,1.64,1.40,1.20,1.04,0.91,0.80,0.71,0.63,0.57,0.52,0.47,0.44,0.41,0.38,0.36,0.34,0.32,0.31,0.29,0.28,0.27,0.27,0.26,0.25,0.25,0.24,0.24,0.23,0.23,0.23,0.22,0.22,0.22,0.21,0.21,0.21,0.21,0.20,0.20,0.20,0.20,0.20,0.20,0.20,0.19,0.19,0.19,0.19,0.19,0.19,0.18,0.18,0.18,0.18,0.18,0.18,0.18,0.17,0.16,-0.55,0.18,0.17,0.17,0.17,0.16,0.16,0.16,0.16,0.16,0.17,0.16,0.15,0.15,0.15,0.15,0.15,0.15,0.15,0.15,0.15,0.14,0.14,0.14,0.14,0.14,0.14,0.14,0.14,0.14,0.14,0.14,0.14,0.13,0.13,0.13,0.13,0.13,0.13,0.13,0.13,0.13,0.13,0.13,0.13,0.13,0.13,0.13,0.12,0.12,0.12,0.12,0.12,0.12,0.12,0.12,0.12,0.12,0.12,0.12,0.12,0.12,0.12,0.12,0.12,0.11,0.11,0.11,0.11,0.11,0.11,0.11,0.11,0.11,0.11,0.11,0.11,0.11,0.11,0.11,0.11,0.11,0.11,0.11,0.11
38,0,11,0,0,265.0154,0.11,0.11,0.10,0.10,0.10,0.10,0.10,0.10,0.10,0.10,0.10,0.10,0.10,0.10,0.10,-339.15,-383.63,-392.23,-359.71,-216.11,94.14,485.17,842.52,1301.68,1848.59,2087.96,1517.60,1070.16,746.52,543.31,392.14,275.57,195.96,153.06,149.55,170.93,194.96,198.78,177.38,145.97,114.20,82.87,55.33,34.92,21.15,12.67,7.69,4.83,3.18,2.20,1.60,1.21,0.95,0.77,0.64,0.54,0.47,0.41,0.36,0.32,0.29,0.26,0.25,0.23,0.21,0.20,0.19,0.18,0.17,0.17,0.17,0.16,0.16,0.16,0.15,0.15,0.15,0.15,0.14,0.14,0.14,0.14,0.14,0.13,0.13,0.13,0.13,0.13,0.13,0.13,0.13,0.12,0.12,0.12,0.12,0.12,0.12,0.12,0.12,0.12,0.12,0.12,0.11,0.11,0.11,0.11,0.11,0.11,0.11,0.11,0.11,0.11,0.11,0.11,0.11,0.11,0.10,0.10,0.10,0.10,0.10,0.10,0.10,0.10,0.10,0.10,0.10,0.10,0.10,0.10,0.10,0.10,0.10,0.10,0.10,0.09,0.09,0.09,0.09,0.09,0.09,0.09,0.09,0.09,0.09,0.09,0.09,0.09,0.09,0.09,0.09,0.09,0.09,0.09,0.09,0.09,0.09,0.09,0.09,0.09,0.09,0.08,0.08,0.08,0.08,0.08,0.08,0.08,0.08,0.08,0.08,0.08,0.08,0.08,0.08,0.08,0.08,0.08,0.08,0.08,0.08,0.08,0.08,0.08,0.08,0.08,0.08,0.08,0.08,0.08,0.08,0.08,0.08,0.08,0.08,0.08,0.08,0.07,0.07,0.07,0.07,0.07,0.07,0.07,0.07,0.07,0.07,0.07,0.07,0.07,0.07,0.07,0.07,0.07,0.07,204.10,190.14,197.21,231.30,301.31,419.02,576.63,756.93,958.86,1149.08,1037.38,1342.95,1694.56,1851.89,1670.97,1155.57,586.01,291.08,191.34,127.20,85.17,57.25,39.14,27.22,19.39,14.11,10.51,7.98,6.18,4.85,3.86,3.10,2.52,2.06,1.69,1.40,1.17,0.98,0.82,0.70,0.59,0.51,0.44,0.38,0.33,0.30,0.26,0.24,0.21,0.19,0.18,0.17,0.15,0.15,0.14,0.13,0.12,0.12,0.12,0.11,0.11,0.11,0.10,0.10,0.10,0.10,0.09,0.09,0.09,0.09,0.09,0.09,0.09,0.09,0.08,0.08,0.08,0.08,0.08,0.08,0.08,0.08,0.08,0.08,0.08,0.08,0.08,0.08,0.07,0.07,0.07,0.07,0.07,0.07,0.07,0.07,0.07,0.07,0.07,0.05,-0.42,0.07,0.07,0.07,0.07,0.07,0.07,0.07,0.07,0.07,0.07,0.06,0.06,0.06,0.06,0.06,0.06,0.06,0.06,0.06,0.06,0.06,0.06,0.06,0.06,0.06,0.06,0.06,0.06,0.06,0.06,0.06,0.06,0.06,0.06,0.06,0.06,0.06,0.06,0.06,0.06,0.06,0.06,0.06,0.06,0.06,0.06,0.06,0.06,0.06,0.06,0.05,0.05,0.05,0.05,0.05,0.05,0.05,0.05,0.05,0.05,0.05,0.05,0.05,0.05,0.05,0.05,0.05,0.05,0.05,0.05,0.05,0.05,0.05,0.05,0.05,0.05,0.05,0.05,0.05,0.05,0.05,0.05,0.05,0.05
39,0,11,0,0,243.7508,0.05,0.05,0.05,0.05,0.05,0.05,0.05,0.05,0.05,0.05,0.05,0.05,0.05,0.05,0.05,-339.19,-383.66,-392.25,-359.74,-216.15,94.00,484.84,842.17,1301.55,1845.93,2068.11,1490.84,1036.43,702.33,482.46,303.79,160.95,73.05,27.56,6.31,-2.66,-5.84,-6.42,-5.93,-5.09,-4.20,-3.39,-2.70,-2.13,-1.68,-1.31,-1.03,-0.80,-0.62,-0.47,-0.36,-0.27,-0.20,-0.15,-0.11,-0.07,-0.05,-0.03,-0.01,-0.00,0.01,0.02,0.02,0.03,0.03,0.03,0.04,0.04,0.04,0.04,0.04,0.04,0.04,0.04,0.04,0.04,0.04,0.04,0.04,0.04,0.04,0.04,0.05,0.05,0.04,0.04,0.04,0.04,0.04,0.04,0.04,0.04,0.04,0.04,0.04,0.04,0.04,0.04,0.04,0.04,0.04,0.04,0.04,0.04,0.04,0.04,0.04,0.04,0.04,0.04,0.04,0.04,0.04,0.04,0.04,0.04,0.04,0.04,0.04,0.04,0.04,0.04,0.04,0.04,0.04,0.04,0.04,0.04,0.04,0.04,0.04,0.04,0.04,0.04,0.04,0.04,0.04,0.04,0.04,0.04,0.04,0.04,0.04,0.04,0.04,0.04,0.04,0.04,0.04,0.04,0.04,0.04,0.04,0.04,0.04,0.04,0.04,0.04,0.04,0.04,0.04,0.04,0.04,0.04,0.04,0.04,0.04,0.04,0.04,0.04,0.04,0.04,0.04,0.04,0.04,0.04,0.04,0.04,0.04,0.04,0.04,0.04,0.04,0.04,0.04,0.04,0.04,0.04,0.04,0.04,0.04,0.04,0.04,0.04,0.04,0.04,0.04,0.04,0.04,0.04,0.04,0.04,0.04,0.04,0.04,0.04,0.04,0.04,0.04,0.04,0.04,0.04,0.04,0.04,0.04,204.02,190.10,197.17,231.26,301.27,418.98,576.57,756.81,958.56,1148.45,1036.07,1341.64,1693.19,1849.69,1666.29,1149.33,581.13,287.64,188.35,124.63,83.07,55.52,37.70,26.01,18.37,13.24,9.76,7.33,5.61,4.35,3.43,2.72,2.17,1.75,1.42,1.15,0.94,0.77,0.64,0.53,0.44,0.36,0.30,0.25,0.21,0.18,0.15,0.13,0.12,0.10,0.09,0.08,0.07,0.07,0.06,0.06,0.05,0.05,0.05,0.05,0.04,0.04,0.04,0.04,0.04,0.04,0.04,0.04,0.04,0.04,0.04,0.04,0.04,0.04,0.04,0.04,0.04,0.04,0.04,0.04,0.04,0.04,0.04,0.04,0.04,0.04,0.04,0.04,0.04,0.04,0.04,0.04,0.03,0.04,0.03,0.03,0.03,0.03,0.03,0.01,-0.40,0.04,0.04,0.03,0.03,0.03,0.03,0.03,0.03,0.03,0.04,0.03,0.03,0.03,0.03,0.03,0.03,0.03,0.03,0.03,0.03,0.03,0.03,0.03,0.03,0.03,0.03,0.03,0.03,0.03,0.03,0.03,0.03,0.03,0.03,0.03,0.03,0.03,0.03,0.03,0.03,0.03,0.03,0.03,0.03,0.03,0.03,0.03,0.03,0.03,0.03,0.03,0.03,0.03,0.03,0.03,0.03,0.03,0.03,0.03,0.03,0.03,0.03,0.03,0.03,0.03,0.03,0.03,0.03,0.03,0.03,0.03,0.03,0.03,0.03,0.03,0.03,0.03,0.03,0.03,0.03,0.03,0.03,0.03,0.03
40,0,11,0,0,252.3877,0.03,0.03,0.03,0.03,0.03,0.03,0.03,0.03,0.03,0.03,0.03,0.03,0.03,0.03,0.03,-339.21,-383.68,-392.28,-359.76,-216.17,93.98,484.81,842.13,1301.51,1845.90,2068.05,1490.71,1036.26,702.17,482.32,303.68,160.86,73.00,27.53,6.28,-2.67,-5.85,-6.43,-5.95,-5.10,-4.21,-3.40,-2.71,-2.15,-1.69,-1.33,-1.04,-0.81,-0.63,-0.49,-0.38,-0.29,-0.22,-0.16,-0.12,-0.09,-0.06,-0.04,-0.03,-0.02,-0.01,0.00,0.01,0.01,0.01,0.02,0.02,0.02,0.03,0.03,0.03,0.03,0.03,0.03,0.03,0.03,0.03,0.03,0.03,0.03,0.03,0.03,0.03,0.03,0.03,0.03,0.03,0.03,0.03,0.03,0.03,0.03,0.03,0.03,0.03,0.03,0.03,0.03,0.03,0.03,0.03,0.03,0.03,0.03,0.03,0.03,0.03,0.03,0.03,0.03,0.03,0.03,0.03,0.03,0.03,0.03,0.03,0.03,0.03,0.03,0.03,0.03,0.03,0.03,0.03,0.03,0.03,0.03,0.03,0.03,0.03,0.03,0.03,0.03,0.03,0.03,0.03,0.03,0.03,0.03,0.03,0.03,0.03,0.03,0.03,0.03,0.03,0.03,0.03,0.03,0.03,0.03,0.03,0.03,0.03,0.03,0.03,0.03,0.03,0.03,0.03,0.03,0.03,0.03,0.03,0.03,0.03,0.03,0.03,0.03,0.03,0.03,0.03,0.03,0.03,0.03,0.03,0.03,0.03,0.03,0.03,0.03,0.03,0.03,0.03,0.03,0.03,0.03,0.03,0.03,0.03,0.03,0.03,0.03,0.03,0.03,0.03,0.03,0.03,0.03,0.03,0.03,0.03,0.03,0.03,0.03,0.03,0.03,0.03,0.03,0.03,0.03,0.03,0.03,0.03,204.01,190.09,197.16,231.25,301.26,418.97,576.56,756.80,958.54,1148.42,1036.06,1341.69,1693.24,1849.68,1666.15,1149.06,580.93,287.58,188.32,124.61,83.05,55.50,37.68,26.00,18.36,13.23,9.75,7.32,5.60,4.34,3.41,2.71,2.16,1.74,1.41,1.14,0.93,0.76,0.62,0.51,0.42,0.35,0.29,0.24,0.20,0.17,0.14,0.12,0.10,0.09,0.08,0.07,0.06,0.05,0.05,0.04,0.04,0.04,0.04,0.03,0.03,0.03,0.03,0.03,0.03,0.03,0.03,0.03,0.03,0.03,0.03,0.03,0.03,0.03,0.03,0.03,0.03,0.03,0.03,0.03,0.03,0.03,0.03,0.03,0.03,0.03,0.02,0.03,0.02,0.03,0.02,0.02,0.02,0.02,0.02,0.02,0.02,0.02,0.02,0.00,-18.39,-20.72,-20.75,-18.62,-8.29,14.41,38.31,55.77,68.90,78.83,121.25,126.57,118.14,111.29,91.60,57.87,32.90,18.04,9.14,4.85,2.42,1.37,0.72,0.47,0.29,0.23,0.17,0.16,0.13,0.13,0.12,0.12,0.11,0.11,0.11,0.10,0.10,0.10,0.10,0.10,0.09,0.09,0.09,0.09,0.09,0.09,0.08,0.08,0.08,0.08,0.08,0.08,0.08,0.08,0.08,0.07,0.07,0.07,0.07,0.07,0.07,0.07,0.07,0.07,0.07,0.07,0.07,0.06,0.06,0.06,0.06,0.06,0.06,0.06,0.06,0.06,0.06,0.06,0.06,0.06,0.06,0.06,0.06,0.06,0.06
41,1,31,0,0,480.1746,0.06,0.06,0.06,0.06,0.05,0.05,0.05,0.05,0.05,0.05,0.05,0.05,0.05,0.05,0.05,-338.72,-382.70,-391.17,-358.70,-215.57,92.99,481.14,835.27,1291.79,1839.50,2078.31,1497.74,1047.57,723.00,513.73,352.49,233.53,167.29,140.85,147.60,186.53,226.47,222.59,189.76,170.44,172.44,187.16,204.62,212.80,207.32,192.38,174.68,159.61,150.49,148.87,156.95,174.40,197.26,220.55,236.91,240.49,238.62,242.09,245.45,251.26,283.88,341.75,389.25,411.73,430.85,469.71,533.34,598.48,633.24,627.86,602.95,544.04,447.61,382.90,369.08,376.06,382.43,371.63,346.58,310.87,266.81,234.09,218.62,211.53,210.10,215.33,215.41,203.88,198.37,206.20,216.08,218.08,210.66,198.51,192.30,197.28,201.60,200.83,203.53,213.03,225.09,225.61,209.22,188.23,167.80,145.76,126.05,112.14,102.27,96.72,96.39,93.95,80.10,61.92,50.27,42.18,34.62,28.18,22.74,18.27,14.64,11.72,9.41,7.57,6.12,4.98,4.08,3.37,2.81,2.37,2.03,1.74,1.52,1.34,1.20,1.08,0.98,0.91,0.84,0.79,0.74,0.70,0.67,0.64,0.62,0.60,0.58,0.56,0.54,0.53,0.52,0.51,0.50,0.49,0.48,0.47,0.46,0.45,0.45,0.44,0.43,0.43,0.42,0.42,0.41,0.41,0.40,0.40,0.39,0.39,0.38,0.38,0.37,0.37,0.37,0.36,0.36,0.35,0.35,0.35,0.34,0.34,0.34,0.33,0.33,0.33,0.32,0.32,0.32,0.32,0.31,0.31,0.31,0.30,0.30,0.30,0.30,0.29,0.29,0.29,0.29,0.29,0.28,0.28,0.28,0.28,0.27,0.27,0.27,0.27,0.27,0.26,0.26,0.26,0.25,204.92,190.18,197.28,231.33,301.30,419.21,577.62,759.55,963.68,1156.19,1049.82,1364.59,1729.35,1902.51,1734.50,1234.37,687.32,404.68,304.91,233.64,165.73,105.59,66.69,42.22,27.23,18.41,12.84,9.40,7.06,5.50,4.35,3.52,2.88,2.39,2.00,1.70,1.45,1.25,1.08,0.94,0.83,0.74,0.67,0.61,0.55,0.51,0.48,0.45,0.42,0.40,0.38,0.36,0.35,0.34,0.32,0.31,0.30,0.29,0.29,0.28,0.28,0.27,0.27,0.26,0.26,0.26,0.25,0.25,0.25,0.24,0.24,0.24,0.24,0.23,0.23,0.23,0.22,0.22,0.22,0.22,0.22,0.22,0.22,0.22,0.22,0.22,0.21,0.21,0.21,0.21,0.21,0.21,0.21,0.20,0.20,0.20,0.20,0.20,0.20,0.18,15.47,15.58,15.86,18.30,24.10,34.35,48.08,63.24,79.46,94.35,74.24,67.68,68.37,72.72,81.11,92.33,104.87,122.93,144.87,140.60,97.99,56.12,37.90,31.70,27.48,23.68,20.20,17.08,14.34,11.99,9.98,8.28,6.86,5.67,4.69,3.88,3.21,2.65,2.20,1.83,1.53,1.28,1.07,0.91,0.77,0.66,0.57,0.50,0.44,0.39,0.35,0.31,0.29,0.26,0.25,0.23,0.22,0.21,0.20,0.19,0.19,0.18,0.18,0.17,0.17,0.17,0.17,0.16,0.16,0.16,0.16,0.16,0.16,0.16,0.16,0.16,0.15,0.15,0.15,0.15,0.15,0.15,0.15,0.15,0.15
42,1,5,0,0,590.3223,0.15,0.15,0.15,0.15,0.15,0.15,0.14,0.14,0.14,0.14,0.14,0.14,0.14,0.14,0.15,-339.54,-384.03,-392.68,-360.16,-216.40,94.50,486.57,844.57,1303.87,1853.66,2116.90,1561.91,1129.69,824.95,649.04,542.36,466.11,395.68,353.75,389.57,487.83,580.51,619.93,611.56,580.69,531.61,478.16,452.65,460.55,473.57,456.87,411.83,360.10,313.75,290.25,299.20,323.67,349.32,383.35,433.77,484.01,496.91,457.64,402.54,371.31,370.64,404.13,471.44,535.25,573.95,610.26,643.43,649.16,618.72,552.68,472.85,421.48,408.35,413.63,421.71,426.75,428.58,425.62,417.98,413.66,419.70,425.24,427.46,414.21,367.22,322.16,299.86,283.45,272.40,271.48,273.91,270.73,261.25,249.17,238.34,233.47,238.52,248.79,255.70,264.18,278.89,289.51,290.88,290.72,290.46,270.31,238.79,224.17,220.30,214.07,202.73,181.18,140.86,97.80,70.43,53.26,41.32,32.68,25.89,20.50,16.22,12.84,10.20,8.14,6.53,5.29,4.32,3.57,2.98,2.52,2.16,1.88,1.65,1.47,1.32,1.20,1.10,1.02,0.95,0.89,0.84,0.79,0.76,0.72,0.69,0.66,0.64,0.62,0.60,0.58,0.56,0.55,0.53,0.52,0.51,0.50,0.48,0.47,0.46,0.45,0.45,0.44,0.43,0.42,0.42,0.41,0.40,0.40,0.39,0.38,0.38,0.37,0.37,0.36,0.36,0.35,0.35,0.35,0.34,0.34,0.33,0.33,0.33,0.32,0.32,0.32,0.31,0.31,0.31,0.30,0.30,0.30,0.29,0.29,0.29,0.29,0.28,0.28,0.28,0.28,0.27,0.27,0.27,0.27,0.26,0.26,0.26,0.26,0.25,0.25,0.25,0.25,0.25,0.24,0.23,204.38,190.33,197.41,231.50,301.52,419.20,576.75,756.98,958.81,1148.92,1037.26,1349.78,1715.56,1885.84,1709.44,1191.59,615.77,316.37,217.81,158.51,121.37,98.72,87.89,77.26,57.74,37.01,24.97,19.76,16.38,13.69,11.45,9.57,7.99,6.67,5.57,4.66,3.91,3.28,2.76,2.33,1.98,1.69,1.44,1.24,1.08,0.94,0.83,0.74,0.66,0.60,0.55,0.50,0.46,0.43,0.40,0.38,0.36,0.34,0.33,0.31,0.30,0.29,0.28,0.28,0.27,0.26,0.26,0.25,0.25,0.25,0.24,0.24,0.23,0.23,0.23,0.23,0.22,0.22,0.22,0.22,0.22,0.21,0.21,0.21,0.21,0.21,0.20,0.20,0.20,0.20,0.19,0.20,0.20,0.19,0.19,0.19,0.19,0.19,0.19,0.17,-13.20,-15.43,-15.37,-12.43,-0.15,25.99,54.45,76.95,95.49,110.35,146.02,149.19,140.97,135.35,118.33,88.49,67.80,59.00,57.44,51.75,35.11,20.09,13.42,11.12,9.53,8.20,6.98,5.92,4.99,4.19,3.51,2.94,2.46,2.07,1.73,1.46,1.23,1.05,0.90,0.77,0.67,0.58,0.51,0.45,0.41,0.37,0.34,0.31,0.29,0.27,0.25,0.24,0.23,0.22,0.21,0.21,0.20,0.20,0.19,0.19,0.19,0.18,0.18,0.18,0.18,0.18,0.17,0.17,0.17,0.17,0.17,0.17,0.16,0.16,0.16,0.16,0.16,0.16,0.16,0.16,0.16,0.16,0.16,0.15,0.15
43,0,11,0,0,507.6893,0.15,0.15,0.15,0.15,0.15,0.15,0.15,0.15,0.15,0.14,0.14,0.14,0.14,0.14,0.14,-339.24,-383.56,-392.15,-359.64,-216.06,94.16,485.11,842.07,1300.58,1849.64,2104.47,1540.94,1102.67,791.36,605.17,481.59,391.61,322.14,286.42,310.19,368.55,406.07,398.48,363.59,316.15,262.04,216.57,188.30,173.41,169.51,178.54,202.32,236.56,271.11,300.02,327.59,357.98,378.17,375.11,344.86,303.63,287.76,302.13,323.21,340.25,364.49,404.97,447.41,463.80,445.28,414.38,392.88,386.34,406.84,444.33,460.11,465.28,485.78,509.33,527.36,531.04,506.45,460.19,413.43,372.38,331.40,299.99,270.38,232.20,206.25,197.42,198.15,201.93,198.34,191.70,192.33,201.23,215.68,233.84,251.40,262.98,266.15,257.42,243.02,238.21,244.24,249.51,240.06,210.91,174.39,148.43,137.38,129.29,112.93,91.34,74.25,62.48,52.24,43.25,35.72,29.42,24.24,20.01,16.57,13.78,11.52,9.69,8.20,6.99,5.99,5.18,4.50,3.94,3.47,3.07,2.73,2.45,2.21,2.00,1.82,1.67,1.53,1.41,1.31,1.22,1.14,1.07,1.01,0.95,0.90,0.86,0.82,0.78,0.75,0.72,0.70,0.67,0.65,0.63,0.61,0.60,0.58,0.57,0.55,0.54,0.53,0.52,0.51,0.50,0.49,0.48,0.47,0.46,0.46,0.45,0.44,0.44,0.43,0.42,0.42,0.41,0.41,0.40,0.40,0.39,0.39,0.38,0.38,0.38,0.37,0.37,0.36,0.36,0.36,0.35,0.35,0.35,0.34,0.34,0.34,0.33,0.33,0.33,0.32,0.32,0.32,0.31,0.31,0.31,0.31,0.30,0.30,0.30,0.30,0.29,0.29,0.29,0.29,0.29,0.29,203.57,190.37,197.45,231.55,301.56,419.24,576.78,757.02,958.85,1148.91,1038.92,1363.58,1749.38,1936.08,1762.70,1248.00,683.23,390.21,294.32,237.22,193.14,160.65,147.35,132.37,97.94,60.14,39.04,30.96,25.89,21.85,18.38,15.43,12.91,10.78,9.00,7.50,6.25,5.21,4.36,3.65,3.06,2.58,2.19,1.86,1.59,1.37,1.19,1.04,0.91,0.81,0.72,0.66,0.60,0.55,0.51,0.47,0.44,0.41,0.40,0.38,0.37,0.35,0.34,0.33,0.33,0.32,0.31,0.31,0.31,0.30,0.29,0.29,0.29,0.28,0.28,0.28,0.27,0.27,0.27,0.27,0.26,0.26,0.26,0.26,0.25,0.25,0.25,0.25,0.25,0.24,0.24,0.24,0.24,0.24,0.24,0.23,0.23,0.23,0.23,0.21,-0.63,0.23,0.22,0.22,0.21,0.21,0.21,0.21,0.21,0.20,0.21,0.20,0.20,0.20,0.20,0.20,0.19,0.19,0.19,0.19,0.19,0.19,0.19,0.19,0.19,0.18,0.18,0.18,0.18,0.18,0.18,0.18,0.18,0.18,0.18,0.17,0.17,0.17,0.17,0.17,0.17,0.17,0.17,0.17,0.17,0.17,0.17,0.16,0.16,0.16,0.16,0.16,0.16,0.16,0.16,0.16,0.16,0.16,0.16,0.16,0.15,0.15,0.15,0.15,0.15,0.15,0.15,0.15,0.15,0.15,0.15,0.15,0.15,0.15,0.15,0.15,0.14,0.14,0.14,0.14,0.14,0.14,0.14,0.14,0.14
44,0,11,0,0,273.4722,0.14,0.14,0.14,0.14,0.14,0.14,0.14,0.14,0.14,0.13,0.13,0.13,0.13,0.13,0.13,-339.33,-384.03,-392.70,-360.17,-216.40,94.52,486.70,845.19,1305.24,1852.85,2099.69,1537.99,1097.40,781.15,589.06,456.18,354.03,272.53,224.10,225.93,249.45,262.24,251.89,216.88,170.10,126.75,89.96,59.45,37.32,22.60,13.58,8.31,5.27,3.52,2.47,1.83,1.42,1.13,0.94,0.79,0.68,0.59,0.52,0.47,0.43,0.39,0.36,0.34,0.31,0.30,0.28,0.27,0.26,0.26,0.25,0.24,0.23,0.23,0.22,0.22,0.22,0.21,0.21,0.21,0.20,0.20,0.20,0.20,0.19,0.19,0.19,0.19,0.19,0.18,0.18,0.18,0.18,0.18,0.17,0.17,0.17,0.17,0.17,0.17,0.17,0.16,0.16,0.16,0.16,0.16,0.16,0.16,0.16,0.16,0.15,0.15,0.15,0.15,0.15,0.15,0.15,0.15,0.15,0.15,0.14,0.14,0.14,0.14,0.14,0.14,0.14,0.14,0.14,0.14,0.14,0.14,0.13,0.13,0.13,0.13,0.13,0.13,0.13,0.13,0.13,0.13,0.13,0.13,0.13,0.13,0.13,0.13,0.12,0.12,0.12,0.12,0.12,0.12,0.12,0.12,0.12,0.12,0.12,0.12,0.12,0.12,0.12,0.12,0.12,0.12,0.12,0.12,0.11,0.11,0.11,0.11,0.11,0.11,0.11,0.11,0.11,0.11,0.11,0.11,0.11,0.11,0.11,0.11,0.11,0.11,0.11,0.11,0.11,0.11,0.11,0.11,0.10,0.10,0.10,0.10,0.10,0.10,0.10,0.10,0.10,0.10,0.10,0.10,0.10,0.10,0.10,0.10,0.10,0.10,0.10,0.10,0.10,0.10,0.10,0.10,204.18,190.17,197.24,231.33,301.34,419.05,576.66,756.99,958.94,1149.20,1037.45,1342.85,1694.55,1852.81,1674.36,1160.36,589.41,293.09,192.93,128.53,86.16,57.98,39.70,27.65,19.74,14.39,10.75,8.18,6.35,5.01,4.00,3.23,2.64,2.17,1.80,1.50,1.26,1.07,0.91,0.78,0.67,0.58,0.51,0.45,0.40,0.36,0.33,0.30,0.27,0.25,0.24,0.22,0.21,0.20,0.19,0.18,0.17,0.17,0.16,0.16,0.15,0.15,0.15,0.14,0.14,0.14,0.14,0.13,0.13,0.13,0.13,0.13,0.12,0.12,0.12,0.12,0.12,0.12,0.12,0.12,0.11,0.11,0.11,0.11,0.11,0.11,0.11,0.11,0.11,0.11,0.10,0.10,0.10,0.10,0.10,0.10,0.10,0.10,0.10,0.08,-0.46,0.10,0.10,0.10,0.10,0.09,0.09,0.09,0.09,0.09,0.10,0.09,0.09,0.09,0.09,0.09,0.09,0.09,0.09,0.09,0.09,0.09,0.09,0.09,0.09,0.08,0.08,0.08,0.08,0.08,0.08,0.08,0.08,0.08,0.08,0.08,0.08,0.08,0.08,0.08,0.08,0.08,0.08,0.08,0.08,0.08,0.08,0.08,0.08,0.08,0.08,0.08,0.08,0.08,0.08,0.07,0.07,0.07,0.07,0.07,0.07,0.07,0.07,0.07,0.07,0.07,0.07,0.07,0.07,0.07,0.07,0.07,0.07,0.07,0.07,0.07,0.07,0.07,0.07,0.07,0.07,0.07,0.07,0.07,0.07
45,0,11,0,0,259.9537,0.07,0.07,0.07,0.07,0.07,0.07,0.07,0.07,0.07,0.07,0.07,0.07,0.07,0.07,0.07,-339.17,-383.64,-392.23,-359.72,-216.13,94.02,484.87,842.22,1301.60,1845.96,2068.09,1490.94,1036.64,702.55,482.64,303.94,161.06,73.12,27.60,6.33,-2.64,-5.82,-6.41,-5.92,-5.08,-4.19,-3.38,-2.69,-2.12,-1.66,-1.30,-1.01,-0.79,-0.60,-0.46,-0.35,-0.26,-0.19,-0.14,-0.09,-0.06,-0.03,-0.01,0.00,0.01,0.02,0.03,0.04,0.04,0.04,0.05,0.05,0.05,0.05,0.05,0.06,0.06,0.06,0.06,0.06,0.06,0.06,0.06,0.06,0.06,0.06,0.06,0.06,0.06,0.06,0.06,0.06,0.06,0.06,0.06,0.06,0.06,0.06,0.06,0.06,0.06,0.06,0.06,0.06,0.06,0.06,0.06,0.06,0.06,0.06,0.06,0.06,0.06,0.06,0.06,0.05,0.05,0.05,0.05,0.05,0.05,0.05,0.05,0.05,0.05,0.05,0.05,0.05,0.05,0.05,0.05,0.05,0.05,0.05,0.05,0.05,0.05,0.05,0.05,0.05,0.05,0.05,0.05,0.05,0.05,0.05,0.05,0.05,0.05,0.05,0.05,0.05,0.05,0.05,0.05,0.05,0.05,0.05,0.05,0.05,0.05,0.05,0.05,0.05,0.05,0.05,0.05,0.05,0.05,0.05,0.05,0.05,0.05,0.05,0.05,0.05,0.05,0.05,0.05,0.05,0.05,0.05,0.05,0.05,0.05,0.05,0.05,0.05,0.05,0.05,0.05,0.05,0.05,0.05,0.05,0.05,0.05,0.05,0.05,0.05,0.05,0.05,0.05,0.05,0.05,0.05,0.05,0.05,0.05,0.05,0.05,0.05,0.05,0.05,0.05,0.05,0.05,0.05,0.05,0.05,204.04,190.11,197.19,231.27,301.28,418.99,576.57,756.82,958.58,1148.49,1036.08,1341.59,1693.15,1849.71,1666.45,1149.66,581.38,287.72,188.37,124.66,83.10,55.54,37.72,26.03,18.39,13.25,9.78,7.35,5.62,4.37,3.44,2.73,2.19,1.77,1.43,1.17,0.96,0.79,0.65,0.54,0.45,0.38,0.31,0.27,0.23,0.19,0.17,0.15,0.13,0.11,0.10,0.09,0.08,0.08,0.07,0.07,0.07,0.06,0.06,0.06,0.06,0.06,0.05,0.05,0.05,0.05,0.05,0.05,0.05,0.05,0.05,0.05,0.05,0.05,0.05,0.05,0.05,0.05,0.05,0.05,0.05,0.05,0.05,0.05,0.05,0.05,0.05,0.05,0.05,0.05,0.05,0.05,0.05,0.05,0.05,0.05,0.05,0.05,0.05,0.02,1.29,-0.08,0.10,2.80,11.83,30.02,51.12,69.95,87.33,102.22,110.01,108.32,104.55,103.98,99.71,90.36,86.26,90.88,101.09,96.09,66.50,38.08,25.56,21.28,18.38,15.82,13.47,11.38,9.55,7.98,6.63,5.50,4.55,3.76,3.10,2.56,2.11,1.75,1.44,1.20,0.99,0.83,0.69,0.58,0.49,0.41,0.35,0.30,0.26,0.23,0.20,0.18,0.16,0.15,0.13,0.12,0.12,0.11,0.10,0.10,0.09,0.09,0.09,0.09,0.08,0.08,0.08,0.08,0.08,0.08,0.08,0.08,0.08,0.07,0.07,0.07,0.07,0.07,0.07,0.07,0.07,0.07,0.07,0.07,0.07
46,1,6,0,0,481.3802,0.07,0.07,0.07,0.07,0.07,0.07,0.07,0.07,0.07,0.07,0.07,0.07,0.07,0.07,0.07,-339.67,-384.19,-392.84,-360.31,-216.46,94.68,487.29,846.34,1306.78,1854.59,2102.30,1540.66,1098.65,780.54,588.41,456.13,354.52,275.43,230.53,245.27,296.52,330.41,329.83,319.65,325.94,350.63,377.77,382.89,359.84,326.68,293.44,268.11,253.28,241.89,238.10,252.71,279.06,303.88,330.22,361.38,386.65,393.67,380.94,357.27,336.11,332.58,336.08,335.53,346.20,369.51,400.26,431.33,445.37,433.15,399.01,352.58,305.68,276.42,277.36,291.86,297.33,298.66,300.14,289.12,265.20,236.32,212.37,199.25,185.66,166.68,150.54,141.74,138.69,139.14,142.01,147.40,155.06,165.26,178.63,194.54,204.32,204.26,205.30,206.01,194.64,173.07,151.36,131.50,107.88,85.62,71.94,61.76,52.21,44.04,36.97,31.02,26.02,21.87,18.42,15.57,13.22,11.26,9.63,8.28,7.15,6.20,5.40,4.72,4.15,3.66,3.25,2.89,2.58,2.32,2.09,1.89,1.72,1.57,1.44,1.33,1.23,1.14,1.06,0.99,0.93,0.88,0.83,0.79,0.75,0.71,0.68,0.66,0.63,0.61,0.59,0.57,0.55,0.53,0.52,0.51,0.49,0.48,0.47,0.46,0.45,0.44,0.43,0.43,0.42,0.41,0.41,0.40,0.39,0.39,0.38,0.38,0.37,0.37,0.36,0.36,0.35,0.35,0.35,0.34,0.34,0.33,0.33,0.33,0.32,0.32,0.32,0.31,0.31,0.31,0.30,0.30,0.30,0.30,0.29,0.29,0.29,0.29,0.28,0.28,0.28,0.28,0.27,0.27,0.27,0.27,0.26,0.26,0.26,0.26,0.26,0.25,0.25,0.25,0.25,0.25,204.18,190.34,197.40,231.50,301.52,419.19,576.63,756.60,958.06,1147.80,1039.05,1369.45,1762.19,1954.14,1783.35,1278.19,729.85,444.41,348.74,288.77,232.13,183.70,160.11,138.70,100.63,61.30,39.35,30.89,25.65,21.57,18.10,15.17,12.68,10.59,8.82,7.35,6.13,5.11,4.27,3.57,3.00,2.53,2.14,1.82,1.55,1.34,1.16,1.01,0.89,0.79,0.71,0.64,0.58,0.53,0.49,0.46,0.42,0.40,0.38,0.37,0.36,0.34,0.33,0.32,0.32,0.31,0.30,0.30,0.29,0.28,0.28,0.28,0.28,0.27,0.27,0.27,0.26,0.26,0.26,0.26,0.26,0.25,0.25,0.25,0.25,0.25,0.24,0.24,0.24,0.24,0.24,0.24,0.23,0.23,0.23,0.23,0.23,0.23,0.22,0.20,-18.64,-20.52,-20.56,-18.43,-8.09,14.63,38.52,55.97,69.10,79.00,121.37,126.72,118.27,111.20,91.38,57.80,32.93,18.12,9.26,4.99,2.58,1.52,0.88,0.63,0.45,0.39,0.33,0.31,0.29,0.28,0.27,0.27,0.26,0.26,0.25,0.25,0.25,0.24,0.24,0.24,0.24,0.23,0.23,0.23,0.23,0.23,0.22,0.22,0.22,0.22,0.22,0.21,0.21,0.21,0.21,0.21,0.21,0.20,0.20,0.20,0.20,0.20,0.20,0.19,0.19,0.19,0.19,0.19,0.19,0.19,0.19,0.19,0.18,0.18,0.18,0.18,0.18,0.18,0.18,0.18,0.18,0.18,0.17,0.17,0.17
47,1,15,0,0,603.5957,0.17,0.17,0.17,0.17,0.17,0.17,0.17,0.16,0.16,0.16,0.16,0.16,0.16,0.16,0.16,-338.72,-382.71,-391.17,-358.69,-215.44,93.53,482.49,837.19,1293.60,1846.62,2121.11,1554.09,1116.09,810.89,635.52,530.59,465.05,416.15,395.78,438.18,536.71,629.71,633.59,554.95,465.77,390.83,322.60,267.03,232.85,220.90,227.14,247.12,277.40,309.81,327.03,329.49,339.08,352.11,356.89,355.30,354.70,365.25,385.47,404.92,418.16,434.94,466.62,501.67,516.13,510.86,496.37,470.10,450.75,456.20,477.72,511.88,555.13,581.18,569.76,533.92,498.26,490.99,533.93,609.26,658.75,652.35,630.54,596.66,539.74,488.90,444.16,404.66,361.25,316.17,298.87,302.51,308.34,317.96,327.76,322.12,294.58,262.17,246.41,250.90,264.15,274.21,279.73,286.39,291.33,283.42,262.44,239.17,218.94,202.92,196.04,192.73,178.44,156.07,138.56,127.80,122.54,118.93,104.10,77.52,52.76,35.71,25.14,18.65,14.21,10.94,8.48,6.62,5.22,4.16,3.36,2.75,2.29,1.95,1.68,1.48,1.32,1.19,1.10,1.02,0.96,0.91,0.87,0.83,0.80,0.78,0.75,0.73,0.72,0.70,0.69,0.67,0.66,0.65,0.63,0.62,0.61,0.60,0.59,0.58,0.57,0.57,0.56,0.55,0.54,0.53,0.53,0.52,0.51,0.51,0.50,0.49,0.49,0.48,0.48,0.47,0.47,0.46,0.45,0.45,0.44,0.44,0.44,0.43,0.43,0.42,0.42,0.41,0.41,0.41,0.40,0.40,0.39,0.39,0.39,0.38,0.38,0.38,0.37,0.37,0.37,0.36,0.36,0.36,0.35,0.35,0.35,0.34,0.34,0.34,0.34,0.33,0.33,0.33,0.33,0.33,203.61,190.34,197.42,231.49,301.48,419.28,577.32,758.58,962.02,1154.18,1048.37,1370.57,1749.03,1932.84,1767.60,1267.09,716.59,430.64,332.63,266.09,202.83,147.98,116.23,92.70,65.57,41.24,27.51,21.44,17.48,14.51,12.08,10.09,8.44,7.07,5.93,4.99,4.20,3.55,3.01,2.57,2.20,1.90,1.65,1.44,1.27,1.12,1.00,0.90,0.82,0.75,0.69,0.64,0.60,0.57,0.54,0.51,0.48,0.46,0.45,0.44,0.42,0.41,0.40,0.39,0.39,0.38,0.37,0.37,0.36,0.36,0.35,0.35,0.34,0.34,0.33,0.33,0.33,0.32,0.32,0.32,0.31,0.31,0.31,0.30,0.30,0.30,0.29,0.29,0.29,0.29,0.28,0.28,0.28,0.28,0.27,0.27,0.27,0.27,0.27,0.24,-4.29,-4.98,-4.91,-3.03,4.06,18.83,35.35,49.13,61.10,71.03,85.53,86.01,82.02,80.04,72.99,59.87,51.56,50.14,52.99,49.43,33.99,19.49,13.13,10.96,9.45,8.16,6.96,5.91,4.99,4.20,3.53,2.96,2.48,2.08,1.75,1.48,1.26,1.07,0.92,0.79,0.69,0.60,0.53,0.48,0.43,0.39,0.36,0.33,0.31,0.29,0.28,0.27,0.26,0.25,0.24,0.24,0.23,0.23,0.22,0.22,0.22,0.21,0.21,0.21,0.21,0.20,0.20,0.20,0.20,0.20,0.20,0.20,0.19,0.19,0.19,0.19,0.19,0.19,0.19,0.19,0.19,0.19,0.18,0.18,0.18
48,1,27,0,0,496.4454,0.18,0.18,0.18,0.18,0.18,0.18,0.18,0.18,0.17,0.17,0.17,0.17,0.17,0.17,0.17,-338.88,-383.04,-391.57,-359.08,-215.73,93.64,483.19,838.50,1295.55,1846.38,2110.50,1545.43,1108.63,801.62,620.15,504.07,424.41,363.38,333.75,369.06,461.41,553.84,583.46,551.18,494.06,419.69,335.61,267.36,220.84,186.65,159.99,139.75,125.48,116.88,113.74,116.73,125.55,137.93,150.59,159.72,163.41,166.22,173.82,183.69,197.71,227.91,271.81,309.84,335.40,362.47,400.95,444.37,476.61,480.72,451.02,410.72,378.35,354.79,356.93,381.48,408.10,431.64,439.23,412.43,355.97,300.03,269.01,264.44,276.52,293.99,317.49,343.01,348.71,324.33,279.05,231.56,198.52,180.55,168.32,157.58,149.39,145.52,147.66,154.63,163.61,172.39,177.05,181.19,192.77,203.44,204.19,192.49,172.61,159.25,156.01,159.69,164.04,153.91,127.11,100.91,83.36,69.59,57.14,46.38,37.36,29.93,23.91,19.09,15.25,12.22,9.82,7.94,6.46,5.29,4.37,3.65,3.07,2.61,2.24,1.95,1.71,1.52,1.36,1.24,1.13,1.04,0.97,0.91,0.85,0.81,0.77,0.74,0.71,0.68,0.66,0.64,0.62,0.61,0.59,0.58,0.57,0.56,0.55,0.53,0.53,0.52,0.51,0.50,0.49,0.49,0.48,0.47,0.47,0.46,0.46,0.45,0.44,0.44,0.43,0.43,0.42,0.42,0.42,0.41,0.41,0.40,0.40,0.39,0.39,0.39,0.38,0.38,0.38,0.37,0.37,0.37,0.36,0.36,0.36,0.35,0.35,0.35,0.35,0.34,0.34,0.34,0.33,0.33,0.33,0.33,0.32,0.32,0.32,0.32,0.32,0.31,0.31,0.31,0.31,0.31,203.74,190.33,197.42,231.50,301.49,419.27,577.22,758.33,961.40,1152.91,1044.19,1360.80,1732.90,1911.12,1741.31,1230.91,665.94,372.80,274.39,211.40,161.34,122.84,101.73,84.69,61.32,38.85,26.16,20.60,16.94,14.11,11.78,9.84,8.22,6.88,5.76,4.83,4.06,3.42,2.89,2.46,2.09,1.80,1.55,1.35,1.18,1.04,0.93,0.83,0.75,0.68,0.63,0.58,0.55,0.51,0.48,0.45,0.43,0.41,0.40,0.39,0.38,0.37,0.36,0.35,0.34,0.33,0.33,0.33,0.32,0.32,0.32,0.31,0.31,0.30,0.30,0.30,0.30,0.29,0.29,0.29,0.28,0.28,0.28,0.28,0.27,0.27,0.27,0.27,0.27,0.26,0.26,0.26,0.26,0.26,0.25,0.25,0.25,0.25,0.25,0.23,4.75,5.37,5.46,6.27,8.20,11.62,16.19,21.24,26.65,31.62,24.92,22.72,22.95,24.40,27.20,30.93,35.11,41.11,48.39,46.98,32.73,18.74,12.76,10.73,9.31,8.04,6.88,5.84,4.92,4.14,3.47,2.90,2.42,2.03,1.70,1.43,1.20,1.02,0.87,0.74,0.64,0.56,0.49,0.43,0.39,0.35,0.32,0.29,0.27,0.26,0.24,0.23,0.22,0.21,0.21,0.20,0.20,0.19,0.19,0.19,0.18,0.18,0.18,0.18,0.18,0.18,0.17,0.17,0.17,0.17,0.17,0.17,0.17,0.17,0.17,0.17,0.16,0.16,0.16,0.16,0.16,0.16,0.16,0.16,0.16
49,0,11,0,0,406.4056,0.16,0.16,0.16,0.16,0.16,0.16,0.16,0.15,0.15,0.15,0.15,0.15,0.15,0.15,0.15,-339.31,-383.94,-392.61,-360.10,-216.38,94.34,486.15,844.14,1303.76,1851.12,2097.15,1535.39,1096.29,781.48,589.27,455.29,351.81,269.81,222.51,231.52,272.44,305.52,316.61,307.73,276.60,221.19,157.34,107.58,77.44,59.87,49.40,43.29,39.69,37.53,36.20,35.34,34.80,34.53,34.62,35.38,37.32,40.98,46.75,54.66,64.10,73.99,83.51,92.52,101.96,113.35,126.90,138.97,146.25,150.96,155.16,163.94,181.54,198.98,209.42,220.87,242.99,270.30,283.49,271.23,249.45,227.14,198.97,184.08,192.72,207.14,218.62,232.17,250.10,260.83,250.41,229.98,222.52,231.84,242.99,240.51,224.29,208.28,206.41,221.44,241.32,243.55,217.80,181.33,153.44,136.83,129.30,130.58,133.96,128.90,116.71,100.87,81.67,65.47,54.20,44.45,35.83,28.70,22.81,18.09,14.32,11.35,9.03,7.22,5.81,4.72,3.87,3.21,2.69,2.28,1.96,1.71,1.51,1.35,1.21,1.10,1.01,0.94,0.88,0.82,0.77,0.73,0.70,0.67,0.64,0.61,0.59,0.57,0.55,0.54,0.52,0.51,0.49,0.48,0.47,0.46,0.45,0.44,0.43,0.42,0.41,0.40,0.40,0.39,0.38,0.38,0.37,0.37,0.36,0.35,0.35,0.34,0.34,0.34,0.33,0.33,0.32,0.32,0.32,0.31,0.31,0.30,0.30,0.30,0.29,0.29,0.29,0.29,0.28,0.28,0.28,0.27,0.27,0.27,0.27,0.26,0.26,0.26,0.26,0.26,0.25,0.25,0.25,0.25,0.24,0.24,0.24,0.24,0.24,0.23,0.23,0.23,0.23,0.23,0.23,0.23,203.91,190.31,197.39,231.49,301.50,419.18,576.71,756.92,958.61,1148.37,1037.68,1362.21,1748.08,1934.69,1760.53,1245.50,681.59,388.98,293.19,236.40,192.46,160.02,146.74,131.42,96.64,59.06,38.34,30.41,25.41,21.43,18.02,15.11,12.63,10.53,8.77,7.30,6.07,5.05,4.21,3.51,2.94,2.47,2.08,1.76,1.50,1.28,1.10,0.96,0.84,0.74,0.65,0.59,0.54,0.49,0.44,0.41,0.38,0.36,0.34,0.33,0.31,0.30,0.29,0.28,0.28,0.27,0.26,0.26,0.25,0.25,0.25,0.24,0.24,0.23,0.23,0.23,0.23,0.23,0.23,0.23,0.22,0.22,0.21,0.21,0.21,0.21,0.21,0.21,0.21,0.21,0.21,0.21,0.20,0.20,0.20,0.20,0.20,0.20,0.20,0.18,4.69,5.32,5.41,6.22,8.15,11.57,16.14,21.20,26.60,31.56,24.86,22.67,22.90,24.35,27.14,30.88,35.07,41.09,48.41,46.99,32.80,18.86,12.74,10.67,9.26,8.00,6.83,5.79,4.88,4.10,3.43,2.86,2.38,1.99,1.66,1.39,1.17,0.98,0.83,0.71,0.60,0.52,0.45,0.40,0.35,0.31,0.28,0.26,0.24,0.22,0.21,0.19,0.19,0.18,0.17,0.17,0.16,0.16,0.15,0.15,0.15,0.15,0.15,0.14,0.14,0.14,0.14,0.14,0.14,0.14,0.14,0.14,0.13,0.13,0.13,0.13,0.13,0.13,0.13,0.13,0.13,0.13,0.13,0.13,0.13
50,1,9,0,0,431.2850,0.13,0.13,0.13,0.13,0.13,0.13,0.12,0.12,0.12,0.12,0.12,0.12,0.12,0.12,0.12,-339.71,-384.56,-393.29,-360.74,-216.72,95.10,488.83,848.98,1310.26,1858.71,2114.04,1561.06,1125.72,815.08,634.15,520.21,433.22,351.47,298.65,310.04,348.95,366.68,354.18,316.81,271.04,235.47,213.41,204.00,206.88,210.90,200.12,175.58,148.48,122.28,100.80,87.07,79.25,74.95,72.80,72.30,73.42,76.35,81.37,88.91,98.70,109.26,119.98,130.30,141.03,153.58,163.04,165.06,162.73,161.60,163.82,166.52,169.99,174.11,180.36,194.29,210.50,220.79,230.12,250.48,280.19,301.11,298.32,282.29,263.13,233.81,207.79,202.45,207.44,210.53,217.11,232.88,244.42,229.93,194.93,164.90,151.09,151.70,159.36,166.42,173.23,186.36,206.23,221.69,223.68,213.27,195.97,179.39,172.60,169.31,146.34,109.12,78.80,56.09,40.42,30.43,23.17,17.93,13.93,10.93,8.63,6.87,5.52,4.48,3.68,3.05,2.56,2.18,1.87,1.63,1.44,1.28,1.15,1.04,0.95,0.88,0.81,0.76,0.71,0.67,0.64,0.61,0.58,0.55,0.53,0.51,0.49,0.48,0.46,0.45,0.44,0.43,0.42,0.41,0.40,0.39,0.38,0.38,0.37,0.36,0.36,0.35,0.34,0.34,0.33,0.33,0.32,0.32,0.32,0.31,0.31,0.30,0.30,0.30,0.29,0.29,0.29,0.28,0.28,0.28,0.27,0.27,0.27,0.27,0.26,0.26,0.26,0.26,0.25,0.25,0.25,0.25,0.24,0.24,0.24,0.24,0.24,0.23,0.23,0.23,0.23,0.23,0.23,0.22,0.22,0.22,0.22,0.22,0.22,0.21,0.21,0.21,0.21,0.21,0.21,0.20,204.46,190.30,197.36,231.46,301.47,419.16,576.60,756.59,958.10,1147.88,1038.95,1368.52,1760.97,1954.28,1787.27,1284.02,733.66,446.82,350.96,290.28,232.87,184.19,160.42,138.80,100.45,61.07,39.36,30.96,25.71,21.61,18.13,15.19,12.69,10.60,8.84,7.37,6.14,5.12,4.28,3.58,3.01,2.54,2.15,1.83,1.56,1.34,1.16,1.02,0.89,0.79,0.71,0.64,0.58,0.54,0.50,0.46,0.43,0.40,0.38,0.37,0.35,0.34,0.33,0.32,0.31,0.30,0.30,0.29,0.29,0.29,0.28,0.28,0.27,0.27,0.27,0.26,0.26,0.26,0.25,0.25,0.25,0.25,0.25,0.24,0.24,0.24,0.24,0.23,0.23,0.23,0.23,0.23,0.22,0.22,0.22,0.22,0.22,0.22,0.21,0.19,-9.70,-10.16,-10.18,-9.12,-3.95,7.41,19.35,28.07,34.64,39.59,60.78,63.45,59.22,55.69,45.78,28.99,16.55,9.14,4.72,2.58,1.37,0.84,0.52,0.39,0.30,0.27,0.24,0.23,0.22,0.22,0.21,0.21,0.21,0.21,0.20,0.20,0.20,0.20,0.19,0.19,0.19,0.19,0.19,0.19,0.18,0.18,0.18,0.18,0.18,0.18,0.18,0.18,0.17,0.17,0.17,0.17,0.17,0.17,0.17,0.17,0.17,0.16,0.16,0.16,0.16,0.16,0.16,0.16,0.16,0.16,0.16,0.15,0.15,0.15,0.15,0.15,0.15,0.15,0.15,0.15,0.15,0.15,0.15,0.15,0.14
51,1,11,0,0,461.4702,0.14,0.14,0.14,0.14,0.14,0.14,0.14,0.14,0.14,0.14,0.14,0.14,0.14,0.14,0.13,-338.98,-383.22,-391.74,-359.22,-215.74,94.04,484.38,840.70,1298.51,1849.73,2115.49,1550.41,1110.63,800.73,619.85,505.94,428.18,368.07,337.62,365.68,440.97,514.43,522.31,462.52,386.59,316.86,250.31,192.40,150.00,123.55,112.64,115.28,127.22,142.00,155.86,170.62,188.01,201.31,203.12,190.60,170.80,161.96,169.08,181.49,192.33,206.36,230.42,259.29,277.43,276.81,265.12,253.59,248.73,258.33,276.96,287.04,296.77,315.60,331.12,339.88,342.62,335.65,325.20,317.84,304.63,279.63,256.17,228.52,193.69,177.10,175.06,167.41,154.78,146.98,145.91,147.82,152.11,159.55,169.73,176.64,172.73,160.49,146.83,135.54,129.49,128.41,126.68,117.78,103.28,90.24,82.83,81.90,81.88,73.39,58.08,45.91,38.45,31.97,26.03,21.06,16.87,13.46,10.71,8.51,6.77,5.40,4.33,3.49,2.84,2.32,1.92,1.61,1.37,1.17,1.02,0.89,0.80,0.72,0.65,0.60,0.56,0.52,0.49,0.47,0.45,0.43,0.42,0.40,0.39,0.38,0.37,0.36,0.35,0.35,0.34,0.33,0.33,0.32,0.32,0.31,0.31,0.30,0.30,0.29,0.29,0.29,0.28,0.28,0.28,0.27,0.27,0.27,0.26,0.26,0.26,0.25,0.25,0.25,0.25,0.24,0.24,0.24,0.24,0.23,0.23,0.23,0.23,0.23,0.22,0.22,0.22,0.22,0.22,0.21,0.21,0.21,0.21,0.21,0.21,0.20,0.20,0.20,0.20,0.20,0.20,0.19,0.19,0.19,0.19,0.19,0.19,0.19,0.19,0.18,0.18,0.18,0.18,0.18,0.18,0.19,203.73,190.26,197.33,231.42,301.43,419.14,576.77,757.19,959.42,1150.18,1042.91,1372.44,1764.62,1957.83,1790.38,1285.70,734.13,447.60,352.18,291.51,234.20,185.64,161.85,139.92,101.18,61.74,40.16,31.73,26.37,22.17,18.59,15.58,13.02,10.87,9.06,7.55,6.29,5.25,4.38,3.67,3.08,2.59,2.19,1.86,1.59,1.36,1.18,1.03,0.90,0.80,0.71,0.64,0.58,0.53,0.49,0.45,0.42,0.39,0.37,0.36,0.34,0.33,0.32,0.30,0.29,0.29,0.28,0.28,0.27,0.27,0.26,0.26,0.26,0.25,0.25,0.25,0.24,0.24,0.24,0.23,0.23,0.23,0.23,0.22,0.22,0.22,0.22,0.22,0.21,0.21,0.21,0.21,0.21,0.20,0.20,0.20,0.20,0.20,0.20,0.17,0.96,0.07,0.24,2.93,11.97,30.15,51.25,70.08,87.46,102.35,110.15,108.45,104.68,104.13,99.86,90.50,86.39,90.99,101.14,96.16,66.50,38.03,25.64,21.41,18.50,15.94,13.58,11.49,9.66,8.08,6.74,5.61,4.66,3.86,3.21,2.66,2.21,1.85,1.54,1.29,1.09,0.92,0.79,0.67,0.58,0.51,0.45,0.40,0.35,0.32,0.29,0.27,0.25,0.24,0.22,0.21,0.20,0.20,0.19,0.18,0.18,0.17,0.17,0.17,0.17,0.16,0.16,0.16,0.16,0.16,0.16,0.15,0.15,0.15,0.15,0.15,0.15,0.15,0.15,0.15,0.15,0.14,0.14,0.14,0.14
